anexo;archivo_pdf;pagina_pdf;pagina_impresa;nivel_gobierno;codigo_pliego;pliego;departamento;provincia;distrito;jurisdicciones_mencionadas;categoria_presupuestal;programa_presupuestal;producto;codigo_partida;tipo_partida;concepto;fuente_financiamiento;monto_soles;sector;alcance_territorial;base_no_duplicada;nota;cuadra_el_pliego;diferencia_del_pliego
6;ANEXO-6-2;108;838;Gobierno regional;458;GOBIERNO REGIONAL DEL DEPARTAMENTO DE PUNO;Puno;;;;Programas presupuestales;;3000001 ACCIONES COMUNES;5000085;Actividad;MONITORED, SUPERVISION, EVALUACION Y CONTROL METAXENICAS Y ZOONOSIS;;2017546;Salud;Localizada en Puno;Sí;;No;7789915
6;ANEXO-6-2;108;838;Gobierno regional;458;GOBIERNO REGIONAL DEL DEPARTAMENTO DE PUNO;Puno;;;;Programas presupuestales;;3000001 ACCIONES COMUNES;5000276;Actividad;GESTION DEL PROGRAMA;;3407495;Planeamiento y gestión administrativa;Localizada en Puno;Sí;;No;7789915
6;ANEXO-6-2;108;838;Gobierno regional;458;GOBIERNO REGIONAL DEL DEPARTAMENTO DE PUNO;Puno;;;;Programas presupuestales;;3000001 ACCIONES COMUNES;5002829;Actividad;DESARROLLO DE NORMAS Y GUIAS TECNICAS EN ATENCION PRE HOSPITALARIA Y EMERGENCIAS;;2006;Salud;Localizada en Puno;Sí;;No;7789915
6;ANEXO-6-2;108;838;Gobierno regional;458;GOBIERNO REGIONAL DEL DEPARTAMENTO DE PUNO;Puno;;;;Programas presupuestales;;3000001 ACCIONES COMUNES;5004279;Actividad;MONITOREO,SUPERVISION Y EVALUACION DE PRODUCTOS Y ACTIVIDADES EN GESTION DE RIESGO DE DESASTRES;;1307917;Gestión del riesgo de desastres;Localizada en Puno;Sí;;No;7789915
6;ANEXO-6-2;108;838;Gobierno regional;458;GOBIERNO REGIONAL DEL DEPARTAMENTO DE PUNO;Puno;;;;Programas presupuestales;;3000001 ACCIONES COMUNES;5004280;Actividad;DESARROLLO DE INSTRUMENTOS ESTRATEGICOS PARA LA GESTION DEL RIESGO DE DESASTRES;;431327;Gestión del riesgo de desastres;Localizada en Puno;Sí;;No;7789915
6;ANEXO-6-2;108;838;Gobierno regional;458;GOBIERNO REGIONAL DEL DEPARTAMENTO DE PUNO;Puno;;;;Programas presupuestales;;3000001 ACCIONES COMUNES;5004389;Actividad;DESARROLLO DE NORMAS Y GUIAS TECNICAS EN SALUD MATERNO NEONATAL;;10406;Salud;Localizada en Puno;Sí;;No;7789915
6;ANEXO-6-2;108;838;Gobierno regional;458;GOBIERNO REGIONAL DEL DEPARTAMENTO DE PUNO;Puno;;;;Programas presupuestales;;3000001 ACCIONES COMUNES;5004424;Actividad;VIGILANCIA, INVESTIGACION Y TECNOLOGIAS EN NUTRICION;;2662779;Educación;Localizada en Puno;Sí;;No;7789915
6;ANEXO-6-2;108;838;Gobierno regional;458;GOBIERNO REGIONAL DEL DEPARTAMENTO DE PUNO;Puno;;;;Programas presupuestales;;3000001 ACCIONES COMUNES;5004425;Actividad;DESARROLLO DE NORMAS Y GUIAS TECNICAS EN NUTRICION;;5076;Salud;Localizada en Puno;Sí;;No;7789915
6;ANEXO-6-2;108;838;Gobierno regional;458;GOBIERNO REGIONAL DEL DEPARTAMENTO DE PUNO;Puno;;;;Programas presupuestales;;3000001 ACCIONES COMUNES;5004426;Actividad;MONITOREO, SUPERVISION, EVALUACION Y CONTROL DEL PROGRAMA ARTICULADO NUTRICIONAL;;6885834;Salud;Localizada en Puno;Sí;;No;7789915
6;ANEXO-6-2;108;838;Gobierno regional;458;GOBIERNO REGIONAL DEL DEPARTAMENTO DE PUNO;Puno;;;;Programas presupuestales;;3000001 ACCIONES COMUNES;5004430;Actividad;MONITORED, SUPERVISION, EVALUACION Y CONTROL DE LA SALUD MATERNO NEONATAL;;8762701;Salud;Localizada en Puno;Sí;;No;7789915
6;ANEXO-6-2;108;838;Gobierno regional;458;GOBIERNO REGIONAL DEL DEPARTAMENTO DE PUNO;Puno;;;;Programas presupuestales;;3000001 ACCIONES COMUNES;5004433;Actividad;MONITORED, SUPERVISION, EVALUACION Y CONTROL DE VIH/SIDA - TUBERCULOSIS;;2419378;Salud;Localizada en Puno;Sí;;No;7789915
6;ANEXO-6-2;108;838;Gobierno regional;458;GOBIERNO REGIONAL DEL DEPARTAMENTO DE PUNO;Puno;;;;Programas presupuestales;;3000001 ACCIONES COMUNES;5004434;Actividad;DESARROLLO DE NORMAS Y GUIAS TECNICAS VIH/SIDA Y TUBERCULOSIS;;489290;Salud;Localizada en Puno;Sí;;No;7789915
6;ANEXO-6-2;108;838;Gobierno regional;458;GOBIERNO REGIONAL DEL DEPARTAMENTO DE PUNO;Puno;;;;Programas presupuestales;;3000001 ACCIONES COMUNES;5004441;Actividad;MONITORED, SUPERVISION, EVALUACION Y CONTROL DE PREVENCION Y CONTROL DEL CANCER;;1081748;Salud;Localizada en Puno;Sí;;No;7789915
6;ANEXO-6-2;108;838;Gobierno regional;458;GOBIERNO REGIONAL DEL DEPARTAMENTO DE PUNO;Puno;;;;Programas presupuestales;;3000001 ACCIONES COMUNES;5004442;Actividad;DESARROLLO DE NORMAS Y GUIAS TECNICAS EN PREVENCION Y CONTROL DEL CANCER;;120601;Salud;Localizada en Puno;Sí;;No;7789915
6;ANEXO-6-2;108;838;Gobierno regional;458;GOBIERNO REGIONAL DEL DEPARTAMENTO DE PUNO;Puno;;;;Programas presupuestales;;3000001 ACCIONES COMUNES;5004451;Actividad;DESARROLLO DE NORMAS Y GUIAS TECNICAS EN METAXENICAS Y ZOONOSIS;;108740;Salud;Localizada en Puno;Sí;;No;7789915
6;ANEXO-6-2;108;838;Gobierno regional;458;GOBIERNO REGIONAL DEL DEPARTAMENTO DE PUNO;Puno;;;;Programas presupuestales;;3000001 ACCIONES COMUNES;5004452;Actividad;MONITORED, SUPERVISION, EVALUACION Y CONTROL DE ENFERMEDADES NO TRANSMISIBLES;;1421354;Salud;Localizada en Puno;Sí;;No;7789915
6;ANEXO-6-2;108;838;Gobierno regional;458;GOBIERNO REGIONAL DEL DEPARTAMENTO DE PUNO;Puno;;;;Programas presupuestales;;3000001 ACCIONES COMUNES;5004453;Actividad;DESARROLLO DE NORMAS Y GUIAS TECNICAS EN ENFERMEDADES NO TRANSMISIBLES;;5596;Salud;Localizada en Puno;Sí;;No;7789915
6;ANEXO-6-2;108;838;Gobierno regional;458;GOBIERNO REGIONAL DEL DEPARTAMENTO DE PUNO;Puno;;;;Programas presupuestales;;3000001 ACCIONES COMUNES;5005138;Actividad;MONITORED, SUPERVISION Y EVALUACION DEL PROGRAMA PRESUPUESTAL;;367423;Planeamiento y gestión administrativa;Localizada en Puno;Sí;;No;7789915
6;ANEXO-6-2;108;838;Gobierno regional;458;GOBIERNO REGIONAL DEL DEPARTAMENTO DE PUNO;Puno;;;;Programas presupuestales;;3000001 ACCIONES COMUNES;5005139;Actividad;ASISTENCIA TECNICA Y CAPACITACION;;288666;Planeamiento y gestión administrativa;Localizada en Puno;Sí;;No;7789915
6;ANEXO-6-2;108;838;Gobierno regional;458;GOBIERNO REGIONAL DEL DEPARTAMENTO DE PUNO;Puno;;;;Programas presupuestales;;3000001 ACCIONES COMUNES;5005145;Actividad;MONITORED, SUPERVISION, EVALUACION Y CONTROL DEL PROGRAMA PRESUPUESTAL;;1252678;Planeamiento y gestión administrativa;Localizada en Puno;Sí;;No;7789915
6;ANEXO-6-2;108;838;Gobierno regional;458;GOBIERNO REGIONAL DEL DEPARTAMENTO DE PUNO;Puno;;;;Programas presupuestales;;3000001 ACCIONES COMUNES;5005183;Actividad;MONITORED, SUPERVISION, EVALUACION Y CONTROL DEL PROGRAMA EN SALUD MENTAL;;3202236;Salud;Localizada en Puno;Sí;;No;7789915
6;ANEXO-6-2;108;838;Gobierno regional;458;GOBIERNO REGIONAL DEL DEPARTAMENTO DE PUNO;Puno;;;;Programas presupuestales;;3000001 ACCIONES COMUNES;5005184;Actividad;DESARROLLO DE NORMAS Y GUIAS TECNICAS PARA EL ABORDAJE DE TRASTORNOS MENTALES Y PROBLEMAS DE PSICOSOCIALES;;74600;Salud;Localizada en Puno;Sí;;No;7789915
6;ANEXO-6-2;108;838;Gobierno regional;458;GOBIERNO REGIONAL DEL DEPARTAMENTO DE PUNO;Puno;;;;Programas presupuestales;;3000001 ACCIONES COMUNES;5005185;Actividad;ACOMPAÑAMIENTO CLINICO PSICOSOCIAL;;836733;Salud;Localizada en Puno;Sí;;No;7789915
6;ANEXO-6-2;108;838;Gobierno regional;458;GOBIERNO REGIONAL DEL DEPARTAMENTO DE PUNO;Puno;;;;Programas presupuestales;;3000002 POBLACION INFORMADA SOBRE SALUD SEXUAL, SALUD REPRODUCTIVA Y METODOS DE PLANIFICACION FAMILIAR;5000059;Actividad;BRINDAR INFORMACION SOBRE SALUD SEXUAL, SALUD REPRODUCTIVA Y METODOS DE PLANIFICACION FAMILIAR;;2509726;Salud;Localizada en Puno;Sí;;No;7789915
6;ANEXO-6-2;108;838;Gobierno regional;458;GOBIERNO REGIONAL DEL DEPARTAMENTO DE PUNO;Puno;;;;Programas presupuestales;;3000004 MUJER TAMIZADA EN CANCER DE CUELLO UTERINO;5006002;Actividad;TAMIZAJE CON PAPANICOLAOU PARA DETECCION DE CANCER DE CUELLO UTERINO;;2688832;Salud;Localizada en Puno;Sí;;No;7789915
6;ANEXO-6-2;108;838;Gobierno regional;458;GOBIERNO REGIONAL DEL DEPARTAMENTO DE PUNO;Puno;;;;Programas presupuestales;;3000004 MUJER TAMIZADA EN CANCER DE CUELLO UTERINO;5006003;Actividad;TAMIZAJE CON INSPECCION VISUAL CON ACIDO ACETICO PARA DETECCION DE CANCER DE CUELLO UTERINO;;1128993;Salud;Localizada en Puno;Sí;;No;7789915
6;ANEXO-6-2;108;838;Gobierno regional;458;GOBIERNO REGIONAL DEL DEPARTAMENTO DE PUNO;Puno;;;;Programas presupuestales;;3000004 MUJER TAMIZADA EN CANCER DE CUELLO UTERINO;5006004;Actividad;DETECCION MOLECULAR DE VIRUS PAPILOMA HUMANO;;15247;Salud;Localizada en Puno;Sí;;No;7789915
6;ANEXO-6-2;108;838;Gobierno regional;458;GOBIERNO REGIONAL DEL DEPARTAMENTO DE PUNO;Puno;;;;Programas presupuestales;;3000005 ADOLESCENTES ACCEDEN A SERVICIOS DE SALUD PARA PREVENCION DEL EMBARAZO;5000058;Actividad;BRINDAR SERVICIOS DE SALUD PARA PREVENCION DEL EMBARAZO A ADOLESCENTES;;5015901;Salud;Localizada en Puno;Sí;;No;7789915
6;ANEXO-6-2;108;838;Gobierno regional;458;GOBIERNO REGIONAL DEL DEPARTAMENTO DE PUNO;Puno;;;;Programas presupuestales;;3000011 TAMIZAJE Y DIAGNOSTICO DE PACIENTES CON CATARATAS;5000109;Actividad;EVALUACION DE TAMIZAJE Y DIAGNOSTICO DE PACIENTES CON CATARATAS;;1549879;Salud;Localizada en Puno;Sí;;No;7789915
6;ANEXO-6-2;109;30;Gobierno regional;458;GOBIERNO REGIONAL DEL DEPARTAMENTO DE PUNO;Puno;;;;Programas presupuestales;;3000012 TRATAMIENTO Y CONTROL DE PACIENTES CON CATARATAS;5000110;Actividad;BRINDAR TRATAMIENTO A PACIENTES CON DIAGNOSTICO DE CATARATAS;;388459;Salud;Localizada en Puno;Sí;;No;7789915
6;ANEXO-6-2;109;30;Gobierno regional;458;GOBIERNO REGIONAL DEL DEPARTAMENTO DE PUNO;Puno;;;;Programas presupuestales;;3000013 TAMIZAJE Y DIAGNOSTICO DE PACIENTES CON ERRORES REFRACTIVOS;5000111;Actividad;EXAMENES DE TAMIZAJE Y DIAGNOSTICO DE PERSONAS CON ERRORES REFRACTIVOS;;945770;Salud;Localizada en Puno;Sí;;No;7789915
6;ANEXO-6-2;109;30;Gobierno regional;458;GOBIERNO REGIONAL DEL DEPARTAMENTO DE PUNO;Puno;;;;Programas presupuestales;;3000014 TRATAMIENTO Y CONTROL DE PACIENTES CON ERRORES REFRACTIVOS;5000112;Actividad;BRINDAR TRATAMIENTO A PACIENTES CON DIAGNOSTICO DE ERRORES REFRACTIVOS;;260331;Salud;Localizada en Puno;Sí;;No;7789915
6;ANEXO-6-2;109;30;Gobierno regional;458;GOBIERNO REGIONAL DEL DEPARTAMENTO DE PUNO;Puno;;;;Programas presupuestales;;3000015 VALORACION CLINICA Y TAMIZAJE LABORATORIAL DE ENFERMEDADES CRONICAS NO TRANSMISIBLES;5000113;Actividad;EVALUACION CLINICA Y TAMIZAJE LABORATORIAL DE PERSONAS CON RIESGO DE PADECER ENFERMEDADES CRONICAS NO TRANSMISIBLES;;1663700;Salud;Localizada en Puno;Sí;;No;7789915
6;ANEXO-6-2;109;30;Gobierno regional;458;GOBIERNO REGIONAL DEL DEPARTAMENTO DE PUNO;Puno;;;;Programas presupuestales;;3000016 TRATAMIENTO Y CONTROL DE PERSONAS CON HIPERTENSION ARTERIAL;5000114;Actividad;BRINDAR TRATAMIENTO A PERSONAS CON DIAGNOSTICO DE HIPERTENSION ARTERIAL;;1960417;Salud;Localizada en Puno;Sí;;No;7789915
6;ANEXO-6-2;109;30;Gobierno regional;458;GOBIERNO REGIONAL DEL DEPARTAMENTO DE PUNO;Puno;;;;Programas presupuestales;;3000017 TRATAMIENTO Y CONTROL DE PERSONAS CON DIABETES;5000115;Actividad;BRINDAR TRATAMIENTO A PERSONAS CON DIAGNOSTICO DE DIABETES MELLITUS;;1665597;Salud;Localizada en Puno;Sí;;No;7789915
6;ANEXO-6-2;109;30;Gobierno regional;458;GOBIERNO REGIONAL DEL DEPARTAMENTO DE PUNO;Puno;;;;Programas presupuestales;;3000132 CAMINO DEPARTAMENTAL CON MANTENIMIENTO VIAL;5001447;Actividad;MANTENIMIENTO PERIODICO DE LA RED VIAL DEPARTAMENTAL PAVIMENTADA;;3956589;Transporte;Localizada en Puno;Sí;;No;7789915
6;ANEXO-6-2;109;30;Gobierno regional;458;GOBIERNO REGIONAL DEL DEPARTAMENTO DE PUNO;Puno;;;;Programas presupuestales;;3000132 CAMINO DEPARTAMENTAL CON MANTENIMIENTO VIAL;5001448;Actividad;MANTENIMIENTO RUTINARIO DE LA RED VIAL DEPARTAMENTAL PAVIMENTADA;;2087363;Transporte;Localizada en Puno;Sí;;No;7789915
6;ANEXO-6-2;109;30;Gobierno regional;458;GOBIERNO REGIONAL DEL DEPARTAMENTO DE PUNO;Puno;;;;Programas presupuestales;;3000132 CAMINO DEPARTAMENTAL CON MANTENIMIENTO VIAL;5001449;Actividad;MANTENIMIENTO RUTINARIO DE LA RED VIAL DEPARTAMENTAL NO PAVIMENTADA;;3825532;Transporte;Localizada en Puno;Sí;;No;7789915
6;ANEXO-6-2;109;30;Gobierno regional;458;GOBIERNO REGIONAL DEL DEPARTAMENTO DE PUNO;Puno;;;;Programas presupuestales;;3000132 CAMINO DEPARTAMENTAL CON MANTENIMIENTO VIAL;5002376;Actividad;MANTENIMIENTO PERIODICO DE LA RED VIAL DEPARTAMENTAL NO PAVIMENTADA;;13535450;Transporte;Localizada en Puno;Sí;;No;7789915
6;ANEXO-6-2;109;30;Gobierno regional;458;GOBIERNO REGIONAL DEL DEPARTAMENTO DE PUNO;Puno;;;;Programas presupuestales;;3000143 USUARIO DE LA VIA CON MAYOR CONOCIMIENTO DE SEGURIDAD VIAL;5001489;Actividad;CAPACITACION A USUARIOS DE LAS VIAS EN TEMAS DE EDUCACION EN SEGURIDAD VIAL;;73000;Educación;Localizada en Puno;Sí;;No;7789915
6;ANEXO-6-2;109;30;Gobierno regional;458;GOBIERNO REGIONAL DEL DEPARTAMENTO DE PUNO;Puno;;;;Programas presupuestales;;3000361 FAMILIAS SALUDABLES CON CONOCIMIENTO DE LA PREVENCION DEL CANCER DE CUELLO UTERINO, MAMA, ESTOMAGO, PROSTATA, PULMON COLON, RECTO, HIGADO, LEUCEMIA, LINFOMA, PIEL Y OTROS;5005998;Actividad;CAPACITACION A ACTORES SOCIALES PARA LA PROMOCION DE PRACTICAS Y ENTORNOS SALUDABLES PARA LA PREVENCION DEL CANCER EN FAMILIAS;;555731;Salud;Localizada en Puno;Sí;;No;7789915
6;ANEXO-6-2;109;30;Gobierno regional;458;GOBIERNO REGIONAL DEL DEPARTAMENTO DE PUNO;Puno;;;;Programas presupuestales;;3000365 ATENCION DEL CANCER DE CUELLO UTERINO PARA EL ESTADIAJE Y TRATAMIENTO;5006012;Actividad;DIAGNOSTICO DEL CANCER DE CUELLO UTERINO;;895108;Salud;Localizada en Puno;Sí;;No;7789915
6;ANEXO-6-2;109;30;Gobierno regional;458;GOBIERNO REGIONAL DEL DEPARTAMENTO DE PUNO;Puno;;;;Programas presupuestales;;3000365 ATENCION DEL CANCER DE CUELLO UTERINO PARA EL ESTADIAJE Y TRATAMIENTO;5006013;Actividad;TRATAMIENTO DEL CANCER DE CUELLO UTERINO;;6294;Salud;Localizada en Puno;Sí;;No;7789915
6;ANEXO-6-2;109;30;Gobierno regional;458;GOBIERNO REGIONAL DEL DEPARTAMENTO DE PUNO;Puno;;;;Programas presupuestales;;3000366 ATENCION DEL CANCER DE MAMA PARA EL ESTADIAJE Y TRATAMIENTO;5006014;Actividad;DIAGNOSTICO DEL CANCER DE MAMA;;1004931;Salud;Localizada en Puno;Sí;;No;7789915
6;ANEXO-6-2;109;30;Gobierno regional;458;GOBIERNO REGIONAL DEL DEPARTAMENTO DE PUNO;Puno;;;;Programas presupuestales;;3000366 ATENCION DEL CANCER DE MAMA PARA EL ESTADIAJE Y TRATAMIENTO;5006015;Actividad;TRATAMIENTO DEL CANCER DE MAMA;;632;Salud;Localizada en Puno;Sí;;No;7789915
6;ANEXO-6-2;109;30;Gobierno regional;458;GOBIERNO REGIONAL DEL DEPARTAMENTO DE PUNO;Puno;;;;Programas presupuestales;;3000367 ATENCION DEL CANCER DE ESTOMAGO PARA EL ESTADIAJE Y TRATAMIENTO;5006016;Actividad;DIAGNOSTICO DEL CANCER DE ESTOMAGO;;462229;Salud;Localizada en Puno;Sí;;No;7789915
6;ANEXO-6-2;109;30;Gobierno regional;458;GOBIERNO REGIONAL DEL DEPARTAMENTO DE PUNO;Puno;;;;Programas presupuestales;;3000368 ATENCION DEL CANCER DE PROSTATA PARA EL DIAGNOSTICO, ESTADIAJE Y TRATAMIENTO;5006018;Actividad;DIAGNOSTICO DEL CANCER DE PROSTATA;;503270;Salud;Localizada en Puno;Sí;;No;7789915
6;ANEXO-6-2;110;840;Gobierno regional;458;GOBIERNO REGIONAL DEL DEPARTAMENTO DE PUNO;Puno;;;;Programas presupuestales;;3000368 ATENCION DEL CANCER DE PROSTATA PARA EL DIAGNOSTICO, ESTADIAJE Y TRATAMIENTO;5006019;Actividad;TRATAMIENTO DEL CANCER DE PROSTATA;;790;Salud;Localizada en Puno;Sí;;No;7789915
6;ANEXO-6-2;110;840;Gobierno regional;458;GOBIERNO REGIONAL DEL DEPARTAMENTO DE PUNO;Puno;;;;Programas presupuestales;;3000369 ATENCION DEL CANCER DE PULMON QUE INCLUYE: DIAGNOSTICO, ESTADIAJE Y TRATAMIENTO;5006020;Actividad;DIAGNOSTICO DEL CANCER DE PULMON;;526;Salud;Localizada en Puno;Sí;;No;7789915
6;ANEXO-6-2;110;840;Gobierno regional;458;GOBIERNO REGIONAL DEL DEPARTAMENTO DE PUNO;Puno;;;;Programas presupuestales;;3000369 ATENCION DEL CANCER DE PULMON QUE INCLUYE: DIAGNOSTICO, ESTADIAJE Y TRATAMIENTO;5006021;Actividad;TRATAMIENTO DEL CANCER DE PULMON;;673;Salud;Localizada en Puno;Sí;;No;7789915
6;ANEXO-6-2;110;840;Gobierno regional;458;GOBIERNO REGIONAL DEL DEPARTAMENTO DE PUNO;Puno;;;;Programas presupuestales;;3000370 ATENCION DEL CANCER DE COLON Y RECTO QUE INCLUYE: DIAGNOSTICO, ESTADIAJE Y TRATAMIENTO;5006022;Actividad;DIAGNOSTICO DEL CANCER DE COLON Y RECTO;;2265;Salud;Localizada en Puno;Sí;;No;7789915
6;ANEXO-6-2;110;840;Gobierno regional;458;GOBIERNO REGIONAL DEL DEPARTAMENTO DE PUNO;Puno;;;;Programas presupuestales;;3000370 ATENCION DEL CANCER DE COLON Y RECTO QUE INCLUYE: DIAGNOSTICO, ESTADIAJE Y TRATAMIENTO;5006023;Actividad;TRATAMIENTO DEL CANCER DE COLON Y RECTO;;500;Salud;Localizada en Puno;Sí;;No;7789915
6;ANEXO-6-2;110;840;Gobierno regional;458;GOBIERNO REGIONAL DEL DEPARTAMENTO DE PUNO;Puno;;;;Programas presupuestales;;3000371 ATENCION DEL CANCER DE HIGADO QUE INCLUYE: DIAGNOSTICO, ESTADIAJE Y TRATAMIENTO;5006024;Actividad;DIAGNOSTICO DEL CANCER DE HIGADO;;4185;Salud;Localizada en Puno;Sí;;No;7789915
6;ANEXO-6-2;110;840;Gobierno regional;458;GOBIERNO REGIONAL DEL DEPARTAMENTO DE PUNO;Puno;;;;Programas presupuestales;;3000372 ATENCION DE LA LEUCEMIA QUE INCLUYE: DIAGNOSTICO Y TRATAMIENTO;5006026;Actividad;DIAGNOSTICO DE LEUCEMIA;;9741;Salud;Localizada en Puno;Sí;;No;7789915
6;ANEXO-6-2;110;840;Gobierno regional;458;GOBIERNO REGIONAL DEL DEPARTAMENTO DE PUNO;Puno;;;;Programas presupuestales;;3000373 ATENCION DE LA LINFOMA QUE INCLUYE: DIAGNOSTICO Y TRATAMIENTO;5006028;Actividad;DIAGNOSTICO DE LINFOMA;;4700;Salud;Localizada en Puno;Sí;;No;7789915
6;ANEXO-6-2;110;840;Gobierno regional;458;GOBIERNO REGIONAL DEL DEPARTAMENTO DE PUNO;Puno;;;;Programas presupuestales;;3000374 ATENCION DEL CANCER DE PIEL NO MELANOMAS QUE INCLUYE: DIAGNOSTICO, ESTADIAJE Y TRATAMIENTO;5006030;Actividad;DIAGNOSTICO DEL CANCER DE PIEL NO MELANOMA;;154296;Salud;Localizada en Puno;Sí;;No;7789915
6;ANEXO-6-2;110;840;Gobierno regional;458;GOBIERNO REGIONAL DEL DEPARTAMENTO DE PUNO;Puno;;;;Programas presupuestales;;3000374 ATENCION DEL CANCER DE PIEL NO MELANOMAS QUE INCLUYE: DIAGNOSTICO, ESTADIAJE Y TRATAMIENTO;5006031;Actividad;TRATAMIENTO DEL CANCER DE PIEL NO MELANOMA;;521;Salud;Localizada en Puno;Sí;;No;7789915
6;ANEXO-6-2;110;840;Gobierno regional;458;GOBIERNO REGIONAL DEL DEPARTAMENTO DE PUNO;Puno;;;;Programas presupuestales;;3000384 AREAS FORESTALES RECUPERADAS QUE CUENTEN CON UN ADECUADO MANEJO FORESTAL Y DE FAUNA SILVESTRE;5004422;Actividad;SENSIBILIZACION A LA POBLACION SOBRE EL USO ADECUADO DE TIERRAS FORESTALES, BOSQUES NATURALES, ECOSISTEMAS FORESTALES, BUEN MANEJO DE LA FAUNA SILVESTRE;;148658;Ambiente;Localizada en Puno;Sí;;No;7789915
6;ANEXO-6-2;110;840;Gobierno regional;458;GOBIERNO REGIONAL DEL DEPARTAMENTO DE PUNO;Puno;;;;Programas presupuestales;;3000385 INSTITUCIONES EDUCATIVAS CON CONDICIONES PARA EL CUMPLIMIENTO DE HORAS LECTIVAS NORMADAS;5005628;Actividad;CONTRATACION OPORTUNA Y PAGO DEL PERSONAL DOCENTE Y PROMOTORAS DE LAS INSTITUCIONES EDUCATIVAS DE EDUCACION BASICA REGULAR;;1274050234;Educación;Localizada en Puno;Sí;;No;7789915
6;ANEXO-6-2;110;840;Gobierno regional;458;GOBIERNO REGIONAL DEL DEPARTAMENTO DE PUNO;Puno;;;;Programas presupuestales;;3000385 INSTITUCIONES EDUCATIVAS CON CONDICIONES PARA EL CUMPLIMIENTO DE HORAS LECTIVAS NORMADAS;5005629;Actividad;CONTRATACION OPORTUNA Y PAGO DEL PERSONAL ADMINISTRATIVO Y DE APOYO DE LAS INSTITUCIONES EDUCATIVAS DE EDUCACION BASICA REGULAR;;50328216;Educación;Localizada en Puno;Sí;;No;7789915
6;ANEXO-6-2;110;840;Gobierno regional;458;GOBIERNO REGIONAL DEL DEPARTAMENTO DE PUNO;Puno;;;;Programas presupuestales;;3000385 INSTITUCIONES EDUCATIVAS CON CONDICIONES PARA EL CUMPLIMIENTO DE HORAS LECTIVAS NORMADAS;5005943;Actividad;MANTENIMIENTO Y OPERACION DE LOCALES ESCOLARES DE INSTITUCIONES EDUCATIVAS DE EDUCACION BASICA REGULAR CON CONDICIONES ADECUADAS PARA SU FUNCIONAMIENTO;;10268375;Educación;Localizada en Puno;Sí;;No;7789915
6;ANEXO-6-2;110;840;Gobierno regional;458;GOBIERNO REGIONAL DEL DEPARTAMENTO DE PUNO;Puno;;;;Programas presupuestales;;3000386 DOCENTES PREPARADOS IMPLEMENTAN EL CURRICULO;5005631;Actividad;GESTION DEL CURRICULO;;73380;Educación;Localizada en Puno;Sí;;No;7789915
6;ANEXO-6-2;110;840;Gobierno regional;458;GOBIERNO REGIONAL DEL DEPARTAMENTO DE PUNO;Puno;;;;Programas presupuestales;;3000387 ESTUDIANTES DE EDUCACION BASICA REGULAR CUENTAN CON MATERIALES EDUCATIVOS NECESARIOS PARA EL LOGRO DE LOS ESTANDARES DE APRENDIZAJES;5005642;Actividad;DOTACION DE MATERIAL Y RECURSOS EDUCATIVOS PARA ESTUDIANTES DE EDUCACION BASICA REGULAR;;91971;Educación;Localizada en Puno;Sí;;No;7789915
6;ANEXO-6-2;110;840;Gobierno regional;458;GOBIERNO REGIONAL DEL DEPARTAMENTO DE PUNO;Puno;;;;Programas presupuestales;;3000387 ESTUDIANTES DE EDUCACION BASICA REGULAR CUENTAN CON MATERIALES EDUCATIVOS NECESARIOS PARA EL LOGRO DE LOS ESTANDARES DE APRENDIZAJES;5005643;Actividad;DOTACION DE MATERIAL Y RECURSOS EDUCATIVOS PARA ESTUDIANTES DE EDUCACION INTERCULTURAL BILINGÜE;;362875;Educación;Localizada en Puno;Sí;;No;7789915
6;ANEXO-6-2;110;840;Gobierno regional;458;GOBIERNO REGIONAL DEL DEPARTAMENTO DE PUNO;Puno;;;;Programas presupuestales;;3000387 ESTUDIANTES DE EDUCACION BASICA REGULAR CUENTAN CON MATERIALES EDUCATIVOS NECESARIOS PARA EL LOGRO DE LOS ESTANDARES DE APRENDIZAJES;5005644;Actividad;DOTACION DE MATERIAL Y RECURSOS EDUCATIVOS PARA DOCENTES Y AULAS DE EDUCACION BASICA REGULAR;;136181;Educación;Localizada en Puno;Sí;;No;7789915
6;ANEXO-6-2;110;840;Gobierno regional;458;GOBIERNO REGIONAL DEL DEPARTAMENTO DE PUNO;Puno;;;;Programas presupuestales;;3000387 ESTUDIANTES DE EDUCACION BASICA REGULAR CUENTAN CON MATERIALES EDUCATIVOS NECESARIOS PARA EL LOGRO DE LOS ESTANDARES DE APRENDIZAJES;5005645;Actividad;DOTACION DE MATERIAL Y RECURSOS EDUCATIVOS PARA DOCENTES Y AULAS DE EDUCACION INTERCULTURAL BILINGÜE;;323886;Educación;Localizada en Puno;Sí;;No;7789915
6;ANEXO-6-2;110;840;Gobierno regional;458;GOBIERNO REGIONAL DEL DEPARTAMENTO DE PUNO;Puno;;;;Programas presupuestales;;3000387 ESTUDIANTES DE EDUCACION BASICA REGULAR CUENTAN CON MATERIALES EDUCATIVOS NECESARIOS PARA EL LOGRO DE LOS ESTANDARES DE APRENDIZAJES;5005647;Actividad;DOTACION DE MATERIAL Y RECURSOS EDUCATIVOS PARA INSTITUCIONES EDUCATIVAS DE EDUCACION BASICA REGULAR;;10152;Educación;Localizada en Puno;Sí;;No;7789915
6;ANEXO-6-2;111;841;Gobierno regional;458;GOBIERNO REGIONAL DEL DEPARTAMENTO DE PUNO;Puno;;;;Programas presupuestales;;3000476 VEHICULO HABILITADO PARA EL SERVICIO DE TRANSPORTE DE PERSONAS Y MERCANCIAS;5003405;Actividad;HABILITACIONES OTORGADAS PARA EL SERVICIO DE TRANSPORTE REGIONAL TERRESTRE DE PERSONAS;;832804;Transporte;Localizada en Puno;Sí;;No;7789915
6;ANEXO-6-2;111;841;Gobierno regional;458;GOBIERNO REGIONAL DEL DEPARTAMENTO DE PUNO;Puno;;;;Programas presupuestales;;3000478 SERVICIOS DE TRANSPORTE TERRESTRE Y COMPLEMENTARIOS FISCALIZADOS;5003418;Actividad;EISCALIZACION AL SERVICIO DE TRANSPORTE TERRESTRE DE PERSONAS;;77000;Transporte;Localizada en Puno;Sí;;No;7789915
6;ANEXO-6-2;111;841;Gobierno regional;458;GOBIERNO REGIONAL DEL DEPARTAMENTO DE PUNO;Puno;;;;Programas presupuestales;;3000479 PERSONA AUTORIZADA PARA CONDUCIR VEHICULOS AUTOMOTORES;5003427;Actividad;EMISION DE LICENCIAS DE CONDUCIR DE CLASE A;;858871;Transporte;Localizada en Puno;Sí;;No;7789915
6;ANEXO-6-2;111;841;Gobierno regional;458;GOBIERNO REGIONAL DEL DEPARTAMENTO DE PUNO;Puno;;;;Programas presupuestales;;3000528 PRODUCTORES AGRARIOS CON COMPETENCIAS PARA EL APROVECHAMIENTO DEL RECURSO HIDRICO PARA USO AGRARIO;5004172;Actividad;SENSIBILIZACION A PRODUCTORES AGRARIOS PARA EL APROVECHAMIENTO DEL RECURSO HIDRICO PARA USO AGRARIO;;221291;Agropecuario y riego;Localizada en Puno;Sí;;No;7789915
6;ANEXO-6-2;111;841;Gobierno regional;458;GOBIERNO REGIONAL DEL DEPARTAMENTO DE PUNO;Puno;;;;Programas presupuestales;;3000534 CONDUCTORES Y TRABAJADORES DE EMPRESAS RECIBEN SERVICIOS DE CAPACITACION Y ASISTENCIA TECNICA;5005078;Actividad;CAPACITACION Y ASISTENCIA TECNICA EN GESTION EMPRESARIAL, COMERCIAL Y FINANCIERA A MIPYME;;33317;Sin clasificar;Localizada en Puno;Sí;;No;7789915
6;ANEXO-6-2;111;841;Gobierno regional;458;GOBIERNO REGIONAL DEL DEPARTAMENTO DE PUNO;Puno;;;;Programas presupuestales;;3000535 EMPRESAS ACCEDEN A SERVICIOS DE ARTICULACION EMPRESARIAL Y ACCESO A MERCADOS;5005083;Actividad;PROMOCION Y ASESORIA PARA LA CONEXION CON MERCADOS;;4711;Sin clasificar;Localizada en Puno;Sí;;No;7789915
6;ANEXO-6-2;111;841;Gobierno regional;458;GOBIERNO REGIONAL DEL DEPARTAMENTO DE PUNO;Puno;;;;Programas presupuestales;;3000538 ACUICULTORES ACCEDEN A SERVICIOS PARA EL FOMENTO DE LAS INVERSIONES Y EL ORDENAMIENTO DE LA ACUICULTURA;5005073;Actividad;PROMOCION, ADMINISTRACION Y EVALUACION DEL DESARROLLO ACUICOLA;;2009;Pesca;Localizada en Puno;Sí;;No;7789915
6;ANEXO-6-2;111;841;Gobierno regional;458;GOBIERNO REGIONAL DEL DEPARTAMENTO DE PUNO;Puno;;;;Programas presupuestales;;3000546 INSTITUCIONES DE EDUCACION SUPERIOR PEDAGOGICA CON CONDICIONES BASICAS PARA EL FUNCIONAMIENTO.;5005906;Actividad;CONTRATACION OPORTUNA Y PAGO DE PERSONAL DOCENTE;;16680879;Educación;Localizada en Puno;Sí;;No;7789915
6;ANEXO-6-2;111;841;Gobierno regional;458;GOBIERNO REGIONAL DEL DEPARTAMENTO DE PUNO;Puno;;;;Programas presupuestales;;3000546 INSTITUCIONES DE EDUCACION SUPERIOR PEDAGOGICA CON CONDICIONES BASICAS PARA EL FUNCIONAMIENTO.;5005907;Actividad;CONTRATACION OPORTUNA Y PAGO DE PERSONAL ADMINISTRATIVO Y DE APOYO;;3253417;Educación;Localizada en Puno;Sí;;No;7789915
6;ANEXO-6-2;111;841;Gobierno regional;458;GOBIERNO REGIONAL DEL DEPARTAMENTO DE PUNO;Puno;;;;Programas presupuestales;;3000546 INSTITUCIONES DE EDUCACION SUPERIOR PEDAGOGICA CON CONDICIONES BASICAS PARA EL FUNCIONAMIENTO.;5005908;Actividad;PROVISION DE SERVICIOS BASICOS Y MANTENIMIENTO DE EQUIPAMIENTO E INFRAESTRUCTURA;;141125;Educación;Localizada en Puno;Sí;;No;7789915
6;ANEXO-6-2;111;841;Gobierno regional;458;GOBIERNO REGIONAL DEL DEPARTAMENTO DE PUNO;Puno;;;;Programas presupuestales;;3000577 PERSONAS INTERMEDIADAS PARA SU INSERCION LABORAL;5006247;Actividad;ATENCION DE SERVICIOS DE INTERMEDIACION LABORAL;;103117;Sin clasificar;Localizada en Puno;Sí;;No;7789915
6;ANEXO-6-2;111;841;Gobierno regional;458;GOBIERNO REGIONAL DEL DEPARTAMENTO DE PUNO;Puno;;;;Programas presupuestales;;3000608 SERVICIOS DE CUIDADO DIURNO ACCEDEN A CONTROL DE CALIDAD NUTRICIONAL DE LOS ALIMENTOS;5004427;Actividad;CONTROL DE CALIDAD NUTRICIONAL DE LOS ALIMENTOS;;3676796;Salud;Localizada en Puno;Sí;;No;7789915
6;ANEXO-6-2;111;841;Gobierno regional;458;GOBIERNO REGIONAL DEL DEPARTAMENTO DE PUNO;Puno;;;;Programas presupuestales;;3000612 SINTOMATICOS RESPIRATORIOS CON DESPISTAJE DE TUBERCULOSIS;5004436;Actividad;DESPISTAJE DE TUBERCULOSIS EN SINTOMATICOS RESPIRATORIOS;;3833154;Salud;Localizada en Puno;Sí;;No;7789915
6;ANEXO-6-2;111;841;Gobierno regional;458;GOBIERNO REGIONAL DEL DEPARTAMENTO DE PUNO;Puno;;;;Programas presupuestales;;3000613 PERSONAS EN CONTACTO DE CASOS DE TUBERCULOSIS CON CONTROL Y TRATAMIENTO PREVENTIVO (GENERAL, INDIGENA, PRIVADA DE SU LIBERTAD);5006396;Actividad;CONTROL DE CONTACTOS DE CASOS DE TUBERCULOSIS;;859087;Salud;Localizada en Puno;Sí;;No;7789915
6;ANEXO-6-2;111;841;Gobierno regional;458;GOBIERNO REGIONAL DEL DEPARTAMENTO DE PUNO;Puno;;;;Programas presupuestales;;3000613 PERSONAS EN CONTACTO DE CASOS DE TUBERCULOSIS CON CONTROL Y TRATAMIENTO PREVENTIVO (GENERAL, INDIGENA, PRIVADA DE SU LIBERTAD);5006397;Actividad;ADMINISTRACION DE TERAPIA PREVENTIVA PARA TUBERCULOSIS;;4581;Salud;Localizada en Puno;Sí;;No;7789915
6;ANEXO-6-2;111;841;Gobierno regional;458;GOBIERNO REGIONAL DEL DEPARTAMENTO DE PUNO;Puno;;;;Programas presupuestales;;3000614 PERSONAS CON DIAGNOSTICO DE TUBERCULOSIS;5004438;Actividad;DIAGNOSTICO DE CASOS DE TUBERCULOSIS;;3558824;Salud;Localizada en Puno;Sí;;No;7789915
6;ANEXO-6-2;111;841;Gobierno regional;458;GOBIERNO REGIONAL DEL DEPARTAMENTO DE PUNO;Puno;;;;Programas presupuestales;;3000615 PERSONAS PRIVADAS DE SU LIBERTAD TRATADAS;5004439;Actividad;TRATAMIENTO DE CASOS DE PERSONAS PRIVADAS DE SU LIBERTAD;;5786;Justicia;Localizada en Puno;Sí;;No;7789915
6;ANEXO-6-2;111;841;Gobierno regional;458;GOBIERNO REGIONAL DEL DEPARTAMENTO DE PUNO;Puno;;;;Programas presupuestales;;3000616 PACIENTES CON COMORBILIDAD CON DESPISTAJE Y DIAGNOSTICO DE TUBERCULOSIS;5004440;Actividad;DESPISTAJE Y DIAGNOSTICO DE TUBERCULOSIS PARA PACIENTES CON COMORBILIDAD;;1018516;Salud;Localizada en Puno;Sí;;No;7789915
6;ANEXO-6-2;112;842;Gobierno regional;458;GOBIERNO REGIONAL DEL DEPARTAMENTO DE PUNO;Puno;;;;Programas presupuestales;;3000630 PRODUCTORES AGROPECUARIOS ADOPTAN PAQUETES TECNOLOGICOS ADECUADOS;5006064;Actividad;ASISTENCIA TECNICA Y CAPACITACION A PRODUCTORES PARA LA ADOPCION DE PAQUETES TECNOLOGICOS;;160704;Agropecuario y riego;Localizada en Puno;Sí;;No;7789915
6;ANEXO-6-2;112;842;Gobierno regional;458;GOBIERNO REGIONAL DEL DEPARTAMENTO DE PUNO;Puno;;;;Programas presupuestales;;3000630 PRODUCTORES AGROPECUARIOS ADOPTAN PAQUETES TECNOLOGICOS ADECUADOS;5006065;Actividad;ASISTENCIA TECNICA Y CAPACITACION A PRODUCTORES EN SISTEMA DE GESTION DE LA CALIDAD;;41200;Agropecuario y riego;Localizada en Puno;Sí;;No;7789915
6;ANEXO-6-2;112;842;Gobierno regional;458;GOBIERNO REGIONAL DEL DEPARTAMENTO DE PUNO;Puno;;;;Programas presupuestales;;3000633 PRODUCTORES AGROPECUARIOS RECIBEN Y ACCEDEN ADECUADAMENTE SERVICIOS DE INFORMACION AGRARIA;5004496;Actividad;GENERACION Y ADMINISTRACION DEL SISTEMA DE INFORMACION DE MERCADOS;;272405;Agropecuario y riego;Localizada en Puno;Sí;;No;7789915
6;ANEXO-6-2;112;842;Gobierno regional;458;GOBIERNO REGIONAL DEL DEPARTAMENTO DE PUNO;Puno;;;;Programas presupuestales;;3000635 PERSONAS CUENTAN CON ORIENTACION Y ASISTENCIA TECNICA EN MATERIA DE NORMATIVIDAD LABORAL Y BUENAS PRACTICAS LABORALES;5004946;Actividad;ABSOLUCION DE CONSULTAS EN MATERIAS LABORALES;;92803;Trabajo;Localizada en Puno;Sí;;No;7789915
6;ANEXO-6-2;112;842;Gobierno regional;458;GOBIERNO REGIONAL DEL DEPARTAMENTO DE PUNO;Puno;;;;Programas presupuestales;;3000635 PERSONAS CUENTAN CON ORIENTACION Y ASISTENCIA TECNICA EN MATERIA DE NORMATIVIDAD LABORAL Y BUENAS PRACTICAS LABORALES;5005589;Actividad;CAPACITACION Y DIFUSION DE LA NORMATIVA LABORAL A TRAVES DE MEDIOS DE DIFUSION MASIVA;;83852;Trabajo;Localizada en Puno;Sí;;No;7789915
6;ANEXO-6-2;112;842;Gobierno regional;458;GOBIERNO REGIONAL DEL DEPARTAMENTO DE PUNO;Puno;;;;Programas presupuestales;;3000635 PERSONAS CUENTAN CON ORIENTACION Y ASISTENCIA TECNICA EN MATERIA DE NORMATIVIDAD LABORAL Y BUENAS PRACTICAS LABORALES;5006205;Actividad;FORMALIZACION DE LA FUERZA LABORAL;;12023;Trabajo;Localizada en Puno;Sí;;No;7789915
6;ANEXO-6-2;112;842;Gobierno regional;458;GOBIERNO REGIONAL DEL DEPARTAMENTO DE PUNO;Puno;;;;Programas presupuestales;;3000672 PERSONA QUE ACCEDE AL ESTABLECIMIENTO DE SALUD Y RECIBE TRATAMIENTO OPORTUNO PARA TUBERCULOSIS Y SUS COMPLICACIONES;5006272;Actividad;BRINDAR TRATAMIENTO OPORTUNO PARA TUBERCULOSIS;;279621;Salud;Localizada en Puno;Sí;;No;7789915
6;ANEXO-6-2;112;842;Gobierno regional;458;GOBIERNO REGIONAL DEL DEPARTAMENTO DE PUNO;Puno;;;;Programas presupuestales;;3000672 PERSONA QUE ACCEDE AL ESTABLECIMIENTO DE SALUD Y RECIBE TRATAMIENTO OPORTUNO PARA TUBERCULOSIS Y SUS COMPLICACIONES;5006273;Actividad;MANEJO DE LAS COMPLICACIONES DE TUBERCULOSIS;;16943;Salud;Localizada en Puno;Sí;;No;7789915
6;ANEXO-6-2;112;842;Gobierno regional;458;GOBIERNO REGIONAL DEL DEPARTAMENTO DE PUNO;Puno;;;;Programas presupuestales;;3000680 ATENCION ESTOMATOLOGICA PREVENTIVA;5006275;Actividad;ATENCION ESTOMATOLOGICA PREVENTIVA BASICA;;9902749;Salud;Localizada en Puno;Sí;;No;7789915
6;ANEXO-6-2;112;842;Gobierno regional;458;GOBIERNO REGIONAL DEL DEPARTAMENTO DE PUNO;Puno;;;;Programas presupuestales;;3000681 ATENCION ESTOMATOLOGICA RECUPERATIVA;5006276;Actividad;ATENCION ESTOMATOLOGICA RECUPERATIVA BASICA;;3023442;Salud;Localizada en Puno;Sí;;No;7789915
6;ANEXO-6-2;112;842;Gobierno regional;458;GOBIERNO REGIONAL DEL DEPARTAMENTO DE PUNO;Puno;;;;Programas presupuestales;;3000682 ATENCION ESTOMATOLOGICA ESPECIALIZADA;5000106;Actividad;ATENCION ESTOMATOLOGICA ESPECIALIZADA BASICA;;3679202;Salud;Localizada en Puno;Sí;;No;7789915
6;ANEXO-6-2;112;842;Gobierno regional;458;GOBIERNO REGIONAL DEL DEPARTAMENTO DE PUNO;Puno;;;;Programas presupuestales;;3000684 ATENCION MEDICA TELEFONICA DE LA EMERGENCIA Y URGENCIA EN CENTRO REGULADOR;5002792;Actividad;SERVICIO DE ATENCION DE LLAMADAS DE EMERGENCIAS MEDICAS A LA CENTRAL TELEFONICA DE SAMU;;4042;Salud;Localizada en Puno;Sí;;No;7789915
6;ANEXO-6-2;112;842;Gobierno regional;458;GOBIERNO REGIONAL DEL DEPARTAMENTO DE PUNO;Puno;;;;Programas presupuestales;;3000685 DESPACHO DE LA UNIDAD MOVIL Y COORDINACION DE LA REFERENCIA;5002794;Actividad;DESPACHO DE LA UNIDAD MOVIL SAMU;;3790;Salud;Localizada en Puno;Sí;;No;7789915
6;ANEXO-6-2;112;842;Gobierno regional;458;GOBIERNO REGIONAL DEL DEPARTAMENTO DE PUNO;Puno;;;;Programas presupuestales;;3000685 DESPACHO DE LA UNIDAD MOVIL Y COORDINACION DE LA REFERENCIA;5005140;Actividad;COORDINACION Y SEGUIMIENTO DE LA REFERENCIA;;432741;Salud;Localizada en Puno;Sí;;No;7789915
6;ANEXO-6-2;112;842;Gobierno regional;458;GOBIERNO REGIONAL DEL DEPARTAMENTO DE PUNO;Puno;;;;Programas presupuestales;;3000686 ATENCION DE LA EMERGENCIA O URGENCIA EN ESTABLECIMIENTO DE SALUD;5002824;Actividad;ATENCION AMBULATORIA DE URGENCIAS (PRIORIDAD III 0 IV) EN MODULOS HOSPITALARIOS DIFERENCIADOS AUTORIZADOS;;95411;Salud;Localizada en Puno;Sí;;No;7789915
6;ANEXO-6-2;112;842;Gobierno regional;458;GOBIERNO REGIONAL DEL DEPARTAMENTO DE PUNO;Puno;;;;Programas presupuestales;;3000686 ATENCION DE LA EMERGENCIA O URGENCIA EN ESTABLECIMIENTO DE SALUD;5005901;Actividad;ATENCION DE TRIAJE;;481422;Salud;Localizada en Puno;Sí;;No;7789915
6;ANEXO-6-2;112;842;Gobierno regional;458;GOBIERNO REGIONAL DEL DEPARTAMENTO DE PUNO;Puno;;;;Programas presupuestales;;3000686 ATENCION DE LA EMERGENCIA O URGENCIA EN ESTABLECIMIENTO DE SALUD;5005902;Actividad;ATENCION DE LA EMERGENCIA Y URGENCIA BASICA;;700955;Salud;Localizada en Puno;Sí;;No;7789915
6;ANEXO-6-2;112;842;Gobierno regional;458;GOBIERNO REGIONAL DEL DEPARTAMENTO DE PUNO;Puno;;;;Programas presupuestales;;3000686 ATENCION DE LA EMERGENCIA O URGENCIA EN ESTABLECIMIENTO DE SALUD;5005903;Actividad;ATENCION DE LA EMERGENCIA Y URGENCIA ESPECIALIZADA;;1905646;Salud;Localizada en Puno;Sí;;No;7789915
6;ANEXO-6-2;112;842;Gobierno regional;458;GOBIERNO REGIONAL DEL DEPARTAMENTO DE PUNO;Puno;;;;Programas presupuestales;;3000686 ATENCION DE LA EMERGENCIA O URGENCIA EN ESTABLECIMIENTO DE SALUD;5005904;Actividad;ATENCION DE LA EMERGENCIA DE CUIDADOS INTENSIVOS;;985844;Salud;Localizada en Puno;Sí;;No;7789915
6;ANEXO-6-2;112;842;Gobierno regional;458;GOBIERNO REGIONAL DEL DEPARTAMENTO DE PUNO;Puno;;;;Programas presupuestales;;3000686 ATENCION DE LA EMERGENCIA O URGENCIA EN ESTABLECIMIENTO DE SALUD;5005905;Actividad;ATENCION DE LA EMERGENCIA QUIRURGICA;;3088;Salud;Localizada en Puno;Sí;;No;7789915
6;ANEXO-6-2;112;842;Gobierno regional;458;GOBIERNO REGIONAL DEL DEPARTAMENTO DE PUNO;Puno;;;;Programas presupuestales;;3000688 PERSONAS CON DISCAPACIDAD RECIBEN ATENCION DE REHABILITACION EN ESTABLECIMIENTOS DE SALUD;5004449;Actividad;CAPACITACION EN MEDICINA DE REHABILITACION;;10641;Salud;Localizada en Puno;Sí;;No;7789915
6;ANEXO-6-2;112;842;Gobierno regional;458;GOBIERNO REGIONAL DEL DEPARTAMENTO DE PUNO;Puno;;;;Programas presupuestales;;3000688 PERSONAS CON DISCAPACIDAD RECIBEN ATENCION DE REHABILITACION EN ESTABLECIMIENTOS DE SALUD;5005150;Actividad;ATENCION DE REHABILITACION PARA PERSONAS CON DISCAPACIDAD FISICA;;1353595;Salud;Localizada en Puno;Sí;;No;7789915
6;ANEXO-6-2;113;843;Gobierno regional;458;GOBIERNO REGIONAL DEL DEPARTAMENTO DE PUNO;Puno;;;;Programas presupuestales;;3000688 PERSONAS CON DISCAPACIDAD RECIBEN ATENCION DE REHABILITACION EN ESTABLECIMIENTOS DE SALUD;5005151;Actividad;ATENCION DE REHABILITACION PARA PERSONAS CON DISCAPACIDAD SENSORIAL;;43004;Salud;Localizada en Puno;Sí;;No;7789915
6;ANEXO-6-2;113;843;Gobierno regional;458;GOBIERNO REGIONAL DEL DEPARTAMENTO DE PUNO;Puno;;;;Programas presupuestales;;3000688 PERSONAS CON DISCAPACIDAD RECIBEN ATENCION DE REHABILITACION EN ESTABLECIMIENTOS DE SALUD;5005152;Actividad;ATENCION DE REHABILITACION PARA PERSONAS CON DISCAPACIDAD MENTAL;;38880;Salud;Localizada en Puno;Sí;;No;7789915
6;ANEXO-6-2;113;843;Gobierno regional;458;GOBIERNO REGIONAL DEL DEPARTAMENTO DE PUNO;Puno;;;;Programas presupuestales;;3000689 PERSONA CON DISCAPACIDAD CERTIFICADA EN ESTABLECIMIENTOS DE SALUD;5005153;Actividad;CERTIFICACION DE DISCAPACIDAD;;1004592;Salud;Localizada en Puno;Sí;;No;7789915
6;ANEXO-6-2;113;843;Gobierno regional;458;GOBIERNO REGIONAL DEL DEPARTAMENTO DE PUNO;Puno;;;;Programas presupuestales;;3000689 PERSONA CON DISCAPACIDAD CERTIFICADA EN ESTABLECIMIENTOS DE SALUD;5005154;Actividad;CERTIFICACION DE INCAPACIDAD PARA EL TRABAJO;;3700;Salud;Localizada en Puno;Sí;;No;7789915
6;ANEXO-6-2;113;843;Gobierno regional;458;GOBIERNO REGIONAL DEL DEPARTAMENTO DE PUNO;Puno;;;;Programas presupuestales;;3000690 PERSONAS CON DISCAPACIDAD RECIBEN SERVICIOS DE REHABILITACION BASADA EN LA COMUNIDAD;5005155;Actividad;CAPACITACION A AGENTES COMUNITARIOS EN REHABILITACION BASADA EN LA COMUNIDAD;;20592;Salud;Localizada en Puno;Sí;;No;7789915
6;ANEXO-6-2;113;843;Gobierno regional;458;GOBIERNO REGIONAL DEL DEPARTAMENTO DE PUNO;Puno;;;;Programas presupuestales;;3000690 PERSONAS CON DISCAPACIDAD RECIBEN SERVICIOS DE REHABILITACION BASADA EN LA COMUNIDAD;5005924;Actividad;VISITAS A LAS FAMILIAS PARA REHABILITACION BASADA EN LA COMUNIDAD;;17128;Salud;Localizada en Puno;Sí;;No;7789915
6;ANEXO-6-2;113;843;Gobierno regional;458;GOBIERNO REGIONAL DEL DEPARTAMENTO DE PUNO;Puno;;;;Programas presupuestales;;3000690 PERSONAS CON DISCAPACIDAD RECIBEN SERVICIOS DE REHABILITACION BASADA EN LA COMUNIDAD;5005925;Actividad;CAPACITACION A ACTORES SOCIALES PARA LA APLICACION DE LA ESTRATEGIA RBC;;15467;Salud;Localizada en Puno;Sí;;No;7789915
6;ANEXO-6-2;113;843;Gobierno regional;458;GOBIERNO REGIONAL DEL DEPARTAMENTO DE PUNO;Puno;;;;Programas presupuestales;;3000691 SERVICIOS DE ATENCION DE TUBERCULOSIS CON MEDIDAS DE CONTROL DE INFECCIONES Y BIOSEGURIDAD EN EL PERSONAL DE SALUD;5005157;Actividad;MEDIDAS DE CONTROL DE INFECCIONES Y BIOSEGURIDAD EN LOS SERVICIOS DE ATENCION DE TUBERCULOSIS;;170992;Salud;Localizada en Puno;Sí;;No;7789915
6;ANEXO-6-2;113;843;Gobierno regional;458;GOBIERNO REGIONAL DEL DEPARTAMENTO DE PUNO;Puno;;;;Programas presupuestales;;3000698 PERSONAS CON TRASTORNOS MENTALES Y PROBLEMAS PSICOSOCIALES DETECTADAS;5005188;Actividad;TAMIZAJE DE PERSONAS CON TRASTORNOS MENTALES Y PROBLEMAS PSICOSOCIALES;;1548584;Salud;Localizada en Puno;Sí;;No;7789915
6;ANEXO-6-2;113;843;Gobierno regional;458;GOBIERNO REGIONAL DEL DEPARTAMENTO DE PUNO;Puno;;;;Programas presupuestales;;3000698 PERSONAS CON TRASTORNOS MENTALES Y PROBLEMAS PSICOSOCIALES DETECTADAS;5006280;Actividad;TAMIZAJE DE NIÑOS Y NIÑAS DE O A 17 AÑOS CON DEFICIT EN SUS HABILIDADES SOCIALES, TRASTORNOS MENTALES Y DEL COMPORTAMIENTO Y/0 PROBLEMAS PSICOSOCIALES PROPIOS DE LA INFANCIA Y LA ADOLESCENCIA;;618180;Salud;Localizada en Puno;Sí;;No;7789915
6;ANEXO-6-2;113;843;Gobierno regional;458;GOBIERNO REGIONAL DEL DEPARTAMENTO DE PUNO;Puno;;;;Programas presupuestales;;3000699 POBLACION CON PROBLEMAS PSICOSOCIALES QUE RECIBEN ATENCION OPORTUNA Y DE CALIDAD;5005189;Actividad;TRATAMIENTO DE PERSONAS CON PROBLEMAS PSICOSOCIALES;;4846078;Salud;Localizada en Puno;Sí;;No;7789915
6;ANEXO-6-2;113;843;Gobierno regional;458;GOBIERNO REGIONAL DEL DEPARTAMENTO DE PUNO;Puno;;;;Programas presupuestales;;3000699 POBLACION CON PROBLEMAS PSICOSOCIALES QUE RECIBEN ATENCION OPORTUNA Y DE CALIDAD;5006281;Actividad;TRATAMIENTO AMBULATORIO DE NIÑOS Y NIÑAS DE DA 17 AÑOS CON TRASTORNOS MENTALES Y DEL COMPORTAMIENTO Y/0 PROBLEMAS PSICOSOCIALES PROPIOS DE IA INFANCIA Y LA ADOLESCENCIA;;992508;Salud;Localizada en Puno;Sí;;No;7789915
6;ANEXO-6-2;113;843;Gobierno regional;458;GOBIERNO REGIONAL DEL DEPARTAMENTO DE PUNO;Puno;;;;Programas presupuestales;;3000700 PERSONAS CON TRASTORNOS AFECTIVOS Y DE ANSIEDAD TRATADAS OPORTUNAMENTE;5005190;Actividad;TRATAMIENTO AMBULATORIO DE PERSONAS CON TRASTORNOS AFECTIVOS (DEPRESION Y CONDUCTA SUICIDA) Y DE ANSIEDAD;;2769230;Salud;Localizada en Puno;Sí;;No;7789915
6;ANEXO-6-2;113;843;Gobierno regional;458;GOBIERNO REGIONAL DEL DEPARTAMENTO DE PUNO;Puno;;;;Programas presupuestales;;3000700 PERSONAS CON TRASTORNOS AFECTIVOS Y DE ANSIEDAD TRATADAS OPORTUNAMENTE;5005191;Actividad;TRATAMIENTO CON INTERNAMIENTO DE PERSONAS CON TRASTORNOS AFECTIVOS Y DE ANSIEDAD;;311745;Salud;Localizada en Puno;Sí;;No;7789915
6;ANEXO-6-2;113;843;Gobierno regional;458;GOBIERNO REGIONAL DEL DEPARTAMENTO DE PUNO;Puno;;;;Programas presupuestales;;3000702 PERSONAS CON TRASTORNOS Y SINDROMES PSICOTICOS TRATADAS OPORTUNAMENTE;5005195;Actividad;TRATAMIENTO AMBULATORIO DE PERSONAS CON SINDROME O TRASTORNO PSICOTICO;;3371304;Salud;Localizada en Puno;Sí;;No;7789915
6;ANEXO-6-2;113;843;Gobierno regional;458;GOBIERNO REGIONAL DEL DEPARTAMENTO DE PUNO;Puno;;;;Programas presupuestales;;3000702 PERSONAS CON TRASTORNOS Y SINDROMES PSICOTICOS TRATADAS OPORTUNAMENTE;5005196;Actividad;TRATAMIENTO CON INTERNAMIENTO DE PERSONAS CON SINDROME O TRASTORNO PSICOTICO;;1984897;Salud;Localizada en Puno;Sí;;No;7789915
6;ANEXO-6-2;113;843;Gobierno regional;458;GOBIERNO REGIONAL DEL DEPARTAMENTO DE PUNO;Puno;;;;Programas presupuestales;;3000702 PERSONAS CON TRASTORNOS Y SINDROMES PSICOTICOS TRATADAS OPORTUNAMENTE;5005197;Actividad;REHABILITACION PSICOSOCIAL DE PERSONAS CON SINDROME O TRASTORNO ESQUIZOFRENICO;;517745;Salud;Localizada en Puno;Sí;;No;7789915
6;ANEXO-6-2;113;843;Gobierno regional;458;GOBIERNO REGIONAL DEL DEPARTAMENTO DE PUNO;Puno;;;;Programas presupuestales;;3000704 COMUNIDADES CON POBLACIONES VICTIMAS DE VIOLENCIA POLITICA ATENDIDAS;5005199;Actividad;INTERVENCIONES COMUNITARIAS PARA LA RECUPERACION EMOCIONAL DE POBLACIONES VICTIMAS DE VIOLENCIA POLITICA;;197311;Protección social;Localizada en Puno;Sí;;No;7789915
6;ANEXO-6-2;113;843;Gobierno regional;458;GOBIERNO REGIONAL DEL DEPARTAMENTO DE PUNO;Puno;;;;Programas presupuestales;;3000705 POBLACION EN RIESGO QUE ACCEDEN A PROGRAMAS DE PREVENCION EN SALUD MENTAL;5005200;Actividad;PREVENCION FAMILIAR DE CONDUCTAS DE RIESGO EN ADOLESCENTES FAMILIAS FUERTES: AMOR Y LIMITES;;48373;Salud;Localizada en Puno;Sí;;No;7789915
6;ANEXO-6-2;113;843;Gobierno regional;458;GOBIERNO REGIONAL DEL DEPARTAMENTO DE PUNO;Puno;;;;Programas presupuestales;;3000705 POBLACION EN RIESGO QUE ACCEDEN A PROGRAMAS DE PREVENCION EN SALUD MENTAL;5005201;Actividad;SESIONES DE ENTRENAMIENTO EN HABILIDADES SOCIALES PARA ADOLESCENTES, JOVENES Y ADULTOS;;136178;Salud;Localizada en Puno;Sí;;No;7789915
6;ANEXO-6-2;113;843;Gobierno regional;458;GOBIERNO REGIONAL DEL DEPARTAMENTO DE PUNO;Puno;;;;Programas presupuestales;;3000705 POBLACION EN RIESGO QUE ACCEDEN A PROGRAMAS DE PREVENCION EN SALUD MENTAL;5005202;Actividad;SESIONES DE ENTRENAMIENTO EN HABILIDADES SOCIALES PARA NIÑAS, NIÑOS;;6902;Salud;Localizada en Puno;Sí;;No;7789915
6;ANEXO-6-2;114;44;Gobierno regional;458;GOBIERNO REGIONAL DEL DEPARTAMENTO DE PUNO;Puno;;;;Programas presupuestales;;3000706 FAMILIAS CON CONOCIMIENTOS DE PRACTICAS SALUDABLES PARA PREVENIR LOS TRASTORNOS MENTALES Y PROBLEMAS PSICOSOCIALES;5006070;Actividad;PROMOCION DE CONVIVENCIA SALUDABLE EN FAMILIAS CON GESTANTES O NIÑOS MENORES DE 5 AÑOS;;266055;Salud;Localizada en Puno;Sí;;No;7789915
6;ANEXO-6-2;114;44;Gobierno regional;458;GOBIERNO REGIONAL DEL DEPARTAMENTO DE PUNO;Puno;;;;Programas presupuestales;;3000706 FAMILIAS CON CONOCIMIENTOS DE PRACTICAS SALUDABLES PARA PREVENIR LOS TRASTORNOS MENTALES Y PROBLEMAS PSICOSOCIALES;5006071;Actividad;CAPACITACION A ACTORES SOCIALES QUE PROMUEVEN LA CONVIVENCIA SALUDABLE;;293887;Salud;Localizada en Puno;Sí;;No;7789915
6;ANEXO-6-2;114;44;Gobierno regional;458;GOBIERNO REGIONAL DEL DEPARTAMENTO DE PUNO;Puno;;;;Programas presupuestales;;3000734 CAPACIDAD INSTALADA PARA LA PREPARACION Y RESPUESTA FRENTE A EMERGENCIAS Y DESASTRES;5005560;Actividad;DESARROLLO DE SIMULACROS EN GESTION REACTIVA;;148577;Gestión del riesgo de desastres;Localizada en Puno;Sí;;No;7789915
6;ANEXO-6-2;114;44;Gobierno regional;458;GOBIERNO REGIONAL DEL DEPARTAMENTO DE PUNO;Puno;;;;Programas presupuestales;;3000734 CAPACIDAD INSTALADA PARA LA PREPARACION Y RESPUESTA FRENTE A EMERGENCIAS Y DESASTRES;5005561;Actividad;IMPLEMENTACION DE BRIGADAS PARA LA ATENCION FRENTE A EMERGENCIAS Y DESASTRES;;265259;Sin clasificar;Localizada en Puno;Sí;;No;7789915
6;ANEXO-6-2;114;44;Gobierno regional;458;GOBIERNO REGIONAL DEL DEPARTAMENTO DE PUNO;Puno;;;;Programas presupuestales;;3000734 CAPACIDAD INSTALADA PARA LA PREPARACION Y RESPUESTA FRENTE A EMERGENCIAS Y DESASTRES;5005610;Actividad;ADMINISTRACION Y ALMACENAMIENTO DE INFRAESTRUCTURA MOVIL PARA LA ASISTENCIA FRENTE A EMERGENCIAS Y DESASTRES;;379835;Gestión del riesgo de desastres;Localizada en Puno;Sí;;No;7789915
6;ANEXO-6-2;114;44;Gobierno regional;458;GOBIERNO REGIONAL DEL DEPARTAMENTO DE PUNO;Puno;;;;Programas presupuestales;;3000734 CAPACIDAD INSTALADA PARA LA PREPARACION Y RESPUESTA FRENTE A EMERGENCIAS Y DESASTRES;5005611;Actividad;ADMINISTRACION Y ALMACENAMIENTO DE KITS PARA LA ASISTENCIA FRENTE A EMERGENCIAS Y DESASTRES;;2010639;Gestión del riesgo de desastres;Localizada en Puno;Sí;;No;7789915
6;ANEXO-6-2;114;44;Gobierno regional;458;GOBIERNO REGIONAL DEL DEPARTAMENTO DE PUNO;Puno;;;;Programas presupuestales;;3000734 CAPACIDAD INSTALADA PARA LA PREPARACION Y RESPUESTA FRENTE A EMERGENCIAS Y DESASTRES;5005612;Actividad;DESARROLLO DE LOS CENTROS Y ESPACIOS DE MONITORED DE EMERGENCIAS Y DESASTRES;;1570370;Gestión del riesgo de desastres;Localizada en Puno;Sí;;No;7789915
6;ANEXO-6-2;114;44;Gobierno regional;458;GOBIERNO REGIONAL DEL DEPARTAMENTO DE PUNO;Puno;;;;Programas presupuestales;;3000735 DESARROLLO DE MEDIDAS DE INTERVENCION PARA LA PROTECCION FISICA FRENTE A PELIGROS;5005562;Actividad;CONTROL DE ZONAS CRITICAS Y FAJAS MARGINALES EN CAUCES DE RIDS;;426718;Gestión del riesgo de desastres;Localizada en Puno;Sí;;No;7789915
6;ANEXO-6-2;114;44;Gobierno regional;458;GOBIERNO REGIONAL DEL DEPARTAMENTO DE PUNO;Puno;;;;Programas presupuestales;;3000738 PERSONAS CON FORMACION Y CONOCIMIENTO EN GESTION DEL RIESGO DE DESASTRES Y ADAPTACION AL CAMBIO CLIMATICO;5005579;Actividad;ACCESO A LA INFORMACION Y OPERATIVIDAD DEL SISTEMA DE INFORMACION EN GESTION DEL RIESGO DE DESASTRES;;6861;Gestión del riesgo de desastres;Localizada en Puno;Sí;;No;7789915
6;ANEXO-6-2;114;44;Gobierno regional;458;GOBIERNO REGIONAL DEL DEPARTAMENTO DE PUNO;Puno;;;;Programas presupuestales;;3000738 PERSONAS CON FORMACION Y CONOCIMIENTO EN GESTION DEL RIESGO DE DESASTRES Y ADAPTACION AL CAMBIO CLIMATICO;5005580;Actividad;FORMACION Y CAPACITACION EN MATERIA DE GESTION DE RIESGO DE DESASTRES Y ADAPTACION AL CAMBIO CLIMATICO;;1038500;Gestión del riesgo de desastres;Localizada en Puno;Sí;;No;7789915
6;ANEXO-6-2;114;44;Gobierno regional;458;GOBIERNO REGIONAL DEL DEPARTAMENTO DE PUNO;Puno;;;;Programas presupuestales;;3000739 POBLACION CON PRACTICAS SEGURAS PARA LA RESILIENCIA;5005581;Actividad;DESARROLLO DE CAMPAÑAS COMUNICACIONALES PARA LA GESTION DEL RIESGO DE DESASTRES;;47000;Gestión del riesgo de desastres;Localizada en Puno;Sí;;No;7789915
6;ANEXO-6-2;114;44;Gobierno regional;458;GOBIERNO REGIONAL DEL DEPARTAMENTO DE PUNO;Puno;;;;Programas presupuestales;;3000739 POBLACION CON PRACTICAS SEGURAS PARA LA RESILIENCIA;5005583;Actividad;ORGANIZACION Y ENTRENAMIENTO DE COMUNIDADES EN HABILIDADES FRENTE AL RIESGO DE DESASTRES;;91206;Gestión del riesgo de desastres;Localizada en Puno;Sí;;No;7789915
6;ANEXO-6-2;114;44;Gobierno regional;458;GOBIERNO REGIONAL DEL DEPARTAMENTO DE PUNO;Puno;;;;Programas presupuestales;;3000740 SERVICIOS PUBLICOS SEGUROS ANTE EMERGENCIAS Y DESASTRES;5005570;Actividad;DESARROLLO DE ESTUDIOS DE VULNERABILIDAD Y RIESGO EN SERVICIOS PUBLICOS;;141850;Gestión del riesgo de desastres;Localizada en Puno;Sí;;No;7789915
6;ANEXO-6-2;114;44;Gobierno regional;458;GOBIERNO REGIONAL DEL DEPARTAMENTO DE PUNO;Puno;;;;Programas presupuestales;;3000740 SERVICIOS PUBLICOS SEGUROS ANTE EMERGENCIAS Y DESASTRES;5005585;Actividad;SEGURIDAD FISICO FUNCIONAL DE SERVICIOS PUBLICOS;;729743;Gestión del riesgo de desastres;Localizada en Puno;Sí;;No;7789915
6;ANEXO-6-2;114;44;Gobierno regional;458;GOBIERNO REGIONAL DEL DEPARTAMENTO DE PUNO;Puno;;;;Programas presupuestales;;3000787 UNIDAD DE PRODUCCION ACUICOLA ACCEDE A SERVICIOS PARA INNOVAR Y DESARROLLAR LA ACTIVIDAD ACUICOLA;5002859;Actividad;DESARROLLO TECNOLOGICO;;36836;Sin clasificar;Localizada en Puno;Sí;;No;7789915
6;ANEXO-6-2;114;44;Gobierno regional;458;GOBIERNO REGIONAL DEL DEPARTAMENTO DE PUNO;Puno;;;;Programas presupuestales;;3000789 INSTITUCIONES EDUCATIVAS EMPLEAN MATERIAL EDUCATIVO, EQUIPAMIENTO Y MOBILIARIO;5003164;Actividad;DOTACION DE MATERIALES Y EQUIPOS EDUCATIVOS PARA ESTUDIANTES DE INSTITUCIONES EDUCATIVAS INCLUSIVAS;;3039;Educación;Localizada en Puno;Sí;;No;7789915
6;ANEXO-6-2;114;44;Gobierno regional;458;GOBIERNO REGIONAL DEL DEPARTAMENTO DE PUNO;Puno;;;;Programas presupuestales;;3000789 INSTITUCIONES EDUCATIVAS EMPLEAN MATERIAL EDUCATIVO, EQUIPAMIENTO Y MOBILIARIO;5003166;Actividad;DOTACION DE MATERIALES Y EQUIPOS EDUCATIVOS PARA CENTROS DE EDUCACION BASICA ESPECIAL Y CENTROS DE RECURSOS;;35332;Educación;Localizada en Puno;Sí;;No;7789915
6;ANEXO-6-2;114;44;Gobierno regional;458;GOBIERNO REGIONAL DEL DEPARTAMENTO DE PUNO;Puno;;;;Programas presupuestales;;3000789 INSTITUCIONES EDUCATIVAS EMPLEAN MATERIAL EDUCATIVO, EQUIPAMIENTO Y MOBILIARIO;5003169;Actividad;DOTACION DE MATERIALES Y EQUIPOS EDUCATIVOS PARA PROGRAMAS DE INTERVENCION TEMPRANA;;10476;Educación;Localizada en Puno;Sí;;No;7789915
6;ANEXO-6-2;114;44;Gobierno regional;458;GOBIERNO REGIONAL DEL DEPARTAMENTO DE PUNO;Puno;;;;Programas presupuestales;;3000790 PERSONAL CONTRATADO OPORTUNAMENTE;5004308;Actividad;CONTRATACION OPORTUNA Y PAGO DE PERSONAL PARA ATENCION DE PROGRAMAS DE INTERVENCION TEMPRANA;;1602225;Salud;Localizada en Puno;Sí;;No;7789915
6;ANEXO-6-2;114;44;Gobierno regional;458;GOBIERNO REGIONAL DEL DEPARTAMENTO DE PUNO;Puno;;;;Programas presupuestales;;3000790 PERSONAL CONTRATADO OPORTUNAMENTE;5005877;Actividad;CONTRATACION OPORTUNA Y PAGO DE PERSONAL EN INSTITUCIONES EDUCATIVAS INCLUSIVAS, CENTROS DE EDUCACION BASICA ESPECIAL Y CENTROS DE RECURSOS;;6801483;Educación;Localizada en Puno;Sí;;No;7789915
6;ANEXO-6-2;114;44;Gobierno regional;458;GOBIERNO REGIONAL DEL DEPARTAMENTO DE PUNO;Puno;;;;Programas presupuestales;;3000792 LOCALES CON CONDICIONES FISICAS ADECUADAS;5003165;Actividad;MANTENIMIENTO Y ACONDICIONAMIENTO DE ESPACIOS EN LOCALES DE LOS CENTROS DE EDUCACION BASICA ESPECIAL Y CENTROS DE RECURSOS;;67123;Educación;Localizada en Puno;Sí;;No;7789915
6;ANEXO-6-2;114;44;Gobierno regional;458;GOBIERNO REGIONAL DEL DEPARTAMENTO DE PUNO;Puno;;;;Programas presupuestales;;3000792 LOCALES CON CONDICIONES FISICAS ADECUADAS;5003168;Actividad;MANTENIMIENTO Y ACONDICIONAMIENTO DE ESPACIOS EN PROGRAMAS DE INTERVENCION TEMPRANA;;16095;Salud;Localizada en Puno;Sí;;No;7789915
6;ANEXO-6-2;115;845;Gobierno regional;458;GOBIERNO REGIONAL DEL DEPARTAMENTO DE PUNO;Puno;;;;Programas presupuestales;;3000799 ATENCION PREHOSPITALARIA MOVIL DE LA EMERGENCIA Y URGENCIA INDIVIDUAL Y MASIVA;5006277;Actividad;ATENCION PREHOSPITALARIA MOVIL DE LA EMERGENCIA Y URGENCIA;;4450;Salud;Localizada en Puno;Sí;;No;7789915
6;ANEXO-6-2;115;845;Gobierno regional;458;GOBIERNO REGIONAL DEL DEPARTAMENTO DE PUNO;Puno;;;;Programas presupuestales;;3000800 POBLACION CON PRACTICAS EFECTIVAS FRENTE A LAS EMERGENCIAS Y URGENCIAS INDIVIDUALES Y MASIVAS;5006278;Actividad;ENTRENAMIENTO DE LA POBLACIÓN EN ACCIONES DE PRIMERA RESPUESTA FRENTE A LAS EMERGENCIA Y URGENCIAS MEDICAS;;8940;Salud;Localizada en Puno;Sí;;No;7789915
6;ANEXO-6-2;115;845;Gobierno regional;458;GOBIERNO REGIONAL DEL DEPARTAMENTO DE PUNO;Puno;;;;Programas presupuestales;;3000801 TRANSPORTE ASISTIDO DE LA EMERGENCIA Y URGENCIA INDIVIDUAL;5006279;Actividad;SERVICIO DE TRANSPORTE ASISTIDO DE LA EMERGENCIA Y URGENCIA;;970754;Transporte;Localizada en Puno;Sí;;No;7789915
6;ANEXO-6-2;115;845;Gobierno regional;458;GOBIERNO REGIONAL DEL DEPARTAMENTO DE PUNO;Puno;;;;Programas presupuestales;;3000808 ENTIDADES SUPERVISADAS Y FISCALIZADAS EN EL CUMPLIMIENTO DE LOS COMPROMISOS Y LA LEGISLACION AMBIENTAL;5005941;Actividad;SEGUIMIENTO Y VERIFICACION DEL CUMPLIMIENTO DE LAS OBLIGACIONES AMBIENTALES;;39417;Ambiente;Localizada en Puno;Sí;;No;7789915
6;ANEXO-6-2;115;845;Gobierno regional;458;GOBIERNO REGIONAL DEL DEPARTAMENTO DE PUNO;Puno;;;;Programas presupuestales;;3000811 TAMIZAJE Y DIAGNOSTICO DE RECIEN NACIDO CON RETINOPATIA DE LA PREMATURIDAD (ROP);5005991;Actividad;EXAMENES DE TAMIZAJE Y DIAGNOSTICO EN RECIEN NACIDO CON FACTORES DE RIESGO PARA RETINOPATIA DE LA PREMATURIDAD CROP);;125829;Salud;Localizada en Puno;Sí;;No;7789915
6;ANEXO-6-2;115;845;Gobierno regional;458;GOBIERNO REGIONAL DEL DEPARTAMENTO DE PUNO;Puno;;;;Programas presupuestales;;3000813 TAMIZAJE Y DIAGNOSTICO DE PERSONAS CON GLAUCOMA;5005993;Actividad;EVALUACION DE TAMIZAJE Y DIAGNOSTICO DE PERSONAS CON GLAUCOMA;;160850;Salud;Localizada en Puno;Sí;;No;7789915
6;ANEXO-6-2;115;845;Gobierno regional;458;GOBIERNO REGIONAL DEL DEPARTAMENTO DE PUNO;Puno;;;;Programas presupuestales;;3000814 TRATAMIENTO Y CONTROL DE PERSONAS CON GLAUCOMA;5005994;Actividad;BRINDAR TRATAMIENTO A PERSONAS CON DIAGNOSTICO DE GLAUCOMA;;309879;Salud;Localizada en Puno;Sí;;No;7789915
6;ANEXO-6-2;115;845;Gobierno regional;458;GOBIERNO REGIONAL DEL DEPARTAMENTO DE PUNO;Puno;;;;Programas presupuestales;;3000815 PERSONA CON CONSEJERIA PARA LA PREVENCION Y CONTROL DEL CANCER;5006000;Actividad;CONSEJERIA PREVENTIVA EN FACTORES DE RIESGO PARA EL CANCER;;1251411;Salud;Localizada en Puno;Sí;;No;7789915
6;ANEXO-6-2;115;845;Gobierno regional;458;GOBIERNO REGIONAL DEL DEPARTAMENTO DE PUNO;Puno;;;;Programas presupuestales;;3000815 PERSONA CON CONSEJERIA PARA LA PREVENCION Y CONTROL DEL CANCER;5006001;Actividad;CONSEJERIA PARA PACIENTES DIAGNOSTICADOS CON CANCER;;203929;Salud;Localizada en Puno;Sí;;No;7789915
6;ANEXO-6-2;115;845;Gobierno regional;458;GOBIERNO REGIONAL DEL DEPARTAMENTO DE PUNO;Puno;;;;Programas presupuestales;;3000816 MUJER TAMIZADA EN CANCER DE MAMA;5006005;Actividad;TAMIZAJE EN MUJER CON EXAMEN CLINICO DE MAMA PARA DETECCION DE CANCER DE MAMA;;767381;Salud;Localizada en Puno;Sí;;No;7789915
6;ANEXO-6-2;115;845;Gobierno regional;458;GOBIERNO REGIONAL DEL DEPARTAMENTO DE PUNO;Puno;;;;Programas presupuestales;;3000816 MUJER TAMIZADA EN CANCER DE MAMA;5006006;Actividad;TAMIZAJE EN MUJER CON MAMOGRAFIA BILATERAL PARA DETECCION DE CANCER DE MAMA;;306566;Salud;Localizada en Puno;Sí;;No;7789915
6;ANEXO-6-2;115;845;Gobierno regional;458;GOBIERNO REGIONAL DEL DEPARTAMENTO DE PUNO;Puno;;;;Programas presupuestales;;3000817 PERSONA TAMIZADA PARA DETECCION DE OTROS CANCERES PREVALENTES;5006007;Actividad;TAMIZAJE PARA DETECCION DE CANCER DE COLON Y RECTO;;912807;Salud;Localizada en Puno;Sí;;No;7789915
6;ANEXO-6-2;115;845;Gobierno regional;458;GOBIERNO REGIONAL DEL DEPARTAMENTO DE PUNO;Puno;;;;Programas presupuestales;;3000817 PERSONA TAMIZADA PARA DETECCION DE OTROS CANCERES PREVALENTES;5006008;Actividad;TAMIZAJE PARA DETECCION DE CANCER DE PROSTATA;;285026;Salud;Localizada en Puno;Sí;;No;7789915
6;ANEXO-6-2;115;845;Gobierno regional;458;GOBIERNO REGIONAL DEL DEPARTAMENTO DE PUNO;Puno;;;;Programas presupuestales;;3000817 PERSONA TAMIZADA PARA DETECCION DE OTROS CANCERES PREVALENTES;5006009;Actividad;TAMIZAJE PARA DETECCION DE CANCER DE PIEL;;354730;Salud;Localizada en Puno;Sí;;No;7789915
6;ANEXO-6-2;115;845;Gobierno regional;458;GOBIERNO REGIONAL DEL DEPARTAMENTO DE PUNO;Puno;;;;Programas presupuestales;;3000818 PERSONA ATENDIDA CON LESIONES PREMALIGNAS DE CUELLO UTERINO;5006010;Actividad;ATENCION DE LA PACIENTE CON LESIONES PREMALIGNAS DE CUELLO UTERINO CON ABLACION;;169887;Salud;Localizada en Puno;Sí;;No;7789915
6;ANEXO-6-2;115;845;Gobierno regional;458;GOBIERNO REGIONAL DEL DEPARTAMENTO DE PUNO;Puno;;;;Programas presupuestales;;3000818 PERSONA ATENDIDA CON LESIONES PREMALIGNAS DE CUELLO UTERINO;5006011;Actividad;ATENCION DE LA PACIENTE CON LESIONES PREMALIGNAS DE CUELLO UTERINO CON ESCISION;;21597;Salud;Localizada en Puno;Sí;;No;7789915
6;ANEXO-6-2;115;845;Gobierno regional;458;GOBIERNO REGIONAL DEL DEPARTAMENTO DE PUNO;Puno;;;;Programas presupuestales;;3000819 PERSONA ATENDIDA CON CUIDADOS PALIATIVOS;5006032;Actividad;ATENCION CON CUIDADOS PALIATIVOS EN EL ESTABLECIMIENTO DE SALUD;;108922;Salud;Localizada en Puno;Sí;;No;7789915
6;ANEXO-6-2;115;845;Gobierno regional;458;GOBIERNO REGIONAL DEL DEPARTAMENTO DE PUNO;Puno;;;;Programas presupuestales;;3000819 PERSONA ATENDIDA CON CUIDADOS PALIATIVOS;5006033;Actividad;ATENCION CON CUIDADOS PALIATIVOS EN EL DOMICILIO;;81573;Salud;Localizada en Puno;Sí;;No;7789915
6;ANEXO-6-2;115;845;Gobierno regional;458;GOBIERNO REGIONAL DEL DEPARTAMENTO DE PUNO;Puno;;;;Programas presupuestales;;3000825 PRODUCTORES AGROPECUARIOS MEJORAN SUS CAPACIDADES COMERCIALES GESTIONANDO EMPRESARIALMENTE HACIA EL MERCADO;5006066;Actividad;TITULACION DE LA PROPIEDAD AGRARIA, COMUNIDADES CAMPESINAS Y COMUNIDADES NATIVAS;;820574;Agropecuario y riego;Localizada en Puno;Sí;;No;7789915
6;ANEXO-6-2;115;845;Gobierno regional;458;GOBIERNO REGIONAL DEL DEPARTAMENTO DE PUNO;Puno;;;;Programas presupuestales;;3000825 PRODUCTORES AGROPECUARIOS MEJORAN SUS CAPACIDADES COMERCIALES GESTIONANDO EMPRESARIALMENTE HACIA EL MERCADO;5006067;Actividad;FORMACION DE ORGANIZACIONES DE PRODUCTORES CON FINES COMERCIALES;;11000;Agropecuario y riego;Localizada en Puno;Sí;;No;7789915
6;ANEXO-6-2;116;846;Gobierno regional;458;GOBIERNO REGIONAL DEL DEPARTAMENTO DE PUNO;Puno;;;;Programas presupuestales;;3000825 PRODUCTORES AGROPECUARIOS MEJORAN SUS CAPACIDADES COMERCIALES GESTIONANDO EMPRESARIALMENTE HACIA EL MERCADO;5006068;Actividad;ASISTENCIA TECNICA A PRODUCTORES AGROPECUARIOS CON FINES COMERCIALES;;26114;Agropecuario y riego;Localizada en Puno;Sí;;No;7789915
6;ANEXO-6-2;116;846;Gobierno regional;458;GOBIERNO REGIONAL DEL DEPARTAMENTO DE PUNO;Puno;;;;Programas presupuestales;;3000836 ADECUADAS CONDICIONES DE OPERACION DE LAS INSTITUCIONES DE LA EDUCACION SUPERIOR TECNOLOGICA;5006100;Actividad;PROVISION DE SERVICIOS BASICOS, SEGURIDAD Y LIMPIEZA;;810397;Educación;Localizada en Puno;Sí;;No;7789915
6;ANEXO-6-2;116;846;Gobierno regional;458;GOBIERNO REGIONAL DEL DEPARTAMENTO DE PUNO;Puno;;;;Programas presupuestales;;3000836 ADECUADAS CONDICIONES DE OPERACION DE LAS INSTITUCIONES DE LA EDUCACION SUPERIOR TECNOLOGICA;5006101;Actividad;DOTACION DE RECURSOS EDUCATIVOS;;456000;Educación;Localizada en Puno;Sí;;No;7789915
6;ANEXO-6-2;116;846;Gobierno regional;458;GOBIERNO REGIONAL DEL DEPARTAMENTO DE PUNO;Puno;;;;Programas presupuestales;;3000836 ADECUADAS CONDICIONES DE OPERACION DE LAS INSTITUCIONES DE LA EDUCACION SUPERIOR TECNOLOGICA;5006102;Actividad;MANTENIMIENTO DE INFRAESTRUCTURA, EQUIPAMIENTO Y MOBILIARIO;;224740;Educación;Localizada en Puno;Sí;;No;7789915
6;ANEXO-6-2;116;846;Gobierno regional;458;GOBIERNO REGIONAL DEL DEPARTAMENTO DE PUNO;Puno;;;;Programas presupuestales;;3000852 POBLACION ESTUDIANTIL DESARROLLA HABILIDADES PSICOSOCIALES PARA LA PREVENCION DEL CONSUMO DE DROGAS;5006171;Actividad;FORTALECIMIENTO DE HABILIDADES PSICOSOCIALES EN ESCOLARES;;353306;Salud;Localizada en Puno;Sí;;No;7789915
6;ANEXO-6-2;116;846;Gobierno regional;458;GOBIERNO REGIONAL DEL DEPARTAMENTO DE PUNO;Puno;;;;Programas presupuestales;;3000854 POBLACION RECIBE INTERVENCIONES TERAPEUTICAS PARA DISMINUIR EL RIESGO Y AFECTACION POR EL CONSUMO DE DROGAS;5006176;Actividad;SERVICIO DE ORIENTACION, CONSEJERIA E INTERVENCION BREVE;;306110;Orden público y seguridad;Localizada en Puno;Sí;;No;7789915
6;ANEXO-6-2;116;846;Gobierno regional;458;GOBIERNO REGIONAL DEL DEPARTAMENTO DE PUNO;Puno;;;;Programas presupuestales;;3000865 DETECCION - DIAGNOSTICO - TRATAMIENTO Y CONTROL DE PERSONAS CON RETINOPATIA DIABETICA;5006230;Actividad;EVALUACION PARA DETECCION Y DIAGNOSTICO DE PERSONAS CON DIABETES MELLITUS CON RIESGO DE RETINOPATIA DIABETICA;;10753;Salud;Localizada en Puno;Sí;;No;7789915
6;ANEXO-6-2;116;846;Gobierno regional;458;GOBIERNO REGIONAL DEL DEPARTAMENTO DE PUNO;Puno;;;;Programas presupuestales;;3000865 DETECCION - DIAGNOSTICO - TRATAMIENTO Y CONTROL DE PERSONAS CON RETINOPATIA DIABETICA;5006231;Actividad;BRINDAR TRATAMIENTO A PERSONAS CON DIAGNOSTICO DE RETINOPATIA DIABETICA;;322386;Salud;Localizada en Puno;Sí;;No;7789915
6;ANEXO-6-2;116;846;Gobierno regional;458;GOBIERNO REGIONAL DEL DEPARTAMENTO DE PUNO;Puno;;;;Programas presupuestales;;3000866 DETECCION - DIAGNOSTICO - TRATAMIENTO Y CONTROL DE PERSONAS CON ENFERMEDADES EXTERNAS DEL OJO;5006232;Actividad;EVALUACION PARA DETECCION Y DIAGNOSTICO DE PERSONAS CON ENFERMEDADES EXTERNAS DEL OJO;;20895;Salud;Localizada en Puno;Sí;;No;7789915
6;ANEXO-6-2;116;846;Gobierno regional;458;GOBIERNO REGIONAL DEL DEPARTAMENTO DE PUNO;Puno;;;;Programas presupuestales;;3000866 DETECCION - DIAGNOSTICO - TRATAMIENTO Y CONTROL DE PERSONAS CON ENFERMEDADES EXTERNAS DEL OJO;5006233;Actividad;BRINDAR TRATAMIENTO A PERSONAS CON DIAGNOSTICO DE ENFERMEDADES EXTERNAS DEL OJO;;5298;Salud;Localizada en Puno;Sí;;No;7789915
6;ANEXO-6-2;116;846;Gobierno regional;458;GOBIERNO REGIONAL DEL DEPARTAMENTO DE PUNO;Puno;;;;Programas presupuestales;;3000868 MODELOS DE SERVICIOS EDUCATIVOS VALIDADOS;5006242;Actividad;IMPLEMENTACION DE PILOTO DE MODELO DE SERVICIO EDUCATIVO;;93686;Educación;Localizada en Puno;Sí;;No;7789915
6;ANEXO-6-2;116;846;Gobierno regional;458;GOBIERNO REGIONAL DEL DEPARTAMENTO DE PUNO;Puno;;;;Programas presupuestales;;3000876 ATENCION ENFERMEDADES DIARREICAS AGUDAS E INFECCIONES RESPIRATORIAS AGUDAS;5000027;Actividad;ATENDER A NIÑOS CON INFECCIONES RESPIRATORIAS AGUDAS;;6109685;Salud;Localizada en Puno;Sí;;No;7789915
6;ANEXO-6-2;116;846;Gobierno regional;458;GOBIERNO REGIONAL DEL DEPARTAMENTO DE PUNO;Puno;;;;Programas presupuestales;;3000876 ATENCION ENFERMEDADES DIARREICAS AGUDAS E INFECCIONES RESPIRATORIAS AGUDAS;5000028;Actividad;ATENDER A NIÑOS CON ENFERMEDADES DIARREICAS AGUDAS;;24001656;Salud;Localizada en Puno;Sí;;No;7789915
6;ANEXO-6-2;116;846;Gobierno regional;458;GOBIERNO REGIONAL DEL DEPARTAMENTO DE PUNO;Puno;;;;Programas presupuestales;;3000877 ATENCION ENFERMEDADES DIARREICAS AGUDAS E INFECCIONES RESPIRATORIAS AGUDAS CON COMPLICACIONES;5000029;Actividad;ATENDER A NIÑOS CON DIAGNOSTICO DE INFECCIONES RESPIRATORIAS AGUDAS CON COMPLICACIONES;;2739082;Salud;Localizada en Puno;Sí;;No;7789915
6;ANEXO-6-2;116;846;Gobierno regional;458;GOBIERNO REGIONAL DEL DEPARTAMENTO DE PUNO;Puno;;;;Programas presupuestales;;3000877 ATENCION ENFERMEDADES DIARREICAS AGUDAS E INFECCIONES RESPIRATORIAS AGUDAS CON COMPLICACIONES;5000030;Actividad;ATENDER A NIÑOS CON DIAGNOSTICO DE ENFERMEDAD DIARREICA AGUDA COMPLICADA;;9556785;Salud;Localizada en Puno;Sí;;No;7789915
6;ANEXO-6-2;116;846;Gobierno regional;458;GOBIERNO REGIONAL DEL DEPARTAMENTO DE PUNO;Puno;;;;Programas presupuestales;;3000878 NIÑOS Y NIÑAS CON ATENCION DE LA ANEMIA POR DEFICIENCIA DE HIERRO;5006270;Actividad;BRINDAR ATENCION A NIÑOS CON DIAGNOSTICO DE ANEMIA POR DEFICIENCIA DE HIERRO;;2421598;Salud;Localizada en Puno;Sí;;No;7789915
6;ANEXO-6-2;116;846;Gobierno regional;458;GOBIERNO REGIONAL DEL DEPARTAMENTO DE PUNO;Puno;;;;Programas presupuestales;;3000879 ADOLESCENTES CON ATENCIÓN PREVENTIVA DE ANEMIA Y OTRAS DEFICIENCIAS NUTRICIONALES;5006271;Actividad;ADMINISTRAR SUPLEMENTO DE HIERRO Y ACIDO FOLICO A ADOLESCENTES;;1849105;Salud;Localizada en Puno;Sí;;No;7789915
6;ANEXO-6-2;116;846;Gobierno regional;458;GOBIERNO REGIONAL DEL DEPARTAMENTO DE PUNO;Puno;;;;Programas presupuestales;;3000880 POBLACION CON DIAGNOSTICO DE HEPATITIS QUE ACUDE A LOS SERVICIOS DE SALUD RECIBE ATENCION INTEGRAL;5005158;Actividad;BRINDAR ATENCION INTEGRAL A PERSONAS CON DIAGNOSTICO DE HEPATITIS B;;23416;Salud;Localizada en Puno;Sí;;No;7789915
6;ANEXO-6-2;116;846;Gobierno regional;458;GOBIERNO REGIONAL DEL DEPARTAMENTO DE PUNO;Puno;;;;Programas presupuestales;;3000880 POBLACION CON DIAGNOSTICO DE HEPATITIS QUE ACUDE A LOS SERVICIOS DE SALUD RECIBE ATENCION INTEGRAL;5006274;Actividad;BRINDAR ATENCION INTEGRAL A PERSONAS CON DIAGNOSTICO DE HEPATITIS C;;500;Salud;Localizada en Puno;Sí;;No;7789915
6;ANEXO-6-2;116;846;Gobierno regional;458;GOBIERNO REGIONAL DEL DEPARTAMENTO DE PUNO;Puno;;;;Programas presupuestales;;3000881 PERSONAS CON TRASTORNOS MENTALES Y DEL COMPORTAMIENTO DEBIDO AL CONSUMO DEL ALCOHOL Y TABACO TRATADA OPORTUNAMENTE;5005193;Actividad;TRATAMIENTO CON INTERNAMIENTO DE PACIENTES CON TRASTORNO DEL COMPORTAMIENTO DEBIDO AL CONSUMO DE ALCOHOL;;6589;Salud;Localizada en Puno;Sí;;No;7789915
6;ANEXO-6-2;117;847;Gobierno regional;458;GOBIERNO REGIONAL DEL DEPARTAMENTO DE PUNO;Puno;;;;Programas presupuestales;;3000881 PERSONAS CON TRASTORNOS MENTALES Y DEL COMPORTAMIENTO DEBIDO AL CONSUMO DEL ALCOHOL Y TABACO TRATADA OPORTUNAMENTE;5005194;Actividad;REHABILITACION PSICOSOCIAL DE PERSONAS CON TRASTORNOS DEL COMPORTAMIENTO DEBIDO AL CONSUMO DE ALCOHOL;;242942;Salud;Localizada en Puno;Sí;;No;7789915
6;ANEXO-6-2;117;847;Gobierno regional;458;GOBIERNO REGIONAL DEL DEPARTAMENTO DE PUNO;Puno;;;;Programas presupuestales;;3000881 PERSONAS CON TRASTORNOS MENTALES Y DEL COMPORTAMIENTO DEBIDO AL CONSUMO DEL ALCOHOL Y TABACO TRATADA OPORTUNAMENTE;5006282;Actividad;TRATAMIENTO AMBULATORIO DE PERSONAS CON TRASTORNO DEL COMPORTAMIENTO DEBIDO AL CONSUMO DE ALCOHOL Y TABACO;;1000100;Salud;Localizada en Puno;Sí;;No;7789915
6;ANEXO-6-2;117;847;Gobierno regional;458;GOBIERNO REGIONAL DEL DEPARTAMENTO DE PUNO;Puno;;;;Programas presupuestales;;3000882 HOGARES RURALES CONCENTRADOS CON SERVICIOS DE AGUA POTABLE Y DISPOSICION SANITARIA DE EXCRETAS DE CALIDAD Y SOSTENIBLES;5006299;Actividad;POTABILIZACION Y OTRAS FORMAS DE DESINFECCION Y TRATAMIENTO;;489242;Saneamiento;Localizada en Puno;Sí;;No;7789915
6;ANEXO-6-2;117;847;Gobierno regional;458;GOBIERNO REGIONAL DEL DEPARTAMENTO DE PUNO;Puno;;;;Programas presupuestales;;3000882 HOGARES RURALES CONCENTRADOS CON SERVICIOS DE AGUA POTABLE Y DISPOSICION SANITARIA DE EXCRETAS DE CALIDAD Y SOSTENIBLES;5006302;Actividad;FORTALECIMIENTO DE CAPACIDADES A PRESTADORES, GL - ATM y GR - D/GRVCS;;184500;Saneamiento;Localizada en Puno;Sí;;No;7789915
6;ANEXO-6-2;117;847;Gobierno regional;458;GOBIERNO REGIONAL DEL DEPARTAMENTO DE PUNO;Puno;;;;Programas presupuestales;;3000889 NIÑAS, NIÑOS Y ADOLESCENTES EN DESPROTECCION FAMILIAR EN CENTROS DE ACOGIDA RESIDENCIAL RECIBEN SERVICIOS DE PROTECCION;5006337;Actividad;ATENCION, CUIDADO Y PROTECCION A NIÑAS, NIÑOS Y ADOLESCENTES EN DESPROTECCION FAMILIAR A TRAVES DE CENTROS DE ACOGIDA RESIDENCIAL BASICO;;1772806;Protección social;Localizada en Puno;Sí;;No;7789915
6;ANEXO-6-2;117;847;Gobierno regional;458;GOBIERNO REGIONAL DEL DEPARTAMENTO DE PUNO;Puno;;;;Programas presupuestales;;3000892 NIÑOS Y NIÑAS ENTRE 6 HASTA 36 MESES QUE REQUIEREN DE CUIDADO EXTRA FAMILIAR POR AUSENCIA DE UN ADULTO COMPETENTE PARA SU ATENCION EN EL AMBITO DEL HOGAR RECIBEN SERVICIOS DE CUIDADO Y ATENCION INTEGRAL;5004345;Actividad;ATENCION INTEGRAL DURANTE EL CUIDADO DIURNO;;5880255;Salud;Localizada en Puno;Sí;;No;7789915
6;ANEXO-6-2;117;847;Gobierno regional;458;GOBIERNO REGIONAL DEL DEPARTAMENTO DE PUNO;Puno;;;;Programas presupuestales;;3000901 MUJERES CON SERVICIOS DE DETECCION, REFERENCIACION Y ATENCION INMEDIATA EN CASOS DE VIOLENCIA;5006346;Actividad;CAPACITACION Y ADOPCION DE PRACTICAS (REGISTRO EN LA HISTORIA CLINICA Y REFERENCIA) EN LA ATENCION PRIMARIA DE SALUD, PARA IDENTIFICAR Y REFERIR A VICTIMAS DE VIOLENCIA;;153760;Salud;Localizada en Puno;Sí;;No;7789915
6;ANEXO-6-2;117;847;Gobierno regional;458;GOBIERNO REGIONAL DEL DEPARTAMENTO DE PUNO;Puno;;;;Programas presupuestales;;3000901 MUJERES CON SERVICIOS DE DETECCION, REFERENCIACION Y ATENCION INMEDIATA EN CASOS DE VIOLENCIA;5006347;Actividad;PROMOCION DE DECISIONES SEGURAS Y BUSQUEDA DE AYUDA (EMPODERAMIENTO PARA MEJORAR INDEPENDENCIA EN MUJERES BAJO VIOLENCIA) EN ESTABLECIMIENTO Y SERVICIOS PARA VICTIMAS DE VIOLENCIA;;612001;Protección social;Localizada en Puno;Sí;;No;7789915
6;ANEXO-6-2;117;847;Gobierno regional;458;GOBIERNO REGIONAL DEL DEPARTAMENTO DE PUNO;Puno;;;;Programas presupuestales;;3000909 NIÑAS, NIÑOS Y ADOLESCENTES VICTIMAS DIRECTAS E INDIRECTAS DE MALTRATO INFANTIL Y VIOLENCIA SEXUAL CON PROBLEMAS DE CONDUCTA SEXUAL, RECIBEN TRATAMIENTO COGNITIVO-CONDUCTUALES ADECUADOS;5006375;Actividad;TRATAMIENTO COGNITIVO-CONDUCTUALES CENTRADOS EN EL TRAUMA PARA NIÑAS, NIÑOS Y ADOLESCENTES ABUSADOS SEXUALMENTE;;335241;Salud;Localizada en Puno;Sí;;No;7789915
6;ANEXO-6-2;117;847;Gobierno regional;458;GOBIERNO REGIONAL DEL DEPARTAMENTO DE PUNO;Puno;;;;Programas presupuestales;;3000909 NIÑAS, NIÑOS Y ADOLESCENTES VICTIMAS DIRECTAS E INDIRECTAS DE MALTRATO INFANTIL Y VIOLENCIA SEXUAL CON PROBLEMAS DE CONDUCTA SEXUAL, RECIBEN TRATAMIENTO COGNITIVO-CONDUCTUALES ADECUADOS;5006383;Actividad;TRATAMIENTOS PSICOTERAPEUTICOS CONDUCTUALES ENFOCADOS Y DIRIGIDOS A NIÑAS Y NIÑOS VICTIMAS DE MALTRATO INFANTIL;;3720;Salud;Localizada en Puno;Sí;;No;7789915
6;ANEXO-6-2;117;847;Gobierno regional;458;GOBIERNO REGIONAL DEL DEPARTAMENTO DE PUNO;Puno;;;;Programas presupuestales;;3000924 NIÑOS Y NIÑAS PROTEGIDOS CON VACUNA CONTRA EL VPH;5006417;Actividad;PROTEGER AL NIÑO Y NIÑA CON VACUNA CONTRA EL VPH;;817068;Salud;Localizada en Puno;Sí;;No;7789915
6;ANEXO-6-2;117;847;Gobierno regional;458;GOBIERNO REGIONAL DEL DEPARTAMENTO DE PUNO;Puno;;;;Programas presupuestales;;3000926 ATENCION DE EMERGENCIAS Y URGENCIAS EN EVENTOS MASIVOS;5006419;Actividad;ATENCION DE EMERGENCIAS Y URGENCIAS EN EVENTOS MASIVOS;;5485;Sin clasificar;Localizada en Puno;Sí;;No;7789915
6;ANEXO-6-2;117;847;Gobierno regional;458;GOBIERNO REGIONAL DEL DEPARTAMENTO DE PUNO;Puno;;;;Programas presupuestales;;3000927 AGUA POTABLE PARA EL CONSUMO HUMANO PARA HOGARES CONCENTRADOS;5004428;Actividad;VIGILANCIA DE LA CALIDAD DEL AGUA PARA EL CONSUMO HUMANO;;2646114;Saneamiento;Localizada en Puno;Sí;;No;7789915
6;ANEXO-6-2;117;847;Gobierno regional;458;GOBIERNO REGIONAL DEL DEPARTAMENTO DE PUNO;Puno;;;;Programas presupuestales;;3033172 ATENCION PRENATAL REENFOCADA;5000037;Actividad;BRINDAR ATENCION PRENATAL REENFOCADA;;20757772;Salud;Localizada en Puno;Sí;;No;7789915
6;ANEXO-6-2;117;847;Gobierno regional;458;GOBIERNO REGIONAL DEL DEPARTAMENTO DE PUNO;Puno;;;;Programas presupuestales;;3033251 FAMILIAS SALUDABLES CON CONOCIMIENTOS PARA EL CUIDADO INFANTIL, LACTANCIA MATERNA EXCLUSIVA Y LA ADECUADA ALIMENTACION Y PROTECCION DEL MENOR DE 36 MESES;5000014;Actividad;FAMILIAS CON NIÑO/AS MENORES DE 36 MESES DESARROLLAN PRACTICAS SALUDABLES;;4583677;Salud;Localizada en Puno;Sí;;No;7789915
6;ANEXO-6-2;117;847;Gobierno regional;458;GOBIERNO REGIONAL DEL DEPARTAMENTO DE PUNO;Puno;;;;Programas presupuestales;;3033251 FAMILIAS SALUDABLES CON CONOCIMIENTOS PARA EL CUIDADO INFANTIL, LACTANCIA MATERNA EXCLUSIVA Y LA ADECUADA ALIMENTACION Y PROTECCION DEL MENOR DE 36 MESES;5005982;Actividad;CAPACITACION A ACTORES SOCIALES QUE PROMUEVEN EL CUIDADO INFANTIL, LACTANCIA MATERNA EXCLUSIVA Y LA ADECUADA ALIMENTACION Y PROTECCION DEL MENOR DE 36 MESES;;996382;Salud;Localizada en Puno;Sí;;No;7789915
6;ANEXO-6-2;118;848;Gobierno regional;458;GOBIERNO REGIONAL DEL DEPARTAMENTO DE PUNO;Puno;;;;Programas presupuestales;;3033254 NIÑOS Y NIÑAS CON VACUNA COMPLETA;5000017;Actividad;APLICACION DE VACUNAS COMPLETAS;;23248310;Salud;Localizada en Puno;Sí;;No;7789915
6;ANEXO-6-2;118;848;Gobierno regional;458;GOBIERNO REGIONAL DEL DEPARTAMENTO DE PUNO;Puno;;;;Programas presupuestales;;3033255 NIÑOS Y NIÑAS CON CRED COMPLETO SEGUN EDAD;5000018;Actividad;ATENCION A NIÑOS CON CRECIMIENTO Y DESARROLLO - CRED COMPLETO PARA SU EDAD;;27633192;Salud;Localizada en Puno;Sí;;No;7789915
6;ANEXO-6-2;118;848;Gobierno regional;458;GOBIERNO REGIONAL DEL DEPARTAMENTO DE PUNO;Puno;;;;Programas presupuestales;;3033255 NIÑOS Y NIÑAS CON CRED COMPLETO SEGUN EDAD;5000019;Actividad;ADMINISTRAR SUPLEMENTO DE HIERRO Y VITAMINA A;;3622551;Salud;Localizada en Puno;Sí;;No;7789915
6;ANEXO-6-2;118;848;Gobierno regional;458;GOBIERNO REGIONAL DEL DEPARTAMENTO DE PUNO;Puno;;;;Programas presupuestales;;3033291 POBLACION ACCEDE A METODOS DE PLANIFICACION FAMILIAR;5000042;Actividad;MEJORAMIENTO DEL ACCESO DE LA POBLACION A METODOS DE PLANIFICACION FAMILIAR;;4413070;Salud;Localizada en Puno;Sí;;No;7789915
6;ANEXO-6-2;118;848;Gobierno regional;458;GOBIERNO REGIONAL DEL DEPARTAMENTO DE PUNO;Puno;;;;Programas presupuestales;;3033292 POBLACION ACCEDE A SERVICIOS DE CONSEJERIA EN SALUD SEXUAL Y REPRODUCTIVA;5000043;Actividad;MEJORAMIENTO DEL ACCESO DE LA POBLACION A SERVICIOS DE CONSEJERIA EN SALUD SEXUAL Y REPRODUCTIVA;;3307652;Salud;Localizada en Puno;Sí;;No;7789915
6;ANEXO-6-2;118;848;Gobierno regional;458;GOBIERNO REGIONAL DEL DEPARTAMENTO DE PUNO;Puno;;;;Programas presupuestales;;3033294 ATENCION DE LA GESTANTE CON COMPLICACIONES;5000044;Actividad;BRINDAR ATENCION A LA GESTANTE CON COMPLICACIONES;;3372321;Salud;Localizada en Puno;Sí;;No;7789915
6;ANEXO-6-2;118;848;Gobierno regional;458;GOBIERNO REGIONAL DEL DEPARTAMENTO DE PUNO;Puno;;;;Programas presupuestales;;3033295 ATENCION DEL PARTO NORMAL;5000045;Actividad;BRINDAR ATENCION DE PARTO NORMAL;;14966223;Salud;Localizada en Puno;Sí;;No;7789915
6;ANEXO-6-2;118;848;Gobierno regional;458;GOBIERNO REGIONAL DEL DEPARTAMENTO DE PUNO;Puno;;;;Programas presupuestales;;3033296 ATENCION DEL PARTO COMPLICADO NO QUIRURGICO;5000046;Actividad;BRINDAR ATENCION DEL PARTO COMPLICADO NO QUIRURGICO;;4074737;Salud;Localizada en Puno;Sí;;No;7789915
6;ANEXO-6-2;118;848;Gobierno regional;458;GOBIERNO REGIONAL DEL DEPARTAMENTO DE PUNO;Puno;;;;Programas presupuestales;;3033297 ATENCION DEL PARTO COMPLICADO QUIRURGICO;5000047;Actividad;BRINDAR ATENCION DEL PARTO COMPLICADO QUIRURGICO;;5888491;Salud;Localizada en Puno;Sí;;No;7789915
6;ANEXO-6-2;118;848;Gobierno regional;458;GOBIERNO REGIONAL DEL DEPARTAMENTO DE PUNO;Puno;;;;Programas presupuestales;;3033298 ATENCION DEL PUERPERIO;5000048;Actividad;ATENDER EL PUERPERIO;;4388044;Salud;Localizada en Puno;Sí;;No;7789915
6;ANEXO-6-2;118;848;Gobierno regional;458;GOBIERNO REGIONAL DEL DEPARTAMENTO DE PUNO;Puno;;;;Programas presupuestales;;3033299 ATENCION DEL PUERPERIO CON COMPLICACIONES;5000049;Actividad;ATENDER EL PUERPERIO CON COMPLICACIONES;;2757346;Salud;Localizada en Puno;Sí;;No;7789915
6;ANEXO-6-2;118;848;Gobierno regional;458;GOBIERNO REGIONAL DEL DEPARTAMENTO DE PUNO;Puno;;;;Programas presupuestales;;3033300 ATENCION OBSTETRICA EN UNIDAD DE CUIDADOS INTENSIVOS;5000050;Actividad;ATENDER COMPLICACIONES OBSTETRICAS EN UNIDAD DE CUIDADOS INTENSIVOS;;1123744;Salud;Localizada en Puno;Sí;;No;7789915
6;ANEXO-6-2;118;848;Gobierno regional;458;GOBIERNO REGIONAL DEL DEPARTAMENTO DE PUNO;Puno;;;;Programas presupuestales;;3033304 ACCESO AL SISTEMA DE REFERENCIA INSTITUCIONAL;5000052;Actividad;MEJORAMIENTO DEL ACCESO AL SISTEMA DE REFERENCIA INSTITUCIONAL;;3678766;Salud;Localizada en Puno;Sí;;No;7789915
6;ANEXO-6-2;118;848;Gobierno regional;458;GOBIERNO REGIONAL DEL DEPARTAMENTO DE PUNO;Puno;;;;Programas presupuestales;;3033305 ATENCION DEL RECIEN NACIDO NORMAL;5000053;Actividad;ATENDER AL RECIEN NACIDO NORMAL;;6630549;Salud;Localizada en Puno;Sí;;No;7789915
6;ANEXO-6-2;118;848;Gobierno regional;458;GOBIERNO REGIONAL DEL DEPARTAMENTO DE PUNO;Puno;;;;Programas presupuestales;;3033306 ATENCION DEL RECIEN NACIDO CON COMPLICACIONES;5000054;Actividad;ATENDER AL RECIEN NACIDO CON COMPLICACIONES;;3704027;Salud;Localizada en Puno;Sí;;No;7789915
6;ANEXO-6-2;118;848;Gobierno regional;458;GOBIERNO REGIONAL DEL DEPARTAMENTO DE PUNO;Puno;;;;Programas presupuestales;;3033307 ATENCION DEL RECIEN NACIDO CON COMPLICACIONES QUE REQUIERE UNIDAD DE CUIDADOS INTENSIVOS NEONATALES - UCIN;5000055;Actividad;ATENDER AL RECIEN NACIDO CON COMPLICACIONES QUE REQUIERE UNIDAD DE CUIDADOS INTENSIVOS NEONATALES - UCIN;;1553831;Salud;Localizada en Puno;Sí;;No;7789915
6;ANEXO-6-2;119;849;Gobierno regional;458;GOBIERNO REGIONAL DEL DEPARTAMENTO DE PUNO;Puno;;;;Programas presupuestales;;3033315 ATENCION DE OTRAS ENFERMEDADES PREVALENTES;5000031;Actividad;BRINDAR ATENCION A OTRAS ENFERMEDADES PREVALENTES;;6730117;Salud;Localizada en Puno;Sí;;No;7789915
6;ANEXO-6-2;119;849;Gobierno regional;458;GOBIERNO REGIONAL DEL DEPARTAMENTO DE PUNO;Puno;;;;Programas presupuestales;;3033412 FAMILIAS SALUDABLES INFORMADAS RESPECTO DE SU SALUD SEXUAL Y REPRODUCTIVA;5005984;Actividad;PROMOCIÓN DE PRACTICAS SALUDABLES PARA EL CUIDADO DE LA SALUD SEXUAL Y REPRODUCTIVA EN FAMILIAS;;862906;Salud;Localizada en Puno;Sí;;No;7789915
6;ANEXO-6-2;119;849;Gobierno regional;458;GOBIERNO REGIONAL DEL DEPARTAMENTO DE PUNO;Puno;;;;Programas presupuestales;;3033412 FAMILIAS SALUDABLES INFORMADAS RESPECTO DE SU SALUD SEXUAL Y REPRODUCTIVA;5005985;Actividad;CAPACITACION A ACTORES SOCIALES QUE PROMUEVEN LA SALUD SEXUAL Y REPRODUCTIVA CON ENFASIS EN MATERNIDAD SALUDABLE;;244209;Salud;Localizada en Puno;Sí;;No;7789915
6;ANEXO-6-2;119;849;Gobierno regional;458;GOBIERNO REGIONAL DEL DEPARTAMENTO DE PUNO;Puno;;;;Programas presupuestales;;3033414 ATENCION DE NIÑOS Y NIÑAS CON PARASITOSIS INTESTINAL;5000035;Actividad;ATENDER A NIÑOS Y NIÑAS CON DIAGNOSTICO DE PARASITOSIS INTESTINAL;;2090137;Salud;Localizada en Puno;Sí;;No;7789915
6;ANEXO-6-2;119;849;Gobierno regional;458;GOBIERNO REGIONAL DEL DEPARTAMENTO DE PUNO;Puno;;;;Programas presupuestales;;3043952 FAMILIA CON PRACTICAS SALUDABLES PARA LA PREVENCION DE VIH/SIDA Y TUBERCULOSIS;5000062;Actividad;PROMOVER EN LAS FAMILIAS PRACTICAS SALUDABLES PARA LA PREVENCION DE VIH/SIDA Y TUBERCULOSIS;;1132014;Salud;Localizada en Puno;Sí;;No;7789915
6;ANEXO-6-2;119;849;Gobierno regional;458;GOBIERNO REGIONAL DEL DEPARTAMENTO DE PUNO;Puno;;;;Programas presupuestales;;3043952 FAMILIA CON PRACTICAS SALUDABLES PARA LA PREVENCION DE VIH/SIDA Y TUBERCULOSIS;5005987;Actividad;CAPACITACION A ACTORES SOCIALES QUE PROMUEVEN PRACTICAS SALUDABLES PARA PREVENCION DE TUBERCULOSIS Y VIH/SIDA;;552559;Salud;Localizada en Puno;Sí;;No;7789915
6;ANEXO-6-2;119;849;Gobierno regional;458;GOBIERNO REGIONAL DEL DEPARTAMENTO DE PUNO;Puno;;;;Programas presupuestales;;3043955 HOGARES EN AREAS DE ELEVADO RIESGO DE TRANSMISION DE TBC QUE ACCEDEN A VIVIENDAS REORDENADAS;5000065;Actividad;REORDENAR VIVIENDAS EN HOGARES, UBICADOS EN AREAS DE ELEVADO RIESGO DE TRANSMISION DE TBC;;1000;Vivienda y desarrollo urbano;Localizada en Puno;Sí;;No;7789915
6;ANEXO-6-2;119;849;Gobierno regional;458;GOBIERNO REGIONAL DEL DEPARTAMENTO DE PUNO;Puno;;;;Programas presupuestales;;3043958 POBLACION INFORMADA SOBRE USO CORRECTO DE CONDON PARA PREVENCION DE INFECCIONES DE TRANSMISION SEXUAL Y VIH/SIDA;5000068;Actividad;MEJORAR EN POBLACION INFORMADA EL USO CORRECTO DE CONDON PARA PREVENCION DE INFECCIONES DE TRANSMISION SEXUAL Y VIH/SIDA;;919564;Salud;Localizada en Puno;Sí;;No;7789915
6;ANEXO-6-2;119;849;Gobierno regional;458;GOBIERNO REGIONAL DEL DEPARTAMENTO DE PUNO;Puno;;;;Programas presupuestales;;3043959 ADULTOS Y JOVENES RECIBEN CONSEJERIA Y TAMIZAJE PARA INFECCIONES DE TRANSMISION SEXUAL Y VIH/SIDA;5000069;Actividad;ENTREGAR A ADULTOS Y JOVENES VARONES CONSEJERIA Y TAMIZAJE PARA ITS Y VIH/SIDA;;4068401;Salud;Localizada en Puno;Sí;;No;7789915
6;ANEXO-6-2;119;849;Gobierno regional;458;GOBIERNO REGIONAL DEL DEPARTAMENTO DE PUNO;Puno;;;;Programas presupuestales;;3043960 POBLACION ADOLESCENTE INFORMADA SOBRE INFECCIONES DE TRANSMISION SEXUAL y VIH/SIDA;5000070;Actividad;ENTREGAR A POBLACION ADOLESCENTE INFORMACION SOBRE INFECCIONES DE TRANSMISION SEXUAL Y VIH/SIDA;;1437839;Salud;Localizada en Puno;Sí;;No;7789915
6;ANEXO-6-2;119;849;Gobierno regional;458;GOBIERNO REGIONAL DEL DEPARTAMENTO DE PUNO;Puno;;;;Programas presupuestales;;3043961 POBLACION DE ALTO RIESGO RECIBE INFORMACION Y ATENCION PREVENTIVA;5000071;Actividad;BRINDAR INFORMACION Y ATENCION PREVENTIVA A POBLACION DE ALTO RIESGO;;693999;Salud;Localizada en Puno;Sí;;No;7789915
6;ANEXO-6-2;119;849;Gobierno regional;458;GOBIERNO REGIONAL DEL DEPARTAMENTO DE PUNO;Puno;;;;Programas presupuestales;;3043961 POBLACION DE ALTO RIESGO RECIBE INFORMACION Y ATENCION PREVENTIVA;5006416;Actividad;BRINDAR PREVENCION COMBINADA CON PROFILAXIS PREEXPOSICION PARA POBLACION DE RIESGO;;500;Salud;Localizada en Puno;Sí;;No;7789915
6;ANEXO-6-2;119;849;Gobierno regional;458;GOBIERNO REGIONAL DEL DEPARTAMENTO DE PUNO;Puno;;;;Programas presupuestales;;3043968 POBLACION CON INFECCIONES DE TRANSMISION SEXUAL RECIBEN TRATAMIENTO SEGUN QUIA CLINICAS;5000078;Actividad;BRINDAR A POBLACION CON INFECCIONES DE TRANSMISION SEXUAL TRATAMIENTO SEGUN QUIA CLINICAS;;1049900;Salud;Localizada en Puno;Sí;;No;7789915
6;ANEXO-6-2;119;849;Gobierno regional;458;GOBIERNO REGIONAL DEL DEPARTAMENTO DE PUNO;Puno;;;;Programas presupuestales;;3043969 PERSONAS DIAGNOSTICADAS CON VIH/SIDA QUE ACUDEN A LOS SERVICIOS Y RECIBEN ATENCION INTEGRAL;5000079;Actividad;BRINDAR ATENCION INTEGRAL A PERSONAS CON DIAGNOSTICO DE VIH QUE ACUDEN A LOS SERVICIOS;;392868;Salud;Localizada en Puno;Sí;;No;7789915
6;ANEXO-6-2;119;849;Gobierno regional;458;GOBIERNO REGIONAL DEL DEPARTAMENTO DE PUNO;Puno;;;;Programas presupuestales;;3043970 MUJERES GESTANTES REACTIVAS Y NIÑOS EXPUESTOS AL VIH/SIDA RECIBEN TRATAMIENTO OPORTUNO;5000080;Actividad;BRINDAR TRATAMIENTO OPORTUNO A MUJERES GESTANTES REACTIVAS Y NIÑOS EXPUESTOS AL VIH;;6439;Salud;Localizada en Puno;Sí;;No;7789915
6;ANEXO-6-2;119;849;Gobierno regional;458;GOBIERNO REGIONAL DEL DEPARTAMENTO DE PUNO;Puno;;;;Programas presupuestales;;3043971 MUJERES GESTANTES REACTIVAS A SIFILIS Y SUS CONTACTOS Y RECIEN NACIDOS EXPUESTOS RECIBEN TRATAMIENTO OPORTUNO;5000081;Actividad;BRINDAR TRATAMIENTO OPORTUNO A MUJERES GESTANTES REACTIVAS A SIFILIS Y SUS CONTACTOS Y RECIEN NACIDOS EXPUESTOS;;446788;Salud;Localizada en Puno;Sí;;No;7789915
6;ANEXO-6-2;119;849;Gobierno regional;458;GOBIERNO REGIONAL DEL DEPARTAMENTO DE PUNO;Puno;;;;Programas presupuestales;;3043972 PERSONA QUE ACCEDE AL EESS Y RECIBE TRATAMIENTO OPORTUNO PARA TUBERCULOSIS EXTREMADAMENTE DROGO RESISTENTE (XDR);5000082;Actividad;BRINDAR TRATAMIENTO OPORTUNO A PERSONAS QUE ACCEDEN AL LESS Y RECIBE TRATAMIENTO PARA TUBERCULOSIS EXTREMADAMENTE DROGO RESISTENTE (XDR);;2000;Salud;Localizada en Puno;Sí;;No;7789915
6;ANEXO-6-2;120;50;Gobierno regional;458;GOBIERNO REGIONAL DEL DEPARTAMENTO DE PUNO;Puno;;;;Programas presupuestales;;3043977 FAMILIA CON PRACTICAS SALUDABLES PARA LA PREVENCION DE ENFERMEDADES METAXENICAS Y ZOONOTICAS;5000087;Actividad;PROMOCION DE PRACTICAS SALUDABLES PARA LA PREVENCION DE ENFERMEDADES METAXENICAS Y ZOONOTICAS EN FAMILIAS DE ZONAS DE RIESGO;;981811;Salud;Localizada en Puno;Sí;;No;7789915
6;ANEXO-6-2;120;50;Gobierno regional;458;GOBIERNO REGIONAL DEL DEPARTAMENTO DE PUNO;Puno;;;;Programas presupuestales;;3043977 FAMILIA CON PRACTICAS SALUDABLES PARA LA PREVENCION DE ENFERMEDADES METAXENICAS Y ZOONOTICAS;5005989;Actividad;VIGILANCIA COMUNITARIA PARA LA PREVENCION DE ENFERMEDADES METAXENICAS Y ZOONOTICAS;;169224;Salud;Localizada en Puno;Sí;;No;7789915
6;ANEXO-6-2;120;50;Gobierno regional;458;GOBIERNO REGIONAL DEL DEPARTAMENTO DE PUNO;Puno;;;;Programas presupuestales;;3043980 POBLADORES DE AREAS CON RIESGO DE TRANSMISION INFORMADA CONOCE LOS MECANISMOS DE TRANSMISION DE ENFERMEDADES METAXENICAS Y ZOONOTICAS;5000090;Actividad;INFORMACION DE LOS MECANISMOS DE TRANSMISION DE ENFERMEDADES METAXENICAS Y ZOONOTICAS EN POBLADORES DE AREAS CON RIESGO;;618755;Salud;Localizada en Puno;Sí;;No;7789915
6;ANEXO-6-2;120;50;Gobierno regional;458;GOBIERNO REGIONAL DEL DEPARTAMENTO DE PUNO;Puno;;;;Programas presupuestales;;3043981 VIVIENDAS PROTEGIDAS DE LOS PRINCIPALES CONDICIONANTES DEL RIESGO EN LAS AREAS DE ALTO Y MUY ALTO RIESGO DE ENFERMEDADES METAXENICAS Y ZOONOSIS;5000091;Actividad;INTERVENCIONES EN VIVIENDAS PROTEGIDAS DE LOS PRINCIPALES CONDICIONANTES DEL RIESGO EN LAS AREAS DE ALTO Y MUY ALTO RIESGO DE ENFERMEDADES METAXENICAS Y ZOONOSIS;;1329455;Salud;Localizada en Puno;Sí;;No;7789915
6;ANEXO-6-2;120;50;Gobierno regional;458;GOBIERNO REGIONAL DEL DEPARTAMENTO DE PUNO;Puno;;;;Programas presupuestales;;3043982 VACUNACION DE ANIMALES DOMESTICOS;5000092;Actividad;VACUNAR A ANIMALES DOMESTICOS;;3054953;Salud;Localizada en Puno;Sí;;No;7789915
6;ANEXO-6-2;120;50;Gobierno regional;458;GOBIERNO REGIONAL DEL DEPARTAMENTO DE PUNO;Puno;;;;Programas presupuestales;;3043983 DIAGNOSTICO Y TRATAMIENTO DE ENFERMEDADES METAXENICAS;5000093;Actividad;EVALUACION, DIAGNOSTICO Y TRATAMIENTO DE ENFERMEDADES METAXENICAS;;2037899;Salud;Localizada en Puno;Sí;;No;7789915
6;ANEXO-6-2;120;50;Gobierno regional;458;GOBIERNO REGIONAL DEL DEPARTAMENTO DE PUNO;Puno;;;;Programas presupuestales;;3043984 DIAGNOSTICO Y TRATAMIENTO DE CASOS DE ENFERMEDADES ZOONOTICAS;5000094;Actividad;EVALUACION, DIAGNOSTICO Y TRATAMIENTO DE CASOS DE ENFERMEDADES ZOONOTICAS;;1781352;Salud;Localizada en Puno;Sí;;No;7789915
6;ANEXO-6-2;120;50;Gobierno regional;458;GOBIERNO REGIONAL DEL DEPARTAMENTO DE PUNO;Puno;;;;Programas presupuestales;;3043987 POBLACION INFORMADA Y SENSIBILIZADA EN EL CUIDADO DE LA SALUD DE LAS ENFERMEDADES NO TRANSMISIBLES (MENTAL, BUCAL, OCULAR, METALES PESADOS, HIPERTENSION ARTERIAL Y DIABETES MELLITUS);5000098;Actividad;INFORMACION Y SENSIBILIZACION DE LA POBLACION EN PARA EL CUIDADO DE LA SALUD DE LAS ENFERMEDADES NO TRANSMISIBLES (MENTAL, BUCAL, OCULAR, METALES PESADOS, HIPERTENSION ARTERIAL Y DIABETES MELLITUS);;1260405;Salud;Localizada en Puno;Sí;;No;7789915
6;ANEXO-6-2;120;50;Gobierno regional;458;GOBIERNO REGIONAL DEL DEPARTAMENTO DE PUNO;Puno;;;;Programas presupuestales;;3043988 FAMILIA EN ZONAS DE RIESGO INFORMADA QUE REALIZAN PRACTICAS HIGIENICAS SANITARIAS PARA PREVENIR LAS ENFERMEDADES NO TRANSMISIBLES ( MENTAL, BUCAL, OCULAR, METALES PESADOS, HIPERTENSION ARTERIAL Y DIABETES MELLITUS);5005995;Actividad;PROMOCION DE PRACTICAS HIGIENICAS SANITARIAS EN FAMILIAS EN ZONAS DE RIESGO PARA PREVENIR LAS ENFERMEDADES NO TRANSMISIBLES;;817554;Salud;Localizada en Puno;Sí;;No;7789915
6;ANEXO-6-2;120;50;Gobierno regional;458;GOBIERNO REGIONAL DEL DEPARTAMENTO DE PUNO;Puno;;;;Programas presupuestales;;3043988 FAMILIA EN ZONAS DE RIESGO INFORMADA QUE REALIZAN PRACTICAS HIGIENICAS SANITARIAS PARA PREVENIR LAS ENFERMEDADES NO TRANSMISIBLES ( MENTAL, BUCAL, OCULAR, METALES PESADOS, HIPERTENSION ARTERIAL Y DIABETES MELLITUS);5005996;Actividad;CAPACITACION A ACTORES SOCIALES PARA LA PROMOCION DE PRACTICAS Y ENTORNOS SALUDABLES PARA PREVENIR FACTORES DE RIESGO DE ENFERMEDADES NO TRANSMISIBLES;;321269;Salud;Localizada en Puno;Sí;;No;7789915
6;ANEXO-6-2;120;50;Gobierno regional;458;GOBIERNO REGIONAL DEL DEPARTAMENTO DE PUNO;Puno;;;;Programas presupuestales;;3043997 TAMIZAJE Y TRATAMIENTO DE PACIENTES AFECTADOS POR METALES PESADOS;5000103;Actividad;EXAMENES DE TAMIZAJE Y TRATAMIENTO DE PERSONAS AFECTADAS POR INTOXICACION DE METALES PESADOS;;1501991;Salud;Localizada en Puno;Sí;;No;7789915
6;ANEXO-6-2;120;50;Gobierno regional;458;GOBIERNO REGIONAL DEL DEPARTAMENTO DE PUNO;Puno;;;Puno | ;Programas presupuestales;;;2027881;Proyecto de inversión;OPTIMIZAR LA CAPACIDAD DE RESPUESTA EN EL HOSPITAL SAN JUAN DE DIOS DE AYAVIRI PUNO, CABECERA DE RED;;122554;Salud;Localizada en Puno;Sí;;No;7789915
6;ANEXO-6-2;120;50;Gobierno regional;458;GOBIERNO REGIONAL DEL DEPARTAMENTO DE PUNO;Puno;;;San Jose | Alto Inambari | ;Programas presupuestales;;;2031310;Proyecto de inversión;CONSTRUCCION Y MEJORAMIENTO DE LA CARRETERA SAN JOSE (EMP. R 100) VALLE GRANDE -ISILLUMA DEL DISTRITO DE ALTO INAMBARI;;324567;Transporte;Localizada en Puno;Sí;;No;7789915
6;ANEXO-6-2;120;50;Gobierno regional;458;GOBIERNO REGIONAL DEL DEPARTAMENTO DE PUNO;Puno;;;Azangaro | Sandia | San Juan Del Oro | ;Programas presupuestales;;;2055915;Proyecto de inversión;MEJORAMIENTO DE LA CARRETERA AZANGARO - SAYTOCOCHA - SANDIA - SAN JUAN DEL ORO;;413080;Transporte;Localizada en Puno;Sí;;No;7789915
6;ANEXO-6-2;120;50;Gobierno regional;458;GOBIERNO REGIONAL DEL DEPARTAMENTO DE PUNO;Puno;;;;Programas presupuestales;;;2108576;Proyecto de inversión;CONSTRUCCION DEL HOSPITAL MATERNO INFANTIL DEL CONO SUR JULIACA;;5731000;Salud;Localizada en Puno;Sí;;No;7789915
6;ANEXO-6-2;120;50;Gobierno regional;458;GOBIERNO REGIONAL DEL DEPARTAMENTO DE PUNO;Puno;;;Cojata | Yanahuaya | ;Programas presupuestales;;;2131661;Proyecto de inversión;CONSTRUCCION Y MEJORAMIENTO DE LA CARRETERA DESVIO VILQUECHICO-COJATA-SINA-YANAHUAYA;;4000000;Transporte;Localizada en Puno;Sí;;No;7789915
6;ANEXO-6-2;120;50;Gobierno regional;458;GOBIERNO REGIONAL DEL DEPARTAMENTO DE PUNO;Puno;;;Puno | ;Programas presupuestales;;;2158850;Proyecto de inversión;MEJORAMIENTO DEL ESTADO NUTRICIONAL DE LA PRIMERA INFANCIA EN LA ZONA CIRCUNLACUSTRE DE LA REGION PUNO;;365640;Salud;Localizada en Puno;Sí;;No;7789915
6;ANEXO-6-2;120;50;Gobierno regional;458;GOBIERNO REGIONAL DEL DEPARTAMENTO DE PUNO;Puno;;;Puno | San Roman | Caracoto | ;Programas presupuestales;;;2160311;Proyecto de inversión;MEJORAMIENTO Y AMPLIACION DEL SERVICIO DE AGUA DEL SISTEMA DE RIEGO YOCARA, EN LA LOCALIDAD DE YOCARA, DISTRITOS DE JULIACA Y CARACOTO, PROVINCIA DE SAN ROMAN, REGION PUNO;;34762;Agropecuario y riego;Localizada en Puno;Sí;;No;7789915
6;ANEXO-6-2;121;851;Gobierno regional;458;GOBIERNO REGIONAL DEL DEPARTAMENTO DE PUNO;Puno;;;Puno | ;Programas presupuestales;;;2163760;Proyecto de inversión;MEJORAMIENTO DE LA INFRAESTRUCTURA VIAL TURISTICO, TRAMO PHUTINI - JAYU JAYU, DISTRITO DE AGORA - PUNO - PUNO;;;Transporte;Localizada en Puno;Sí;"Importe ilegible en el PDF; no se pudo recuperar por diferencia";No;7789915
6;ANEXO-6-2;121;851;Gobierno regional;458;GOBIERNO REGIONAL DEL DEPARTAMENTO DE PUNO;Puno;;;Puno | Azangaro | Huancane | ;Programas presupuestales;;;2183634;Proyecto de inversión;MEJORAMIENTO DE LA DEFENSA RIBEREÑA EN LAS MARGENES DERECHA E IZQUIERDA DEL RIO RAMIS EN LOS TRAMOS DE SACASCO, COLLANA, CHACAMARCA, PATASCACHI, YANAOCO, TUNI GRANDE, RAMIS Y BALSAPATA DE LAS PROVINCIAS DE HUANCANE Y AZANGARO - REGION PUNO;;7783178;Sin clasificar;Localizada en Puno;Sí;;No;7789915
6;ANEXO-6-2;121;851;Gobierno regional;458;GOBIERNO REGIONAL DEL DEPARTAMENTO DE PUNO;Puno;;;Puno | ;Programas presupuestales;;;2186641;Proyecto de inversión;MEJORAMIENTO DEL SERVICIO DEPORTIVO, CULTURAL Y RECREACIONAL EN LA CAPITAL DE LA REGION PUNO;;6000000;Cultura y deporte;Localizada en Puno;Sí;;No;7789915
6;ANEXO-6-2;121;851;Gobierno regional;458;GOBIERNO REGIONAL DEL DEPARTAMENTO DE PUNO;Puno;;;Puno | San Roman | ;Programas presupuestales;;;2188542;Proyecto de inversión;MEJORAMIENTO DE LA CAPACIDAD DE PRESTACION DE SERVICIOS DEPORTIVOS EN EL ESTADIO GUILLERMO BRICEÑO ROSAMEDINA DE LA CIUDAD DE JULIACA, PROVINCIA DE SAN ROMAN - PUNO;;500000;Cultura y deporte;Localizada en Puno;Sí;;No;7789915
6;ANEXO-6-2;121;851;Gobierno regional;458;GOBIERNO REGIONAL DEL DEPARTAMENTO DE PUNO;Puno;;;Puno | San Roman | ;Programas presupuestales;;;2194501;Proyecto de inversión;INSTALACION DEL SERVICIO EDUCATIVO DE LA INSTITUCION EDUCATIVA SECUNDARIA SANTA MONICA EN EL DISTRITO DE JULIACA, PROVINCIA DE SAN ROMAN - PUNO.;;229001;Educación;Localizada en Puno;Sí;;No;7789915
6;ANEXO-6-2;121;851;Gobierno regional;458;GOBIERNO REGIONAL DEL DEPARTAMENTO DE PUNO;Puno;;;Puno | Chucuito | Pomata | ;Programas presupuestales;;;2194702;Proyecto de inversión;MEJORAMIENTO DE LA CARRETERA (PU 675) POMATA - YOROHOCO, PROVINCIA DE CHUCUITO - PUNO;;180000;Transporte;Localizada en Puno;Sí;;No;7789915
6;ANEXO-6-2;121;851;Gobierno regional;458;GOBIERNO REGIONAL DEL DEPARTAMENTO DE PUNO;Puno;;;Puno | ;Programas presupuestales;;;2230959;Proyecto de inversión;MEJORAMIENTO DE LOS SERVICIOS EDUCATIVOS DE LA INSTITUCION EDUCATIVA INICIAL NUEVA ESPERANZA, BARRIO MANTO DEL DISTRITO PUNO-PROVINCIA DE PUNO - PUNO;;245658;Educación;Localizada en Puno;Sí;;No;7789915
6;ANEXO-6-2;121;851;Gobierno regional;458;GOBIERNO REGIONAL DEL DEPARTAMENTO DE PUNO;Puno;;;Puno | Melgar | Umachiri | ;Programas presupuestales;;;2232349;Proyecto de inversión;MEJORAMIENTO Y AMPLIACION DEL SERVICIO DE AGUA PARA EL SISTEMA DE RIEGO TECNIFICADO LLANCCACCAHUA-SORA, EN LOS SECTORES DE LLANCCACCAHUA, TREBOL, SORA Y HUANACOMARCA, DISTRITO DE UMACHIRI, PROVINCIA DE MELGAR, REGION PUNO;;48000;Agropecuario y riego;Localizada en Puno;Sí;;No;7789915
6;ANEXO-6-2;121;851;Gobierno regional;458;GOBIERNO REGIONAL DEL DEPARTAMENTO DE PUNO;Puno;;;Puno | Carabaya | Ollachea | ;Programas presupuestales;;;2250382;Proyecto de inversión;INSTALACION DE LOS SERVICIOS DE EDUCACION INICIAL EN LA I.E.I. CHIA, DEL C.P. DE CHIA, DEL DISTRITO DE OLLACHEA - PROVINCIA CARABAYA - REGION PUNO;;26969;Educación;Localizada en Puno;Sí;;No;7789915
6;ANEXO-6-2;121;851;Gobierno regional;458;GOBIERNO REGIONAL DEL DEPARTAMENTO DE PUNO;Puno;;;Puno | Vilque | Ayapata | San Gaban | Santa Rosa | Vilque Chico | ;Programas presupuestales;;;2250970;Proyecto de inversión;MEJORAMIENTO DEL SERVICIO DE CONSERVACION DE LA DIVERSIDAD BIOLOGICA EN SELVA VERDE, SAN GABAN, PUNTA PERDIDA, COTACUCHO, PUNO, JUCUMARINI, CUSHINI, RIO CONDOR, RIO TAVARA, Y PACO PACUNI, DISTRITOS DE AYAPATA, SAN GABAN, SANTA ROSA, VILQUE CHICO-PUNO;;70728;Ambiente;Localizada en Puno;Sí;;No;7789915
6;ANEXO-6-2;121;851;Gobierno regional;458;GOBIERNO REGIONAL DEL DEPARTAMENTO DE PUNO;Puno;;;Puno | San Roman | ;Programas presupuestales;;;2284935;Proyecto de inversión;MEJORAMIENTO DEL SERVICIO EDUCATIVO EN LA IES POLITECNICO REGIONAL LOS ANDES, DISTRITO DE JULIACA, PROVINCIA DE SAN ROMAN - PUNO;;14789542;Educación;Localizada en Puno;Sí;;No;7789915
6;ANEXO-6-2;121;851;Gobierno regional;458;GOBIERNO REGIONAL DEL DEPARTAMENTO DE PUNO;Puno;;;Puno | Huancane | Rosaspata | Moho | Huayrapata | ;Programas presupuestales;;;2287700;Proyecto de inversión;MEJORAMIENTO DE LA CARRETERA PU N-110: EMP. PE-34I ASIRUNI - ROSASPATA - HUAYRAPATA - EMP. PE-34I NINANTAYA, DISTRITOS DE VILQUECHICO-ROSASPATA-MOHO- HUAYRAPATA, PROVINCIA DE HUANCANE Y MOHO - PUNO;;500000;Transporte;Localizada en Puno;Sí;;No;7789915
6;ANEXO-6-2;121;851;Gobierno regional;458;GOBIERNO REGIONAL DEL DEPARTAMENTO DE PUNO;Puno;;;Puno | San Roman | Caracoto | ;Programas presupuestales;;;2289661;Proyecto de inversión;MEJORAMIENTO DE LOS SERVICIOS EDUCATIVOS EN LA I.E.S. DOS DE MAYO DE CARACOTO, DISTRITO DE CARACOTO - SAN ROMAN - PUNO;;285821;Educación;Localizada en Puno;Sí;;No;7789915
6;ANEXO-6-2;121;851;Gobierno regional;458;GOBIERNO REGIONAL DEL DEPARTAMENTO DE PUNO;Puno;;;Puno | Melgar | ;Programas presupuestales;;;2292669;Proyecto de inversión;MEJORAMIENTO Y AMPLIACION DEL SERVICIO DEPORTIVO DEL ESTADIO MUNICIPAL DE LA LOCALIDAD DE AYAVIRI DEL DISTRITO DE AYAVIRI - PROVINCIA DE MELGAR - DEPARTAMENTO DE PUNO;;5000000;Cultura y deporte;Localizada en Puno;Sí;;No;7789915
6;ANEXO-6-2;121;851;Gobierno regional;458;GOBIERNO REGIONAL DEL DEPARTAMENTO DE PUNO;Puno;;;Puno | Huancane | San Roman | Caracoto | San Miguel | ;Programas presupuestales;;;2300575;Proyecto de inversión;MEJORAMIENTO DE LA AVENIDA CIRCUNVALACION II (EMP. PE- 3S-AV. HUANCANE-CIRCUNVALACION ESTE-EMP PE-35) DE LA CIUDAD DE JULIACA- EMPALME PU-3S INICIO CON CIRCUNVALACION II - DISTRITO DE SAN MIGUEL - EMPALME PU-35 FINAL CON CIRCUNVALACION II - DISTRITO DE CARACOTO - PROVINCIA DE SAN ROMAN - REGION PUNO;;1000000;Sin clasificar;Localizada en Puno;Sí;;No;7789915
6;ANEXO-6-2;121;851;Gobierno regional;458;GOBIERNO REGIONAL DEL DEPARTAMENTO DE PUNO;Puno;;;Puno | Melgar | Orurillo | ;Programas presupuestales;;;2301117;Proyecto de inversión;MEJORAMIENTO DEL SERVICIO EDUCATIVO EN LAS INSTITUCIONES EDUCATIVAS PRIMARIAS N 70511, N 70815 Y N 72637, DISTRITO DE ORURILLO - MELGAR- PUNO;;504509;Educación;Localizada en Puno;Sí;;No;7789915
6;ANEXO-6-2;121;851;Gobierno regional;458;GOBIERNO REGIONAL DEL DEPARTAMENTO DE PUNO;Puno;;;Puno | Santa Rosa | Yunguyo | ;Programas presupuestales;;;2305521;Proyecto de inversión;MEJORAMIENTO Y AMPLIACION DEL SERVICIO DE AGUA PARA RIEGO EN LOS SECTORES CENTRAL, SANTA ROSA Y HUECCO DEL ANEXO CHALLAPAMPA, DISTRITO DE COPANI, PROVINCIA DE YUNGUYO, REGION PUNO;;27267;Agropecuario y riego;Localizada en Puno;Sí;;No;7789915
6;ANEXO-6-2;121;851;Gobierno regional;458;GOBIERNO REGIONAL DEL DEPARTAMENTO DE PUNO;Puno;;;Puno | Azangaro | Chupa | ;Programas presupuestales;;;2309892;Proyecto de inversión;MEJORAMIENTO Y AMPLIACION DE LOS SERVICIOS EDUCATIVOS DE LA INSTITUCION EDUCATIVA SECUNDARIA AGROPECUARIO N 125 DE CHUPA, DISTRITO DE CHUPA - AZANGARO - PUNO;;30939;Agropecuario y riego;Localizada en Puno;Sí;;No;7789915
6;ANEXO-6-2;121;851;Gobierno regional;458;GOBIERNO REGIONAL DEL DEPARTAMENTO DE PUNO;Puno;;;Puno | San Antonio | San Antonio De Putina | Ananea | ;Programas presupuestales;;;2321290;Proyecto de inversión;MEJORAMIENTO DE LOS SERVICIOS DE TRANSITABILIDAD DE LA VIA VECINAL PU-595: DV. PAMPA BLANCA - RINCONADA - CERRO LUNAR, DISTRITO DE ANANEA, PROVINCIA DE SAN ANTONIO DE PUTINA - PUNO;;50000;Transporte;Localizada en Puno;Sí;;No;7789915
6;ANEXO-6-2;121;851;Gobierno regional;458;GOBIERNO REGIONAL DEL DEPARTAMENTO DE PUNO;Puno;;;Puno | ;Programas presupuestales;;;2324613;Proyecto de inversión;MEJORAMIENTO DE LAS CAPACIDADES TECNOLOGICAS EN EL MANEJO DE CADENA PRODUCTIVA DE TRUCHA EN LA REGION PUNO;;93700;Agropecuario y riego;Localizada en Puno;Sí;;No;7789915
6;ANEXO-6-2;121;851;Gobierno regional;458;GOBIERNO REGIONAL DEL DEPARTAMENTO DE PUNO;Puno;;;Puno | ;Programas presupuestales;;;2325694;Proyecto de inversión;MEJORAMIENTO DE LA TECNIFICACION DE PROCESOS PARA LA CADENA PRODUCTIVA DE LA LECHE EN LA REGION PUNO;;30192;Agropecuario y riego;Localizada en Puno;Sí;;No;7789915
6;ANEXO-6-2;121;851;Gobierno regional;458;GOBIERNO REGIONAL DEL DEPARTAMENTO DE PUNO;Puno;;;Puno | Carabaya | Coasa | Ituata | Ollachea | Usicayos | Sandia | Limbani | Patambuco | Phara | ;Programas presupuestales;;;2326588;Proyecto de inversión;MEJORAMIENTO DE LOS SERVICIOS DE APOYO A LA CADENA PRODUCTIVA DE CAFES ESPECIALES EN LOS DISTRITOS DE COASA, ITUATA, OLLACHEA, USICAYOS, LIMBANI, PATAMBUCO Y PHARA DE LAS PROVINCIAS DE CARABAYA Y SANDIA - REGION PUNO;;291221;Agropecuario y riego;Localizada en Puno;Sí;;No;7789915
6;ANEXO-6-2;121;851;Gobierno regional;458;GOBIERNO REGIONAL DEL DEPARTAMENTO DE PUNO;Puno;;;Puno | ;Programas presupuestales;;;2336682;Proyecto de inversión;RECUPERACION DE LA BIOMASA DEL CARACHI GRIS Y AMARILLO EN ZONAS DE DESOVE DE LA CUENCA DEL LAGO TITICACA DE LA REGION PUNO;;2062045;Sin clasificar;Localizada en Puno;Sí;;No;7789915
6;ANEXO-6-2;121;851;Gobierno regional;458;GOBIERNO REGIONAL DEL DEPARTAMENTO DE PUNO;Puno;;;Puno | Azangaro | Tirapata | ;Programas presupuestales;;;2343199;Proyecto de inversión;MEJORAMIENTO DE LA CARRETERA (EMP 348) AZANGARO (EMP PU-102) JILA PURINA DE LOS DISTRITO DE AZANGARO - DISTRITO DE TIRAPATA - PROVINCIA DE AZANGARO - REGION PUNO;;632388;Transporte;Localizada en Puno;Sí;;No;7789915
6;ANEXO-6-2;122;852;Gobierno regional;458;GOBIERNO REGIONAL DEL DEPARTAMENTO DE PUNO;Puno;;;Puno | Carabaya | San Gaban | ;Programas presupuestales;;;2344253;Proyecto de inversión;MEJORAMIENTO DEL SERVICIO EDUCATIVO EN LA I.E.S. JOSE ANTONIO ENCINAS FRANCO, CENTRO POBLADO DE LECHEMAYO DEL DISTRITO DE SAN GABAN - PROVINCIA DE CARABAYA - DEPARTAMENTO DE PUNO;;5094106;Educación;Localizada en Puno;Sí;;No;7789915
6;ANEXO-6-2;122;852;Gobierno regional;458;GOBIERNO REGIONAL DEL DEPARTAMENTO DE PUNO;Puno;;;Puno | Chucuito | Zepita | ;Programas presupuestales;;;2344324;Proyecto de inversión;MEJORAMIENTO DE LOS SERVICIOS EDUCATIVOS DE LA LES. MANUEL GONZALES PRADA, CENTRO POBLADO DE ISANI - DISTRITO DE ZEPITA - PROVINCIA DE CHUCUITO - REGION PUNO;;349669;Educación;Localizada en Puno;Sí;;No;7789915
6;ANEXO-6-2;122;852;Gobierno regional;458;GOBIERNO REGIONAL DEL DEPARTAMENTO DE PUNO;Puno;;;Puno | San Roman | ;Programas presupuestales;;;2357322;Proyecto de inversión;MEJORAMIENTO SERVICIO EDUCATIVO EN LA IES. 32 MARIANO H. CORNEJO DE LA LOCALIDAD DE JULIACA - DISTRITO DE JULIACA - PROVINCIA DE SAN ROMAN - REGION PUNO;;897867;Educación;Localizada en Puno;Sí;;No;7789915
6;ANEXO-6-2;122;852;Gobierno regional;458;GOBIERNO REGIONAL DEL DEPARTAMENTO DE PUNO;Puno;;;Puno | ;Programas presupuestales;;;2357337;Proyecto de inversión;MEJORAMIENTO Y AMPLIACION DEL SERVICIO EDUCATIVO DE LA ESCUELA SUPERIOR DE FORMACION ARTISTICA PUBLICA (ESFAP - PUNO), DISTRITO DE PUNO - PROVINCIA DE PUNO - REGION PUNO;;567456;Educación;Localizada en Puno;Sí;;No;7789915
6;ANEXO-6-2;122;852;Gobierno regional;458;GOBIERNO REGIONAL DEL DEPARTAMENTO DE PUNO;Puno;;;Puno | Sandia | Patambuco | ;Programas presupuestales;;;2375549;Proyecto de inversión;CREACION DE LA INFRAESTRUCTURA DE INTEGRACION VIAL ENTRE SANDIA (CP. QUENEQUE) Y PATAMBUCO (C.P. TIRACA), DISTRITO DE SANDIA Y PATAMBUCO, PROVINCIA DE SANDIA- PUNO;;2500000;Transporte;Localizada en Puno;Sí;;No;7789915
6;ANEXO-6-2;122;852;Gobierno regional;458;GOBIERNO REGIONAL DEL DEPARTAMENTO DE PUNO;Puno;;;Puno | ;Programas presupuestales;;;2384978;Proyecto de inversión;MEJORAMIENTO DE LOS SERVICIOS DE EDUCACION SECUNDARIA EN LA INSTITUCION EDUCATIVA PUBLICA MILITAR INCA MANCO CAPAC , CENTRO POBLADO DE TOTORANI - DISTRITO DE PUNO - PROVINCIA DE PUNO - REGION PUNO;;1000000;Educación;Localizada en Puno;Sí;;No;7789915
6;ANEXO-6-2;122;852;Gobierno regional;458;GOBIERNO REGIONAL DEL DEPARTAMENTO DE PUNO;Puno;;;Puno | ;Programas presupuestales;;;2385051;Proyecto de inversión;MEJORAMIENTO DEL SERVICIO EDUCATIVO EN LA I.E.S. SAN JUAN BOSCO DE SALCEDO CON JORNADA ESCOLAR COMPLETA DISTRITO DE PUNO - PROVINCIA DE PUNO - REGION PUNO;;8000000;Educación;Localizada en Puno;Sí;;No;7789915
6;ANEXO-6-2;122;852;Gobierno regional;458;GOBIERNO REGIONAL DEL DEPARTAMENTO DE PUNO;Puno;;;Puno | San Roman | ;Programas presupuestales;;;2385673;Proyecto de inversión;MEJORAMIENTO DEL SERVICIO EDUCATIVO DE LA I.E.S. LAS MERCEDES DE LA CIUDAD DE JULIACA - DISTRITO DE JULIACA - PROVINCIA DE SAN ROMAN - DEPARTAMENTO DE PUNO;;10000000;Educación;Localizada en Puno;Sí;;No;7789915
6;ANEXO-6-2;122;852;Gobierno regional;458;GOBIERNO REGIONAL DEL DEPARTAMENTO DE PUNO;Puno;;;Puno | El Collao | ;Programas presupuestales;;;2387422;Proyecto de inversión;MEJORAMIENTO DE LA CARRETERA TRAMO II (PUENTE CULLCO) - PICHINCUTA - QUELCAHUECO - CORARACA DEL - DISTRITO DE ILAVE - PROVINCIA DE EL COLLAO - DEPARTAMENTO DE PUNO;;266831;Transporte;Localizada en Puno;Sí;;No;7789915
6;ANEXO-6-2;122;852;Gobierno regional;458;GOBIERNO REGIONAL DEL DEPARTAMENTO DE PUNO;Puno;;;Puno | Azangaro | ;Programas presupuestales;;;2393398;Proyecto de inversión;MEJORAMIENTO DEL SERVICIO EDUCATIVO DE NIVEL SECUNDARIO EN LA I.E. A -28 PERU BIRF CENTRO POBLADO DE AZANGARO - DISTRITO DE AZANGARO - PROVINCIA DE AZANGARO - REGION PUNO;;4843790;Educación;Localizada en Puno;Sí;;No;7789915
6;ANEXO-6-2;122;852;Gobierno regional;458;GOBIERNO REGIONAL DEL DEPARTAMENTO DE PUNO;Puno;;;Puno | El Collao | ;Programas presupuestales;;;2399543;Proyecto de inversión;MEJORAMIENTO DEL CAMINO VECINAL EMP. RO1 (DV. LOANI) - CAMICACHI - EMP. R12 (ROSACANI) DISTRITO DE ILAVE - PROVINCIA DE EL COLLAO - REGION PUNO;;115000;Transporte;Localizada en Puno;Sí;;No;7789915
6;ANEXO-6-2;122;852;Gobierno regional;458;GOBIERNO REGIONAL DEL DEPARTAMENTO DE PUNO;Puno;;;Puno | Chucuito | Desaguadero | ;Programas presupuestales;;;2403888;Proyecto de inversión;MEJORAMIENTO DE LOS SERVICIOS DE EDUCACION SUPERIOR DEL INSTITUTO DE EDUCACION SUPERIOR TECNOLOGICO PUBLICA DESAGUADERO DEL DISTRITO DE DESAGUADERO - PROVINCIA DE CHUCUITO - DEPARTAMENTO DE PUNO;;587541;Educación;Localizada en Puno;Sí;;No;7789915
6;ANEXO-6-2;122;852;Gobierno regional;458;GOBIERNO REGIONAL DEL DEPARTAMENTO DE PUNO;Puno;;;Puno | ;Programas presupuestales;;;2411335;Proyecto de inversión;MEJORAMIENTO DEL SERVICIO EDUCATIVO EN LA I.E.S. SAN SALVADOR, - DISTRITO DE PUNO - PROVINCIA DE PUNO - DEPARTAMENTO DE PUNO;;370264;Educación;Localizada en Puno;Sí;;No;7789915
6;ANEXO-6-2;122;852;Gobierno regional;458;GOBIERNO REGIONAL DEL DEPARTAMENTO DE PUNO;Puno;;;Puno | San Roman | San Miguel | ;Programas presupuestales;;;2411336;Proyecto de inversión;MEJORAMIENTO SERVICIO INTEGRAL DE LA INSTITUCION EDUCATIVA SECUNDARIA INDUSTRIAL PERU BIRF DISTRITO DE SAN MIGUEL - PROVINCIA DE SAN ROMAN - DEPARTAMENTO DE PUNO;;2500000;Educación;Localizada en Puno;Sí;;No;7789915
6;ANEXO-6-2;122;852;Gobierno regional;458;GOBIERNO REGIONAL DEL DEPARTAMENTO DE PUNO;Puno;;;Puno | Carabaya | Ituata | ;Programas presupuestales;;;2417765;Proyecto de inversión;MEJORAMIENTO Y AMPLIACION DEL SERVICIOS DE EDUCACION BASICA EN EL NIVEL PRIMARIO DE LA IEP N°72169 TAMBILLO, IEP N°72175 TAYACCUCHO, IEP N°72188 QUETY, IEP N° 72642 MALLCUAPO, IEP N° 72749 CALASUCA DEL DISTRITO DE ITUATA - PROVINCIA DE CARABAYA - DEPARTAMENTO DE PUNO DISTRITO DE ITUATA - PROVINCIA DE CARABAYA - DEPARTAMENTO DE PUNO;;876556;Educación;Localizada en Puno;Sí;;No;7789915
6;ANEXO-6-2;122;852;Gobierno regional;458;GOBIERNO REGIONAL DEL DEPARTAMENTO DE PUNO;Puno;;;Puno | Lampa | Melgar | ;Programas presupuestales;;;2436247;Proyecto de inversión;MEJORAMIENTO DEL CAMINO VECINAL RUTA PU-713, EMP. PE 3S (AYAVIRI - DESV. CALUYO - TINAJANI - L PROV. LAMPA), DISTRITO DE AYAVIRI - PROVINCIA DE MELGAR - DEPARTAMENTO DE PUNO;;20258452;Transporte;Localizada en Puno;Sí;;No;7789915
6;ANEXO-6-2;122;852;Gobierno regional;458;GOBIERNO REGIONAL DEL DEPARTAMENTO DE PUNO;Puno;;;Puno | Azangaro | Achaya | ;Programas presupuestales;;;2440946;Proyecto de inversión;MEJORAMIENTO DEL SERVICIO DE TRANSITABILIDAD VEHICULAR DE LA CARRETERA TRAMO ACHAYA (PU-140) - ESTRELLA (EMP. PE- 3S) DEL DISTRITO DE ACHAYA - PROVINCIA DE AZANGARO - DEPARTAMENTO DE PUNO;;50000;Transporte;Localizada en Puno;Sí;;No;7789915
6;ANEXO-6-2;122;852;Gobierno regional;458;GOBIERNO REGIONAL DEL DEPARTAMENTO DE PUNO;Puno;;;Puno | Huancane | Cojata | Inchupalla | ;Programas presupuestales;;;2443679;Proyecto de inversión;MEJORAMIENTO DEL SERVICIO DE TRANSITABILIDAD VEHICULAR DE LA CARRETERA TRAMO I: EMP- 34L (COJATA) HUANCASAYA, TRAMO II: HUANCASAYA - TARUCANI-EMP-PU-115 (INCHUPALLA), DEL DISTRITO DE COJATA - PROVINCIA DE HUANCANE - DEPARTAMENTO DE PUNO;;2345478;Transporte;Localizada en Puno;Sí;;No;7789915
6;ANEXO-6-2;122;852;Gobierno regional;458;GOBIERNO REGIONAL DEL DEPARTAMENTO DE PUNO;Puno;;;Puno | San Roman | ;Programas presupuestales;;;2447465;Proyecto de inversión;MEJORAMIENTO DE LA INFRAESTRUCTURA VIAL EN LA AV. SACSAYHUAMAN TRAMO (JR. MIRAFLORES - AV. AVIACION), JR. AMANECER TRAMO (AV. INDEPENDENCIA - JR. MIRAFLORES) DE LA CIUDAD DE JULIACA, DISTRITO DE JULIACA - PROVINCIA DE SAN ROMAN - DEPARTAMENTO DE PUNO;;8256356;Transporte;Localizada en Puno;Sí;;No;7789915
6;ANEXO-6-2;122;852;Gobierno regional;458;GOBIERNO REGIONAL DEL DEPARTAMENTO DE PUNO;Puno;;;Puno | Huancane | ;Programas presupuestales;;;2453224;Proyecto de inversión;MEJORAMIENTO DE LOS SERVICIOS DE EDUCACION SECUNDARIA DE LA INSTITUCION EDUCATIVA LIBERTADOR JOSE DE SAN MARTIN DE HUARISANI DEL DISTRITO DE HUANCANE - PROVINCIA DE HUANCANE - DEPARTAMENTO DE PUNO;;500041;Educación;Localizada en Puno;Sí;;No;7789915
6;ANEXO-6-2;123;853;Gobierno regional;458;GOBIERNO REGIONAL DEL DEPARTAMENTO DE PUNO;Puno;;;Puno | Lampa | Pucara | ;Programas presupuestales;;;2454391;Proyecto de inversión;AMPLIACION DEL SERVICIO DE AGUA PARA RIEGO MEDIANTE LA CONSTRUCCION DE LA REPRESA SAPANCCOTA DEL DISTRITO DE PUCARA - PROVINCIA DE LAMPA - DEPARTAMENTO DE PUNO;;108325;Agropecuario y riego;Localizada en Puno;Sí;;No;7789915
6;ANEXO-6-2;123;853;Gobierno regional;458;GOBIERNO REGIONAL DEL DEPARTAMENTO DE PUNO;Puno;;;Puno | Moho | ;Programas presupuestales;;;2456529;Proyecto de inversión;MEJORAMIENTO DE LA CARRETERA PU 147, EMP. PE-34I JIPATA - EMP. PE-341 MOHO, DISTRITO DE MOHO - PROVINCIA DE MOHO - DEPARTAMENTO DE PUNO;;4458489;Transporte;Localizada en Puno;Sí;;No;7789915
6;ANEXO-6-2;123;853;Gobierno regional;458;GOBIERNO REGIONAL DEL DEPARTAMENTO DE PUNO;Puno;;;Puno | Huancane | Taraco | ;Programas presupuestales;;;2467893;Proyecto de inversión;MEJORAMIENTO DEL SERVICIO EDUCATIVO DEL NIVEL SECUNDARIA DE LA I.E.S. TARACO DEL DISTRITO DE TARACO - PROVINCIA DE HUANCANE - DEPARTAMENTO DE PUNO;;79091;Educación;Localizada en Puno;Sí;;No;7789915
6;ANEXO-6-2;123;853;Gobierno regional;458;GOBIERNO REGIONAL DEL DEPARTAMENTO DE PUNO;Puno;;;Puno | Carabaya | Sandia | ;Programas presupuestales;;;2470873;Proyecto de inversión;MEJORAMIENTO DE CAPACIDADES PARA EL DESARROLLO INTEGRAL DE LOS CULTIVOS DE FRUTALES EN LA SELVA DE LAS PROVINCIAS DE SANDIA Y CARABAYA DEL DEPARTAMENTO DE PUNO;;7018517;Sin clasificar;Localizada en Puno;Sí;;No;7789915
6;ANEXO-6-2;123;853;Gobierno regional;458;GOBIERNO REGIONAL DEL DEPARTAMENTO DE PUNO;Puno;;;Puno | ;Programas presupuestales;;;2474102;Proyecto de inversión;MEJORAMIENTO DEL SERVICIO DE PROTECCION FRENTE A TORMENTAS ELECTR1CAS EN 4 PROVINCIAS DEL DEPARTAMENTO DE PUNO;;4508196;Sin clasificar;Localizada en Puno;Sí;;No;7789915
6;ANEXO-6-2;123;853;Gobierno regional;458;GOBIERNO REGIONAL DEL DEPARTAMENTO DE PUNO;Puno;;;Puno | San Roman | ;Programas presupuestales;;;2475053;Proyecto de inversión;MEJORAMIENTO DEL SERVICIO DE MOVILIDAD URBANA DE LA AV. ANDRES AVELINO CACERES (TRAMO: AV. TUPAC YUPANQUI - AV. AVIACION), AV. LOS GERANIOS DEL DISTRITO DE JULIACA - PROVINCIA DE SAN ROMAN - DEPARTAMENTO DE PUNO;;110000;Sin clasificar;Localizada en Puno;Sí;;No;7789915
6;ANEXO-6-2;123;853;Gobierno regional;458;GOBIERNO REGIONAL DEL DEPARTAMENTO DE PUNO;Puno;;;Puno | ;Programas presupuestales;;;2479852;Proyecto de inversión;MEJORAMIENTO DE LA TRANSFERENCIA TECNOLOGICA EN LA PRODUCCION Y VALOR AGREGADO DE LA CADENA PRODUCTIVA DE VACUNOS DE CARNE EN LA REGION PUNO 9 451 100 PROVINCIAS DEL DEPARTAMENTO DE PUNO;;6984785;Agropecuario y riego;Localizada en Puno;Sí;Importe tomado de la línea suelta de la página;No;7789915
6;ANEXO-6-2;123;853;Gobierno regional;458;GOBIERNO REGIONAL DEL DEPARTAMENTO DE PUNO;Puno;;;Puno | Melgar | ;Programas presupuestales;;;2492963;Proyecto de inversión;MEJORAMIENTO DE LOS SERVICIO EDUCATIVOS EN LA INSTITUCION EDUCATIVA INICIAL N° 68 DE LA LOCALIDAD DE AYAVIRI DEL DISTRITO DE AYAVIRI - PROVINCIA DE MELGAR - DEPARTAMENTO DE PUNO;;1254854;Educación;Localizada en Puno;Sí;;No;7789915
6;ANEXO-6-2;123;853;Gobierno regional;458;GOBIERNO REGIONAL DEL DEPARTAMENTO DE PUNO;Puno;;;Puno | Melgar | ;Programas presupuestales;;;2500458;Proyecto de inversión;MEJORAMIENTO DEL SERVICIO EDUCATIVO EN LA IEP N 70477 SAGRADO CORAZON DE JESUS DEL DISTRITO DE AYAVIRI - PROVINCIA DE MELGAR - DEPARTAMENTO DE PUNO;;28448;Educación;Localizada en Puno;Sí;;No;7789915
6;ANEXO-6-2;123;853;Gobierno regional;458;GOBIERNO REGIONAL DEL DEPARTAMENTO DE PUNO;Puno;;;Puno | Sandia | Alto Inambari | ;Programas presupuestales;;;2501244;Proyecto de inversión;MEJORAMIENTO DEL SERVICIO EDUCATIVO DEL NIVEL SECUNDARIA DE LA I.E. AGROPECUARIO PAMPA YANAMAYO DEL DISTRITO DE ALTO INAMBARI - PROVINCIA DE SANDIA - DEPARTAMENTO DE PUNO;;4125653;Agropecuario y riego;Localizada en Puno;Sí;;No;7789915
6;ANEXO-6-2;123;853;Gobierno regional;458;GOBIERNO REGIONAL DEL DEPARTAMENTO DE PUNO;Puno;;;Puno | ;Programas presupuestales;;;2511009;Proyecto de inversión;MEJORAMIENTO DEL SERVICIO VIAL URBANO DE LA AVENIDA INDUSTRIAL DEL CENTRO POBLADO DE SALCEDO, DISTRITO DE PUNO - PROVINCIA DE PUNO - DEPARTAMENTO DE PUNO;;10146578;Transporte;Localizada en Puno;Sí;;No;7789915
6;ANEXO-6-2;123;853;Gobierno regional;458;GOBIERNO REGIONAL DEL DEPARTAMENTO DE PUNO;Puno;;;Puno | ;Programas presupuestales;;;2511053;Proyecto de inversión;MEJORAMIENTO DE CAPACIDADES PRODUCTIVAS PARA PROMOVER LA SEGURIDAD ALIMENTARIA EN LA REACTIVACION ECONOMICA DE LAS 13 PROVINCIAS DEL DEPARTAMENTO DE PUNO;;37016;Sin clasificar;Localizada en Puno;Sí;;No;7789915
6;ANEXO-6-2;123;853;Gobierno regional;458;GOBIERNO REGIONAL DEL DEPARTAMENTO DE PUNO;Puno;;;Puno | Yunguyo | ;Programas presupuestales;;;2519621;Proyecto de inversión;CREACION DEL SERVICIO DE TRANSITABILIDAD VEHICULAR Y PEATONAL EN EL JR. 7 DE JUNIO Y JR. BOLOGNESI CUADRA 10 DE LA LOCALIDAD DE YUNGUYO DEL DISTRITO DE YUNGUYO - PROVINCIA DE YUNGUYO - DEPARTAMENTO DE PUNO;;356360;Transporte;Localizada en Puno;Sí;;No;7789915
6;ANEXO-6-2;123;853;Gobierno regional;458;GOBIERNO REGIONAL DEL DEPARTAMENTO DE PUNO;Puno;;;Puno | Carabaya | San Gaban | ;Programas presupuestales;;;2520451;Proyecto de inversión;CREACION DEL SERVICIO DE PROTECCION EN RIBERAS DEL RIO QUELLOMAYO MARGEN DERECHO VULNERABLES ANTE EL PELIGRO DE INUNDACION EN LA LOCALIDAD DE SAN GABAN, DEL DISTRITO DE SAN GABAN - PROVINCIA DE CARABAYA - DEPARTAMENTO DE PUNO;;29865;Sin clasificar;Localizada en Puno;Sí;;No;7789915
6;ANEXO-6-2;123;853;Gobierno regional;458;GOBIERNO REGIONAL DEL DEPARTAMENTO DE PUNO;Puno;;;Puno | ;Programas presupuestales;;;2526527;Proyecto de inversión;MEJORAMIENTO DE LAS CAPACIDADES PARA LA PRODUCTIVIDAD Y LA COMPETITIVIDAD DE ARTESANIAS EN 13 PROVINCIAS DEL DEPARTAMENTO DE PUNO;;55933;Turismo y comercio;Localizada en Puno;Sí;;No;7789915
6;ANEXO-6-2;123;853;Gobierno regional;458;GOBIERNO REGIONAL DEL DEPARTAMENTO DE PUNO;Puno;;;Puno | Pichacani | ;Programas presupuestales;;;2532916;Proyecto de inversión;CREACION DEL SERVICIO DE PROTECCION EN RIBERAS DEL RIO LORIPONGO Y MOLLA AMBOS MARGENES VULNERABLES ANTE EL PELIGRO DE INUNDACION EN LA LOCALIDAD DE LARAQUERI Y CENTRO POBLADO DE HUARIJUYO DEL DISTRITO DE PICHACANI - PROVINCIA DE PUNO - DEPARTAMENTO DE PUNO;;2915452;Sin clasificar;Localizada en Puno;Sí;;No;7789915
6;ANEXO-6-2;123;853;Gobierno regional;458;GOBIERNO REGIONAL DEL DEPARTAMENTO DE PUNO;Puno;;;Puno | Lampa | ;Programas presupuestales;;;2538950;Proyecto de inversión;MEJORAMIENTO DEL SERVICIO EDUCATIVO DEL NIVEL PRIMARIO DE LA I.E. 71008 EN EL DISTRITO DE LAMPA - PROVINCIA DE LAMPA - DEPARTAMENTO DE PUNO;;254345;Educación;Localizada en Puno;Sí;;No;7789915
6;ANEXO-6-2;123;853;Gobierno regional;458;GOBIERNO REGIONAL DEL DEPARTAMENTO DE PUNO;Puno;;;Puno | Vilque | Huancane | Vilque Chico | ;Programas presupuestales;;;2539948;Proyecto de inversión;MEJORAMIENTO DEL SERVICIO DE TRANSITABILIDAD VIAL INTERURBANA EN EL CAMINO VECINAL R2106057 - TRAMO DESVIO CHUQUIAGUILLO, CUYURAYA, CHICASCO, ISAÑCUYO, SINTICUYO Y HUANCARANI DEL DISTRITO DE VILQUE CHICO DE LA PROVINCIA DE HUANCANE DEL DEPARTAMENTO DE PUNO;;524574;Transporte;Localizada en Puno;Sí;;No;7789915
6;ANEXO-6-2;123;853;Gobierno regional;458;GOBIERNO REGIONAL DEL DEPARTAMENTO DE PUNO;Puno;;;Puno | Moho | Huayrapata | ;Programas presupuestales;;;2540745;Proyecto de inversión;MEJORAMIENTO Y AMPLIACION DEL SERVICIO DE AGUA PARA LOS SISTEMAS DE RIEGO HUALLATIRI, HUAYRAPATA Y HUARANCA GRANDE DEL DISTRITO DE HUAYRAPATA - PROVINCIA DE MOHO - DEPARTAMENTO DE PUNO;;285490;Agropecuario y riego;Localizada en Puno;Sí;;No;7789915
6;ANEXO-6-2;123;853;Gobierno regional;458;GOBIERNO REGIONAL DEL DEPARTAMENTO DE PUNO;Puno;;;Puno | ;Programas presupuestales;;;2557255;Proyecto de inversión;MEJORAMIENTO DE CAPACIDADES PARA LA CONSERVACION Y MANEJO DE CAMELIDOS SUDAMERICANOS DOMESTICOS DE LAS RAZAS SURI Y HUACAYA DE COLOR EN ZONAS ALTOANDINAS 6 PROVINCIAS DEL DEPARTAMENTO DE PUNO;;4356339;Ambiente;Localizada en Puno;Sí;;No;7789915
6;ANEXO-6-2;123;853;Gobierno regional;458;GOBIERNO REGIONAL DEL DEPARTAMENTO DE PUNO;Puno;;;Puno | ;Programas presupuestales;;;2559663;Proyecto de inversión;AMPLIACION PARA EL MEJORAMIENTO DE LA PRODUCTIVIDAD DE CARNE Y LANA DE OVINOS 6 PROVINCIAS DEL DEPARTAMENTO DE PUNO;;9531185;Sin clasificar;Localizada en Puno;Sí;;No;7789915
6;ANEXO-6-2;123;853;Gobierno regional;458;GOBIERNO REGIONAL DEL DEPARTAMENTO DE PUNO;Puno;;;Puno | ;Programas presupuestales;;;2566500;Proyecto de inversión;MEJORAMIENTO Y AMPLIACION DEL SISTEMA DE RIEGO CHAJANA DEL DISTRITO DE AGORA - PROVINCIA DE PUNO - DEPARTAMENTO DE PUNO;;62456;Agropecuario y riego;Localizada en Puno;Sí;;No;7789915
6;ANEXO-6-2;124;854;Gobierno regional;458;GOBIERNO REGIONAL DEL DEPARTAMENTO DE PUNO;Puno;;;Puno | Melgar | Nunoa | ;Programas presupuestales;;;2566572;Proyecto de inversión;MEJORAMIENTO Y AMPLIACION DE LOS SERVICIOS DE EDUCACION SUPERIOR DEL INSTITUTO SUPERIOR TECNOLOGICO PUBLICO DE NUÑOA DEL DISTRITO DE NUÑOA - PROVINCIA DE MELGAR - DEPARTAMENTO DE PUNO;;;Educación;Localizada en Puno;Sí;"Importe ilegible en el PDF; no se pudo recuperar por diferencia";No;7789915
6;ANEXO-6-2;124;854;Gobierno regional;458;GOBIERNO REGIONAL DEL DEPARTAMENTO DE PUNO;Puno;;;Puno | Azangaro | Munani | ;Programas presupuestales;;;2570033;Proyecto de inversión;MEJORAMIENTO DE LOS SERVICIOS DE EDUCACION SUPERIOR DEL INSTITUTO SUPERIOR TECNOLOGICO PUBLICA MUÑANI DEL DISTRITO DE MUÑANI - PROVINCIA DE AZANGARO - DEPARTAMENTO DE PUNO;;8796121;Educación;Localizada en Puno;Sí;;No;7789915
6;ANEXO-6-2;124;854;Gobierno regional;458;GOBIERNO REGIONAL DEL DEPARTAMENTO DE PUNO;Puno;;;Puno | Lampa | Santa Lucia | ;Programas presupuestales;;;2570365;Proyecto de inversión;MEJORAMIENTO DEL INSTITUTO DE EDUCACION SUPERIOR TECNOLOGICO PUBLICO SANTA LUCIA DEL DISTRITO DE SANTA LUCIA - PROVINCIA DE LAMPA - DEPARTAMENTO DE PUNO;;5698456;Educación;Localizada en Puno;Sí;;No;7789915
6;ANEXO-6-2;124;854;Gobierno regional;458;GOBIERNO REGIONAL DEL DEPARTAMENTO DE PUNO;Puno;;;Puno | Sandia | San Juan Del Oro | ;Programas presupuestales;;;2570369;Proyecto de inversión;MEJORAMIENTO DE LOS SERVICIOS DE EDUCACION SUPERIOR DEL INSTITUTO SUPERIOR TECNOLOGICO PUBLICA SAN JUAN DEL ORO DEL DISTRITO DE SAN JUAN DEL ORO - PROVINCIA DE SANDIA - DEPARTAMENTO DE PUNO;;8258956;Educación;Localizada en Puno;Sí;;No;7789915
6;ANEXO-6-2;124;854;Gobierno regional;458;GOBIERNO REGIONAL DEL DEPARTAMENTO DE PUNO;Puno;;;Puno | San Roman | Cabanillas | ;Programas presupuestales;;;2570978;Proyecto de inversión;MEJORAMIENTO DE LOS SERVICIOS DE EDUCACION SUPERIOR DEL INSTITUTO SUPERIOR TECNOLOGICO PUBLICA DE CABANILLAS DEL DISTRITO DE CABANILLAS - PROVINCIA DE SAN ROMAN - DEPARTAMENTO DE PUNO;;255676;Educación;Localizada en Puno;Sí;;No;7789915
6;ANEXO-6-2;124;854;Gobierno regional;458;GOBIERNO REGIONAL DEL DEPARTAMENTO DE PUNO;Puno;;;Puno | Azangaro | Arapa | Santiago De Pupuja | ;Programas presupuestales;;;2585398;Proyecto de inversión;CREACION DEL SERVICIO DE TRANSITABILIDAD VIAL INTERURBANA EN EL PUENTE CARROZABLE CAMPUCO ENTRE EL DISTRITO SANTIAGO DE PUPUJA Y ARAPA DEL DISTRITO DE SANTIAGO DE PUPUJA DE LA PROVINCIA DE AZANGARO DEL DEPARTAMENTO DE PUNO;;452541;Transporte;Localizada en Puno;Sí;;No;7789915
6;ANEXO-6-2;124;854;Gobierno regional;458;GOBIERNO REGIONAL DEL DEPARTAMENTO DE PUNO;Puno;;;Puno | Azangaro | Potoni | San Jose | ;Programas presupuestales;;;2585540;Proyecto de inversión;MEJORAMIENTO DEL SERVICIO DE TRANSITABILIDAD VIAL INTERURBANA EN LA CARRETERA PU-139 (HDA. POTONI) - SAN JOSE, - COLLANA - EMP. PU-111 - PUENTE YARAJA (AZANGARO) DISTRITOS DE POTONI, SAN JOSE DE LA PROVINCIA DE AZANGARO DEL DEPARTAMENTO DE PUNO;;12057170;Transporte;Localizada en Puno;Sí;;No;7789915
6;ANEXO-6-2;124;854;Gobierno regional;458;GOBIERNO REGIONAL DEL DEPARTAMENTO DE PUNO;Puno;;;Puno | El Collao | Pilcuyo | Santa Rosa | ;Programas presupuestales;;;2585541;Proyecto de inversión;CREACION DEL SERVICIO DE TRANSITABILIDAD VIAL INTERURBANA EN EL PUENTE CARROZABLE SANTA ROSA DE HUAYLLATA ENTRE LOS DISTRITOS DE !LAVE Y PILCUYO DEL DISTRITO DE ILAVE DE LA PROVINCIA DE EL COLLAO DEL DEPARTAMENTO DE PUNO;;454257;Transporte;Localizada en Puno;Sí;;No;7789915
6;ANEXO-6-2;124;854;Gobierno regional;458;GOBIERNO REGIONAL DEL DEPARTAMENTO DE PUNO;Puno;;;Puno | Acora | ;Programas presupuestales;;;2585543;Proyecto de inversión;MEJORAMIENTO Y AMPLIACION DEL SERVICIO DE EDUCACION SUPERIOR TECNOLOGICA EN EL INSTITUTO DE EDUCACION SUPERIOR TECNOLOGICO PUBLICO ACORA DEL DISTRITO DE AGORA DE LA PROVINCIA DE PUNO DEL DEPARTAMENTO DE PUNO;;3456765;Educación;Localizada en Puno;Sí;;No;7789915
6;ANEXO-6-2;124;854;Gobierno regional;458;GOBIERNO REGIONAL DEL DEPARTAMENTO DE PUNO;Puno;;;Puno | San Roman | ;Programas presupuestales;;;2585923;Proyecto de inversión;MEJORAMIENTO DEL SERVICIO DE EDUCACION PRIMARIA EN I.E. 71016 MARIA AUXILIADORA DISTRITO DE JULIACA DE LA PROVINCIA DE SAN ROMAN DEL DEPARTAMENTO DE PUNO;;7764202;Educación;Localizada en Puno;Sí;;No;7789915
6;ANEXO-6-2;124;854;Gobierno regional;458;GOBIERNO REGIONAL DEL DEPARTAMENTO DE PUNO;Puno;;;Puno | Azangaro | Jose Domingo Choquehuanca | ;Programas presupuestales;;;2591926;Proyecto de inversión;MEJORAMIENTO SERVICIO DE EDUCACION SUPERIOR TECNOLOGICA EN EL INSTITUTO SUPERIOR TECNOLOGICO PUBLICO JOSE DOMINGO CHOQUEHUANCA DEL DISTRITO DE JOSE DOMINGO CHOQUEHUANCA DE LA PROVINCIA DE AZANGARO DEL DEPARTAMENTO DE PUNO;;6569076;Educación;Localizada en Puno;Sí;;No;7789915
6;ANEXO-6-2;124;854;Gobierno regional;458;GOBIERNO REGIONAL DEL DEPARTAMENTO DE PUNO;Puno;;;Puno | Melgar | Nunoa | Orurillo | ;Programas presupuestales;;;2602159;Proyecto de inversión;MEJORAMIENTO DEL SERVICIO DE TRANSITABILIDAD VIAL INTERURBANA EN PU-138: EMP PE-34 B - PASANOCOLLO, - PUCATILLANA EMP PU-100 (NUÑOA) DISTRITOS DE ORURILLO, NUÑOA DE LA PROVINCIA DE MELGAR DEL DEPARTAMENTO DE PUNO;;7856258;Transporte;Localizada en Puno;Sí;;No;7789915
6;ANEXO-6-2;124;854;Gobierno regional;458;GOBIERNO REGIONAL DEL DEPARTAMENTO DE PUNO;Puno;;;Puno | Moho | Huayrapata | ;Programas presupuestales;;;2602163;Proyecto de inversión;MEJORAMIENTO DEL SERVICIO DE TRANSITABILIDAD VIAL INTERURBANA EN LA CARRETERA PU 866 (EMP PE 34 I) - EMP PU 110 (SULLCA), PU 870 (DV TOTORANI: EMP PU 866) - EMP PU 872 (OCCOPAMPA), PU 872: EMP. PU -866 (HUAYRAPATA) - OCCOPAMPA - EMP. PU - 870 DISTRITOS DE MOHO, HUAYRAPATA DE LA PROVINCIA DE MOHO DEL DEPARTAMENTO DE PUNO;;10345657;Transporte;Localizada en Puno;Sí;;No;7789915
6;ANEXO-6-2;124;854;Gobierno regional;458;GOBIERNO REGIONAL DEL DEPARTAMENTO DE PUNO;Puno;;;Puno | ;Programas presupuestales;;;2603148;Proyecto de inversión;MEJORAMIENTO DE LOS SERVICIOS DE APOYO AL DESARROLLO PRODUCTIVO EN 19 UNIDADES PRODUCTORAS 19 DISTRITOS DE 7 PROVINCIAS DEL DEPARTAMENTO DE PUNO;;4832260;Sin clasificar;Localizada en Puno;Sí;;No;7789915
6;ANEXO-6-2;124;854;Gobierno regional;458;GOBIERNO REGIONAL DEL DEPARTAMENTO DE PUNO;Puno;;;Puno | San Antonio | Azangaro | Chupa | San Antonio De Putina | Pedro Vilca Apaza | ;Programas presupuestales;;;2603164;Proyecto de inversión;MEJORAMIENTO DEL SERVICIO DE TRANSITABILIDAD VIAL INTERURBANA EN LA CARRETERA EN EL TRAMO CHUPA (EMP. PU 114) - CALA CRUZ (EMP. PU -811). PU 811 (CALA CRUZ). AYRAMPUNI (EMP PU 807), PU 807 (AYRAMPUNI) - DV. AYRAMPUNI (EMP. 808), TRAMO PU 808 (DV. LLACHI: EMP. PE 34 H)-AJATIRA-CALA CALA - AZANGARO (EMP. PU 111) DISTRITOS DE CHUPA, PEDRO VILCA APAZA DE LAS PROVINCIAS DE AZANGARO, SAN ANTONIO DE PUTINA DEL DEPARTAMENTO DE PUNO;;5485623;Transporte;Localizada en Puno;Sí;;No;7789915
6;ANEXO-6-2;124;854;Gobierno regional;458;GOBIERNO REGIONAL DEL DEPARTAMENTO DE PUNO;Puno;;;Puno | Azangaro | Achaya | Arapa | ;Programas presupuestales;;;2603165;Proyecto de inversión;MEJORAMIENTO DEL SERVICIO DE TRANSITABILIDAD VIAL INTERURBANA EN LA CARRETERA TRAMO ACHAYA - EMP. PU 113(ARAPA), DE LOS DISTRITOS DE ACHAYA, ARAPA DE LA PROVINCIA DE AZANGARO DEL DEPARTAMENTO DE PUNO;;6578987;Transporte;Localizada en Puno;Sí;;No;7789915
6;ANEXO-6-2;124;854;Gobierno regional;458;GOBIERNO REGIONAL DEL DEPARTAMENTO DE PUNO;Puno;;;Puno | Acora | Pichacani | El Collao | ;Programas presupuestales;;;2603167;Proyecto de inversión;MEJORAMIENTO DEL SERVICIO DE TRANSITABILIDAD VIAL INTERURBANA EN LA CARRETERA PU -1233 (ILAVE) - ANOKARIRI (EMP. - 1234), ANOKARIRI - SACUYO - SECTOR NUEVA ALIANZA, PU 1103 (SECTOR NUEVA ALIANZA) - EMP. PE 36P (LARAQUERI PICHACANI) DISTRITOS DE ILAVE, ACORA DE LAS PROVINCIAS DE EL COLLAO, PUNO DEL DEPARTAMENTO DE PUNO;;10234564;Transporte;Localizada en Puno;Sí;;No;7789915
6;ANEXO-6-2;124;854;Gobierno regional;458;GOBIERNO REGIONAL DEL DEPARTAMENTO DE PUNO;Puno;;;Puno | Azangaro | Santiago De Pupuja | Lampa | Nicasio | ;Programas presupuestales;;;2603281;Proyecto de inversión;MEJORAMIENTO DEL SERVICIO DE TRANSITABILIDAD VIAL INTERURBANA EN LA CARRETERA PU 764: EMP PE-34B SAN SEBASTIAN - NICASIO - LARO, EMP PU 764 (LARO) EMP PU- 117 (SANTIAGO DE PUPUJA) DISTRITOS DE NICASIO, SANTIAGO DE PUPUJA DE LAS PROVINCIAS DE LAMPA, AZANGARO DEL DEPARTAMENTO DE PUNO;;8574875;Transporte;Localizada en Puno;Sí;;No;7789915
6;ANEXO-6-2;124;854;Gobierno regional;458;GOBIERNO REGIONAL DEL DEPARTAMENTO DE PUNO;Puno;;;Puno | Melgar | Antauta | ;Programas presupuestales;;;2606991;Proyecto de inversión;MEJORAMIENTO DEL SERVICIO DE EDUCACION INICIAL EN I.E. 69 DISTRITO DE ANTAUTA DE LA PROVINCIA DE MELGAR DEL DEPARTAMENTO DE PUNO;;35029;Educación;Localizada en Puno;Sí;;No;7789915
6;ANEXO-6-2;125;855;Gobierno regional;458;GOBIERNO REGIONAL DEL DEPARTAMENTO DE PUNO;Puno;;;Puno | Lampa | Palca | Paratia | ;Programas presupuestales;;;2607527;Proyecto de inversión;"MEJORAMIENTO DEL SERVICIO DE TRANSITABILIDAD VIAL INTERURBANA EN LA CARRETERA PU -985 (EMP. PE - 34A; DV. CHOROMA) - C.C. COARITA, PU -992 (C.C. COARITA) - PALCA DISTRITOS DE PARATIA, PALCA DE LA PROVINCIA DE LAMPA DEL DEPARTAMENTO DE PUNO";;5500000;Transporte;Localizada en Puno;Sí;;No;7789915
6;ANEXO-6-2;125;855;Gobierno regional;458;GOBIERNO REGIONAL DEL DEPARTAMENTO DE PUNO;Puno;;;Puno | Manazo | San Roman | Cabanillas | ;Programas presupuestales;;;2614553;Proyecto de inversión;MEJORAMIENTO DEL SERVICIO DE TRANSITABILIDAD VIAL INTERURBANA EN LA CARRETERA MANAZO PU 1077- PU 1091, - EMP PE 34 C(LLAPAPATA - CABANILLAS) DISTRITOS DE MANAZO, CABANILLAS DE LAS PROVINCIAS DE PUNO, SAN ROMAN DEL DEPARTAMENTO DE PUNO;;12958615;Transporte;Localizada en Puno;Sí;;No;7789915
6;ANEXO-6-2;125;855;Gobierno regional;458;GOBIERNO REGIONAL DEL DEPARTAMENTO DE PUNO;Puno;;;Puno | Chucuito | ;Programas presupuestales;;;2616445;Proyecto de inversión;MEJORAMIENTO DEL SERVICIO DE EDUCACION SECUNDARIA EN I.E. CRFA LUPAKAS JULI DISTRITO DE JULI DE LA PROVINCIA DE CHUCUITO DEL DEPARTAMENTO DE PUNO;;1234564;Educación;Localizada en Puno;Sí;;No;7789915
6;ANEXO-6-2;125;855;Gobierno regional;458;GOBIERNO REGIONAL DEL DEPARTAMENTO DE PUNO;Puno;;;Puno | ;Programas presupuestales;;;2618450;Proyecto de inversión;MEJORAMIENTO DEL SERVICIO DE EDUCACION PRIMARIA EN I.E. 70001 DISTRITO DE PUNO DE LA PROVINCIA DE PUNO DEL DEPARTAMENTO DE PUNO;;2565482;Educación;Localizada en Puno;Sí;;No;7789915
6;ANEXO-6-2;125;855;Gobierno regional;458;GOBIERNO REGIONAL DEL DEPARTAMENTO DE PUNO;Puno;;;Puno | Huancane | ;Programas presupuestales;;;2623682;Proyecto de inversión;"RENOVACION DE AULA DE EDUCACION SUPERIOR PEDAGOGICA, LABORATORIO Y/0 TALLER Y AMBIENTE COMPLEMENTARIO; REPARACION DE CERCO Y/0 PORTADA; ADEMAS DE OTROS ACTIVOS EN EL(LA) INSTITUTO DE EDUCACION SUPERIOR PEDAGOGICO HUANCANE DEL DISTRITO DE HUANCANE, PROVINCIA HUANCANE, DEPARTAMENTO PUNO";;27080;Educación;Localizada en Puno;Sí;;No;7789915
6;ANEXO-6-2;125;855;Gobierno regional;458;GOBIERNO REGIONAL DEL DEPARTAMENTO DE PUNO;Puno;;;Puno | Lampa | ;Programas presupuestales;;;2623873;Proyecto de inversión;MEJORAMIENTO DE LOS SERVICIOS EDUCACION SUPERIOR PEDAGOGICA EN EL INSTITUTO DE EDUCACION SUPERIOR PEDAGOGICO DE EDUCACION FISICA DE LAMPA DEL DISTRITO DE LAMPA DE LA PROVINCIA DE LAMPA DEL DEPARTAMENTO DE PUNO;;2654845;Educación;Localizada en Puno;Sí;;No;7789915
6;ANEXO-6-2;125;855;Gobierno regional;458;GOBIERNO REGIONAL DEL DEPARTAMENTO DE PUNO;Puno;;;Puno | Capachica | ;Programas presupuestales;;;2623875;Proyecto de inversión;MEJORAMIENTO DEL SERVICIO DE EDUCACION SUPERIOR TECNOLOGICA EN INSTITUTO DE EDUCACION SUPERIOR TECNOLOGICO PUBLICO SAN SALVADOR DE CAPACHICA DISTRITO DE CAPACHICA DE LA PROVINCIA DE PUNO DEL DEPARTAMENTO DE PUNO;;4556857;Educación;Localizada en Puno;Sí;;No;7789915
6;ANEXO-6-2;125;855;Gobierno regional;458;GOBIERNO REGIONAL DEL DEPARTAMENTO DE PUNO;Puno;;;Puno | Santa Rosa | Melgar | ;Programas presupuestales;;;2623876;Proyecto de inversión;MEJORAMIENTO DEL SERVICIO DE EDUCACION SUPERIOR TECNOLOGICA EN EL INSTITUTO SUPERIOR TECNOLOGICO PUBLICO SANTA ROSA DEL DISTRITO DE SANTA ROSA DE LA PROVINCIA DE MELGAR DEL DEPARTAMENTO DE PUNO;;5654259;Educación;Localizada en Puno;Sí;;No;7789915
6;ANEXO-6-2;125;855;Gobierno regional;458;GOBIERNO REGIONAL DEL DEPARTAMENTO DE PUNO;Puno;;;Puno | Huancane | Rosaspata | ;Programas presupuestales;;;2629119;Proyecto de inversión;MEJORAMIENTO DEL SERVICIO DE EDUCACION SECUNDARIA EN I.E. ROSASPATA DE CENTRO POBLADO ROSASPATA DISTRITO DE ROSASPATA DE LA PROVINCIA DE HUANCANE DEL DEPARTAMENTO DE PUNO;;1683936;Educación;Localizada en Puno;Sí;;No;7789915
6;ANEXO-6-2;125;855;Gobierno regional;458;GOBIERNO REGIONAL DEL DEPARTAMENTO DE PUNO;Puno;;;Puno | Carabaya | Ayapata | ;Programas presupuestales;;;2630072;Proyecto de inversión;CREACION DEL SERVICIO DE PRACTICA DEPORTIVA Y/0 RECREATIVA EN COLISEO CERRADO DE AYAPATA DISTRITO DE AYAPATA DE LA PROVINCIA DE CARABAYA DEL DEPARTAMENTO DE PUNO;;1546546;Cultura y deporte;Localizada en Puno;Sí;;No;7789915
6;ANEXO-6-2;125;855;Gobierno regional;458;GOBIERNO REGIONAL DEL DEPARTAMENTO DE PUNO;Puno;;;Puno | San Roman | ;Programas presupuestales;;;2631496;Proyecto de inversión;MEJORAMIENTO DE LOS SERVICIOS DE APOYO AL DESARROLLO PRODUCTIVO EN CAPACIDADES DE TRANSFORMACION Y COMERCIALIZACION DE LA CADENA PRODUCTIVA DE OVINOS EN LAS 5 PROVINCIAS DE LA ZONA SUR DEL DEPARTAMENTO DE PUNO DE PRADERA EN EL DISTRITO DE JULIACA DE LA PROVINCIA DE SAN ROMAN DEL DEPARTAMENTO DE PUNO;;7818572;Agropecuario y riego;Localizada en Puno;Sí;;No;7789915
6;ANEXO-6-2;125;855;Gobierno regional;458;GOBIERNO REGIONAL DEL DEPARTAMENTO DE PUNO;Puno;;;Puno | Azangaro | San Juan De Salinas | Pucara | ;Programas presupuestales;;;2634040;Proyecto de inversión;MEJORAMIENTO DEL SERVICIO DE TRANSITABILIDAD VIAL INTERURBANA EN EL CAMINO VECINAL, TRAMO DESVIO PUCARA - POBLACION SALINAS - MILLO SALINAS (KM 0+000 - 1+900) DEL DISTRITO DE SAN JUAN DE SALINAS DE LA PROVINCIA DE AZANGARO DEL DEPARTAMENTO DE PUNO;;83836;Transporte;Localizada en Puno;Sí;;No;7789915
6;ANEXO-6-2;125;855;Gobierno regional;458;GOBIERNO REGIONAL DEL DEPARTAMENTO DE PUNO;Puno;;;Puno | Vilque | Huancane | Vilque Chico | ;Programas presupuestales;;;2634779;Proyecto de inversión;CREACION DEL SERVICIO DE PROVISION DE AGUA PARA RIEGO EN LAS COMUNIDADES, MEDIANTE POZOS TUBULARES EN LOS DISTRITOS DE HUANCANE, VILQUE CHICO DE LA PROVINCIA DE HUANCANE DEL DEPARTAMENTO DE PUNO;;8107762;Agropecuario y riego;Localizada en Puno;Sí;;No;7789915
6;ANEXO-6-2;125;855;Gobierno regional;458;GOBIERNO REGIONAL DEL DEPARTAMENTO DE PUNO;Puno;;;Puno | Moho | ;Programas presupuestales;;;2637985;Proyecto de inversión;MEJORAMIENTO DEL SERVICIO DE EDUCACION SECUNDARIA EN I.E. LLAULLI DE CENTRO POBLADO LLAULLI DISTRITO DE MOHO DE LA PROVINCIA DE MOHO DEL DEPARTAMENTO DE PUNO;;1234564;Educación;Localizada en Puno;Sí;;No;7789915
6;ANEXO-6-2;125;855;Gobierno regional;458;GOBIERNO REGIONAL DEL DEPARTAMENTO DE PUNO;Puno;;;Puno | Moho | ;Programas presupuestales;;;2638009;Proyecto de inversión;MEJORAMIENTO DEL SERVICIO DE EDUCACION SECUNDARIA EN LE. HUARAYA DE CENTRO POBLADO HUARAYA DISTRITO DE MOHO DE LA PROVINCIA DE MOHO DEL DEPARTAMENTO DE PUNO;;1243456;Educación;Localizada en Puno;Sí;;No;7789915
6;ANEXO-6-2;125;855;Gobierno regional;458;GOBIERNO REGIONAL DEL DEPARTAMENTO DE PUNO;Puno;;;Puno | Carabaya | Crucero | ;Programas presupuestales;;;2645340;Proyecto de inversión;"REPARACION DE TRIBUNA Y/0 PALCO Y SERVICIOS HIGIENICOS Y/0 VESTIDORES; CONSTRUCCION DE CAMPO DEPORTIVO; EN EL(LA) ESTADIO MUNICIPAL CRUCERO DISTRITO DE CRUCERO, PROVINCIA CARABAYA, DEPARTAMENTO PUNO";;2258011;Cultura y deporte;Localizada en Puno;Sí;;No;7789915
6;ANEXO-6-2;125;855;Gobierno regional;458;GOBIERNO REGIONAL DEL DEPARTAMENTO DE PUNO;Puno;;;Puno | San Antonio | San Antonio De Putina | ;Programas presupuestales;;;2645376;Proyecto de inversión;"REPARACION DE TRIBUNA Y/0 PALCO Y CAMPO DEPORTIVO; CONSTRUCCION DE TRIBUNA Y/0 PALCO Y PISTA DE ATLETISMO (DEPORTE RECREATIVO); ADEMAS DE OTROS ACTIVOS EN EL(LA) ESTADIO MUNICIPAL DE PUTINA DISTRITO DE PUTINA, PROVINCIA SAN ANTONIO DE PUTINA, DEPARTAMENTO PUNO";;1394507;Cultura y deporte;Localizada en Puno;Sí;;No;7789915
6;ANEXO-6-2;125;855;Gobierno regional;458;GOBIERNO REGIONAL DEL DEPARTAMENTO DE PUNO;Puno;;;Puno | Lampa | ;Programas presupuestales;;;2645380;Proyecto de inversión;"CONSTRUCCION DE TRIBUNA Y/0 PALCO, CAMPO DEPORTIVO Y PISTA DE ATLETISMO (DEPORTE RECREATIVO); REPARACION DE SERVICIOS HIGIENICOS Y/0 VESTIDORES; ADEMAS DE OTROS ACTIVOS EN EL(LA) ESTADIO MUNICIPAL FERNANDO ROMERO CARREON DISTRITO DE LAMPA, PROVINCIA LAMPA, DEPARTAMENTO PUNO";;2345678;Cultura y deporte;Localizada en Puno;Sí;;No;7789915
6;ANEXO-6-2;125;855;Gobierno regional;458;GOBIERNO REGIONAL DEL DEPARTAMENTO DE PUNO;Puno;;;Puno | El Collao | Pilcuyo | ;Programas presupuestales;;;2645444;Proyecto de inversión;"REPARACION DE TRIBUNA Y/0 PALCO; CONSTRUCCION DE CAMPO DEPORTIVO; EN EL(LA) ESTADIO MUNICIPAL DE PILCUYO DISTRITO DE PILCUYO, PROVINCIA EL COLLAO, DEPARTAMENTO PUNO";;2254875;Cultura y deporte;Localizada en Puno;Sí;;No;7789915
6;ANEXO-6-2;126;856;Gobierno regional;458;GOBIERNO REGIONAL DEL DEPARTAMENTO DE PUNO;Puno;;;Puno | ;Programas presupuestales;;;2645446;Proyecto de inversión;"REPARACION DE TRIBUNA Y/0 PALCO Y PISTA DE ATLETISMO (DEPORTE RECREATIVO); CONSTRUCCION DE CAMPO DEPORTIVO; EN EL(LA) ESTADIO DE LA GRAN UNIDAD SAN CARLOS DISTRITO DE PUNO, PROVINCIA PUNO, DEPARTAMENTO PUNO";;245874;Cultura y deporte;Localizada en Puno;Sí;;No;7789915
6;ANEXO-6-2;126;856;Gobierno regional;458;GOBIERNO REGIONAL DEL DEPARTAMENTO DE PUNO;Puno;;;Puno | Moho | Conima | ;Programas presupuestales;;;2646095;Proyecto de inversión;"CONSTRUCCION DE CAMPO DEPORTIVO Y SERVICIOS HIGIENICOS Y/0 VESTIDORES; REPARACION DE SERVICIOS HIGIENICOS Y/0 VESTIDORES Y TRIBUNA Y/0 PALCO; ADEMAS DE OTROS ACTIVOS EN EL(LA) ESTADIO MUNICIPAL DE CONIMA DISTRITO DE CONIMA, PROVINCIA MOHO, DEPARTAMENTO PUNO";;354254;Cultura y deporte;Localizada en Puno;Sí;;No;7789915
6;ANEXO-6-2;126;856;Gobierno regional;458;GOBIERNO REGIONAL DEL DEPARTAMENTO DE PUNO;Puno;;;Puno | Yunguyo | ;Programas presupuestales;;;2646096;Proyecto de inversión;"CONSTRUCCION DE TRIBUNA Y/0 PALCO; REPARACION DE TRIBUNA Y/0 PALCO Y CAMPO DEPORTIVO; EN EL(LA) ESTADIO JOSE CARLOS MARIATEGUI DISTRITO DE YUNGUYO, PROVINCIA YUNGUYO, DEPARTAMENTO PUNO";;2546789;Cultura y deporte;Localizada en Puno;Sí;;No;7789915
6;ANEXO-6-2;126;856;Gobierno regional;458;GOBIERNO REGIONAL DEL DEPARTAMENTO DE PUNO;Puno;;;Puno | Sandia | San Pedro De Putina Punco | ;Programas presupuestales;;;2646100;Proyecto de inversión;"CONSTRUCCION DE CAMPO DEPORTIVO Y SERVICIOS HIGIENICOS Y/0 VESTIDORES PARA PERSONAL; REPARACION DE TRIBUNA Y/0 PALCO; EN EL(LA) ESTADIO MUNICIPAL DE SAN PEDRO DE PUTINA PUNCO DISTRITO DE SAN PEDRO DE PUTINA PUNCO, PROVINCIA SANDIA, DEPARTAMENTO PUNO";;1547463;Cultura y deporte;Localizada en Puno;Sí;;No;7789915
6;ANEXO-6-2;126;856;Gobierno regional;458;GOBIERNO REGIONAL DEL DEPARTAMENTO DE PUNO;Puno;;;Puno | Chucuito | ;Programas presupuestales;;;2646109;Proyecto de inversión;"REPARACION DE TRIBUNA Y/0 PALCO; CONSTRUCCION DE CAMPO DEPORTIVO Y TRIBUNA Y/0 PALCO; EN EL(LA) ESTADIO MUNICIPAL DE JULI DISTRITO DE JULI, PROVINCIA CHUCUITO, DEPARTAMENTO PUNO";;2054256;Cultura y deporte;Localizada en Puno;Sí;;No;7789915
6;ANEXO-6-2;126;856;Gobierno regional;458;GOBIERNO REGIONAL DEL DEPARTAMENTO DE PUNO;Puno;;;Puno | Huancane | Huatasani | ;Programas presupuestales;;;2646859;Proyecto de inversión;MEJORAMIENTO DEL SERVICIO DE TRANSITABILIDAD VIAL INTERURBANA EN LA PU - 145 (EMP. PE -34 I: HUANCANE, - EMP. PE -34 H: HUATASANI) DE LOS DISTRITOS DE HUANCANE, HUATASANI DE LA PROVINCIA DE HUANCANE DEL DEPARTAMENTO DE PUNO;;354785;Transporte;Localizada en Puno;Sí;;No;7789915
6;ANEXO-6-2;126;856;Gobierno regional;458;GOBIERNO REGIONAL DEL DEPARTAMENTO DE PUNO;Puno;;;Puno | Azangaro | Huancane | ;Programas presupuestales;;;2648223;Proyecto de inversión;MEJORAMIENTO DEL SERVICIO DE PROVISION DE AGUA PARA RIEGO EN 3 UNIDADES PRODUCTORAS 3 DISTRITOS DE LAS PROVINCIAS DE AZANGARO, HUANCANE DEL DEPARTAMENTO DE PUNO;;368695;Agropecuario y riego;Localizada en Puno;Sí;;No;7789915
6;ANEXO-6-2;126;856;Gobierno regional;458;GOBIERNO REGIONAL DEL DEPARTAMENTO DE PUNO;Puno;;;Puno | Sandia | Quiaca | ;Programas presupuestales;;;2649221;Proyecto de inversión;MEJORAMIENTO DEL SERVICIO DE TRANSITABILIDAD VIAL INTERURBANA EN POQUERA CHICO - QUIACA - HUERTAPATA EN EL DISTRITO DE QUIACA DE LA PROVINCIA DE SANDIA DEL DEPARTAMENTO DE PUNO;;251485;Transporte;Localizada en Puno;Sí;;No;7789915
6;ANEXO-6-2;126;856;Gobierno regional;458;GOBIERNO REGIONAL DEL DEPARTAMENTO DE PUNO;Puno;;;Puno | Melgar | Orurillo | ;Programas presupuestales;;;2649804;Proyecto de inversión;MEJORAMIENTO DEL SERVICIO DE EDUCACION INICIAL EN LE. 50 DISTRITO DE ORURILLO DE LA PROVINCIA DE MELGAR DEL DEPARTAMENTO DE PUNO;;1246345;Educación;Localizada en Puno;Sí;;No;7789915
6;ANEXO-6-2;126;856;Gobierno regional;458;GOBIERNO REGIONAL DEL DEPARTAMENTO DE PUNO;Puno;;;Puno | Acora | ;Programas presupuestales;;;2649854;Proyecto de inversión;MEJORAMIENTO DEL SERVICIO DE EDUCACION INICIAL EN I.E. 1291 CORAZON DE JESUS DISTRITO DE ACORA DE LA PROVINCIA DE PUNO DEL DEPARTAMENTO DE PUNO;;1243456;Educación;Localizada en Puno;Sí;;No;7789915
6;ANEXO-6-2;126;856;Gobierno regional;458;GOBIERNO REGIONAL DEL DEPARTAMENTO DE PUNO;Puno;;;Puno | Acora | ;Programas presupuestales;;;2649856;Proyecto de inversión;MEJORAMIENTO DEL SERVICIO DE EDUCACION INICIAL EN I.E. 312 DE CENTRO POBLADO JAYU JAYU DISTRITO DE ACORA DE LA PROVINCIA DE PUNO DEL DEPARTAMENTO DE PUNO;;1254345;Educación;Localizada en Puno;Sí;;No;7789915
6;ANEXO-6-2;126;856;Gobierno regional;458;GOBIERNO REGIONAL DEL DEPARTAMENTO DE PUNO;Puno;;;Puno | Pichacani | ;Programas presupuestales;;;2649858;Proyecto de inversión;MEJORAMIENTO DEL SERVICIO DE EDUCACION INICIAL EN I.E. EDUARDITOS DISTRITO DE PICHACANI DE IA PROVINCIA DE PUNO DEL DEPARTAMENTO DE PUNO;;45539;Educación;Localizada en Puno;Sí;;No;7789915
6;ANEXO-6-2;126;856;Gobierno regional;458;GOBIERNO REGIONAL DEL DEPARTAMENTO DE PUNO;Puno;;;Puno | Manazo | ;Programas presupuestales;;;2650268;Proyecto de inversión;MEJORAMIENTO DEL SERVICIO DE EDUCACION INICIAL EN I.E. 1243 DISTRITO DE MAÑAZO DE LA PROVINCIA DE PUNO DEL DEPARTAMENTO DE PUNO;;1254675;Educación;Localizada en Puno;Sí;;No;7789915
6;ANEXO-6-2;126;856;Gobierno regional;458;GOBIERNO REGIONAL DEL DEPARTAMENTO DE PUNO;Puno;;;Puno | Moho | ;Programas presupuestales;;;2650271;Proyecto de inversión;MEJORAMIENTO DEL SERVICIO DE EDUCACION INICIAL EN I.E. 335 DISTRITO DE MOHO DE LA PROVINCIA DE MOHO DEL DEPARTAMENTO DE PUNO;;245854;Educación;Localizada en Puno;Sí;;No;7789915
6;ANEXO-6-2;126;856;Gobierno regional;458;GOBIERNO REGIONAL DEL DEPARTAMENTO DE PUNO;Puno;;;Puno | Manazo | ;Programas presupuestales;;;2651086;Proyecto de inversión;MEJORAMIENTO DEL SERVICIO DE EDUCACION INICIAL EN I.E. 1226 DISTRITO DE MAÑAZO DE LA PROVINCIA DE PUNO DEL DEPARTAMENTO DE PUNO;;248751;Educación;Localizada en Puno;Sí;;No;7789915
6;ANEXO-6-2;126;856;Gobierno regional;458;GOBIERNO REGIONAL DEL DEPARTAMENTO DE PUNO;Puno;;;Puno | Coata | Huancane | Pusi | ;Programas presupuestales;;;2651270;Proyecto de inversión;MEJORAMIENTO DEL SERVICIO DE TRANSITABILIDAD VIAL INTERURBANA EN EL TRAMO ALMOZANCHE (EMP. PU 118),- SAMUCHACA - SANTA CRUZ CAPARA -ESCALLANI (EMP. PU 118) DE LOS DISTRITOS DE COATA, PUSI DE LAS PROVINCIAS DE PUNO, HUANCANE DEL DEPARTAMENTO DE PUNO;;854254;Transporte;Localizada en Puno;Sí;;No;7789915
6;ANEXO-6-2;126;856;Gobierno regional;458;GOBIERNO REGIONAL DEL DEPARTAMENTO DE PUNO;Puno;;;Puno | Coata | Huancane | Pusi | ;Programas presupuestales;;;2651271;Proyecto de inversión;MEJORAMIENTO DEL SERVICIO DE TRANSITABILIDAD VIAL INTERURBANA EN EL TRAMO ALMOZANCHE (EMP PU 118) - SUCASCO - SORAZA, - COYLATA URCUNIMUNI - HATUN AYLLU (EMP PU 118) DE LOS DISTRITOS DE COATA, PUSI DE LAS PROVINCIAS DE PUNO. HUANCANE DEL DEPARTAMENTO DE PUNO;;7526548;Transporte;Localizada en Puno;Sí;;No;7789915
6;ANEXO-6-2;126;856;Gobierno regional;458;GOBIERNO REGIONAL DEL DEPARTAMENTO DE PUNO;Puno;;;Puno | San Roman | Cabanillas | ;Programas presupuestales;;;2651383;Proyecto de inversión;MEJORAMIENTO DEL SERVICIO DE EDUCACION INICIAL EN I.E. 941 DISTRITO DE CABANILLAS DE LA PROVINCIA DE SAN ROMAN DEL DEPARTAMENTO DE PUNO;;919620;Educación;Localizada en Puno;Sí;;No;7789915
6;ANEXO-6-2;126;856;Gobierno regional;458;GOBIERNO REGIONAL DEL DEPARTAMENTO DE PUNO;Puno;;;Puno | Sandia | Phara | ;Programas presupuestales;;;2651636;Proyecto de inversión;MEJORAMIENTO DEL SERVICIO DE EDUCACION INICIAL EN I.E. ARICATO DISTRITO DE PHARA DE LA PROVINCIA DE SANDIA DEL DEPARTAMENTO DE PUNO;;753784;Educación;Localizada en Puno;Sí;;No;7789915
6;ANEXO-6-2;126;856;Gobierno regional;458;GOBIERNO REGIONAL DEL DEPARTAMENTO DE PUNO;Puno;;;Puno | Moho | ;Programas presupuestales;;;2651727;Proyecto de inversión;MEJORAMIENTO Y AMPLIACION DEL SERVICIO DE PROVISION DE AGUA PARA RIEGO EN 16 UNIDADES PRODUCTORAS 3 DISTRITOS DE LA PROVINCIA DE MOHO DEL DEPARTAMENTO DE PUNO;;4715948;Agropecuario y riego;Localizada en Puno;Sí;;No;7789915
6;ANEXO-6-2;126;856;Gobierno regional;458;GOBIERNO REGIONAL DEL DEPARTAMENTO DE PUNO;Puno;;;Puno | Azangaro | ;Programas presupuestales;;;2651742;Proyecto de inversión;MEJORAMIENTO Y AMPLIACION DEL SERVICIO DE PROVISION DE AGUA PARA RIEGO EN LA MICROCUENCA DEL RIO CONDORIRI DISTRITO DE AZANGARO DE LA PROVINCIA DE AZANGARO DEL DEPARTAMENTO DE PUNO;;7379001;Agropecuario y riego;Localizada en Puno;Sí;;No;7789915
6;ANEXO-6-2;126;856;Gobierno regional;458;GOBIERNO REGIONAL DEL DEPARTAMENTO DE PUNO;Puno;;;Puno | ;Programas presupuestales;;;2652119;Proyecto de inversión;MEJORAMIENTO DEL SERVICIO DE EDUCACION PRIMARIA EN I.E. 70802 DISTRITO DE PUNO DE LA PROVINCIA DE PUNO DEL DEPARTAMENTO DE PUNO;;254875;Educación;Localizada en Puno;Sí;;No;7789915
6;ANEXO-6-2;126;856;Gobierno regional;458;GOBIERNO REGIONAL DEL DEPARTAMENTO DE PUNO;Puno;;;San Roman | Cabanillas | ;Programas presupuestales;;;2653339;Proyecto de inversión;MEJORAMIENTO DEL SERVICIO DE EDUCACION INICIAL EN I.E. 1137 DE CENTRO POBLADO LOS ANGELES DISTRITO DE CABANILLAS DE LA PROVINCIA DE SAN ROMAN DEL;;1256452;Educación;Localizada en Puno;Sí;;No;7789915
6;ANEXO-6-2;127;857;Gobierno regional;458;GOBIERNO REGIONAL DEL DEPARTAMENTO DE PUNO;Puno;;;Puno | San Antonio | Tiquillaca | ;Programas presupuestales;;;2654204;Proyecto de inversión;MEJORAMIENTO DEL SERVICIO DE TRANSITABILIDAD VIAL INTERURBANA EN LA CARRETERA PU - 1068 (CONDORIRI, - JUNCAL) DE LOS DISTRITOS DE TIQUILLACA, SAN ANTONIO DE LA PROVINCIA DE PUNO DEL DEPARTAMENTO DE PUNO;;1421799;Transporte;Localizada en Puno;Sí;;No;7789915
6;ANEXO-6-2;127;857;Gobierno regional;458;GOBIERNO REGIONAL DEL DEPARTAMENTO DE PUNO;Puno;;;Puno | San Antonio | Azangaro | Munani | San Antonio De Putina | ;Programas presupuestales;;;2654509;Proyecto de inversión;MEJORAMIENTO DEL SERVICIO DE TRANSITABILIDAD VIAL INTERURBANA EN LA CARRETERA PU 141: EMP. PU-111 (DV CAMBRIA) - CAMBRIA, - EMP PU -112 (DV COLLPANI) DE LOS DISTRITOS DE PUTINA, MUÑANI DE LAS PROVINCIAS DE SAN ANTONIO DE PUTINA, AZANGARO DEL DEPARTAMENTO DE PUNO;;348574;Transporte;Localizada en Puno;Sí;;No;7789915
6;ANEXO-6-2;127;857;Gobierno regional;458;GOBIERNO REGIONAL DEL DEPARTAMENTO DE PUNO;Puno;;;Puno | El Collao | ;Programas presupuestales;;;2655389;Proyecto de inversión;CREACION DEL SERVICIO DE TRANSITABILIDAD VIAL INTERURBANA EN EL PUENTE CHOQUENASA DE LA CARRETERA PU-1243 DEL DISTRITO DE ILAVE DE LA PROVINCIA DE EL COLLAO DEL DEPARTAMENTO DE PUNO;;2859865;Transporte;Localizada en Puno;Sí;;No;7789915
6;ANEXO-6-2;127;857;Gobierno regional;458;GOBIERNO REGIONAL DEL DEPARTAMENTO DE PUNO;Puno;;;Puno | Carabaya | Coasa | Ituata | ;Programas presupuestales;;;2656878;Proyecto de inversión;MEJORAMIENTO DEL SERVICIO DE TRANSITABILIDAD VIAL INTERURBANA EN LA CARRETERA PU 535(COASA - TAMBILLO), - PU 534 (EMP PU 100 -TAYACUCHO - TAMBILLO) DE LOS DISTRITOS DE COASA, ITUATA DE LA PROVINCIA DE CARABAYA DEL DEPARTAMENTO DE PUNO;;200000;Transporte;Localizada en Puno;Sí;;No;7789915
6;ANEXO-6-2;127;857;Gobierno regional;458;GOBIERNO REGIONAL DEL DEPARTAMENTO DE PUNO;Puno;;;Puno | San Antonio | San Antonio De Putina | Pedro Vilca Apaza | San Roman | ;Programas presupuestales;;;2656882;Proyecto de inversión;MEJORAMIENTO DEL SERVICIO DE EDUCACION SECUNDARIA EN I.E. AGROINDUSTRIAL MAXIMO SAN ROMAN CACERES DE AJJATIRA, DE CENTRO POBLADO SANTIAGO AJJATIRA DISTRITO DE PEDRO VILCA APAZA DE LA PROVINCIA DE SAN ANTONIO DE PUTINA DEL DEPARTAMENTO DE PUNO;;251478;Educación;Localizada en Puno;Sí;;No;7789915
6;ANEXO-6-2;127;857;Gobierno regional;458;GOBIERNO REGIONAL DEL DEPARTAMENTO DE PUNO;Puno;;;Puno | Acora | El Collao | ;Programas presupuestales;;;2657159;Proyecto de inversión;MEJORAMIENTO DEL SERVICIO DE TRANSITABILIDAD VIAL INTERURBANA EN LA CARRETERA PU-1139 (EMP. PU-1138: ACORA - EMP. PU-1143), PU-1143 (EMP. PU-1139 - EMP. PU- 1144), PU-1144 (EMP. PU-1143 - EMP. PU-1145), PU-1145 (EMP. PU-1144 - HUARICONSE), PU-1148 (HUARICONSE - !LAVE) DE LOS DISTRITOS DE ACORA, ILAVE DE LAS PROVINCIAS DE PUNO, EL COLLAO DEL DEPARTAMENTO DE PUNO;;358745;Transporte;Localizada en Puno;Sí;;No;7789915
6;ANEXO-6-2;127;857;Gobierno regional;458;GOBIERNO REGIONAL DEL DEPARTAMENTO DE PUNO;Puno;;;Puno | Azangaro | ;Programas presupuestales;;;2657484;Proyecto de inversión;"CONSTRUCCION DE PUENTE; EN EL(LA) CARRETERA PU-111 (PUENTE TINTIRI) DEL DISTRITO DE AZANGARO, PROVINCIA AZANGARO, DEPARTAMENTO PUNO";;1143284;Transporte;Localizada en Puno;Sí;;No;7789915
6;ANEXO-6-2;127;857;Gobierno regional;458;GOBIERNO REGIONAL DEL DEPARTAMENTO DE PUNO;Puno;;;Puno | Munani | Moho | ;Programas presupuestales;;;2657867;Proyecto de inversión;MEJORAMIENTO DEL SERVICIO DE TRANSITABILIDAD VIAL INTERURBANA EN LA CARRETERA PU-870(OCCOPAMPA - EMP. PU-873) - PU-873(EMP. PU-870 - EMP. PU-110: JACHA POMAOCA). PU-890(EMP. PU-110:POMAOCA - EMP. PU-889) - PU-889 (EMP.PU-890 - PACCHANI) - MUÑANI(LIMITE CON BOLIVIA) DISTRITO DE MOHO DE LA PROVINCIA DE MOHO DEL DEPARTAMENTO DE PUNO;;385474;Transporte;Localizada en Puno;Sí;;No;7789915
6;ANEXO-6-2;127;857;Gobierno regional;458;GOBIERNO REGIONAL DEL DEPARTAMENTO DE PUNO;Puno;;;Puno | Coata | ;Programas presupuestales;;;2659575;Proyecto de inversión;MEJORAMIENTO DEL SERVICIO DE EDUCACION INICIAL EN I.E. 1223 DIVINO NIÑO JESUS DISTRITO DE COATA DE LA PROVINCIA DE PUNO DEL DEPARTAMENTO DE PUNO;;245742;Educación;Localizada en Puno;Sí;;No;7789915
6;ANEXO-6-2;127;857;Gobierno regional;458;GOBIERNO REGIONAL DEL DEPARTAMENTO DE PUNO;Puno;;;Puno | San Roman | ;Programas presupuestales;;;2660479;Proyecto de inversión;MEJORAMIENTO DEL SERVICIO DE EDUCACION SECUNDARIA EN I.E. 20 DE ENERO DISTRITO DE JULIACA DE LA PROVINCIA DE SAN ROMAN DEL DEPARTAMENTO DE PUNO;;3985654;Educación;Localizada en Puno;Sí;;No;7789915
6;ANEXO-6-2;127;857;Gobierno regional;458;GOBIERNO REGIONAL DEL DEPARTAMENTO DE PUNO;Puno;;;Puno | Huancane | ;Programas presupuestales;;;2661648;Proyecto de inversión;CREACION DEL SERVICIO DE TRANSITABILIDAD VIAL INTERURBANA EN EL PUENTE COLGANTE PEATONAL DE CENTRO POBLADO COHASIA DISTRITO DE HUANCANE DE LA PROVINCIA DE HUANCANE DEL DEPARTAMENTO DE PUNO;;185425;Transporte;Localizada en Puno;Sí;;No;7789915
6;ANEXO-6-2;127;857;Gobierno regional;458;GOBIERNO REGIONAL DEL DEPARTAMENTO DE PUNO;Puno;;;Puno | Chucuito | Desaguadero | Zepita | San Miguel | ;Programas presupuestales;;;2661660;Proyecto de inversión;MEJORAMIENTO DEL SERVICIO DE TRANSITABILIDAD VIAL INTERURBANA EN LA CARRETERA DESAGUADERO - LLALLAHUA, - VISTA ALEGRE - CHIMU - ANCOPUTO - ALTO PATACOLLO - HUAPACA SAN MIGUEL DE LOS DISTRITOS DE DESAGUADERO, ZEPITA DE LA PROVINCIA DE CHUCUITO DEL DEPARTAMENTO DE PUNO;;5548752;Transporte;Localizada en Puno;Sí;;No;7789915
6;ANEXO-6-2;127;857;Gobierno regional;458;GOBIERNO REGIONAL DEL DEPARTAMENTO DE PUNO;Puno;;;Puno | Azangaro | Chupa | ;Programas presupuestales;;;2662467;Proyecto de inversión;MEJORAMIENTO DEL SERVICIO DE EDUCACION SUPERIOR TECNOLOGICA EN EL INSTITUTO SUPERIOR TECNOLOGICO PUBLICA CHUPA DEL DISTRITO DE CHUPA DE LA PROVINCIA DE AZANGARO DEL DEPARTAMENTO DE PUNO;;2568954;Educación;Localizada en Puno;Sí;;No;7789915
6;ANEXO-6-2;127;857;Gobierno regional;458;GOBIERNO REGIONAL DEL DEPARTAMENTO DE PUNO;Puno;;;Puno | Azangaro | San Juan De Salinas | ;Programas presupuestales;;;2662668;Proyecto de inversión;MEJORAMIENTO DEL SERVICIO DE EDUCACION PRIMARIA EN I.E. 72060 DE CENTRO POBLADO YURAJCHUPA DISTRITO DE SAN JUAN DE SALINAS DE LA PROVINCIA DE AZANGARO DEL DEPARTAMENTO DE PUNO;;2375675;Educación;Localizada en Puno;Sí;;No;7789915
6;ANEXO-6-2;127;857;Gobierno regional;458;GOBIERNO REGIONAL DEL DEPARTAMENTO DE PUNO;Puno;;;Puno | Azangaro | San Juan De Salinas | ;Programas presupuestales;;;2662786;Proyecto de inversión;MEJORAMIENTO DEL SERVICIO DE EDUCACION PRIMARIA EN I.E. 72662 DE CENTRO POBLADO CALLA DISTRITO DE SAN JUAN DE SALINAS DE LA PROVINCIA DE AZANGARO DEL DEPARTAMENTO DE PUNO;;1278678;Educación;Localizada en Puno;Sí;;No;7789915
6;ANEXO-6-2;127;857;Gobierno regional;458;GOBIERNO REGIONAL DEL DEPARTAMENTO DE PUNO;Puno;;;Puno | San Antonio | San Antonio De Putina | ;Programas presupuestales;;;2664940;Proyecto de inversión;MEJORAMIENTO DEL SERVICIO DE EDUCACION INICIAL EN I.E. 1099 INMACULADA DISTRITO DE PUTINA DE LA PROVINCIA DE SAN ANTONIO DE PUTINA DEL DEPARTAMENTO DE PUNO;;833474;Educación;Localizada en Puno;Sí;;No;7789915
6;ANEXO-6-2;127;857;Gobierno regional;458;GOBIERNO REGIONAL DEL DEPARTAMENTO DE PUNO;Puno;;;Puno | Yunguyo | ;Programas presupuestales;;;2668521;Proyecto de inversión;"ADQUISICION DE AMBULANCIA ACUAT1CA; EN DOS ESTABLECIMIENTOS DE SALUD 1.2 A NIVEL PROVINCIAL (PUNO - YUNGUYO)";;163232;Salud;Localizada en Puno;Sí;;No;7789915
6;ANEXO-6-2;127;857;Gobierno regional;458;GOBIERNO REGIONAL DEL DEPARTAMENTO DE PUNO;Puno;;;Puno | Azangaro | San Anton | San Jose | Melgar | Antauta | ;Programas presupuestales;;;2669470;Proyecto de inversión;MEJORAMIENTO DEL SERVICIO DE TRANSITABILIDAD VIAL INTERURBANA EN LA CARRETERA PU-617 (SAN JOSE - SAN ANTON), PU-624 (EMP. PE-34 B: SAN ANTON - EMP. PU-622: VILLAPAMPA) -PU-622 (EMP. PU-624: VILLAPAMPA - LARIMAYO) DE LOS DISTRITOS DE SAN JOSE, ANTAUTA DE LAS PROVINCIAS DE AZANGARO, MELGAR DEL DEPARTAMENTO DE PUNO;;6625412;Transporte;Localizada en Puno;Sí;;No;7789915
6;ANEXO-6-2;127;857;Gobierno regional;458;GOBIERNO REGIONAL DEL DEPARTAMENTO DE PUNO;Puno;;;Moho | ;Programas presupuestales;;;2669946;Proyecto de inversión;MEJORAMIENTO DEL SERVICIO DE PRACTICA DEPORTIVA Y/0 RECREATIVA EN ESTADIO MUNICIPAL DE MOHO DISTRITO DE MOHO DE LA PROVINCIA DE MOHO DEL DEPARTAMENTO;;254857;Cultura y deporte;Localizada en Puno;Sí;;No;7789915
6;ANEXO-6-2;128;858;Gobierno regional;458;GOBIERNO REGIONAL DEL DEPARTAMENTO DE PUNO;Puno;;;Puno | Coata | ;Programas presupuestales;;;2670402;Proyecto de inversión;MEJORAMIENTO DEL SERVICIO DE EDUCACION SECUNDARIA EN I.E. SAN AGUSTIN DISTRITO DE COATA DE LA PROVINCIA DE PUNO DEL DEPARTAMENTO DE PUNO;;2345678;Educación;Localizada en Puno;Sí;;No;7789915
6;ANEXO-6-2;128;858;Gobierno regional;458;GOBIERNO REGIONAL DEL DEPARTAMENTO DE PUNO;Puno;;;Puno | Azangaro | Jose Domingo Choquehuanca | ;Programas presupuestales;;;2670620;Proyecto de inversión;MEJORAMIENTO DEL SERVICIO DE TRANSITABILIDAD VIAL INTERURBANA EN LA CARRETERA JOSE DOMINGO CHOQUEHUANCA - QUEQUERANA, - PRIMER CHIMPA JILAHUATA - DV CAYRAHUIRE DE LOS DISTRITOS DE JOSE DOMINGO CHOQUEHUANCA, AZANGARO DE LA PROVINCIA DE AZANGARO DEL DEPARTAMENTO DE PUNO;;357845;Transporte;Localizada en Puno;Sí;;No;7789915
6;ANEXO-6-2;128;858;Gobierno regional;458;GOBIERNO REGIONAL DEL DEPARTAMENTO DE PUNO;Puno;;;Puno | Carabaya | Crucero | ;Programas presupuestales;;;2671176;Proyecto de inversión;MEJORAMIENTO DEL SERVICIO DE EDUCACION SUPERIOR TECNOLOGICA EN EL INSTITUTO DE EDUCACION SUPERIOR PUBLICO DE CRUCERO DISTRITO DE CRUCERO DE LA PROVINCIA DE CARABAYA DEL DEPARTAMENTO DE PUNO;;250000;Educación;Localizada en Puno;Sí;;No;7789915
6;ANEXO-6-2;128;858;Gobierno regional;458;GOBIERNO REGIONAL DEL DEPARTAMENTO DE PUNO;Puno;;;Puno | ;Programas presupuestales;;;2673441;Proyecto de inversión;MEJORAMIENTO DEL SERVICIO DE TRANSITABILIDAD VIAL INTERURBANA EN LA CARRETERA PU-1115 (EMP. PE-3S: INGENIO - EMP. PU-1116: ICHU) - PU-1116 (EMP. PU-1115: ICHU - EMP. PE-35: SALLIHUA CALLEJON) DEL DISTRITO DE PUNO DE LA PROVINCIA DE PUNO DEL DEPARTAMENTO DE PUNO;;285985;Transporte;Localizada en Puno;Sí;;No;7789915
6;ANEXO-6-2;128;858;Gobierno regional;458;GOBIERNO REGIONAL DEL DEPARTAMENTO DE PUNO;Puno;;;Puno | San Roman | ;Programas presupuestales;;;2681019;Proyecto de inversión;MEJORAMIENTO DEL SERVICIO DE EDUCACION SECUNDARIA EN I.E. JOSE OLAYA BALANDRA DISTRITO DE JULIACA DE LA PROVINCIA DE SAN ROMAN DEL DEPARTAMENTO DE PUNO;;5256354;Educación;Localizada en Puno;Sí;;No;7789915
6;ANEXO-6-2;128;858;Gobierno regional;458;GOBIERNO REGIONAL DEL DEPARTAMENTO DE PUNO;Puno;;;Puno | El Collao | ;Programas presupuestales;;;2681028;Proyecto de inversión;MEJORAMIENTO DEL SERVICIO DE EDUCACION SECUNDARIA EN I.E. JOSE CARLOS MARIATEGUI DISTRITO DE ILAVE DE LA PROVINCIA DE EL COLLAO DEL DEPARTAMENTO DE PUNO;;6325512;Educación;Localizada en Puno;Sí;;No;7789915
6;ANEXO-6-2;128;858;Gobierno regional;458;GOBIERNO REGIONAL DEL DEPARTAMENTO DE PUNO;Puno;;;Puno | Huancane | ;Programas presupuestales;;;2681029;Proyecto de inversión;MEJORAMIENTO DEL SERVICIO DE EDUCACION SECUNDARIA EN I.E. CESAR VALLEJO DISTRITO DE HUANCANE DE LA PROVINCIA DE HUANCANE DEL DEPARTAMENTO DE PUNO;;254845;Educación;Localizada en Puno;Sí;;No;7789915
6;ANEXO-6-2;128;858;Gobierno regional;458;GOBIERNO REGIONAL DEL DEPARTAMENTO DE PUNO;Puno;;;Puno | Manazo | ;Programas presupuestales;;;2681042;Proyecto de inversión;MEJORAMIENTO DEL SERVICIO DE EDUCACION SUPERIOR TECNOLOGICA EN EL INSTITUTO SUPERIOR TECNOLOGICO PUBLICA MAÑAZO DEL DISTRITO DE MAÑAZO DE LA PROVINCIA DE PUNO DEL DEPARTAMENTO DE PUNO;;575452;Educación;Localizada en Puno;Sí;;No;7789915
6;ANEXO-6-2;128;858;Gobierno regional;458;GOBIERNO REGIONAL DEL DEPARTAMENTO DE PUNO;Puno;;;Puno | Huancane | Huatasani | Inchupalla | ;Programas presupuestales;;;2681092;Proyecto de inversión;MEJORAMIENTO DEL SERVICIO DE TRANSITABILIDAD VIAL INTERURBANA EN LA CARRETERA EMP. PU 115: VIZCACHANI, - TOQUEPANI - LLOCOLLOCO - EMP. PU 115: INCHUPALLA DISTRITOS DE HUATASANI, INCHUPALLA DE LA PROVINCIA DE HUANCANE DEL DEPARTAMENTO DE PUNO;;310542;Transporte;Localizada en Puno;Sí;;No;7789915
6;ANEXO-6-2;128;858;Gobierno regional;458;GOBIERNO REGIONAL DEL DEPARTAMENTO DE PUNO;Puno;;;Puno | Chucuito | Zepita | Santa Rosa | Yunguyo | ;Programas presupuestales;;;2681096;Proyecto de inversión;MEJORAMIENTO DEL SERVICIO DE TRANSITABILIDAD VIAL INTERURBANA EN LA CARRETERA EMP. PE-3S (CHUA CHUA) - MOLINO - CHALLAPAMPA SANTA ROSA - EMP. PU-130 (TACAPISI), QUECCUANI - COPAN! DE LOS DISTRITOS DE ZEPITA, COPAN' DE LAS PROVINCIAS DE CHUCUITO, YUNGUYO DEL DEPARTAMENTO DE PUNO;;5285426;Transporte;Localizada en Puno;Sí;;No;7789915
6;ANEXO-6-2;128;858;Gobierno regional;458;GOBIERNO REGIONAL DEL DEPARTAMENTO DE PUNO;Puno;;;Puno | Lampa | Pucara | ;Programas presupuestales;;;2681264;Proyecto de inversión;MEJORAMIENTO DEL SERVICIO DE TRANSITABILIDAD VIAL INTERURBANA EN LA CARRETERA PU-727 (PUCARA - CHIJNAYA) DEL DISTRITO DE PUCARA DE LA PROVINCIA DE LAMPA DEL DEPARTAMENTO DE PUNO;;248565;Transporte;Localizada en Puno;Sí;;No;7789915
6;ANEXO-6-2;128;858;Gobierno regional;458;GOBIERNO REGIONAL DEL DEPARTAMENTO DE PUNO;Puno;;;Puno | El Collao | Santa Rosa | ;Programas presupuestales;;;2681358;Proyecto de inversión;MEJORAMIENTO Y AMPLIACION DEL SERVICIO DE PROVISION DE AGUA PARA RIEGO EN LOS SECTORES DE ALBERTONI Y AGUADA DE LA COMUNIDAD DE LLUSTA, DISTRITO DE SANTA ROSA DE LA PROVINCIA DE EL COLLAO DEL DEPARTAMENTO DE PUNO;;414813;Agropecuario y riego;Localizada en Puno;Sí;;No;7789915
6;ANEXO-6-2;128;858;Gobierno regional;458;GOBIERNO REGIONAL DEL DEPARTAMENTO DE PUNO;Puno;;;Puno | Vilque | Huancane | Cojata | Vilque Chico | ;Programas presupuestales;;;2682870;Proyecto de inversión;MEJORAMIENTO DEL SERVICIO DE TRANSITABILIDAD VIAL INTERURBANA EN LA CARRETERA EMP. PE 34L (PUENTE ANTAJARANI) - C.P. MACHACAMARCA YAPUTIRA, - C.P. HALLA - ALTOGRANDE - EMP. PU-148 (C.C. UMABAMBA) DISTRITOS DE VILQUE CHICO, COJATA DE LA PROVINCIA DE HUANCANE DEL DEPARTAMENTO DE PUNO;;358745;Transporte;Localizada en Puno;Sí;;No;7789915
6;ANEXO-6-2;128;858;Gobierno regional;458;GOBIERNO REGIONAL DEL DEPARTAMENTO DE PUNO;Puno;;;Puno | ;Programas presupuestales;;;2683535;Proyecto de inversión;MEJORAMIENTO DEL SERVICIO DE SEGURIDAD CIUDADANA LOCAL EN 73 UNIDADES PRODUCTORAS 73 DISTRITOS DE 11 PROVINCIAS DEL DEPARTAMENTO DE PUNO 11 218 816 PROVINCIAS DEL DEPARTAMENTO DE PUNO;;;Orden público y seguridad;Localizada en Puno;Sí;"Importe ilegible en el PDF; no se pudo recuperar por diferencia";No;7789915
6;ANEXO-6-2;128;858;Gobierno regional;458;GOBIERNO REGIONAL DEL DEPARTAMENTO DE PUNO;Puno;;;Puno | ;Programas presupuestales;;;2690009;Proyecto de inversión;"CONSTRUCCION DE LOSA DEPORTIVA; ADQUISICION DE EQUIPAMIENTO DE AULA DE INNOVACION PEDAGOGICA Y MOBILIARIO DE AULA DE INNOVACION PEDAGOGICA; EN EL(LA) I.E. 70064 SAN MARTIN DE FORRES DISTRITO DE PUNO, PROVINCIA PUNO, DEPARTAMENTO PUNO";;254874;Educación;Localizada en Puno;Sí;;No;7789915
6;ANEXO-6-2;128;858;Gobierno regional;458;GOBIERNO REGIONAL DEL DEPARTAMENTO DE PUNO;Puno;;;Puno | Azangaro | ;Programas presupuestales;;;2692317;Proyecto de inversión;"CONSTRUCCION DE PLATAFORMA Y DRENAJE TRANSVERSAL; REPARACION DE PLATAFORMA; ADQUISICION DE DISPOSITIVO DE CONTROL DE TRANSITO; EN EL(LA) CARRETERA PU-111 (EMP. JR. SULLANA - EMP. JR. LIMA) DISTRITO DE AZANGARO, PROVINCIA AZANGARO, DEPARTAMENTO PUNO";;254584;Transporte;Localizada en Puno;Sí;;No;7789915
6;ANEXO-6-2;128;858;Gobierno regional;458;GOBIERNO REGIONAL DEL DEPARTAMENTO DE PUNO;Puno;;;Puno | Azangaro | San Juan De Salinas | ;Programas presupuestales;;;2699544;Proyecto de inversión;"ADQUISICION DE EQUIPAMIENTO DE AULA; EN SIETE ILEE. INICIAL DISTRITO DE SAN JUAN DE SALINAS, PROVINCIA AZANGARO, DEPARTAMENTO PUNO";;23547;Sin clasificar;Localizada en Puno;Sí;;No;7789915
6;ANEXO-6-2;128;858;Gobierno regional;458;GOBIERNO REGIONAL DEL DEPARTAMENTO DE PUNO;Puno;;;Puno | Azangaro | San Juan De Salinas | ;Programas presupuestales;;;2699546;Proyecto de inversión;"ADQUISICION DE EQUIPAMIENTO DE AULA DE INNOVACION PEDAGOGICA; EN OCHO 'LEE. PRIMARIA DISTRITO DE SAN JUAN DE SALINAS, PROVINCIA AZANGARO, DEPARTAMENTO PUNO";;20886;Educación;Localizada en Puno;Sí;;No;7789915
6;ANEXO-6-2;128;858;Gobierno regional;458;GOBIERNO REGIONAL DEL DEPARTAMENTO DE PUNO;Puno;;;Puno | Azangaro | Saman | Huancane | ;Programas presupuestales;;;2710291;Proyecto de inversión;MEJORAMIENTO DEL SERVICIO DE TRANSITABILIDAD VIAL INTERURBANA EN LA CARRETERA SAMAN (EMP. PU 804) - JUCCHILLY (DV. CHUCARIP0),PESQUERIA (EMP. PU - 113), CHUCARIPO-TITIHUE (EMP. PU 154), DV. QUEJON MOCCO (EMP. PU - 804) - QUEJON MOCCO -HOCUATA DE LOS DISTRITOS DESAMAN, HUANCANE DE LAS PROVINCIAS DE AZANGARO, HUANCANE DEL DEPARTAMENTO DE PUNO;;7563584;Transporte;Localizada en Puno;Sí;;No;7789915
6;ANEXO-6-2;129;859;Gobierno regional;458;GOBIERNO REGIONAL DEL DEPARTAMENTO DE PUNO;Puno;;;;Acciones centrales;;;5000001;Actividad;PLANEAMIENTO Y PRESUPUESTO;;50036984;Planeamiento y gestión administrativa;Localizada en Puno;Sí;;No;7789915
6;ANEXO-6-2;129;859;Gobierno regional;458;GOBIERNO REGIONAL DEL DEPARTAMENTO DE PUNO;Puno;;;;Acciones centrales;;;5000002;Actividad;CONDUCCION Y ORIENTACION SUPERIOR;;6075348;Planeamiento y gestión administrativa;Localizada en Puno;Sí;;No;7789915
6;ANEXO-6-2;129;859;Gobierno regional;458;GOBIERNO REGIONAL DEL DEPARTAMENTO DE PUNO;Puno;;;;Acciones centrales;;;5000003;Actividad;GESTION ADMINISTRATIVA;;267911656;Planeamiento y gestión administrativa;Localizada en Puno;Sí;;No;7789915
6;ANEXO-6-2;129;859;Gobierno regional;458;GOBIERNO REGIONAL DEL DEPARTAMENTO DE PUNO;Puno;;;;Acciones centrales;;;5000004;Actividad;ASESORAMIENTO TECNICO Y JURIDICO;;568524;Planeamiento y gestión administrativa;Localizada en Puno;Sí;;No;7789915
6;ANEXO-6-2;129;859;Gobierno regional;458;GOBIERNO REGIONAL DEL DEPARTAMENTO DE PUNO;Puno;;;;Acciones centrales;;;5000005;Actividad;GESTION DE RECURSOS HUMANOS;;75994577;Planeamiento y gestión administrativa;Localizada en Puno;Sí;;No;7789915
6;ANEXO-6-2;129;859;Gobierno regional;458;GOBIERNO REGIONAL DEL DEPARTAMENTO DE PUNO;Puno;;;;Acciones centrales;;;5000006;Actividad;ACCIONES DE CONTROL Y AUDITORIA;;511927;Planeamiento y gestión administrativa;Localizada en Puno;Sí;;No;7789915
6;ANEXO-6-2;129;859;Gobierno regional;458;GOBIERNO REGIONAL DEL DEPARTAMENTO DE PUNO;Puno;;;;Acciones centrales;;;5000007;Actividad;DEFENSA JUDICIAL DEL ESTADO;;361356;Planeamiento y gestión administrativa;Localizada en Puno;Sí;;No;7789915
6;ANEXO-6-2;129;859;Gobierno regional;458;GOBIERNO REGIONAL DEL DEPARTAMENTO DE PUNO;Puno;;;;APNOP;;;5000376;Actividad;ADMINISTRACION DEUDA INTERNA;;389960;Sin clasificar;Localizada en Puno;Sí;;No;7789915
6;ANEXO-6-2;129;859;Gobierno regional;458;GOBIERNO REGIONAL DEL DEPARTAMENTO DE PUNO;Puno;;;;APNOP;;;5000377;Actividad;MEJORAMIENTO DE LA OFERTA DE LOS SERVICIOS DE SALUD;;106686;Salud;Localizada en Puno;Sí;;No;7789915
6;ANEXO-6-2;129;859;Gobierno regional;458;GOBIERNO REGIONAL DEL DEPARTAMENTO DE PUNO;Puno;;;;APNOP;;;5000395;Actividad;ACTIVIDAD REGULAR DE INMUNIZACIONES DE PERSONAS MAYORES DE 5 AÑOS;;2695;Sin clasificar;Localizada en Puno;Sí;;No;7789915
6;ANEXO-6-2;129;859;Gobierno regional;458;GOBIERNO REGIONAL DEL DEPARTAMENTO DE PUNO;Puno;;;;APNOP;;;5000398;Actividad;ACUICULTURA;;376278;Pesca;Localizada en Puno;Sí;;No;7789915
6;ANEXO-6-2;129;859;Gobierno regional;458;GOBIERNO REGIONAL DEL DEPARTAMENTO DE PUNO;Puno;;;;APNOP;;;5000438;Actividad;APOYO A LA COMUNIDAD;;293018;Sin clasificar;Localizada en Puno;Sí;;No;7789915
6;ANEXO-6-2;129;859;Gobierno regional;458;GOBIERNO REGIONAL DEL DEPARTAMENTO DE PUNO;Puno;;;;APNOP;;;5000453;Actividad;APOYO AL CIUDADANO CON DISCAPACIDAD;;665893;Salud;Localizada en Puno;Sí;;No;7789915
6;ANEXO-6-2;129;859;Gobierno regional;458;GOBIERNO REGIONAL DEL DEPARTAMENTO DE PUNO;Puno;;;;APNOP;;;5000455;Actividad;APOYO AL CIUDADANO Y A LA FAMILIA;;301083;Sin clasificar;Localizada en Puno;Sí;;No;7789915
6;ANEXO-6-2;129;859;Gobierno regional;458;GOBIERNO REGIONAL DEL DEPARTAMENTO DE PUNO;Puno;;;;APNOP;;;5000469;Actividad;APOYO ALIMENTARIO PARA GRUPOS EN RIESGO;;2742508;Sin clasificar;Localizada en Puno;Sí;;No;7789915
6;ANEXO-6-2;129;859;Gobierno regional;458;GOBIERNO REGIONAL DEL DEPARTAMENTO DE PUNO;Puno;;;;APNOP;;;5000486;Actividad;ASESORAMIENTO Y GESTION DEL MEDIO AMBIENTE;;567756;Sin clasificar;Localizada en Puno;Sí;;No;7789915
6;ANEXO-6-2;129;859;Gobierno regional;458;GOBIERNO REGIONAL DEL DEPARTAMENTO DE PUNO;Puno;;;;APNOP;;;5000500;Actividad;ATENCION BASICA DE SALUD;;11207025;Salud;Localizada en Puno;Sí;;No;7789915
6;ANEXO-6-2;129;859;Gobierno regional;458;GOBIERNO REGIONAL DEL DEPARTAMENTO DE PUNO;Puno;;;;APNOP;;;5000505;Actividad;ATENCION DE LA MUJER GESTANTE;;1013806;Salud;Localizada en Puno;Sí;;No;7789915
6;ANEXO-6-2;129;859;Gobierno regional;458;GOBIERNO REGIONAL DEL DEPARTAMENTO DE PUNO;Puno;;;;APNOP;;;5000514;Actividad;ATENCION INTEGRAL DE SALUD;;3258388;Salud;Localizada en Puno;Sí;;No;7789915
6;ANEXO-6-2;129;859;Gobierno regional;458;GOBIERNO REGIONAL DEL DEPARTAMENTO DE PUNO;Puno;;;;APNOP;;;5000515;Actividad;ATENCION INTEGRAL DE SALUD DE LAS POBLACIONES EXCLUIDAS Y DISPERSAS A NIVEL NACIONAL;;3740138;Salud;Localizada en Puno;Sí;;No;7789915
6;ANEXO-6-2;129;859;Gobierno regional;458;GOBIERNO REGIONAL DEL DEPARTAMENTO DE PUNO;Puno;;;;APNOP;;;5000538;Actividad;CAPACITACION Y PERFECCIONAMIENTO;;442114;Sin clasificar;Localizada en Puno;Sí;;No;7789915
6;ANEXO-6-2;129;859;Gobierno regional;458;GOBIERNO REGIONAL DEL DEPARTAMENTO DE PUNO;Puno;;;;APNOP;;;5000558;Actividad;COMUNICACION Y ATENCION AL USUARIO;;74021;Sin clasificar;Localizada en Puno;Sí;;No;7789915
6;ANEXO-6-2;129;859;Gobierno regional;458;GOBIERNO REGIONAL DEL DEPARTAMENTO DE PUNO;Puno;;;;APNOP;;;5000619;Actividad;CONTROL SANITARIO;;82938;Salud;Localizada en Puno;Sí;;No;7789915
6;ANEXO-6-2;129;859;Gobierno regional;458;GOBIERNO REGIONAL DEL DEPARTAMENTO DE PUNO;Puno;;;;APNOP;;;5000659;Actividad;DESARROLLO DE IA EDUCACION EN COLEGIOS EXPERIMENTALES;;600000;Educación;Localizada en Puno;Sí;;No;7789915
6;ANEXO-6-2;129;859;Gobierno regional;458;GOBIERNO REGIONAL DEL DEPARTAMENTO DE PUNO;Puno;;;;APNOP;;;5000661;Actividad;DESARROLLO DE LA EDUCACION LABORAL Y TECNICA;;20443365;Educación;Localizada en Puno;Sí;;No;7789915
6;ANEXO-6-2;129;859;Gobierno regional;458;GOBIERNO REGIONAL DEL DEPARTAMENTO DE PUNO;Puno;;;;APNOP;;;5000664;Actividad;DESARROLLO DE LA EDUCACION PRIMARIA DE ADULTOS;;362081;Educación;Localizada en Puno;Sí;;No;7789915
6;ANEXO-6-2;129;859;Gobierno regional;458;GOBIERNO REGIONAL DEL DEPARTAMENTO DE PUNO;Puno;;;;APNOP;;;5000666;Actividad;DESARROLLO DE LA EDUCACION SECUNDARIA DE ADULTOS;;2479821;Educación;Localizada en Puno;Sí;;No;7789915
6;ANEXO-6-2;129;859;Gobierno regional;458;GOBIERNO REGIONAL DEL DEPARTAMENTO DE PUNO;Puno;;;;APNOP;;;5000668;Actividad;DESARROLLO DE LA EDUCACION TECNICA;;40027609;Educación;Localizada en Puno;Sí;;No;7789915
6;ANEXO-6-2;129;859;Gobierno regional;458;GOBIERNO REGIONAL DEL DEPARTAMENTO DE PUNO;Puno;;;;APNOP;;;5000671;Actividad;DESARROLLO DE LA FORMACION DE ARTISTAS;;7024664;Sin clasificar;Localizada en Puno;Sí;;No;7789915
6;ANEXO-6-2;129;859;Gobierno regional;458;GOBIERNO REGIONAL DEL DEPARTAMENTO DE PUNO;Puno;;;;APNOP;;;5000674;Actividad;DESARROLLO DE LA PRODUCCION AGROPECUARIA;;6038016;Agropecuario y riego;Localizada en Puno;Sí;;No;7789915
6;ANEXO-6-2;129;859;Gobierno regional;458;GOBIERNO REGIONAL DEL DEPARTAMENTO DE PUNO;Puno;;;;APNOP;;;5000681;Actividad;DESARROLLO DEL CICLO AVANZADO DE LA EDUCACION BASICA ALTERNATIVA;;20186933;Educación;Localizada en Puno;Sí;;No;7789915
6;ANEXO-6-2;129;859;Gobierno regional;458;GOBIERNO REGIONAL DEL DEPARTAMENTO DE PUNO;Puno;;;;APNOP;;;5000682;Actividad;DESARROLLO DEL CICLO INICIAL DE LA EDUCACION BASICA ALTERNATIVA;;3601;Educación;Localizada en Puno;Sí;;No;7789915
6;ANEXO-6-2;129;859;Gobierno regional;458;GOBIERNO REGIONAL DEL DEPARTAMENTO DE PUNO;Puno;;;;APNOP;;;5000683;Actividad;DESARROLLO DEL CICLO INTERMEDIO DE LA EDUCACION BASICA ALTERNATIVA;;3926539;Educación;Localizada en Puno;Sí;;No;7789915
6;ANEXO-6-2;129;859;Gobierno regional;458;GOBIERNO REGIONAL DEL DEPARTAMENTO DE PUNO;Puno;;;;APNOP;;;5000688;Actividad;DESARROLLO ECONOMICO REGIONAL;;571826;Sin clasificar;Localizada en Puno;Sí;;No;7789915
6;ANEXO-6-2;130;860;Gobierno regional;458;GOBIERNO REGIONAL DEL DEPARTAMENTO DE PUNO;Puno;;;;APNOP;;;5000698;Actividad;DESARROLLO SOCIAL REGIONAL;;575412;Sin clasificar;Localizada en Puno;Sí;;No;7789915
6;ANEXO-6-2;130;860;Gobierno regional;458;GOBIERNO REGIONAL DEL DEPARTAMENTO DE PUNO;Puno;;;;APNOP;;;5000713;Actividad;DESLINDE Y TITULACION DE COMUNIDADES CAMPESINAS;;117081;Sin clasificar;Localizada en Puno;Sí;;No;7789915
6;ANEXO-6-2;130;860;Gobierno regional;458;GOBIERNO REGIONAL DEL DEPARTAMENTO DE PUNO;Puno;;;;APNOP;;;5000722;Actividad;DIRECCION Y GESTION;;808159;Sin clasificar;Localizada en Puno;Sí;;No;7789915
6;ANEXO-6-2;130;860;Gobierno regional;458;GOBIERNO REGIONAL DEL DEPARTAMENTO DE PUNO;Puno;;;;APNOP;;;5000723;Actividad;DISPONIBILIDAD DE ALIMENTOS CON CALIDAD NUTRICIONAL PARA LA POBLACION;;5946579;Salud;Localizada en Puno;Sí;;No;7789915
6;ANEXO-6-2;130;860;Gobierno regional;458;GOBIERNO REGIONAL DEL DEPARTAMENTO DE PUNO;Puno;;;;APNOP;;;5000730;Actividad;EDUCACION, INFORMACION Y COMUNICACION DE SALUD;;16406;Educación;Localizada en Puno;Sí;;No;7789915
6;ANEXO-6-2;130;860;Gobierno regional;458;GOBIERNO REGIONAL DEL DEPARTAMENTO DE PUNO;Puno;;;;APNOP;;;5000825;Actividad;GESTION DE LA INFRAESTRUCTURA;;834600;Sin clasificar;Localizada en Puno;Sí;;No;7789915
6;ANEXO-6-2;130;860;Gobierno regional;458;GOBIERNO REGIONAL DEL DEPARTAMENTO DE PUNO;Puno;;;;APNOP;;;5000830;Actividad;GESTION DE RESIDUOS SOLIDOS;;122996;Ambiente;Localizada en Puno;Sí;;No;7789915
6;ANEXO-6-2;130;860;Gobierno regional;458;GOBIERNO REGIONAL DEL DEPARTAMENTO DE PUNO;Puno;;;;APNOP;;;5000850;Actividad;GESTION OPERATIVA;;3018122;Sin clasificar;Localizada en Puno;Sí;;No;7789915
6;ANEXO-6-2;130;860;Gobierno regional;458;GOBIERNO REGIONAL DEL DEPARTAMENTO DE PUNO;Puno;;;;APNOP;;;5000859;Actividad;IDENTIFICACION, EVALUACION Y CONTROL DE RIESGOS Y DAÑOS EN SALUD OCUPACIONAL Y AMBIENTAL;;1759597;Salud;Localizada en Puno;Sí;;No;7789915
6;ANEXO-6-2;130;860;Gobierno regional;458;GOBIERNO REGIONAL DEL DEPARTAMENTO DE PUNO;Puno;;;;APNOP;;;5000861;Actividad;IMAGEN INSTITUCIONAL;;567142;Sin clasificar;Localizada en Puno;Sí;;No;7789915
6;ANEXO-6-2;130;860;Gobierno regional;458;GOBIERNO REGIONAL DEL DEPARTAMENTO DE PUNO;Puno;;;;APNOP;;;5000936;Actividad;MANTENIMIENTO DE INFRAESTRUCTURA PUBLICA;;1038853;Sin clasificar;Localizada en Puno;Sí;;No;7789915
6;ANEXO-6-2;130;860;Gobierno regional;458;GOBIERNO REGIONAL DEL DEPARTAMENTO DE PUNO;Puno;;;;APNOP;;;5000953;Actividad;MANTENIMIENTO Y REPARACION DE ESTABLECIMIENTOS DE SALUD;;2260839;Salud;Localizada en Puno;Sí;;No;7789915
6;ANEXO-6-2;130;860;Gobierno regional;458;GOBIERNO REGIONAL DEL DEPARTAMENTO DE PUNO;Puno;;;;APNOP;;;5000991;Actividad;OBLIGACIONES PREVISIONALES;;93674571;Previsión social;Localizada en Puno;Sí;;No;7789915
6;ANEXO-6-2;130;860;Gobierno regional;458;GOBIERNO REGIONAL DEL DEPARTAMENTO DE PUNO;Puno;;;;APNOP;;;5001022;Actividad;PLANEAMIENTO URBANO;;579509;Planeamiento y gestión administrativa;Localizada en Puno;Sí;;No;7789915
6;ANEXO-6-2;130;860;Gobierno regional;458;GOBIERNO REGIONAL DEL DEPARTAMENTO DE PUNO;Puno;;;;APNOP;;;5001031;Actividad;PRESERVACION Y DIFUSION DE ACERVOS BIBLIOGRAFICOS, DOCUMENTALES Y ARCHIVISTICOS;;1252174;Sin clasificar;Localizada en Puno;Sí;;No;7789915
6;ANEXO-6-2;130;860;Gobierno regional;458;GOBIERNO REGIONAL DEL DEPARTAMENTO DE PUNO;Puno;;;;APNOP;;;5001034;Actividad;PREVENCION DE RIESGOS Y DAÑOS PARA LA SALUD;;430282;Salud;Localizada en Puno;Sí;;No;7789915
6;ANEXO-6-2;130;860;Gobierno regional;458;GOBIERNO REGIONAL DEL DEPARTAMENTO DE PUNO;Puno;;;;APNOP;;;5001075;Actividad;PROMOCION DE LA SALUD;;730492;Salud;Localizada en Puno;Sí;;No;7789915
6;ANEXO-6-2;130;860;Gobierno regional;458;GOBIERNO REGIONAL DEL DEPARTAMENTO DE PUNO;Puno;;;;APNOP;;;5001093;Actividad;PROMOCION INDUSTRIAL;;158693;Sin clasificar;Localizada en Puno;Sí;;No;7789915
6;ANEXO-6-2;130;860;Gobierno regional;458;GOBIERNO REGIONAL DEL DEPARTAMENTO DE PUNO;Puno;;;;APNOP;;;5001095;Actividad;PROMOCION PESQUERA;;92448;Pesca;Localizada en Puno;Sí;;No;7789915
6;ANEXO-6-2;130;860;Gobierno regional;458;GOBIERNO REGIONAL DEL DEPARTAMENTO DE PUNO;Puno;;;;APNOP;;;5001122;Actividad;PROTECCION SOCIAL;;80000;Sin clasificar;Localizada en Puno;Sí;;No;7789915
6;ANEXO-6-2;130;860;Gobierno regional;458;GOBIERNO REGIONAL DEL DEPARTAMENTO DE PUNO;Puno;;;;APNOP;;;5001160;Actividad;SALUD OCUPACIONAL;;1179426;Salud;Localizada en Puno;Sí;;No;7789915
6;ANEXO-6-2;130;860;Gobierno regional;458;GOBIERNO REGIONAL DEL DEPARTAMENTO DE PUNO;Puno;;;;APNOP;;;5001171;Actividad;SEGURO INTEGRAL DE SALUD;;4600479;Salud;Localizada en Puno;Sí;;No;7789915
6;ANEXO-6-2;130;860;Gobierno regional;458;GOBIERNO REGIONAL DEL DEPARTAMENTO DE PUNO;Puno;;;;APNOP;;;5001189;Actividad;SERVICIOS DE APOYO AL DIAGNOSTICO Y TRATAMIENTO;;49227266;Salud;Localizada en Puno;Sí;;No;7789915
6;ANEXO-6-2;130;860;Gobierno regional;458;GOBIERNO REGIONAL DEL DEPARTAMENTO DE PUNO;Puno;;;;APNOP;;;5001195;Actividad;SERVICIOS GENERALES;;17274537;Sin clasificar;Localizada en Puno;Sí;;No;7789915
6;ANEXO-6-2;130;860;Gobierno regional;458;GOBIERNO REGIONAL DEL DEPARTAMENTO DE PUNO;Puno;;;;APNOP;;;5001204;Actividad;SISTEMA DE INFORMATICA Y COMUNICACIONES;;1063828;Sin clasificar;Localizada en Puno;Sí;;No;7789915
6;ANEXO-6-2;130;860;Gobierno regional;458;GOBIERNO REGIONAL DEL DEPARTAMENTO DE PUNO;Puno;;;;APNOP;;;5001205;Actividad;SISTEMA DE INFORMATICA Y TELECOMUNICACIONES;;1494969;Comunicaciones;Localizada en Puno;Sí;;No;7789915
6;ANEXO-6-2;130;860;Gobierno regional;458;GOBIERNO REGIONAL DEL DEPARTAMENTO DE PUNO;Puno;;;;APNOP;;;5001216;Actividad;SOSTENIBILIDAD DE LA PRODUCCION AGROPECUARIA;;62000;Agropecuario y riego;Localizada en Puno;Sí;;No;7789915
6;ANEXO-6-2;130;860;Gobierno regional;458;GOBIERNO REGIONAL DEL DEPARTAMENTO DE PUNO;Puno;;;;APNOP;;;5001228;Actividad;SUPERVISION Y CONTROL;;2863617;Sin clasificar;Localizada en Puno;Sí;;No;7789915
6;ANEXO-6-2;130;860;Gobierno regional;458;GOBIERNO REGIONAL DEL DEPARTAMENTO DE PUNO;Puno;;;;APNOP;;;5001253;Actividad;TRANSFERENCIA DE RECURSOS PARA LA EJECUCION DE PROYECTOS DE INVERSION;;121069;Sin clasificar;Localizada en Puno;Sí;;No;7789915
6;ANEXO-6-2;130;860;Gobierno regional;458;GOBIERNO REGIONAL DEL DEPARTAMENTO DE PUNO;Puno;;;;APNOP;;;5001285;Actividad;VIGILANCIA Y CONTROL DEL MEDIO AMBIENTE;;602822;Sin clasificar;Localizada en Puno;Sí;;No;7789915
6;ANEXO-6-2;130;860;Gobierno regional;458;GOBIERNO REGIONAL DEL DEPARTAMENTO DE PUNO;Puno;;;;APNOP;;;5001286;Actividad;VIGILANCIA Y CONTROL EPIDEMIOLOGICO;;2164560;Sin clasificar;Localizada en Puno;Sí;;No;7789915
6;ANEXO-6-2;130;860;Gobierno regional;458;GOBIERNO REGIONAL DEL DEPARTAMENTO DE PUNO;Puno;;;;APNOP;;;5001561;Actividad;ATENCION DE EMERGENCIAS Y URGENCIAS;;10181752;Sin clasificar;Localizada en Puno;Sí;;No;7789915
6;ANEXO-6-2;130;860;Gobierno regional;458;GOBIERNO REGIONAL DEL DEPARTAMENTO DE PUNO;Puno;;;;APNOP;;;5001562;Actividad;ATENCION EN CONSULTAS EXTERNAS;;51056559;Sin clasificar;Localizada en Puno;Sí;;No;7789915
6;ANEXO-6-2;130;860;Gobierno regional;458;GOBIERNO REGIONAL DEL DEPARTAMENTO DE PUNO;Puno;;;;APNOP;;;5001563;Actividad;ATENCION EN HOSPITALIZACION;;53622144;Salud;Localizada en Puno;Sí;;No;7789915
6;ANEXO-6-2;130;860;Gobierno regional;458;GOBIERNO REGIONAL DEL DEPARTAMENTO DE PUNO;Puno;;;;APNOP;;;5001564;Actividad;INTERVENCIONES QUIRURGICAS;;24409029;Sin clasificar;Localizada en Puno;Sí;;No;7789915
6;ANEXO-6-2;130;860;Gobierno regional;458;GOBIERNO REGIONAL DEL DEPARTAMENTO DE PUNO;Puno;;;;APNOP;;;5001565;Actividad;MANTENIMIENTO Y REPARACION DE EQUIPO;;1142416;Sin clasificar;Localizada en Puno;Sí;;No;7789915
6;ANEXO-6-2;131;861;Gobierno regional;458;GOBIERNO REGIONAL DEL DEPARTAMENTO DE PUNO;Puno;;;;APNOP;;;5001566;Actividad;OTRAS ATENCIONES DE SALUD ESPECIALIZADAS;;277894;Salud;Localizada en Puno;Sí;;No;7789915
6;ANEXO-6-2;131;861;Gobierno regional;458;GOBIERNO REGIONAL DEL DEPARTAMENTO DE PUNO;Puno;;;;APNOP;;;5001568;Actividad;ATENCION DE CUIDADOS INTENSIVOS;;3145752;Sin clasificar;Localizada en Puno;Sí;;No;7789915
6;ANEXO-6-2;131;861;Gobierno regional;458;GOBIERNO REGIONAL DEL DEPARTAMENTO DE PUNO;Puno;;;;APNOP;;;5001569;Actividad;COMERCIALIZACION DE MEDICAMENTOS E INSUMOS;;11928745;Salud;Localizada en Puno;Sí;;No;7789915
6;ANEXO-6-2;131;861;Gobierno regional;458;GOBIERNO REGIONAL DEL DEPARTAMENTO DE PUNO;Puno;;;;APNOP;;;5001859;Actividad;BRINDAR APOYO AL DIAGNOSTICO POR IMAGENES;;175734;Salud;Localizada en Puno;Sí;;No;7789915
6;ANEXO-6-2;131;861;Gobierno regional;458;GOBIERNO REGIONAL DEL DEPARTAMENTO DE PUNO;Puno;;;;APNOP;;;5001860;Actividad;BRINDAR APOYO EN DIAGNOSTICO DE LABORATORIO;;1602520;Salud;Localizada en Puno;Sí;;No;7789915
6;ANEXO-6-2;131;861;Gobierno regional;458;GOBIERNO REGIONAL DEL DEPARTAMENTO DE PUNO;Puno;;;;APNOP;;;5001867;Actividad;BRINDAR UNA ADECUADA DISPENSACION DE MEDICAMENTOS Y PRODUCTOS FARMACEUTICOS;;2966171;Salud;Localizada en Puno;Sí;;No;7789915
6;ANEXO-6-2;131;861;Gobierno regional;458;GOBIERNO REGIONAL DEL DEPARTAMENTO DE PUNO;Puno;;;;APNOP;;;5001924;Actividad;DESARROLLO DE LA EDUCACION BASICA ALTERNATIVA;;89619;Educación;Localizada en Puno;Sí;;No;7789915
6;ANEXO-6-2;131;861;Gobierno regional;458;GOBIERNO REGIONAL DEL DEPARTAMENTO DE PUNO;Puno;;;;APNOP;;;5001933;Actividad;DESARROLLO DE LA PROMOCION ESCOLAR, CULTURA Y DEPORTE;;1041335;Cultura y deporte;Localizada en Puno;Sí;;No;7789915
6;ANEXO-6-2;131;861;Gobierno regional;458;GOBIERNO REGIONAL DEL DEPARTAMENTO DE PUNO;Puno;;;;APNOP;;;5001949;Actividad;DIRECCION Y GESTION REGIONAL;;822313;Sin clasificar;Localizada en Puno;Sí;;No;7789915
6;ANEXO-6-2;131;861;Gobierno regional;458;GOBIERNO REGIONAL DEL DEPARTAMENTO DE PUNO;Puno;;;;APNOP;;;5002266;Actividad;SERVICIO DE ALQUILER DE MAQUINARIA AGRICOLA Y PESADA;;356600;Agropecuario y riego;Localizada en Puno;Sí;;No;7789915
6;ANEXO-6-2;131;861;Gobierno regional;458;GOBIERNO REGIONAL DEL DEPARTAMENTO DE PUNO;Puno;;;;APNOP;;;5003934;Actividad;MEJORA EN LA GESTION DE LAS INSTITUCIONES EDUCATIVAS;;2147364;Educación;Localizada en Puno;Sí;;No;7789915
6;ANEXO-6-2;131;861;Gobierno regional;458;GOBIERNO REGIONAL DEL DEPARTAMENTO DE PUNO;Puno;;;;APNOP;;;5004429;Actividad;DESINFECCION Y/0 TRATAMIENTO DEL AGUA PARA EL CONSUMO HUMANO;;2435609;Salud;Localizada en Puno;Sí;;No;7789915
6;ANEXO-6-2;131;861;Gobierno regional;458;GOBIERNO REGIONAL DEL DEPARTAMENTO DE PUNO;Puno;;;;APNOP;;;5005326;Actividad;INTERVENCIONES DE COMUNICACION PARA EL CUIDADO INFANTIL Y PREVENCION DE ANEMIA Y DESNUTRICION CRONICA INFANTIL;;587405;Salud;Localizada en Puno;Sí;;No;7789915
6;ANEXO-6-2;131;861;Gobierno regional;458;GOBIERNO REGIONAL DEL DEPARTAMENTO DE PUNO;Puno;;;;APNOP;;;5005387;Actividad;MEJORAMIENTO Y ATENCION A LAS PERSONAS CON DISCAPACIDAD;;300000;Salud;Localizada en Puno;Sí;;No;7789915
6;ANEXO-6-2;131;861;Gobierno regional;458;GOBIERNO REGIONAL DEL DEPARTAMENTO DE PUNO;Puno;;;;APNOP;;;5005467;Actividad;MANTENIMIENTO PARA EQUIPAMIENTO E INFRAESTRUCTURA HOSPITALARIA;;15364074;Salud;Localizada en Puno;Sí;;No;7789915
6;ANEXO-6-2;131;861;Gobierno regional;458;GOBIERNO REGIONAL DEL DEPARTAMENTO DE PUNO;Puno;;;;APNOP;;;5005692;Actividad;DESARROLLO DE SERVICIOS PEDAGÓGICOS ESPECIALIZADOS;;151239;Educación;Localizada en Puno;Sí;;No;7789915
6;ANEXO-6-2;131;861;Gobierno regional;458;GOBIERNO REGIONAL DEL DEPARTAMENTO DE PUNO;Puno;;;;APNOP;;;5006267;Actividad;FORTALECIMIENTO INSTITUCIONAL DE LAS UGEL;;131152;Educación;Localizada en Puno;Sí;;No;7789915
6;ANEXO-6-2;131;861;Gobierno regional;458;GOBIERNO REGIONAL DEL DEPARTAMENTO DE PUNO;Puno;;;;APNOP;;;5006374;Actividad;SUPERVISIÓN A INSTITUCIONES EDUCATIVAS PRIVADAS;;333968;Educación;Localizada en Puno;Sí;;No;7789915
6;ANEXO-6-2;131;861;Gobierno regional;458;GOBIERNO REGIONAL DEL DEPARTAMENTO DE PUNO;Puno;;;;APNOP;;;5006427;Actividad;VIGILANCIA DE LA CALIDAD DEL AGUA PARA CONSUMO HUMANO EN EL AMBITO URBANO Y RURAL (HOGARES DISPERSOS);;130183;Sin clasificar;Localizada en Puno;Sí;;No;7789915
6;ANEXO-6-2;131;861;Gobierno regional;458;GOBIERNO REGIONAL DEL DEPARTAMENTO DE PUNO;Puno;;;;APNOP;;;2016766;Proyecto de inversión;INICIATIVA A LA COMPETITIVIDAD;;10698630;Turismo y comercio;Localizada en Puno;Sí;;No;7789915
6;ANEXO-6-2;131;861;Gobierno regional;458;GOBIERNO REGIONAL DEL DEPARTAMENTO DE PUNO;Puno;;;Puno | Azangaro | ;APNOP;;;2163853;Proyecto de inversión;MEJORAMIENTO DEL ESTADIO MUNICIPAL CESAR RAUL CARRERA DEL DISTRITO DE AZANGARO, PROVINCIA DE AZANGARO - PUNO;;1345765;Sin clasificar;Localizada en Puno;Sí;;No;7789915
6;ANEXO-6-2;131;861;Gobierno regional;458;GOBIERNO REGIONAL DEL DEPARTAMENTO DE PUNO;Puno;;;Puno | ;APNOP;;;2187217;Proyecto de inversión;MEJORAMIENTO DE LA CADENA DE VALOR DE LA FIBRA DE ALPACA EN LA REGION PUNO;;188781;Sin clasificar;Localizada en Puno;Sí;;No;7789915
6;ANEXO-6-2;131;861;Gobierno regional;458;GOBIERNO REGIONAL DEL DEPARTAMENTO DE PUNO;Puno;;;Puno | El Collao | San Roman | ;APNOP;;;2230619;Proyecto de inversión;MEJORAMIENTO DE LA PRODUCCION Y PRODUCTIVIDAD DE LAS MYPE DE LAS PRINCIPALES LINEAS DE PRODUCCION EN LAS PROVINCIAS DE PUNO, SAN ROMAN Y EL COLLAO DE LA REGION PUNO;;77681;Turismo y comercio;Localizada en Puno;Sí;;No;7789915
6;ANEXO-6-2;131;861;Gobierno regional;458;GOBIERNO REGIONAL DEL DEPARTAMENTO DE PUNO;Puno;;;Puno | Manazo | ;APNOP;;;2290342;Proyecto de inversión;MEJORAMIENTO DE LA CAPACIDAD RESOLUTIVA DE LOS SERVICIOS DEL PUESTO DE SALUD I- 1 DEL CENTRO POBLADO DE CARI CARI DEL DISTRITO DE MAÑAZO - PROVINCIA DE PUNO - DEPARTAMENTO DE PUNO;;47336;Salud;Localizada en Puno;Sí;;No;7789915
6;ANEXO-6-2;131;861;Gobierno regional;458;GOBIERNO REGIONAL DEL DEPARTAMENTO DE PUNO;Puno;;;Puno | Carabaya | Corani | ;APNOP;;;2308220;Proyecto de inversión;MEJORAMIENTO DE LA CAPACIDAD RESOLUTIVA DEL PUESTO DE SALUD DE AYMAÑA DEL CENTRO POBLADO DE AYMAÑA DEL DISTRITO DE CORANI - PROVINCIA DE CARABAYA - DEPARTAMENTO DE PUNO;;5128392;Salud;Localizada en Puno;Sí;;No;7789915
6;ANEXO-6-2;131;861;Gobierno regional;458;GOBIERNO REGIONAL DEL DEPARTAMENTO DE PUNO;Puno;;;Puno | San Roman | ;APNOP;;;2323700;Proyecto de inversión;MEJORAMIENTO DEL SERVICIO EDUCATIVO DE LAS CARRERAS DE PRODUCCION, AUTOMOTRIZ, MINERIA, CONTABILIDAD, COMPUTACION, SECRETARIADO, ENFERMERIA, LABORATORIO CLINICO Y PROTESIS DENTAL DEL 1ST MANUEL NUÑEZ BUTRON, JULIACA, SAN ROMAN - PUNO;;638376;Educación;Localizada en Puno;Sí;;No;7789915
6;ANEXO-6-2;131;861;Gobierno regional;458;GOBIERNO REGIONAL DEL DEPARTAMENTO DE PUNO;Puno;;;Puno | Melgar | ;APNOP;;;2335880;Proyecto de inversión;MEJORAMIENTO DEL SERVICIO EDUCATIVO DE LAS CARRERAS DE CONTABILIDAD, ENFERMERIA TECNICA, COMPUTACION E INFORMATICA, INDUSTRIA ALIMENTARIA Y PRODUCCION AGROPECUARIA DEL ISEPA, PROVINCIA DE MELGAR - PUNO;;1254673;Agropecuario y riego;Localizada en Puno;Sí;;No;7789915
6;ANEXO-6-2;131;861;Gobierno regional;458;GOBIERNO REGIONAL DEL DEPARTAMENTO DE PUNO;Puno;;;Puno | ;APNOP;;;2343538;Proyecto de inversión;CREACION DE LOS SERVICIOS DE PROMOCION DEL COMERCIO EXTERIOR EN LA ZEEDE PUNO - REGION DE PUNO;;580909;Turismo y comercio;Localizada en Puno;Sí;;No;7789915
6;ANEXO-6-2;131;861;Gobierno regional;458;GOBIERNO REGIONAL DEL DEPARTAMENTO DE PUNO;Puno;;;Puno | ;APNOP;;;2357089;Proyecto de inversión;MEJORAMIENTO DE LOS SERVICIOS DEL CENTRO DE SALUD ESTRATEGICO SIMON BOLIVAR CATEGORIA 1-4 RED DE SALUD PUNO, DISTRITO PUNO - PROVINCIA DE PUNO - REGION PUNO DISTRITO DE PUNO - PROVINCIA DE PUNO - DEPARTAMENTO DE PUNO;;14587856;Salud;Localizada en Puno;Sí;;No;7789915
6;ANEXO-6-2;132;862;Gobierno regional;458;GOBIERNO REGIONAL DEL DEPARTAMENTO DE PUNO;Puno;;;Puno | Coata | ;APNOP;;;2357091;Proyecto de inversión;MEJORAMIENTO DE LA CAPACIDAD RESOLUTIVA DEL CENTRO DE SALUD COATA 1-3 DE LA MICRORED JAE, RED DE SALUD PUNO - DIRESA PUNO, - DISTRITO DE COATA - PROVINCIA DE PUNO - REGION PUNO;;10255200;Salud;Localizada en Puno;Sí;;No;7789915
6;ANEXO-6-2;132;862;Gobierno regional;458;GOBIERNO REGIONAL DEL DEPARTAMENTO DE PUNO;Puno;;;Puno | Huancane | Cojata | ;APNOP;;;2357092;Proyecto de inversión;MEJORAMIENTO DE LA CAPACIDAD RESOLUTIVA DEL CENTRO DE SALUD COJATA 1-4, DE LA MICRO RED COJATA, RED DE SALUD HUANCANE, DIRESA PUNO, DISTRITO DE COJATA - PROVINCIA DE HUANCANE - DEPARTAMENTO DE PUNO;;10256256;Salud;Localizada en Puno;Sí;;No;7789915
6;ANEXO-6-2;132;862;Gobierno regional;458;GOBIERNO REGIONAL DEL DEPARTAMENTO DE PUNO;Puno;;;Puno | Huancane | ;APNOP;;;2357330;Proyecto de inversión;MEJORAMIENTO DEL SERVICIO EDUCATIVO DE LAS CARRERAS DE PRODUCCION AGROPECUARIA, MECANICA DE PRODUCC1ON, COMPUTACION E INFORMATICA, ENFERMERIA TECNICA EN EL INSTITUTO SUPERIOR TECNOLOGICO PUBLICO DE HUANCANE DISTRITO DE HUANCANE - PROVINCIA DE HUANCANE - DEPARTAMENTO DE PUNO;;4806839;Agropecuario y riego;Localizada en Puno;Sí;;No;7789915
6;ANEXO-6-2;132;862;Gobierno regional;458;GOBIERNO REGIONAL DEL DEPARTAMENTO DE PUNO;Puno;;;Puno | Lampa | ;APNOP;;;2427364;Proyecto de inversión;MEJORAMIENTO DE LOS SERVICIOS DE SALUD DEL HOSPITAL ANTONIO BARRIONUEVO DISTRITO DE LAMPA - PROVINCIA DE LAMPA - DEPARTAMENTO DE PUNO;;12720369;Salud;Localizada en Puno;Sí;;No;7789915
6;ANEXO-6-2;132;862;Gobierno regional;458;GOBIERNO REGIONAL DEL DEPARTAMENTO DE PUNO;Puno;;;Puno | San Roman | San Miguel | ;APNOP;;;2435272;Proyecto de inversión;MEJORAMIENTO Y AMPLIACION DE LOS SERVICIOS DE SALUD DEL CENTRO DE SALUD LA REVOLUCION (NIVEL 1-4) DISTRITO DE SAN MIGUEL - PROVINCIA DE SAN ROMAN - DEPARTAMENTO DE PUNO;;14587598;Salud;Localizada en Puno;Sí;;No;7789915
6;ANEXO-6-2;132;862;Gobierno regional;458;GOBIERNO REGIONAL DEL DEPARTAMENTO DE PUNO;Puno;;;Puno | Lampa | Palca | ;APNOP;;;2436751;Proyecto de inversión;MEJORAMIENTO DE LOS SERVICIOS DE SALUD EN EL CENTRO DE SALUD PALCA DE LA LOCALIDAD DE PALCA DEL DISTRITO DE PALCA - PROVINCIA DE LAMPA - DEPARTAMENTO DE PUNO;;1068562;Salud;Localizada en Puno;Sí;;No;7789915
6;ANEXO-6-2;132;862;Gobierno regional;458;GOBIERNO REGIONAL DEL DEPARTAMENTO DE PUNO;Puno;;;Puno | El Collao | Pilcuyo | ;APNOP;;;2451529;Proyecto de inversión;MEJORAMIENTO DEL SERVICIO DE SALUD EN EL CENTRO DE SALUD PILCUYO DE LA MICRORED PILCUYO, RED DE SALUD EL COLLAO, DEL DISTRITO DE PILCUYO - PROVINCIA DE EL COLLAO - DEPARTAMENTO DE PUNO;;5987564;Salud;Localizada en Puno;Sí;;No;7789915
6;ANEXO-6-2;132;862;Gobierno regional;458;GOBIERNO REGIONAL DEL DEPARTAMENTO DE PUNO;Puno;;;Puno | Yunguyo | ;APNOP;;;2470517;Proyecto de inversión;MEJORAMIENTO DE LOS SERVICIOS DE SALUD DEL CENTRO DE SALUD COPAN] DE LA MICRO RED COPANI, RED DE SALUD YUNGUYO, DISTRITO DE COPAN] - PROVINCIA DE YUNGUYO - DEPARTAMENTO DE PUNO;;8258658;Salud;Localizada en Puno;Sí;;No;7789915
6;ANEXO-6-2;132;862;Gobierno regional;458;GOBIERNO REGIONAL DEL DEPARTAMENTO DE PUNO;Puno;;;Puno | Chucuito | Kelluyo | ;APNOP;;;2476464;Proyecto de inversión;MEJORAMIENTO Y AMPLIACION DE LOS SERVICIOS DE SALUD DEL CENTRO DE SALUD KELLUYO DEL DISTRITO DE KELLUYO - PROVINCIA DE CHUCUITO - DEPARTAMENTO DE PUNO;;8587485;Salud;Localizada en Puno;Sí;;No;7789915
6;ANEXO-6-2;132;862;Gobierno regional;458;GOBIERNO REGIONAL DEL DEPARTAMENTO DE PUNO;Puno;;;Puno | Huancane | Taraco | ;APNOP;;;2490087;Proyecto de inversión;MEJORAMIENTO Y AMPLIACION DE LOS SERVICIOS DE SALUD DEL ESTABLECIMIENTO DE SALUD NIVEL 1-4 DE LA LOCALIDAD DE TARACO, DISTRITO DE TARACO - PROVINCIA DE HUANCANE- DEPARTAMENTO DE PUNO;;12443559;Salud;Localizada en Puno;Sí;;No;7789915
6;ANEXO-6-2;132;862;Gobierno regional;458;GOBIERNO REGIONAL DEL DEPARTAMENTO DE PUNO;Puno;;;Puno | Melgar | Umachiri | ;APNOP;;;2494039;Proyecto de inversión;MEJORAMIENTO Y AMPLIACION DE LOS SERVICIOS DE SALUD EN EL ESTABLECIMIENTO DE SALUD UMACHIRI CATEGORIA 1-2 DEL DISTRITO DE UMACHIRI - PROVINCIA DE MELGAR - DEPARTAMENTO DE PUNO;;65844;Salud;Localizada en Puno;Sí;;No;7789915
6;ANEXO-6-2;132;862;Gobierno regional;458;GOBIERNO REGIONAL DEL DEPARTAMENTO DE PUNO;Puno;;;Puno | Yunguyo | ;APNOP;;;2504553;Proyecto de inversión;MEJORAMIENTO DEL SERVICIO DE SALUD EN EL CENTRO DE SALUD YANAPATA DE LA MICRO RED COPANI, RED DE SALUD YUNGUYO, DISTRITO DE YUNGUYO - PROVINCIA DE YUNGUYO - DEPARTAMENTO DE PUNO;;933429;Salud;Localizada en Puno;Sí;;No;7789915
6;ANEXO-6-2;132;862;Gobierno regional;458;GOBIERNO REGIONAL DEL DEPARTAMENTO DE PUNO;Puno;;;Puno | Carabaya | San Gaban | ;APNOP;;;2517448;Proyecto de inversión;MEJORAMIENTO DEL SERVICIO DE SALUD EN EL CENTRO DE SALUD SAN GABAN, DISTRITO DE SAN GABAN - PROVINCIA DE CARABAYA - DEPARTAMENTO DE PUNO;;1474000;Salud;Localizada en Puno;Sí;;No;7789915
6;ANEXO-6-2;132;862;Gobierno regional;458;GOBIERNO REGIONAL DEL DEPARTAMENTO DE PUNO;Puno;;;Puno | Carabaya | ;APNOP;;;2521936;Proyecto de inversión;MEJORAMIENTO Y AMPLIACION DEL SERVICIO DE EDUCACION SUPERIOR TECNOLOGICA EN EL INSTITUTO SUPERIOR TECNOLOGICO PUBLICO DE MACUSANI DISTRITO DE MACUSANI - PROVINCIA DE CARABAYA - DEPARTAMENTO DE PUNO;;60001;Educación;Localizada en Puno;Sí;;No;7789915
6;ANEXO-6-2;132;862;Gobierno regional;458;GOBIERNO REGIONAL DEL DEPARTAMENTO DE PUNO;Puno;;;Puno | San Antonio | San Antonio De Putina | ;APNOP;;;2535611;Proyecto de inversión;MEJORAMIENTO Y AMPLIACION DEL SERVICIO DE EDUCACION SUPERIOR TECNOLOGICO PUBLICO EN EL INSTITUTO ANDRES AVELINO CACERES DISTRITO DE PUTINA - PROVINCIA DE SAN ANTONIO DE PUTINA - DEPARTAMENTO DE PUNO;;1410563;Educación;Localizada en Puno;Sí;;No;7789915
6;ANEXO-6-2;132;862;Gobierno regional;458;GOBIERNO REGIONAL DEL DEPARTAMENTO DE PUNO;Puno;;;Puno | Chucuito | ;APNOP;;;2539673;Proyecto de inversión;MEJORAMIENTO Y AMPLIACION DEL SERVICIO DE EDUCACION SUPERIOR TECNOLOGICA EN EL INSTITUTO SUPERIOR TECNOLOGICO PUBLICO DE JULL DISTRITO DE JULI - PROVINCIA DE CHUCUITO - DEPARTAMENTO DE PUNO;;14558623;Educación;Localizada en Puno;Sí;;No;7789915
6;ANEXO-6-2;132;862;Gobierno regional;458;GOBIERNO REGIONAL DEL DEPARTAMENTO DE PUNO;Puno;;;Puno | San Roman | ;APNOP;;;2551456;Proyecto de inversión;MEJORAMIENTO DE LOS SERVICIOS DE SALUD DEL CENTRO DE SALUD GUADALUPE, DISTRITO DE JULIACA - PROVINCIA DE SAN ROMAN - DEPARTAMENTO DE PUNO;;14256987;Salud;Localizada en Puno;Sí;;No;7789915
6;ANEXO-6-2;132;862;Gobierno regional;458;GOBIERNO REGIONAL DEL DEPARTAMENTO DE PUNO;Puno;;;Puno | ;APNOP;;;2555837;Proyecto de inversión;"REPARACION DE CAMPO DEPORTIVO; ADQUISICION DE EQUIPO NO DEPORTIVO PARA INSTALACIONES DEPORTIVAS: EN EL(LA) ESTADIO ENRIQUE TORRES BELON DISTRITO DE PUNO, PROVINCIA PUNO, DEPARTAMENTO PUNO";;1876545;Cultura y deporte;Localizada en Puno;Sí;;No;7789915
6;ANEXO-6-2;132;862;Gobierno regional;458;GOBIERNO REGIONAL DEL DEPARTAMENTO DE PUNO;Puno;;;Puno | Carabaya | ;APNOP;;;2567368;Proyecto de inversión;"ADQUISICION DE MAMOGRAFO; EN EL(LA) EESS SAN MARTIN DE P. (MACUSANI) - MACUSANI DISTRITO DE MACUSANI, PROVINCIA CARABAYA, DEPARTAMENTO PUNO";;2971;Sin clasificar;Localizada en Puno;Sí;;No;7789915
6;ANEXO-6-2;132;862;Gobierno regional;458;GOBIERNO REGIONAL DEL DEPARTAMENTO DE PUNO;Puno;;;Puno | Yunguyo | Ollaraya | ;APNOP;;;2570943;Proyecto de inversión;MEJORAMIENTO Y AMPLIACION DE LOS SERVICIOS DE SALUD DEL ESTABLECIMIENTO DE SALUD OLLARAYA, DISTRITO DE OLLARAYA - PROVINCIA DE YUNGUYO - DEPARTAMENTO DE PUNO;;7462800;Salud;Localizada en Puno;Sí;;No;7789915
6;ANEXO-6-2;132;862;Gobierno regional;458;GOBIERNO REGIONAL DEL DEPARTAMENTO DE PUNO;Puno;;;Puno | Azangaro | Chupa | ;APNOP;;;2578405;Proyecto de inversión;MEJORAMIENTO Y AMPLIACION DEL SERVICIO DE ATENCION DE SALUD BASICOS EN CHUPA - CHUPA DISTRITO DE CHUPA DE LA PROVINCIA DE AZANGARO DEL DEPARTAMENTO DE T 898 542 PUNO;;7898542;Salud;Localizada en Puno;Sí;Importe recuperado por diferencia contra la subsección;No;7789915
6;ANEXO-6-2;133;863;Gobierno regional;458;GOBIERNO REGIONAL DEL DEPARTAMENTO DE PUNO;Puno;;;Puno | ;APNOP;;;2592407;Proyecto de inversión;MEJORAMIENTO DE LOS SERVICIOS OPERATIVOS O MISIONALES INSTITUCIONALES EN LA OFICINA DE EQUIPO MECANICO DEL GOBIERNO REGIONAL PUNO DISTRITO DE PUNO DE LA PROVINCIA DE PUNO DEL DEPARTAMENTO DE PUNO;;1000000;Sin clasificar;Localizada en Puno;Sí;;No;7789915
6;ANEXO-6-2;133;863;Gobierno regional;458;GOBIERNO REGIONAL DEL DEPARTAMENTO DE PUNO;Puno;;;Puno | ;APNOP;;;2593683;Proyecto de inversión;"REPARACION DE PISTA DE ATLETISMO (COMPETENCIA); ADQUISICION DE TORRE DE ILUMINACION; EN EL(LA) ESTADIO ENRIQUE TORRES BELON DEL DISTRITO DE PUNO, PROVINCIA PUNO, DEPARTAMENTO PUNO";;2089685;Sin clasificar;Localizada en Puno;Sí;;No;7789915
6;ANEXO-6-2;133;863;Gobierno regional;458;GOBIERNO REGIONAL DEL DEPARTAMENTO DE PUNO;Puno;;;Puno | Azangaro | Asillo | ;APNOP;;;2594994;Proyecto de inversión;MEJORAMIENTO Y AMPLIACION DEL SERVICIO DE ATENCION DE SALUD BASICOS EN ASILLO DISTRITO DE ASILLO DE LA PROVINCIA DE AZANGARO DEL DEPARTAMENTO DE PUNO;;8562546;Salud;Localizada en Puno;Sí;;No;7789915
6;ANEXO-6-2;133;863;Gobierno regional;458;GOBIERNO REGIONAL DEL DEPARTAMENTO DE PUNO;Puno;;;Puno | Sandia | ;APNOP;;;2599489;Proyecto de inversión;"CONSTRUCCION DE CONSULTORIO; ADQUISICION DE EQUIPOS BIOMEDICOS Y MOBILIARIO CLINICO; EN EL(LA) HOSPITAL SANDIA DISTRITO DE SANDIA, PROVINCIA SANDIA, DEPARTAMENTO PUNO";;8803099;Salud;Localizada en Puno;Sí;;No;7789915
6;ANEXO-6-2;133;863;Gobierno regional;458;GOBIERNO REGIONAL DEL DEPARTAMENTO DE PUNO;Puno;;;Puno | Yunguyo | ;APNOP;;;2600443;Proyecto de inversión;"ADQUISICION DE SISTEMA DE CIRUGIA LAPAROSCOPICA, TOMOGRAFO, MESA DE OPERACIONES HIDRAULICA/ELECTRICA Y LAMPARA QUIRURGICA DE TECHO; ADEMAS DE OTROS ACTIVOS EN EL(LA) YUNGUYO DISTRITO DE YUNGUYO, PROVINCIA YUNGUYO, DEPARTAMENTO PUNO";;64020;Salud;Localizada en Puno;Sí;;No;7789915
6;ANEXO-6-2;133;863;Gobierno regional;458;GOBIERNO REGIONAL DEL DEPARTAMENTO DE PUNO;Puno;;;Puno | ;APNOP;;;2603155;Proyecto de inversión;MEJORAMIENTO DE LOS SERVICIOS DE APOYO AL DESARROLLO PRODUCTIVO EN 37 UNIDADES PRODUCTORAS 37 DISTRITOS DE 11 PROVINCIAS DEL DEPARTAMENTO DE PUNO;;4950944;Sin clasificar;Localizada en Puno;Sí;;No;7789915
6;ANEXO-6-2;133;863;Gobierno regional;458;GOBIERNO REGIONAL DEL DEPARTAMENTO DE PUNO;Puno;;;Puno | San Roman | ;APNOP;;;2611144;Proyecto de inversión;"ADQUISICION DE ANALIZADOR DE GASES Y ELECTROLITOS, ASPIRADOR DE SECRECIONES, BOMBA DE INFUSION Y COCHE DE PARO EQUIPADO; ADEMAS DE OTROS ACTIVOS EN EL(LA) CARLOS MONJE MEDRANO DISTRITO DE JUL1ACA, PROVINCIA SAN ROMAN, DEPARTAMENTO PUNO";;177809;Sin clasificar;Localizada en Puno;Sí;;No;7789915
6;ANEXO-6-2;133;863;Gobierno regional;458;GOBIERNO REGIONAL DEL DEPARTAMENTO DE PUNO;Puno;;;Puno | ;APNOP;;;2613817;Proyecto de inversión;"ADQUISICION DE ECOCARDIOGRAFO, ARCO EN C, BOMBA DE INFUSION Y EQUIPO ECOGRAFO; ADEMAS DE OTROS ACTIVOS EN SIETE ESTABLECIMIENTOS DE SALUD 11.1 A NIVEL DEPARTAMENTAL (PUNO)";;31681;Salud;Localizada en Puno;Sí;;No;7789915
6;ANEXO-6-2;133;863;Gobierno regional;458;GOBIERNO REGIONAL DEL DEPARTAMENTO DE PUNO;Puno;;;Puno | ;APNOP;;;2616977;Proyecto de inversión;"ADQUISICION DE MAQUINA PERFORADORA; EN EL(LA) REGION PUNO - PROGRAMA REGIONAL DE RIEGO Y DRENAJE, PARA LA EXPLORACION Y CAPTACION DE AGUAS SUBTERRANEAS MEDIANTE POZOS TUBULARES PARA RIEGO, EN EL DISTRITO DE PUNO, PROVINCIA PUNO, DEPARTAMENTO PUNO";;27160;Agropecuario y riego;Localizada en Puno;Sí;;No;7789915
6;ANEXO-6-2;133;863;Gobierno regional;458;GOBIERNO REGIONAL DEL DEPARTAMENTO DE PUNO;Puno;;;Puno | Lampa | Cabanilla | ;APNOP;;;2623878;Proyecto de inversión;MEJORAMIENTO DEL SERVICIO DE ATENCION DE SALUD BASICOS EN CABANILLA DISTRITO DE CABANILLA DE LA PROVINCIA DE LAMPA DEL DEPARTAMENTO DE PUNO;;7005844;Salud;Localizada en Puno;Sí;;No;7789915
6;ANEXO-6-2;133;863;Gobierno regional;458;GOBIERNO REGIONAL DEL DEPARTAMENTO DE PUNO;Puno;;;Puno | Pichacani | ;APNOP;;;2623879;Proyecto de inversión;MEJORAMIENTO DEL SERVICIO DE ATENCION DE SALUD BASICOS EN LARAQUERI DISTRITO DE PICHACANI DE LA PROVINCIA DE PUNO DEL DEPARTAMENTO DE PUNO;;7021584;Salud;Localizada en Puno;Sí;;No;7789915
6;ANEXO-6-2;133;863;Gobierno regional;458;GOBIERNO REGIONAL DEL DEPARTAMENTO DE PUNO;Puno;;;Puno | San Roman | ;APNOP;;;2639523;Proyecto de inversión;"ADQUISICION DE TOMOGFIAFO COMPUTARIZADO MULTICORTE; EN EL(LA) CARLOS MONJE MEDRANO DISTRITO DE JULIACA, PROVINCIA SAN ROMAN, DEPARTAMENTO PUNO";;27636;Sin clasificar;Localizada en Puno;Sí;;No;7789915
6;ANEXO-6-2;133;863;Gobierno regional;458;GOBIERNO REGIONAL DEL DEPARTAMENTO DE PUNO;Puno;;;Puno | Lampa | Pucara | ;APNOP;;;2649778;Proyecto de inversión;MEJORAMIENTO DEL SERVICIO DE ATENCION DE SALUD BASICOS EN CHIJNAYA DISTRITO DE PUCARA DE LA PROVINCIA DE LAMPA DEL DEPARTAMENTO DE PUNO;;1543234;Salud;Localizada en Puno;Sí;;No;7789915
6;ANEXO-6-2;133;863;Gobierno regional;458;GOBIERNO REGIONAL DEL DEPARTAMENTO DE PUNO;Puno;;;Puno | Huancane | ;APNOP;;;2649780;Proyecto de inversión;MEJORAMIENTO DEL SERVICIO DE ATENCION DE SALUD BASICOS EN ACOCOLLO DISTRITO DE HUANCANE DE LA PROVINCIA DE HUANCANE DEL DEPARTAMENTO DE PUNO;;254525;Salud;Localizada en Puno;Sí;;No;7789915
6;ANEXO-6-2;133;863;Gobierno regional;458;GOBIERNO REGIONAL DEL DEPARTAMENTO DE PUNO;Puno;;;Puno | Chucuito | Huacullani | ;APNOP;;;2649788;Proyecto de inversión;MEJORAMIENTO DEL SERVICIO DE ATENCION DE SALUD BASICOS EN CALLAZA DISTRITO DE HUACULLANI DE LA PROVINCIA DE CHUCUITO DEL DEPARTAMENTO DE PUNO;;1543466;Salud;Localizada en Puno;Sí;;No;7789915
6;ANEXO-6-2;133;863;Gobierno regional;458;GOBIERNO REGIONAL DEL DEPARTAMENTO DE PUNO;Puno;;;Puno | Chucuito | ;APNOP;;;2649789;Proyecto de inversión;MEJORAMIENTO DEL SERVICIO DE ATENCION DE SALUD BASICOS EN CALLACAMI DISTRITO DE JULI DE LA PROVINCIA DE CHUCUITO DEL DEPARTAMENTO DE PUNO;;1525657;Salud;Localizada en Puno;Sí;;No;7789915
6;ANEXO-6-2;133;863;Gobierno regional;458;GOBIERNO REGIONAL DEL DEPARTAMENTO DE PUNO;Puno;;;Puno | San Antonio | San Antonio De Putina | ;APNOP;;;2650340;Proyecto de inversión;"ADQUISICION DE MESA DE OPERACIONES HIDRAULICAJELECTRICA, ESTERILIZADOR CON GENERADOR ELECTRICO DE VAPOR (INS), EQUIPOS BIOMEDICOS Y COCHE DE PARO; ADEMAS DE OTROS ACTIVOS EN EL(LA) PUTINA DISTRITO DE PUTINA, PROVINCIA SAN ANTONIO DE PUTINA, DEPARTAMENTO PUNO";;2508625;Salud;Localizada en Puno;Sí;;No;7789915
6;ANEXO-6-2;133;863;Gobierno regional;458;GOBIERNO REGIONAL DEL DEPARTAMENTO DE PUNO;Puno;;;Puno | Moho | ;APNOP;;;2657043;Proyecto de inversión;MEJORAMIENTO Y AMPLIACION DEL SERVICIO DE ATENCION DE SALUD BASICOS EN MOHO DISTRITO DE MOHO DE LA PROVINCIA DE MOHO DEL DEPARTAMENTO DE PUNO;;12000000;Salud;Localizada en Puno;Sí;;No;7789915
6;ANEXO-6-2;133;863;Gobierno regional;458;GOBIERNO REGIONAL DEL DEPARTAMENTO DE PUNO;Puno;;;;APNOP;;;2658446;Proyecto de inversión;PROYECTOS PARA EL DESARROLLO LOCAL;;26964739;Planeamiento y gestión administrativa;Localizada en Puno;Sí;;No;7789915
6;ANEXO-6-2;133;863;Gobierno regional;458;GOBIERNO REGIONAL DEL DEPARTAMENTO DE PUNO;Puno;;;Puno | Melgar | ;APNOP;;;2684838;Proyecto de inversión;MEJORAMIENTO Y AMPLIACION DEL SERVICIO DE LIMPIEZA PUBLICA EN 7 UNIDADES PRODUCTORAS 7 DISTRITOS DE LA PROVINCIA DE MELGAR DEL DEPARTAMENTO DE PUNO;;164792;Ambiente;Localizada en Puno;Sí;;No;7789915
6;ANEXO-6-2;133;863;Gobierno regional;458;GOBIERNO REGIONAL DEL DEPARTAMENTO DE PUNO;Puno;;;Puno | ;APNOP;;;2685431;Proyecto de inversión;"ADQUISICION DE AMBULANCIA URBANA, CAMIONETA, CAMION PLATAFORMA Y CAMION CISTERNA; ADEMAS DE OTROS ACTIVOS EN CINCO COMPAÑIA DE BOMBEROS A NIVEL DEPARTAMENTAL (PUNO)";;6902686;Sin clasificar;Localizada en Puno;Sí;;No;7789915
6;ANEXO-6-2;133;863;Gobierno regional;458;GOBIERNO REGIONAL DEL DEPARTAMENTO DE PUNO;Puno;;;Puno | Lampa | ;APNOP;;;2691682;Proyecto de inversión;ADQUISICION DE MESA DE OPERACIONES HIDRAULICNELECTRICA, EQUIPO ECOGRAFO - ULTRASONIDO, EQUIPO ECOGRAFO Y ELECTROENCEFALOGRAFO, ADEMAS DE OTROS ACTIVOS EN EL(LA) ANTONIO BARRIONUEVO (LAMPA) DISTRITO DE LAMPA, PROVINCIA LAMPA, DEPARTAMENTO PUNO;;29240;Salud;Localizada en Puno;Sí;;No;7789915
6;ANEXO-6-2;133;863;Gobierno regional;458;GOBIERNO REGIONAL DEL DEPARTAMENTO DE PUNO;Puno;;;Puno | Carabaya | ;APNOP;;;2692290;Proyecto de inversión;"ADQUISICION DE EQUIPO DE ANESTESIA, VENTILADOR MECANICO, SISTEMA DE CIRUGIA LAPAROSCOPICA Y SISTEMA DE VIDEO GASTROENDOSCOPIA; ADEMAS DE OTROS ACTIVOS EN EL(LA) HOSPITAL SAN MARTIN DE PORRES DISTRITO DE MACUSANI, PROVINCIA CARABAYA, DEPARTAMENTO PUNO";;1124828;Salud;Localizada en Puno;Sí;;No;7789915
6;ANEXO-6-2;133;863;Gobierno regional;458;GOBIERNO REGIONAL DEL DEPARTAMENTO DE PUNO;Puno;;;Puno | Santa Rosa | Melgar | ;APNOP;;;2693367;Proyecto de inversión;"ADQUISICION DE EQUIPO DE ANESTESIA, ELECTROBISTURI, ELECTROBISTURI Y ELECTROBISTURI; ADEMAS DE OTROS ACTIVOS EN EL(LA) SAN JUAN DE DIOS (AYAVIRI) JR SANTA ROSA DISTRITO DE AYAVIRI, PROVINCIA MELGAR, DEPARTAMENTO PUNO";;66882;Salud;Localizada en Puno;Sí;;No;7789915
6;ANEXO-6-2;134;864;Gobierno regional;458;GOBIERNO REGIONAL DEL DEPARTAMENTO DE PUNO;Puno;;;Puno | ;APNOP;;;2694246;Proyecto de inversión;"ADQUISICION DE MAMOGRAFO, COLONOVIDEOENDOSCOPIO, MESA DE OPERACIONES HIDRAULICA/ELECTRICA Y CALDERO; ADEMAS DE OTROS ACTIVOS EN EL(LA) HOSPITAL REGIONAL MANUEL NUÑEZ BUTRON HOSPITAL REGIONAL MANUEL NUÑEZ BUTRON DISTRITO DE PUNO, PROVINCIA PUNO, DEPARTAMENTO PUNO";;22487;Salud;Localizada en Puno;Sí;;No;7789915
6;ANEXO-6-2;134;864;Gobierno regional;458;GOBIERNO REGIONAL DEL DEPARTAMENTO DE PUNO;Puno;;;Puno | San Roman | ;APNOP;;;2697841;Proyecto de inversión;MEJORAMIENTO Y AMPLIACION DE ATENCION DE SERVICIOS DE SALUD HOSPITALARIOS EN CARLOS MONJE MEDRANO DISTRITO DE JULIACA DE LA PROVINCIA DE SAN ROMAN DEL DEPARTAMENTO DE PUNO;;10636987;Salud;Localizada en Puno;Sí;;No;7789915
6;ANEXO-6-2;134;864;Gobierno regional;458;GOBIERNO REGIONAL DEL DEPARTAMENTO DE PUNO;Puno;;;Puno | Sandia | ;APNOP;;;2699927;Proyecto de inversión;"CONSTRUCCION DE INSTALACIONES EXTERIORES DE SERVICIOS BASICOS Y CASA DE FUERZA; EN EL(LA) HOSPITAL SANDIA EN EL CENTRO POBLADO SANDIA, DISTRITO DE SANDIA, PROVINCIA SANDIA, DEPARTAMENTO PUNO";;978654;Salud;Localizada en Puno;Sí;;No;7789915
6;ANEXO-6-2;134;864;Gobierno regional;458;GOBIERNO REGIONAL DEL DEPARTAMENTO DE PUNO;Puno;;;Puno | ;APNOP;;;2711034;Proyecto de inversión;"ADQUISICION DE ESTERILIZADOR; EN SIETE ESTABLECIMIENTOS DE SALUD 11.1, ESTABLECIMIENTOS DE SALUD 11.2 DISTRITO DE PUNO, PROVINCIA PUNO, DEPARTAMENTO PUNO";;3757795;Salud;Localizada en Puno;Sí;;No;7789915
5;ANEXO-5-1;33;99;Gobierno nacional;003;M. DE CULTURA;;;;Puno | Chucuito | ;Programas presupuestales;;;2496607;Proyecto de inversión;RECUPERACION DEL SERVICIO DE INTERPRETACION CULTURAL DEL TEMPLO SANTA CRUZ DE JERUSALEN DE JULI, DISTRITO DE JULI - PROVINCIA DE CHUCUITO - DEPARTAMENTO DE PUNO;;2000000;Cultura y deporte;Localizada en Puno;Sí;;No aplica;
5;ANEXO-5-1;40;106;Gobierno nacional;004;PODER JUDICIAL;;;;Puno | San Roman | ;APNOP;;;2022637;Proyecto de inversión;MEJORAMIENTO DE LOS SERVICIOS DE ADMINISTRACION DE JUSTICIA DE LOS ORGANOS JURISDICCIONALES DE LA PROVINCIA DE SAN ROMAN - DEPARTAMENTO DE PUNO;;327276;Justicia;Localizada en Puno;Sí;;No aplica;
5;ANEXO-5-1;44;110;Gobierno nacional;005;M. DEL AMBIENTE;;;;Puno | ;Programas presupuestales;;;2160590;Proyecto de inversión;GESTION DEL PROGRAMA Y OTROS: PROGRAMA DE DESARROLLO DE SISTEMAS DE GESTION DE RESIDUOS SOLIDOS EN ZONAS PRIORITARIAS DE: PUNO, PIURA, ANCASH, TUMBES, APURIMAC, ICA, HUANUCO, PUERTO MALDONADO, SAN MARTIN, JUNIN, LAMBAYEQUE, LORETO, AYACUCHO, AMAZONAS, LIMA Y PASCO;;109249;Ambiente;Multidepartamental, incluye Puno;Sí;;No aplica;
5;ANEXO-5-1;44;110;Gobierno nacional;005;M. DEL AMBIENTE;;;;Puno | El Collao | ;Programas presupuestales;;;2167493;Proyecto de inversión;AMPLIACION Y MEJORAMIENTO DE LA GESTION INTEGRAL DE LOS RESIDUOS SOLIDOS MUNICIPALES EN LA CIUDAD DE ILAVE, PROVINCIA DE EL COLLAO - PUNO;;300000;Ambiente;Localizada en Puno;Sí;;No aplica;
5;ANEXO-5-1;44;110;Gobierno nacional;005;M. DEL AMBIENTE;;;;Puno | San Roman | Cabana | Cabanillas | Caracoto | ;Programas presupuestales;;;2336972;Proyecto de inversión;AMPLIACION Y MEJORAMIENTO DE LA GESTION INTEGRAL DE RESIDUOS SOLIDOS MUNICIPALES EN LA CIUDAD DE JULIACA Y ADECUADO SERVICIO DE DISPOSICION FINAL DE RESIDUOS SOLIDOS DE LAS CIUDADES DE CABANA, CABANILLAS Y CARACOTO, PROVINCIA DE SAN ROMAN - PUNO;;3387109;Ambiente;Localizada en Puno;Sí;;No aplica;
5;ANEXO-5-1;44;110;Gobierno nacional;005;M. DEL AMBIENTE;;;;Puno | ;Programas presupuestales;;;2354347;Proyecto de inversión;RECUPERACION DE LAS POBLACIONES DE LA ESPECIE SURI (RHEA PENNATA) EN LAS REGIONES PUNO, MOQUEGUA Y TACNA, Y EN EL ACR VILACOTA MAURE - DISTRITO DE TICACO - PROVINCIA DE TARATA - REGION TACNA;;6078472;Ambiente;Multidepartamental, incluye Puno;Sí;;No aplica;
5;ANEXO-5-1;58;124;Gobierno nacional;006;M. DE JUSTICIA Y DERECHOS HUMANOS;;;;Puno | ;Programas presupuestales;;;2159429;Proyecto de inversión;REHABILITACION INTEGRAL Y AMPLIACION DE LA CAPACIDAD DE ALBERGUE DEL ESTABLECIMIENTO PENITENCIARIO DE PUNO;;100000;Justicia;Localizada en Puno;Sí;;No aplica;
5;ANEXO-5-1;63;129;Gobierno nacional;067;SUPERINTENDENCIA NACIONAL DE LOS REGISTROS PUBLICOS;;;;Puno | San Roman | ;Programas presupuestales;;;2548869;Proyecto de inversión;"ADQUISICION DE SWITCH, ESTACION DE TRABAJO, HARDWARE GENERAL Y SISTEMA ININTERRUMPIDO DE ENERGIA (UPS); ADEMAS DE OTROS ACTIVOS EN EL(LA) OFICINA REGISTRAL JULIACA DE LA ZONA REGISTRAL N° XIII SEDE TACNA DISTRITO DE JULIACA, PROVINCIA SAN ROMAN, DEPARTAMENTO PUNO";;202375;Justicia;Localizada en Puno;Sí;;No aplica;
5;ANEXO-5-1;98;164;Gobierno nacional;010;M. DE EDUCACION;;;;Puno | Azangaro | ;Programas presupuestales;;;2538005;Proyecto de inversión;MEJORAMIENTO Y AMPLIACION DEL SERVICIO DE EDUCACION SUPERIOR PEDAGOGICA EN I.S.P.P. DE AZANGARO, DISTRITO DE AZANGARO - PROVINCIA DE AZANGARO - DEPARTAMENTO DE PUNO;;22953916;Educación;Localizada en Puno;Sí;;No aplica;
5;ANEXO-5-1;100;166;Gobierno nacional;010;M. DE EDUCACION;;;;Puno | ;APNOP;;;2111208;Proyecto de inversión;REHABILITACION, REMODELACION Y EQUIPAMIENTO DE LA INFRAESTRUCTURA EDUCATIVA DE LA I.E. SAN CARLOS, DISTRITO DE PUNO, PROVINCIA DE PUNJO, REGION PUNO;;1327809;Educación;Localizada en Puno;Sí;;No aplica;
5;ANEXO-5-1;101;167;Gobierno nacional;010;M. DE EDUCACION;;;;Puno | Melgar | ;APNOP;;;2131616;Proyecto de inversión;REHABILITACION Y REMODELACION DE LA INFRAESTRUCTURA EDUCATIVA Y EQUIPAMIENTO DE LA INSTITUCION EDUCATIVA NUESTRA SEÑORA DE ALTA GRACIA UBICADA EN LA REGION DE PUNO, PROVINCIA DE MELGAR Y DISTRITO DE AYAVIRI;;4155970;Educación;Localizada en Puno;Sí;;No aplica;
5;ANEXO-5-1;102;168;Gobierno nacional;010;M. DE EDUCACION;;;;Puno | Santa Rosa | Melgar | ;APNOP;;;2353850;Proyecto de inversión;CREACION DEL SERVICIO DE LABORATORIOS EN BIOTECNOLOGIAS PARA CAMELIDOS SUDAMERICANOS EN EL CIP LA RAYA DE LA UNIVERSIDAD NACIONAL DEL ALTIPLANO - PUNO DISTRITO DE SANTA ROSA- PROVINCIA DE MELGAR - DEPARTAMENTO DE PUNO;;36191419;Educación;Localizada en Puno;Sí;;No aplica;
5;ANEXO-5-1;104;170;Gobierno nacional;010;M. DE EDUCACION;;;;Puno | Carabaya | ;APNOP;;;2480537;Proyecto de inversión;MEJORAMIENTO DE LA PRESTACION DE SERVICIOS EDUCATIVOS DEL NIVEL PRIMARIA DE LA INSTITUCION EDUCATIVA 73002 GLORIOSO 821 DISTRITO DE MACUSANI - PROVINCIA DE CARABAYA - DEPARTAMENTO DE PUNO;;565801;Educación;Localizada en Puno;Sí;;No aplica;
5;ANEXO-5-1;104;170;Gobierno nacional;010;M. DE EDUCACION;;;;Puno | Azangaro | ;APNOP;;;2480603;Proyecto de inversión;MEJORAMIENTO DE LA PRESTACION DE SERVICIOS EDUCATIVOS DEL NIVEL SECUNDARIA DE LA INSTITUCION EDUCATIVA PEDRO VILCAPAZA UBICADO EN EL DISTRITO DE AZANGARO - PROVINCIA DE AZANGARO - DEPARTAMENTO DE PUNO;;160647;Educación;Localizada en Puno;Sí;;No aplica;
5;ANEXO-5-1;104;170;Gobierno nacional;010;M. DE EDUCACION;;;;Puno | Huancane | ;APNOP;;;2480681;Proyecto de inversión;MEJORAMIENTO DE LA PRESTACION DE SERVICIOS EDUCATIVOS DEL NIVEL SECUNDARIA DE LA INSTITUCION EDUCATIVA VARONES UBICADO EN EL DISTRITO DE HUANCANE - PROVINCIA DE HUANCANE - DEPARTAMENTO DE PUNO;;158930;Educación;Localizada en Puno;Sí;;No aplica;
5;ANEXO-5-1;105;171;Gobierno nacional;010;M. DE EDUCACION;;;;Puno | Chucuito | ;APNOP;;;2488993;Proyecto de inversión;MEJORAMIENTO DEL SERVICIO DE EDUCACION SECUNDARIA DE LA I.E. TELESFORO CATACORA JULI DEL DISTRITO DE JULI - PROVINCIA DE CHUCUITO - DEPARTAMENTO DE PUNO;;183793;Educación;Localizada en Puno;Sí;;No aplica;
5;ANEXO-5-1;105;171;Gobierno nacional;010;M. DE EDUCACION;;;;Puno | Yunguyo | ;APNOP;;;2489002;Proyecto de inversión;MEJORAMIENTO DEL SERVICIO EDUCATIVO DEL NIVEL INICIAL Y SECUNDARIA DE LA INSTITUCION EDUCATIVA JOSE GALVEZ UBICADO EN EL YUNGUYO DEL DISTRITO DE YUNGUYO - PROVINCIA DE YUNGUYO - DEPARTAMENTO DE PUNO;;890417;Educación;Localizada en Puno;Sí;;No aplica;
5;ANEXO-5-1;105;171;Gobierno nacional;010;M. DE EDUCACION;;;;Puno | Chucuito | Desaguadero | ;APNOP;;;2489010;Proyecto de inversión;MEJORAMIENTO DE LOS SERVICIOS EDUCATIVOS NIVEL INICIAL Y SECUNDARIA DE LA INSTITUCION EDUCATIVA TAWANTINSUYO UBICADO EN EL DISTRITO DE DESAGUADERO - PROVINCIA DE CHUCUITO - DEPARTAMENTO DE PUNO;;269807;Educación;Localizada en Puno;Sí;;No aplica;
5;ANEXO-5-1;136;202;Gobierno nacional;520;U.N. DEL ALTIPLANO;Puno;;;;Programas presupuestales;;3000001 ACCIONES COMUNES;5000276;Actividad;GESTION DEL PROGRAMA;;25237404;Planeamiento y gestión administrativa;Localizada en Puno;Sí;;Sí;0
5;ANEXO-5-1;136;202;Gobierno nacional;520;U.N. DEL ALTIPLANO;Puno;;;;Programas presupuestales;;3000001 ACCIONES COMUNES;5003032;Actividad;SEGUIMIENTO Y EVALUACION DEL PROGRAMA;;20000;Planeamiento y gestión administrativa;Localizada en Puno;Sí;;Sí;0
5;ANEXO-5-1;136;202;Gobierno nacional;520;U.N. DEL ALTIPLANO;Puno;;;;Programas presupuestales;;3000001 ACCIONES COMUNES;5005854;Actividad;ACREDITACION DE CARRERAS PROFESIONALES;;1170000;Planeamiento y gestión administrativa;Localizada en Puno;Sí;;Sí;0
5;ANEXO-5-1;136;202;Gobierno nacional;520;U.N. DEL ALTIPLANO;Puno;;;;Programas presupuestales;;3000001 ACCIONES COMUNES;5005855;Actividad;FORTALECIMIENTO INSTITUCIONAL DE LAS UNIVERSIDADES;;150000;Educación;Localizada en Puno;Sí;;Sí;0
5;ANEXO-5-1;136;202;Gobierno nacional;520;U.N. DEL ALTIPLANO;Puno;;;;Programas presupuestales;;3000784 DOCENTES CON ADECUADAS COMPETENCIAS;5005856;Actividad;SELECCION DOCENTE;;120000;Educación;Localizada en Puno;Sí;;Sí;0
5;ANEXO-5-1;136;202;Gobierno nacional;520;U.N. DEL ALTIPLANO;Puno;;;;Programas presupuestales;;3000784 DOCENTES CON ADECUADAS COMPETENCIAS;5005857;Actividad;EJERCICIO DE LA DOCENCIA UNIVERSITARIA;;133710874;Educación;Localizada en Puno;Sí;;Sí;0
5;ANEXO-5-1;136;202;Gobierno nacional;520;U.N. DEL ALTIPLANO;Puno;;;;Programas presupuestales;;3000784 DOCENTES CON ADECUADAS COMPETENCIAS;5005858;Actividad;EVALUACION DE DOCENTES;;20000;Educación;Localizada en Puno;Sí;;Sí;0
5;ANEXO-5-1;136;202;Gobierno nacional;520;U.N. DEL ALTIPLANO;Puno;;;;Programas presupuestales;;3000784 DOCENTES CON ADECUADAS COMPETENCIAS;5005859;Actividad;CAPACITACION DOCENTE;;360000;Educación;Localizada en Puno;Sí;;Sí;0
5;ANEXO-5-1;136;202;Gobierno nacional;520;U.N. DEL ALTIPLANO;Puno;;;;Programas presupuestales;;3000785 PROGRAMAS CURRICULARES ADECUADOS;5005860;Actividad;GESTION CURRICULAR;;460000;Sin clasificar;Localizada en Puno;Sí;;Sí;0
5;ANEXO-5-1;136;202;Gobierno nacional;520;U.N. DEL ALTIPLANO;Puno;;;;Programas presupuestales;;3000785 PROGRAMAS CURRICULARES ADECUADOS;5005861;Actividad;FOMENTO DE LA INVESTIGACION FORMATIVA;;160000;Educación;Localizada en Puno;Sí;;Sí;0
5;ANEXO-5-1;136;202;Gobierno nacional;520;U.N. DEL ALTIPLANO;Puno;;;;Programas presupuestales;;3000786 SERVICIOS ADECUADOS DE APOYO AL ESTUDIANTE;5005862;Actividad;APOYO ACADEMICO;;2953004;Educación;Localizada en Puno;Sí;;Sí;0
5;ANEXO-5-1;136;202;Gobierno nacional;520;U.N. DEL ALTIPLANO;Puno;;;;Programas presupuestales;;3000786 SERVICIOS ADECUADOS DE APOYO AL ESTUDIANTE;5005863;Actividad;BIENESTAR Y ASISTENCIA SOCIAL;;4080839;Educación;Localizada en Puno;Sí;;Sí;0
5;ANEXO-5-1;136;202;Gobierno nacional;520;U.N. DEL ALTIPLANO;Puno;;;;Programas presupuestales;;3000786 SERVICIOS ADECUADOS DE APOYO AL ESTUDIANTE;5005864;Actividad;SERVICIOS EDUCACIONALES COMPLEMENTARIOS;;295000;Educación;Localizada en Puno;Sí;;Sí;0
5;ANEXO-5-1;136;202;Gobierno nacional;520;U.N. DEL ALTIPLANO;Puno;;;;Programas presupuestales;;3000797 INFRAESTRUCTURA Y EQUIPAMIENTO ADECUADOS;5006047;Actividad;MANTENIMIENTO Y OPERACION DE LA INFRAESTRUCTURA Y EQUIPAMIENTO;;1200400;Sin clasificar;Localizada en Puno;Sí;;Sí;0
5;ANEXO-5-1;136;202;Gobierno nacional;520;U.N. DEL ALTIPLANO;Puno;;;Puno | ;Programas presupuestales;;;2178712;Proyecto de inversión;CONSTRUCCION DEL COMPLEJO DEPORTIVO UNIVERSITARIO EN LA CIUDAD UNIVERSITARIA - PUNO;;100000;Educación;Localizada en Puno;Sí;;Sí;0
5;ANEXO-5-1;136;202;Gobierno nacional;520;U.N. DEL ALTIPLANO;Puno;;;;Programas presupuestales;;;2341636;Proyecto de inversión;MEJORAMIENTO DEL SERVICIO DE FORMACION ACADEMICA EN LA FACULTAD DE INGENIERIA GEOLOGICA Y METALURGICA DE LA UNIVERSIDAD NACIONAL DEL ALTIPLANO;;100000;Educación;Localizada en Puno;Sí;;Sí;0
5;ANEXO-5-1;136;202;Gobierno nacional;520;U.N. DEL ALTIPLANO;Puno;;;Puno | ;Programas presupuestales;;;2526890;Proyecto de inversión;MEJORAMIENTO DEL SERVICIO DE FORMACION PROFESIONAL EN LA ESCUELA PROFESIONAL DE CIENCIAS CONTABLES DE LA UNIVERSIDAD NACIONAL DEL ALTIPLANO, DISTRITO DE PUNO - PROVINCIA DE PUNO - DEPARTAMENTO DE PUNO;;1800000;Educación;Localizada en Puno;Sí;;Sí;0
5;ANEXO-5-1;136;202;Gobierno nacional;520;U.N. DEL ALTIPLANO;Puno;;;Puno | ;Programas presupuestales;;;2540304;Proyecto de inversión;MEJORAMIENTO Y AMPLIACION DEL SERVICIO DE EXTENSION CULTURAL, PROYECCION SOCIAL Y EDUCACION CONTINUA EN EDUCACION SUPERIOR UNIVERSITARIA DEL AUDITORIO MAGNO DE LA DIRECCION DE PROYECCION SOCIAL Y EXTENSION CULTURAL DE LA UNIVERSIDAD NACIONAL DEL ALTIPLANO DEL DISTRITO DE PUNO - PROVINCIA DE PUNO - DEPARTAMENTO DE PUNO;;5000000;Educación;Localizada en Puno;Sí;;Sí;0
5;ANEXO-5-1;136;202;Gobierno nacional;520;U.N. DEL ALTIPLANO;Puno;;;Puno | ;Programas presupuestales;;;2540305;Proyecto de inversión;MEJORAMIENTO DEL SERVICIO DE GESTION INSTITUCIONAL EN EDUCACION SUPERIOR UNIVERSITARIA DE LA SEDE ADMINISTRATIVA CENTRAL DE LA UNIVERSIDAD NACIONAL DEL ALTIPLANO, DISTRITO DE PUNO - PROVINCIA DE PUNO - DEPARTAMENTO DE PUNO;;100000;Educación;Localizada en Puno;Sí;;Sí;0
5;ANEXO-5-1;136;202;Gobierno nacional;520;U.N. DEL ALTIPLANO;Puno;;;Puno | ;Programas presupuestales;;;2585346;Proyecto de inversión;MEJORAMIENTO DEL SERVICIO DE FORMACION DE PREGRADO EN EDUCACION SUPERIOR UNIVERSITARIA EN LA ESCUELA PROFESIONAL DE CIENCIAS DE LA COMUNICACION SOCIAL DE LA UNIVERSIDAD NACIONAL DEL ALTIPLANO, DISTRITO DE PUNO DE LA PROVINCIA DE PUNO DEL DEPARTAMENTO DE PUNO;;5000000;Educación;Localizada en Puno;Sí;;Sí;0
5;ANEXO-5-1;136;202;Gobierno nacional;520;U.N. DEL ALTIPLANO;Puno;;;Puno | ;Programas presupuestales;;;2592429;Proyecto de inversión;MEJORAMIENTO Y AMPLIACION DEL SERVICIO DE GESTION INSTITUCIONAL EN EDUCACION SUPERIOR UNIVERSITARIA EN EL COMEDOR UNIVERSITARIO DE LA UNIDAD DE BIENESTAR SOCIAL DE LA UNIVERSIDAD NACIONAL DEL ALTIPLANO DISTRITO DE PUNO DE LA PROVINCIA DE PUNO DEL DEPARTAMENTO DE PUNO;;6691223;Educación;Localizada en Puno;Sí;;Sí;0
5;ANEXO-5-1;136;202;Gobierno nacional;520;U.N. DEL ALTIPLANO;Puno;;;Puno | ;Programas presupuestales;;;2624761;Proyecto de inversión;MEJORAMIENTO DEL SERVICIO DE FORMACION DE PREGRADO EN EDUCACION SUPERIOR UNIVERSITARIA EN LA ESCUELA PROFESIONAL DE INGENIERIA AGRONOMICA DE LA UNIVERSIDAD NACIONAL DEL ALTIPLANO, DISTRITO DE PUNO DE LA PROVINCIA DE PUNO DEL DEPARTAMENTO DE PUNO;;1800000;Educación;Localizada en Puno;Sí;;Sí;0
5;ANEXO-5-1;137;203;Gobierno nacional;520;U.N. DEL ALTIPLANO;Puno;;;Puno | ;Programas presupuestales;;;2670156;Proyecto de inversión;MEJORAMIENTO DEL SERVICIO DE FORMACION DE PREGRADO EN EDUCACION SUPERIOR UNIVERSITARIA EN LA ESCUELA PROFESIONAL DE ENFERMERIA DE LA FACULTAD DE ENFERMERIA DE UNIVERSIDAD NACIONAL DEL ALTIPLANO DISTRITO DE PUNO DE LA PROVINCIA DE PUNO DEL DEPARTAMENTO DE PUNO;;1800000;Educación;Localizada en Puno;Sí;;Sí;0
5;ANEXO-5-1;137;203;Gobierno nacional;520;U.N. DEL ALTIPLANO;Puno;;;;Acciones centrales;;;5000001;Actividad;PLANEAMIENTO Y PRESUPUESTO;;129208;Planeamiento y gestión administrativa;Localizada en Puno;Sí;;Sí;0
5;ANEXO-5-1;137;203;Gobierno nacional;520;U.N. DEL ALTIPLANO;Puno;;;;Acciones centrales;;;5000002;Actividad;CONDUCCION Y ORIENTACION SUPERIOR;;2216140;Planeamiento y gestión administrativa;Localizada en Puno;Sí;;Sí;0
5;ANEXO-5-1;137;203;Gobierno nacional;520;U.N. DEL ALTIPLANO;Puno;;;;Acciones centrales;;;5000003;Actividad;GESTION ADMINISTRATIVA;;34017754;Planeamiento y gestión administrativa;Localizada en Puno;Sí;;Sí;0
5;ANEXO-5-1;137;203;Gobierno nacional;520;U.N. DEL ALTIPLANO;Puno;;;;Acciones centrales;;;5000004;Actividad;ASESORAMIENTO TECNICO Y JURIDICO;;90000;Planeamiento y gestión administrativa;Localizada en Puno;Sí;;Sí;0
5;ANEXO-5-1;137;203;Gobierno nacional;520;U.N. DEL ALTIPLANO;Puno;;;;Acciones centrales;;;5000005;Actividad;GESTION DE RECURSOS HUMANOS;;2087150;Planeamiento y gestión administrativa;Localizada en Puno;Sí;;Sí;0
5;ANEXO-5-1;137;203;Gobierno nacional;520;U.N. DEL ALTIPLANO;Puno;;;;Acciones centrales;;;5000006;Actividad;ACCIONES DE CONTROL Y AUDITORIA;;81566;Planeamiento y gestión administrativa;Localizada en Puno;Sí;;Sí;0
5;ANEXO-5-1;137;203;Gobierno nacional;520;U.N. DEL ALTIPLANO;Puno;;;;APNOP;;;5000650;Actividad;DESARROLLO DE ESTUDIOS. INVESTIGACION Y ESTADISTICA;;1640620;Educación;Localizada en Puno;Sí;;Sí;0
5;ANEXO-5-1;137;203;Gobierno nacional;520;U.N. DEL ALTIPLANO;Puno;;;;APNOP;;;5000705;Actividad;DESARROLLO Y EVALUACION DE PROGRAMAS DE POST GRADO;;3780000;Sin clasificar;Localizada en Puno;Sí;;Sí;0
5;ANEXO-5-1;137;203;Gobierno nacional;520;U.N. DEL ALTIPLANO;Puno;;;;APNOP;;;5000717;Actividad;DIFUSION DE IMAGEN Y PROMOCION DE RELACIONES INSTITUCIONALES;;140000;Sin clasificar;Localizada en Puno;Sí;;Sí;0
5;ANEXO-5-1;137;203;Gobierno nacional;520;U.N. DEL ALTIPLANO;Puno;;;;APNOP;;;5000850;Actividad;GESTION OPERATIVA;;8308967;Sin clasificar;Localizada en Puno;Sí;;Sí;0
5;ANEXO-5-1;137;203;Gobierno nacional;520;U.N. DEL ALTIPLANO;Puno;;;;APNOP;;;5000861;Actividad;IMAGEN INSTITUCIONAL;;315496;Sin clasificar;Localizada en Puno;Sí;;Sí;0
5;ANEXO-5-1;137;203;Gobierno nacional;520;U.N. DEL ALTIPLANO;Puno;;;;APNOP;;;5000991;Actividad;OBLIGACIONES PREVISIONALES;;11457268;Previsión social;Localizada en Puno;Sí;;Sí;0
5;ANEXO-5-1;137;203;Gobierno nacional;520;U.N. DEL ALTIPLANO;Puno;;;;APNOP;;;5001276;Actividad;UNIDADES DE ENSEÑANZA Y PRODUCCION;;8076170;Sin clasificar;Localizada en Puno;Sí;;Sí;0
5;ANEXO-5-1;137;203;Gobierno nacional;520;U.N. DEL ALTIPLANO;Puno;;;;APNOP;;;5001881;Actividad;CENTRO DE IDIOMAS;;626079;Sin clasificar;Localizada en Puno;Sí;;Sí;0
5;ANEXO-5-1;137;203;Gobierno nacional;520;U.N. DEL ALTIPLANO;Puno;;;;APNOP;;;5001888;Actividad;CENTRO PRE UNIVERSITARIO;;6288499;Educación;Localizada en Puno;Sí;;Sí;0
5;ANEXO-5-1;137;203;Gobierno nacional;520;U.N. DEL ALTIPLANO;Puno;;;;APNOP;;;5001893;Actividad;CONCESION DE BOLSA A ESTUDIANTES;;265600;Educación;Localizada en Puno;Sí;;Sí;0
5;ANEXO-5-1;137;203;Gobierno nacional;520;U.N. DEL ALTIPLANO;Puno;;;;APNOP;;;5002006;Actividad;FORMACION ACADEMICA A NIVEL DE POST GRADO;;3566295;Educación;Localizada en Puno;Sí;;Sí;0
5;ANEXO-5-1;137;203;Gobierno nacional;520;U.N. DEL ALTIPLANO;Puno;;;;APNOP;;;5002233;Actividad;PROMOCION Y FOMENTO DEL DEPORTE UNIVERSITARIO;;120000;Educación;Localizada en Puno;Sí;;Sí;0
5;ANEXO-5-1;137;203;Gobierno nacional;520;U.N. DEL ALTIPLANO;Puno;;;;APNOP;;;5002242;Actividad;PROYECCION Y EXTENSION UNIVERSITARIA;;200000;Educación;Localizada en Puno;Sí;;Sí;0
5;ANEXO-5-1;137;203;Gobierno nacional;520;U.N. DEL ALTIPLANO;Puno;;;;APNOP;;;5003678;Actividad;MANTENIMIENTO DE INFRAESTRUCTURA UNIVERSITARIA;;10431302;Educación;Localizada en Puno;Sí;;Sí;0
5;ANEXO-5-2;67;274;Gobierno nacional;552;U.N. DE JULIACA;Puno;;;;Programas presupuestales;;3000001 ACCIONES COMUNES;5000276;Actividad;GESTION DEL PROGRAMA;;1882659;Planeamiento y gestión administrativa;Localizada en Puno;Sí;;Sí;0
5;ANEXO-5-2;67;274;Gobierno nacional;552;U.N. DE JULIACA;Puno;;;;Programas presupuestales;;3000001 ACCIONES COMUNES;5003032;Actividad;SEGUIMIENTO Y EVALUACION DEL PROGRAMA;;485827;Planeamiento y gestión administrativa;Localizada en Puno;Sí;;Sí;0
5;ANEXO-5-2;67;274;Gobierno nacional;552;U.N. DE JULIACA;Puno;;;;Programas presupuestales;;3000001 ACCIONES COMUNES;5005854;Actividad;ACREDITACION DE CARRERAS PROFESIONALES;;156500;Planeamiento y gestión administrativa;Localizada en Puno;Sí;;Sí;0
5;ANEXO-5-2;67;274;Gobierno nacional;552;U.N. DE JULIACA;Puno;;;;Programas presupuestales;;3000784 DOCENTES CON ADECUADAS COMPETENCIAS;5005856;Actividad;SELECCION DOCENTE;;7000;Educación;Localizada en Puno;Sí;;Sí;0
5;ANEXO-5-2;67;274;Gobierno nacional;552;U.N. DE JULIACA;Puno;;;;Programas presupuestales;;3000784 DOCENTES CON ADECUADAS COMPETENCIAS;5005857;Actividad;EJERCICIO DE LA DOCENCIA UNIVERSITARIA;;11656078;Educación;Localizada en Puno;Sí;;Sí;0
5;ANEXO-5-2;67;274;Gobierno nacional;552;U.N. DE JULIACA;Puno;;;;Programas presupuestales;;3000784 DOCENTES CON ADECUADAS COMPETENCIAS;5005859;Actividad;CAPACITACION DOCENTE;;110000;Educación;Localizada en Puno;Sí;;Sí;0
5;ANEXO-5-2;67;274;Gobierno nacional;552;U.N. DE JULIACA;Puno;;;;Programas presupuestales;;3000785 PROGRAMAS CURRICULARES ADECUADOS;5005860;Actividad;GESTION CURRICULAR;;159103;Sin clasificar;Localizada en Puno;Sí;;Sí;0
5;ANEXO-5-2;67;274;Gobierno nacional;552;U.N. DE JULIACA;Puno;;;;Programas presupuestales;;3000785 PROGRAMAS CURRICULARES ADECUADOS;5005861;Actividad;FOMENTO DE LA INVESTIGACION FORMATIVA;;64000;Educación;Localizada en Puno;Sí;;Sí;0
5;ANEXO-5-2;67;274;Gobierno nacional;552;U.N. DE JULIACA;Puno;;;;Programas presupuestales;;3000786 SERVICIOS ADECUADOS DE APOYO Al_ ESTUDIANTE;5005863;Actividad;BIENESTAR Y ASISTENCIA SOCIAL;;3016626;Educación;Localizada en Puno;Sí;;Sí;0
5;ANEXO-5-2;67;274;Gobierno nacional;552;U.N. DE JULIACA;Puno;;;;Programas presupuestales;;3000786 SERVICIOS ADECUADOS DE APOYO Al_ ESTUDIANTE;5005864;Actividad;SERVICIOS EDUCACIONALES COMPLEMENTARIOS;;315000;Educación;Localizada en Puno;Sí;;Sí;0
5;ANEXO-5-2;67;274;Gobierno nacional;552;U.N. DE JULIACA;Puno;;;;Programas presupuestales;;3000797 INFRAESTRUCTURA Y EQUIPAMIENTO ADECUADOS;5006047;Actividad;MANTENIMIENTO Y OPERACION DE LA INFRAESTRUCTURA Y EQUIPAMIENTO;;2862100;Sin clasificar;Localizada en Puno;Sí;;Sí;0
5;ANEXO-5-2;67;274;Gobierno nacional;552;U.N. DE JULIACA;Puno;;;Puno | San Roman | San Miguel | ;Programas presupuestales;;;2496961;Proyecto de inversión;MEJORAMIENTO DEL SERVICIO DE ASISTENCIA ALIMENTARIA EN LA UNIVERSIDAD NACIONAL DE JULIACA SEDE AYABACAS DEL DISTRITO DE SAN MIGUEL - PROVINCIA DE SAN ROMAN - DEPARTAMENTO DE PUNO;;2900884;Educación;Localizada en Puno;Sí;;Sí;0
5;ANEXO-5-2;67;274;Gobierno nacional;552;U.N. DE JULIACA;Puno;;;Puno | San Roman | San Miguel | ;Programas presupuestales;;;2568244;Proyecto de inversión;MEJORAMIENTO Y AMPLIACION DEL SERVICIO DE FORMACION DE PREGRADO EN EDUCACION SUPERIOR UNIVERSITARIA DE LA ESCUELA PROFESIONAL DE INGENIERIA INDUSTRIAL, ESCUELA PROFESIONAL DE INGENIERIA DE SOFTWARE Y SISTEMAS, ESCUELA PROFESIONAL DE INGENIERIA MECATRONICA DE LA UNIVERSIDAD NACIONAL DE JULIACA EN LA SEDE AYABACAS, AYABACAS, AYABACAS Y AYABACAS DEL DISTRITO DE SAN MIGUEL - PROVINCIA DE SAN ROMAN - DEPARTAMENTO DE PUNO;;14001700;Educación;Localizada en Puno;Sí;;Sí;0
5;ANEXO-5-2;67;274;Gobierno nacional;552;U.N. DE JULIACA;Puno;;;;Acciones centrales;;;5000001;Actividad;PLANEAMIENTO Y PRESUPUESTO;;1423191;Planeamiento y gestión administrativa;Localizada en Puno;Sí;;Sí;0
5;ANEXO-5-2;67;274;Gobierno nacional;552;U.N. DE JULIACA;Puno;;;;Acciones centrales;;;5000002;Actividad;CONDUCCION Y ORIENTACION SUPERIOR;;1315961;Planeamiento y gestión administrativa;Localizada en Puno;Sí;;Sí;0
5;ANEXO-5-2;67;274;Gobierno nacional;552;U.N. DE JULIACA;Puno;;;;Acciones centrales;;;5000003;Actividad;GESTION ADMINISTRATIVA;;3918521;Planeamiento y gestión administrativa;Localizada en Puno;Sí;;Sí;0
5;ANEXO-5-2;67;274;Gobierno nacional;552;U.N. DE JULIACA;Puno;;;;Acciones centrales;;;5000004;Actividad;ASESORAMIENTO TECNICO Y JURIDICO;;202712;Planeamiento y gestión administrativa;Localizada en Puno;Sí;;Sí;0
5;ANEXO-5-2;67;274;Gobierno nacional;552;U.N. DE JULIACA;Puno;;;;Acciones centrales;;;5000005;Actividad;GESTION DE RECURSOS HUMANOS;;610163;Planeamiento y gestión administrativa;Localizada en Puno;Sí;;Sí;0
5;ANEXO-5-2;67;274;Gobierno nacional;552;U.N. DE JULIACA;Puno;;;;Acciones centrales;;;5000006;Actividad;ACCIONES DE CONTROL Y AUDITORIA;;96628;Planeamiento y gestión administrativa;Localizada en Puno;Sí;;Sí;0
5;ANEXO-5-2;67;274;Gobierno nacional;552;U.N. DE JULIACA;Puno;;;;APNOP;;;5000670;Actividad;DESARROLLO DE LA ENSEÑANZA DE POST-GRADO;;450000;Educación;Localizada en Puno;Sí;;Sí;0
5;ANEXO-5-2;67;274;Gobierno nacional;552;U.N. DE JULIACA;Puno;;;;APNOP;;;5000775;Actividad;FORMACION PROFESIONAL Y PERFECCIONAMIENTO;;139000;Sin clasificar;Localizada en Puno;Sí;;Sí;0
5;ANEXO-5-2;67;274;Gobierno nacional;552;U.N. DE JULIACA;Puno;;;;APNOP;;;5000894;Actividad;INVESTIGACION CIENTIFICA Y DESARROLLO TECNOLOGICO;;1564334;Educación;Localizada en Puno;Sí;;Sí;0
5;ANEXO-5-2;68;275;Gobierno nacional;552;U.N. DE JULIACA;Puno;;;;APNOP;;;5000915;Actividad;INVESTIGACION Y DESARROLLO TECNOLOGICO;;67000;Educación;Localizada en Puno;Sí;;Sí;0
5;ANEXO-5-2;68;275;Gobierno nacional;552;U.N. DE JULIACA;Puno;;;;APNOP;;;5001125;Actividad;PROYECCION SOCIAL Y EXTENSION UNIVERSITARIA;;104300;Educación;Localizada en Puno;Sí;;Sí;0
5;ANEXO-5-2;68;275;Gobierno nacional;552;U.N. DE JULIACA;Puno;;;;APNOP;;;5001276;Actividad;UNIDADES DE ENSEÑANZA Y PRODUCCION;;7000;Sin clasificar;Localizada en Puno;Sí;;Sí;0
5;ANEXO-5-2;68;275;Gobierno nacional;552;U.N. DE JULIACA;Puno;;;;APNOP;;;5001881;Actividad;CENTRO DE IDIOMAS;;111000;Sin clasificar;Localizada en Puno;Sí;;Sí;0
5;ANEXO-5-2;68;275;Gobierno nacional;552;U.N. DE JULIACA;Puno;;;;APNOP;;;5001888;Actividad;CENTRO PRE UNIVERSITARIO;;915600;Educación;Localizada en Puno;Sí;;Sí;0
5;ANEXO-5-2;68;275;Gobierno nacional;552;U.N. DE JULIACA;Puno;;;;APNOP;;;5003195;Actividad;INCORPORACION DE NUEVOS ESTUDIANTES DE ACUERDO AL PERFIL DEL INGRESANTE;;513000;Educación;Localizada en Puno;Sí;;Sí;0
5;ANEXO-5-2;117;324;Gobierno nacional;011;M. DE SALUD;;;;Puno | ;APNOP;;;2271673;Proyecto de inversión;FORTALECIMIENTO DE LA CAPACIDAD RESOLUTIVA DEL HOSPITAL REGIONAL MANUEL NUÑEZ BUTRON PUNO;;30000000;Salud;Localizada en Puno;Sí;;No aplica;
5;ANEXO-5-2;117;324;Gobierno nacional;011;M. DE SALUD;;;;Puno | Chucuito | Desaguadero | ;APNOP;;;2343118;Proyecto de inversión;MEJORAMIENTO Y AMPLIACION DE LOS SERVICIOS DE SALUD DEL CENTRO DE SALUD DESAGUADERO, DISTRITO DE DESAGUADERO - CHUCUITO - PUNO;;15000000;Salud;Localizada en Puno;Sí;;No aplica;
5;ANEXO-5-2;121;325;Gobierno nacional;011;M. DE SALUD;;;;Puno | ;APNOP;;;2509395;Proyecto de inversión;"ADQUISICION DE TELEVISOR (TELEMEDICINA), COMPUTADORA (TELEMEDICINA), IMPRESORA MULTIFUNCIONAL (TELEMEDICINA) Y SISTEMA DE VIDEOCONFERENCIA; ADEMAS DE OTROS ACTIVOS EN QUINCE ESTABLECIMIENTOS DE SALUD IA, ESTABLECIMIENTOS DE SALUD 1.3 DISTRITO DE PUNO, PROVINCIA PUNO, DEPARTAMENTO PUNO";;132721;Salud;Localizada en Puno;Sí;;No aplica;
5;ANEXO-5-2;121;325;Gobierno nacional;011;M. DE SALUD;;;;Puno | ;APNOP;;;2509405;Proyecto de inversión;"ADQUISICION DE TELEVISOR (TELEMEDICINA), COMPUTADORA (TELEMEDICINA), IMPRESORA MULTIFUNCIONAL (TELEMEDICINA) Y SISTEMA DE VIDEOCONFERENCIA; ADEMAS DE OTROS ACTIVOS EN DIEZ ESTABLECIMIENTOS DE SALUD 1.4, ESTABLECIMIENTOS DE SALUD 1.3 DISTRITO DE PUNO, PROVINCIA PUNO, DEPARTAMENTO PUNO";;88480;Salud;Localizada en Puno;Sí;;No aplica;
5;ANEXO-5-3;6;354;Gobierno nacional;013;MINISTERIO DE DESARROLLO AGRARIO Y RIEGO;;;;Puno | Melgar | Llalli | ;Programas presupuestales;;;2209914;Proyecto de inversión;INSTALACION Y MEJORAMIENTO DEL SISTEMA DE RIEGO SUCRE, DISTRITO DE LLALLI - MELGAR - PUNO;;1441284;Agropecuario y riego;Localizada en Puno;Sí;;No aplica;
5;ANEXO-5-3;7;355;Gobierno nacional;013;MINISTERIO DE DESARROLLO AGRARIO Y RIEGO;;;;Puno | Lampa | ;Programas presupuestales;;;2419726;Proyecto de inversión;MEJORAMIENTO DEL SERVICIO DE AGUA A NIVEL PARCELARIO CON UN SISTEMA DE RIEGO TECNIFICADO PARA EL GRUPO DE GESTION EMPRESARIAL SUMAC WIÑAY TUSINI GRANDE, DISTRITO DE LAMPA - PROVINCIA DE LAMPA - DEPARTAMENTO DE PUNO;;275155;Agropecuario y riego;Localizada en Puno;Sí;;No aplica;
5;ANEXO-5-3;7;355;Gobierno nacional;013;MINISTERIO DE DESARROLLO AGRARIO Y RIEGO;;;;Puno | Lampa | Cabanilla | ;Programas presupuestales;;;2420731;Proyecto de inversión;MEJORAMIENTO DEL SERVICIO DE AGUA A NIVEL PARCELARIO, CON UN SISTEMA DE RIEGO TECNIFICADO PARA EL GRUPO DE GESTION EMPRESARIAL NUEVA TECNOLOGIA EN RIEGO DISTRITO DE CABANILLA - PROVINCIA DE LAMPA - DEPARTAMENTO DE PUNO;;2663527;Agropecuario y riego;Localizada en Puno;Sí;;No aplica;
5;ANEXO-5-3;8;356;Gobierno nacional;013;MINISTERIO DE DESARROLLO AGRARIO Y RIEGO;;;;Puno | Capachica | Coata | Huata | Paucarcolla | San Roman | Caracoto | ;Programas presupuestales;;;2434687;Proyecto de inversión;MEJORAMIENTO DE LA TRANSFERENCIA TECNOLOGICA DEL GANADO VACUNO LECHERO EN LA CUENCA BAJA DEL RIO COATA, DISTRITOS DE HUATA, COATA, CAPACHICA Y PAUCARCOLLA DE LA PROVINCIA DE PUNO Y DISTRITO DE CARACOTO - PROVINCIA DE SAN ROMAN - DEPARTAMENTO DE PUNO;;1666666;Sin clasificar;Localizada en Puno;Sí;;No aplica;
5;ANEXO-5-3;8;356;Gobierno nacional;013;MINISTERIO DE DESARROLLO AGRARIO Y RIEGO;;;;Puno | ;Programas presupuestales;;;2436681;Proyecto de inversión;MEJORAMIENTO DE LA COBERTURA DE LOS SERVICIOS PARA EL INCREMENTO DE VALOR GENETICO DE ALPACAS EN LAS REGIONES DE AREQUIPA, PUNO, CUSCO, HUANCAVELICA, AYACUCHO, PASCO Y JUNIN. 8 DEPARTAMENTOS;;10565606;Sin clasificar;Multidepartamental, incluye Puno;Sí;;No aplica;
5;ANEXO-5-3;8;356;Gobierno nacional;013;MINISTERIO DE DESARROLLO AGRARIO Y RIEGO;;;;Puno | ;Programas presupuestales;;;2437700;Proyecto de inversión;MEJORAMIENTO DE LOS SERVICIOS PARA EL INCREMENTO DEL VALOR AGREGADO PRIMARIO DE LA FIBRA DE ALPACAS EN CRIADORES DE ALPACAS EN AREQUIPA, PUNO, CUSCO Y PASCO 4 DEPARTAMENTOS;;2710163;Sin clasificar;Multidepartamental, incluye Puno;Sí;;No aplica;
5;ANEXO-5-3;9;357;Gobierno nacional;013;MINISTERIO DE DESARROLLO AGRARIO Y RIEGO;;;;Puno | Melgar | Cupi | Llalli | Umachiri | ;Programas presupuestales;;;2472312;Proyecto de inversión;MEJORAMIENTO DE LA GESTION TECNOLOGICA DE LA CADENA PRODUCTIVA DEL GANADO VACUNO LECHERO EN LA CUENCA LLALLIMAYO, DISTRITO DE AYAVIRI Y EN LOS DISTRITOS DE CUPI, LLALLI Y UMACHIRI DE LA PROVINCIA DE MELGAR - DEPARTAMENTO DE PUNO;;4856254;Agropecuario y riego;Localizada en Puno;Sí;;No aplica;
5;ANEXO-5-3;9;357;Gobierno nacional;013;MINISTERIO DE DESARROLLO AGRARIO Y RIEGO;;;;Puno | San Roman | ;Programas presupuestales;;;2474781;Proyecto de inversión;MEJORAMIENTO DEL SERVICIO DE AGUA A NIVEL PARCELARIO CON UN SISTEMA DE RIEGO TECNIFICADO POR MULTICOMPUERTAS PARA EL GRUPO DE GESTION EMPRESARIAL YOCARA DEL DISTRITO DE JULIACA - PROVINCIA DE SAN ROMAN - DEPARTAMENTO DE PUNO;;199372;Agropecuario y riego;Localizada en Puno;Sí;;No aplica;
5;ANEXO-5-3;9;357;Gobierno nacional;013;MINISTERIO DE DESARROLLO AGRARIO Y RIEGO;;;;Puno | Azangaro | San Jose | ;Programas presupuestales;;;2475038;Proyecto de inversión;MEJORAMIENTO DE LA CADENA PRODUCTIVA DEL GANADO VACUNO LECHERO EN LAS ORGANIZACIONES CAMPESINAS DE LA CUENCA DEL RIO RAMIS EN LOS DISTRITOS DE SAN JOSE Y AZANGARO DE LA PROVINCIA DE AZANGARO - DEPARTAMENTO DE PUNO;;881012;Agropecuario y riego;Localizada en Puno;Sí;;No aplica;
5;ANEXO-5-3;10;358;Gobierno nacional;013;MINISTERIO DE DESARROLLO AGRARIO Y RIEGO;;;;Puno | Azangaro | San Anton | ;Programas presupuestales;;;2498893;Proyecto de inversión;MEJORAMIENTO DE LA CADENA PRODUCTIVA DE GANADO OVINO EN LAS COMUNIDADES CAMPESINAS DEL DISTRITO DE SAN ANTON - PROVINCIA DE AZANGARO - DEPARTAMENTO DE PUNO;;4313734;Agropecuario y riego;Localizada en Puno;Sí;;No aplica;
5;ANEXO-5-3;13;361;Gobierno nacional;013;MINISTERIO DE DESARROLLO AGRARIO Y RIEGO;;;;Puno | Chucuito | Desaguadero | ;Programas presupuestales;;;2631148;Proyecto de inversión;RECUPERACION DEL SERVICIO DE SIEMBRA Y COSECHA DE AGUA EN TERRITORIO HIDRICO PRODUCTIVO, UBICADO EN LAS LOCALIDADES DE HUALLATIRI Y TOTORUMA, DISTRITO DE DESAGUADERO DE LA PROVINCIA DE CHUCUITO DEL DEPARTAMENTO DE PUNO;;38314;Agropecuario y riego;Localizada en Puno;Sí;;No aplica;
5;ANEXO-5-3;20;365;Gobierno nacional;018;AGROMERCADO;;;;Puno | Chucuito | Azangaro | Lampa | Melgar | San Roman | ;Programas presupuestales;;;2511311;Proyecto de inversión;MEJORAMIENTO Y AMPLIACION DE LOS SERVICIOS DE APOYO AL DESARROLLO COMERCIAL DE LOS PRODUCTORES DE QUINUA EN 10 DISTRITOS DE LAS PROVINCIAS DE EL COLLA°, CHUCUITO, SAN ROMAN, LAMPA, AZANGARO Y MELGAR Y 6 DISTRITOS DE LA PROVINCIA DE PUNO - DEPARTAMENTO DE PUNO;;3400000;Sin clasificar;Localizada en Puno;Sí;;No aplica;
5;ANEXO-5-3;23;371;Gobierno nacional;163;INSTITUTO NACIONAL DE INNOVACION AGRARIA;;;;Puno | ;Programas presupuestales;;;2487112;Proyecto de inversión;MEJORAMIENTO DE LOS SERVICIOS DE INVESTIGACION Y TRANSFERENCIA TECNOLOGICA EN EL MANEJO Y RECUPERACION DE SUELOS AGRICOLAS DEGRADADOS Y AGUAS PARA RIEGO EN LA PEQUEÑA Y MEDIANA AGRICULTURA EN LOS DEPARTAMENTOS DE LIMA, ANCASH, SAN MARTIN, CAJAMARCA, LAMBAYEQUE, JUNIN, AYACUCHO, AREQUIPA, PUNO Y UCAYALI TODOS DEL DISTRITO DE - TODOS - - PROVINCIA DE - TODOS - - DEPARTAMENTO DE -MUL.DEP-;;4905662;Agropecuario y riego;Multidepartamental, incluye Puno;Sí;;No aplica;
5;ANEXO-5-3;23;371;Gobierno nacional;163;INSTITUTO NACIONAL DE INNOVACION AGRARIA;;;;Puno | ;Programas presupuestales;;;2491159;Proyecto de inversión;MEJORAMIENTO DE LOS SERVICIOS DE INVESTIGACION Y TRANSFERENCIA DE TECNOLOGIA EN GANADERIA ALTO ANDINA EN 33 DISTRITOS DE LOS DEPARTAMENTOS DE APURIMAC, AREQUIPA, AYACUCHO, CUSCO, HUANCAVELICA, JUNIN, MOQUEGUA, PASCO, PUNO Y TACNA. DISTRITO DE TODOS - PROVINCIA DE TODOS - DEPARTAMENTO DE MUL.DEP-;;18000000;Agropecuario y riego;Multidepartamental, incluye Puno;Sí;;No aplica;
5;ANEXO-5-3;31;379;Gobierno nacional;016;M. DE ENERGIA Y MINAS;;;;Puno | San Antonio | San Antonio De Putina | ;Programas presupuestales;;;2277347;Proyecto de inversión;MEJORAMIENTO, AMPLIACION DE LA REDES PRIMARIAS Y SECUNDARIAS DE LAS LOCALIDADES DEL, DISTRITO DE SINA - SAN ANTONIO DE PUTINA - PUNO;;1180000;Sin clasificar;Localizada en Puno;Sí;;No aplica;
5;ANEXO-5-3;32;380;Gobierno nacional;016;M. DE ENERGIA Y MINAS;;;;Puno | Carabaya | ;Programas presupuestales;;;2333310;Proyecto de inversión;AFIANZAMIENTO DEL SUMINISTRO DE ENERGIA ELECTRICA DEL DISTRITO DE MACUSANI, PROVINCIA DE CARABAYA, REGION PUNO;;741798;Energía;Localizada en Puno;Sí;;No aplica;
5;ANEXO-5-3;32;380;Gobierno nacional;016;M. DE ENERGIA Y MINAS;;;;Puno | Lampa | ;Programas presupuestales;;;2342886;Proyecto de inversión;AMPLIACION DE ELECTRIFICACION RURAL - III - ETAPA EN LAS LOCALIDADES DEL DISTRITO DE LAMPA, PROVINCIA DE LAMPA - PUNO;;1300000;Energía;Localizada en Puno;Sí;;No aplica;
5;ANEXO-5-3;32;380;Gobierno nacional;016;M. DE ENERGIA Y MINAS;;;;Puno | Yunguyo | ;Programas presupuestales;;;2384752;Proyecto de inversión;AMPLIACION DE REDES DE DISTRIBUCION EN LA ZONA SUR - DISTRITO DE YUNGUYO - PROVINCIA DE YUNGUYO - DEPARTAMENTO DE PUNO;;1450000;Sin clasificar;Localizada en Puno;Sí;;No aplica;
5;ANEXO-5-3;32;380;Gobierno nacional;016;M. DE ENERGIA Y MINAS;;;;Puno | Plateria | ;Programas presupuestales;;;2447881;Proyecto de inversión;MEJORAMIENTO DE SERVICIOS DE ENERGIA ELECTRICA EN EL SUBSISTEMA DE DISTRIBUCION PRIMARIA Y SECUNDARIA DEL DISTRITO DE PLATERIA - PROVINCIA DE PUNO - DEPARTAMENTO DE PUNO;;4020000;Energía;Localizada en Puno;Sí;;No aplica;
5;ANEXO-5-3;32;380;Gobierno nacional;016;M. DE ENERGIA Y MINAS;;;;Puno | Carabaya | Corani | ;Programas presupuestales;;;2470264;Proyecto de inversión;AMPLIACION DE LINEAS PRIMARIAS, REDES PRIMARIAS Y REDES SECUNDARIAS EN LAS 7 LOCALIDADES DEL DISTRITO DE CORANI - PROVINCIA DE CARABAYA - DEPARTAMENTO DE PUNO;;470000;Sin clasificar;Localizada en Puno;Sí;;No aplica;
5;ANEXO-5-3;33;381;Gobierno nacional;016;M. DE ENERGIA Y MINAS;;;;Puno | Azangaro | Jose Domingo Choquehuanca | ;Programas presupuestales;;;2536277;Proyecto de inversión;AMPLIACION DEL SISTEMA ELECTRICO RURAL EN EL DISTRITO DE JOSE DOMINGO CHOQUEHUANCA - PROVINCIA DE AZANGARO - DEPARTAMENTO DE PUNO;;1870000;Energía;Localizada en Puno;Sí;;No aplica;
5;ANEXO-5-3;33;381;Gobierno nacional;016;M. DE ENERGIA Y MINAS;;;;Puno | Lampa | Ocuviri | ;Programas presupuestales;;;2536632;Proyecto de inversión;CREACION DEL SISTEMA CONVENCIONAL DE ELECTRIFICACION RURAL EN EL DISTRITO DE OCUVIRI - PROVINCIA DE LAMPA - DEPARTAMENTO DE PUNO;;100000;Energía;Localizada en Puno;Sí;;No aplica;
5;ANEXO-5-3;33;381;Gobierno nacional;016;M. DE ENERGIA Y MINAS;;;;Puno | Pichacani | ;Programas presupuestales;;;2538561;Proyecto de inversión;AMPLIACION DEL SUB SISTEMA DE DISTRIBUCION PRIMARIA Y SECUNDARIA EN 22.9-13.2/0.380-0.440-0.220 KV EN LAS LOCALIDADES DE VILUYO, HUARIJUYO, PICHACANI, LORIPONGO, TAYPICIRCA, PARCIALIDAD ÑUÑUMARCA Y LA ASOCIACION PROVIVIENDAS DEL DISTRITO DE PICHACANI, PROVINCIA DE PUNO, DEPARTAMENTO DE PUNO;;360000;Vivienda y desarrollo urbano;Localizada en Puno;Sí;;No aplica;
5;ANEXO-5-3;33;381;Gobierno nacional;016;M. DE ENERGIA Y MINAS;;;;Puno | Melgar | Umachiri | ;Programas presupuestales;;;2540302;Proyecto de inversión;CREACION DEL SISTEMA CONVENCIONAL DE ELECTRIFICACION RURAL EN EL DISTRITO DE UMACHIRI - PROVINCIA DE MELGAR - DEPARTAMENTO DE PUNO;;400000;Energía;Localizada en Puno;Sí;;No aplica;
5;ANEXO-5-3;34;382;Gobierno nacional;016;M. DE ENERGIA Y MINAS;;;;Puno | Carabaya | San Gaban | ;Programas presupuestales;;;2599241;Proyecto de inversión;AMPLIACION DEL SERVICIO DE SUMINISTRO ELECTRICO DOMICILIARIO EN ZONAS URBANAS EN LA LOCALIDAD DE SAN GABAN, CON EL SUBSISTEMA DE DISTRIBUCION EN RED PRIMARIA EN 22.9 KV Y SECUNDARIA EN 0.38-0.22 KV. DEL DISTRITO DE SAN GABAN DE LA PROVINCIA DE CARABAYA DEL DEPARTAMENTO DE PUNO;;960000;Energía;Localizada en Puno;Sí;;No aplica;
5;ANEXO-5-3;34;382;Gobierno nacional;016;M. DE ENERGIA Y MINAS;;;;Puno | ;Programas presupuestales;;;2644178;Proyecto de inversión;AMPLIACION DE REDES DE DISTRIBUCION EN LA ZONA NORTE - DEPARTAMENTO DE PUNO;;11407000;Sin clasificar;Localizada en Puno;Sí;;No aplica;
5;ANEXO-5-3;34;382;Gobierno nacional;016;M. DE ENERGIA Y MINAS;;;;Puno | San Antonio | San Antonio De Putina | Ananea | ;Programas presupuestales;;;2651116;Proyecto de inversión;MEJORAMIENTO Y AMPLIACION DEL SERVICIO DE SUMINISTRO ELECTRICO DOMICILIARIO EN ZONAS RURALES EN V ETAPA EN EL DISTRITO DE ANANEA DE LA PROVINCIA DE SAN ANTONIO DE PUTINA DEL DEPARTAMENTO DE PUNO;;1460000;Energía;Localizada en Puno;Sí;;No aplica;
5;ANEXO-5-3;35;383;Gobierno nacional;016;M. DE ENERGIA Y MINAS;;;;Puno | Lampa | ;Programas presupuestales;;;2684260;Proyecto de inversión;AMPLIACION DEL SERVICIO DE SUMINISTRO ELECTRICO DOMICILIARIO EN ZONAS RURALES EN 3 UNIDADES PRODUCTORAS 3 DISTRITOS DE LA PROVINCIA DE LAMPA DEL DEPARTAMENTO DE PUNO;;1060000;Energía;Localizada en Puno;Sí;;No aplica;
5;ANEXO-5-3;35;383;Gobierno nacional;016;M. DE ENERGIA Y MINAS;;;;Puno | ;Programas presupuestales;;;2700445;Proyecto de inversión;CREACION DEL SERVICIO DE SUMINISTRO ELECTRICO DOMICILIARIO EN ZONAS RURALES EN 13 UNIDADES PRODUCTORAS 13 DISTRITOS DE 3 PROVINCIAS DEL DEPARTAMENTO DE PUNO;;760000;Energía;Localizada en Puno;Sí;;No aplica;
5;ANEXO-5-3;35;383;Gobierno nacional;016;M. DE ENERGIA Y MINAS;;;;Puno | Carabaya | Ajoyani | ;Programas presupuestales;;;2713083;Proyecto de inversión;CREACION DEL SERVICIO DE SUMINISTRO ELECTRICO DOMICILIARIO EN ZONAS RURALES EN SER AJOYANI DISTRITO DE AJOYANI DE LA PROVINCIA DE CARABAYA DEL DEPARTAMENTO DE PUNO;;760000;Energía;Localizada en Puno;Sí;;No aplica;
5;ANEXO-5-3;67;415;Gobierno nacional;035;MINISTERIO DE COMERCIO EXTERIOR Y TURISMO;;;;Puno | Capachica | ;Programas presupuestales;;;2133719;Proyecto de inversión;CONSTRUCCION DEL EMBARCADERO TURISTICO Y DE SERVICIOS COMPLEMENTARIOS EN IA LOCALIDAD DE SANTA MARIA, COMUNIDAD DE LLACHON, DISTRITO DE CAPACHICA, PROVINCIA Y DEPARTAMENTO DE PUNO;;400000;Turismo y comercio;Localizada en Puno;Sí;;No aplica;
5;ANEXO-5-3;68;416;Gobierno nacional;035;MINISTERIO DE COMERCIO EXTERIOR Y TURISMO;;;;Puno | ;Programas presupuestales;;;2411305;Proyecto de inversión;MEJORAMIENTO Y AMPLIACION DE LOS SERVICIOS TURISTICOS PUBLICOS DEL EMBARCADERO DE PUNO EN LA ZONA DE USO TURISTICO DE LA RESERVA NACIONAL DEL TITICACA, DISTRITO DE PUNO - PROVINCIA DE PUNO - DEPARTAMENTO DE PUNO;;7315111;Turismo y comercio;Localizada en Puno;Sí;;No aplica;
5;ANEXO-5-3;75;423;Gobierno nacional;036;MINISTERIO DE TRANSPORTES Y COMUNICACIONES;;;;Puno | ;Programas presupuestales;;;2233842;Proyecto de inversión;CONSTRUCCION DE LA AUTOPISTA PUNO - JULIACA;;34825813;Sin clasificar;Localizada en Puno;Sí;;No aplica;
5;ANEXO-5-3;76;424;Gobierno nacional;036;MINISTERIO DE TRANSPORTES Y COMUNICACIONES;;;;Puno | ;Programas presupuestales;;;2263593;Proyecto de inversión;INSTALACION DE BANDA ANCHA PARA LA CONECTIVIDAD INTEGRAL Y DESARROLLO SOCIAL DE LA REGION PUNO;;36594435;Comunicaciones;Localizada en Puno;Sí;;No aplica;
5;ANEXO-5-3;76;424;Gobierno nacional;036;MINISTERIO DE TRANSPORTES Y COMUNICACIONES;;;;Puno | ;Programas presupuestales;;;2290818;Proyecto de inversión;MEJORAMIENTO DE LA CARRETERA (PU 135) CHECCA - MAZOCRUZ, PROVINCIA DE EL COLLA° - PUNO;;29500000;Transporte;Localizada en Puno;Sí;;No aplica;
5;ANEXO-5-3;78;426;Gobierno nacional;036;MINISTERIO DE TRANSPORTES Y COMUNICACIONES;;;;Puno | ;Programas presupuestales;;;2389093;Proyecto de inversión;"RENOVACION DE PUENTE DE CARRETERA; EN EL(LA) TRAMO 5: MATARANI-AREQUIPA-JULIACA-AZANGAROILO-MOQUEGUA-PUNO-JULIACA DEL PROYECTO CORREDOR VIAL INTEROCEANICO SUR, PERU-BRASIL. REHABILITACION Y MEJORAMIENTO DE LOS PUENTES CUTIMBO, TIMILLO, LORIPONGO, TARUCANI, MALLCOMAYO, MOROCOLLO Y PORKKE SECTOR 13: PUNO - PUENTE GALLATINI. DISTRITO DE PUNO, PROVINCIA PUNO, DEPARTAMENTO PUNO";;16715846;Salud;Multidepartamental, incluye Puno;Sí;;No aplica;
5;ANEXO-5-3;78;426;Gobierno nacional;036;MINISTERIO DE TRANSPORTES Y COMUNICACIONES;;;;Puno | Azangaro | Ollachea | ;Programas presupuestales;;;2413011;Proyecto de inversión;CREACION DEL TUNEL OLLACHEA EN EL SECTOR CRITICO KM 231+700 AL KM 232+800 DE LA CARRETERA IIRSA SUR TRAMO 4: INAMBARI - AZANGARO. DISTRITO DE OLLACHEA - PROVINCIA DE CARAI3AYA - DEPARTAMENTO DE PUNO;;8009300;Transporte;Localizada en Puno;Sí;;No aplica;
5;ANEXO-5-3;79;427;Gobierno nacional;036;MINISTERIO DE TRANSPORTES Y COMUNICACIONES;;;;Puno | Azangaro | Santa Rosa | Paratia | Cupi | Quiaca | San Juan Del Oro | Yunguyo | ;Programas presupuestales;;;2427001;Proyecto de inversión;"ADQUISICION DE PUENTE MODULAR; EN EL(LA) VIAS VECINALES DE LOS DISTRITOS DE AZANGARO, OLAVE, SANTA ROSA MAZOCRUZ, PARATIA, AYAVIRI, CUPI. SANTA ROSA, SAN JUAN DEL ORO, QUIACA, HUANCAVE Y YUNGUYO, PROVINCIA AZANGARO, DEPARTAMENTO PUNO";;4000000;Transporte;Localizada en Puno;Sí;;No aplica;
5;ANEXO-5-3;82;430;Gobierno nacional;036;MINISTERIO DE TRANSPORTES Y COMUNICACIONES;;;;Puno | Azangaro | Asillo | San Anton | ;Programas presupuestales;;;2663473;Proyecto de inversión;"CONSTRUCCION DE BERMA Y SISTEMA DE DRENAJE; EN EL(LA) SECTOR ASILLO-SAN ANTON, KM 075+300 AL KM 190+500 DEL CORREDOR VIAL INTEROCEANICO SUR, PERU-BRASIL TRAMO W04: AZANGARO - PUENTE INAMBARI (OPTIMIZACION DE CALZADA POR SEGURIDAD VIAL) DISTRITO DE ASILLO, PROVINCIA AZANGARO, DEPARTAMENTO PUNO";;67887562;Transporte;Localizada en Puno;Sí;;No aplica;
5;ANEXO-5-3;82;430;Gobierno nacional;036;MINISTERIO DE TRANSPORTES Y COMUNICACIONES;;;;Puno | San Jose | Rosaspata | Melgar | Llalli | Orurillo | ;Programas presupuestales;;;2664704;Proyecto de inversión;"MEJORAMIENTO DEL SERVICIO DE TRANSITABILIDAD VIAL INTERURBANA EN LA CARRETERA SACACA-EMP. PU-100 (DV. ORURILL0); EMP. PE-3S (AYAVIRI)-EMP. PU-158; PAMPUY0- ENTRADA SAN JOSE; EMP. PE-3S G (DV. ROSASPATA)-DV. MACHACCOYO, EMP. PE-3S G (LLALLI)-DV. ANAHUANCA; EMP. PU-125-SAYHUANI; DV. ACOLLA-SAYHUANI, POR NIVELES DE SERVICIO, DISTRITO DE ORURILLO DE LA PROVINCIA DE MELGAR DEL DEPARTAMENTO DE PUNO";;31337519;Transporte;Localizada en Puno;Sí;;No aplica;
5;ANEXO-5-3;82;430;Gobierno nacional;036;MINISTERIO DE TRANSPORTES Y COMUNICACIONES;;;;Puno | Azangaro | Carabaya | ;Programas presupuestales;;;2678511;Proyecto de inversión;"CONSTRUCCION DE SISTEMA DE DRENAJE; EN EL(LA) SECTOR KM 276+500 AL KM 277+500 DEL CORREDOR VIAL INTEROCEANICO SUR, PERU-BRASIL TRAMO W04: AZANGARO - PUENTE INAMBARI EN EL CENTRO POBLADO SANGARI, DISTRITO DE SAN CASAN, PROVINCIA CARABAYA, DEPARTAMENTO PUNO";;8996281;Transporte;Localizada en Puno;Sí;;No aplica;
5;ANEXO-5-3;91;439;Gobierno nacional;037;MINISTERIO DE VIVIENDA, CONSTRUCCION Y SANEAMIENTO;;;;Puno | Azangaro | Asillo | ;Programas presupuestales;;;2133298;Proyecto de inversión;MEJORAMIENTO Y AMPLIACION DEL SISTEMA DE AGUA POTABLE Y ALCANTARILLADO DE LA LOCALIDAD DE ASILLO, DISTRITO DE ASILLO - AZANGARO - PUNO;;740559;Saneamiento;Localizada en Puno;Sí;;No aplica;
5;ANEXO-5-3;93;441;Gobierno nacional;037;MINISTERIO DE VIVIENDA, CONSTRUCCION Y SANEAMIENTO;;;;Puno | ;Programas presupuestales;;;2171246;Proyecto de inversión;MEJORAMIENTO, AMPLIACION DEL SERVICIO DE AGUA POTABLE Y DISPOSICION SANITARIA DE EXCRETAS EN LA COMUNIDAD CAMPESINA DE LACACHI DEL CENTRO POBLADO DE TOTORANI, DISTRITO DE AGORA - PUNO - PUNO;;15000;Saneamiento;Localizada en Puno;Sí;;No aplica;
5;ANEXO-5-3;93;441;Gobierno nacional;037;MINISTERIO DE VIVIENDA, CONSTRUCCION Y SANEAMIENTO;;;;Puno | Acora | ;Programas presupuestales;;;2183859;Proyecto de inversión;MEJORAMIENTO Y AMPLIACION DE LOS SERVICIOS DE AGUA POTABLE Y DISPOSICION SANITARIA DE EXCRETAS DE LA COMUNIDAD CAMPESINA DE CCAPALLA, CENTRO POBLADO CCAPALLA, DISTRITO DE ACORA, PUNO - PUNO;;75095;Saneamiento;Localizada en Puno;Sí;;No aplica;
5;ANEXO-5-3;93;441;Gobierno nacional;037;MINISTERIO DE VIVIENDA, CONSTRUCCION Y SANEAMIENTO;;;;Puno | Acora | ;Programas presupuestales;;;2183860;Proyecto de inversión;MEJORAMIENTO Y AMPLIACION DE LOS SERVICIOS DE AGUA POTABLE Y DISPOSICION SANITARIA DE EXCRETAS DEL CENTRO POBLADO JAYU JAYU, DISTRITO DE ACORA, PUNO - PUNO;;20000;Saneamiento;Localizada en Puno;Sí;;No aplica;
5;ANEXO-5-3;93;441;Gobierno nacional;037;MINISTERIO DE VIVIENDA, CONSTRUCCION Y SANEAMIENTO;;;;Puno | Acora | ;Programas presupuestales;;;2183864;Proyecto de inversión;MEJORAMIENTO Y AMPLIACION DE LOS SERVICIOS DE AGUA POTABLE Y DISPOSICION SANITARIA DE EXCRETAS DE IA PARCIALIDAD DE IMATA, CENTRO POBLADO AYRUMAS CARUMAS, DISTRITO DE ACORA, PUNO - PUNO;;10000;Saneamiento;Localizada en Puno;Sí;;No aplica;
5;ANEXO-5-3;93;441;Gobierno nacional;037;MINISTERIO DE VIVIENDA, CONSTRUCCION Y SANEAMIENTO;;;;Puno | Acora | ;Programas presupuestales;;;2183865;Proyecto de inversión;MEJORAMIENTO Y AMPLIACION DE LOS SERVICIOS DE AGUA POTABLE Y DISPOSICION SANITARIA DE EXCRETAS DE lA COMUNIDAD CAMPESINA DE JACHACACHI, CENTRO POBLADO TOTORANI, DISTRITO DE ACORA, PUNO - PUNO;;30000;Saneamiento;Localizada en Puno;Sí;;No aplica;
5;ANEXO-5-3;93;441;Gobierno nacional;037;MINISTERIO DE VIVIENDA, CONSTRUCCION Y SANEAMIENTO;;;;Puno | Acora | ;Programas presupuestales;;;2183866;Proyecto de inversión;MEJORAMIENTO Y AMPLIACION DE LOS SERVICIOS DE AGUA POTABLE Y DISPOSICION SANITARIA DE EXCRETAS DE LA COMUNIDAD CAMPESINA DE COLLINI, CENTRO POBLADO INCASAMAWI, DISTRITO DE ACORA, PUNO - PUNO;;10000;Saneamiento;Localizada en Puno;Sí;;No aplica;
5;ANEXO-5-3;93;441;Gobierno nacional;037;MINISTERIO DE VIVIENDA, CONSTRUCCION Y SANEAMIENTO;;;;Puno | Chucuito | Kelluyo | ;Programas presupuestales;;;2186026;Proyecto de inversión;INSTALACION DEL SERVICIO DE AGUA POTABLE Y DISPOSICION SANITARIA DE EXCRETAS EN LA COMUNIDAD CAMPESINA ARACACHI JAHUERJA, DISTRITO KELLUYO - CHUCUITO - PUNO;;83705;Saneamiento;Localizada en Puno;Sí;;No aplica;
5;ANEXO-5-3;93;441;Gobierno nacional;037;MINISTERIO DE VIVIENDA, CONSTRUCCION Y SANEAMIENTO;;;;Puno | Acora | ;Programas presupuestales;;;2186037;Proyecto de inversión;MEJORAMIENTO Y AMPLIACION DE LOS SERVICIOS DE AGUA POTABLE Y DISPOSICION SANITARIA DE EXCRETAS DEL CENTRO POBLADO ISCATA, DISTRITO DE ACORA, PUNO - PUNO;;170000;Saneamiento;Localizada en Puno;Sí;;No aplica;
5;ANEXO-5-3;93;441;Gobierno nacional;037;MINISTERIO DE VIVIENDA, CONSTRUCCION Y SANEAMIENTO;;;;Puno | Azangaro | Asillo | ;Programas presupuestales;;;2186040;Proyecto de inversión;MEJORAMIENTO Y AMPLIACION DE LOS SERVICIOS DE AGUA POTABLE Y DISPOSICION SANITARIA DE EXCRETAS DE LA COMUNIDAD CAMPESINA DE CALAPAMPA, DISTRITO DE ASILLO, AZANGARO-PUNO;;15000;Saneamiento;Localizada en Puno;Sí;;No aplica;
5;ANEXO-5-3;94;442;Gobierno nacional;037;MINISTERIO DE VIVIENDA, CONSTRUCCION Y SANEAMIENTO;;;;Puno | Acora | ;Programas presupuestales;;;2186045;Proyecto de inversión;MEJORAMIENTO Y AMPLIACION DE LOS SERVICIOS DE AGUA POTABLE Y DISPOSICION SANITARIA DE EXCRETAS DE LA COMUNIDAD CAMPESINA DE MOLLOCCO, DISTRITO DE ACORA, PROVINCIA DE PUNO, DEPARTAMENTO DE PUNO;;15000;Saneamiento;Localizada en Puno;Sí;;No aplica;
5;ANEXO-5-3;94;442;Gobierno nacional;037;MINISTERIO DE VIVIENDA, CONSTRUCCION Y SANEAMIENTO;;;;Puno | Azangaro | Asillo | ;Programas presupuestales;;;2187526;Proyecto de inversión;MEJORAMIENTO Y AMPLIACION DE LOS SERVICIOS DE AGUA POTABLE Y DISPOSICION SANITARIA DE EXCRETAS DE LA COMUNIDAD CAMPESINA DE ÑAUPAPAMPA, DISTRITO DE ASILLO, AZANGARO-PUNO;;15000;Saneamiento;Localizada en Puno;Sí;;No aplica;
5;ANEXO-5-3;94;442;Gobierno nacional;037;MINISTERIO DE VIVIENDA, CONSTRUCCION Y SANEAMIENTO;;;;Puno | Azangaro | Asillo | ;Programas presupuestales;;;2187527;Proyecto de inversión;MEJORAMIENTO Y AMPLIACION DE LOS SISTEMAS DE AGUA POTABLE Y DISPOSICION SANITARIA DE EXCRETAS DE LA COMUNIDAD CAMPESINA JILA ( RETIRO, INAMPO Y CENTRAL), DISTRITO ASILLO, AZANGARO, PUNO;;15000;Saneamiento;Localizada en Puno;Sí;;No aplica;
5;ANEXO-5-3;94;442;Gobierno nacional;037;MINISTERIO DE VIVIENDA, CONSTRUCCION Y SANEAMIENTO;;;;Puno | Huancane | ;Programas presupuestales;;;2187528;Proyecto de inversión;INSTALACION DE LOS SISTEMAS DE AGUA POTABLE Y DISPOSICION SANITARIA DE EXCRETAS DE LA COMUNIDAD CAMPESINA DE CAPARAYA, DISTRITO DE HUANCANE, HUANCANE - PUNO;;20000;Saneamiento;Localizada en Puno;Sí;;No aplica;
5;ANEXO-5-3;94;442;Gobierno nacional;037;MINISTERIO DE VIVIENDA, CONSTRUCCION Y SANEAMIENTO;;;;Puno | Huancane | ;Programas presupuestales;;;2187530;Proyecto de inversión;MEJORAMIENTO Y AMPLIACION DE LOS SERVICIOS DE AGUA POTABLE Y DISPOSICION SANITARIA DE EXCRETAS DE LA COMUNIDAD CAMPESINA DE ACCOCOLLO, DISTRITO DE HUANCANE, PROVINCIA DE HUANCANE, DEPARTAMENTO DE PUNO;;15000;Saneamiento;Localizada en Puno;Sí;;No aplica;
5;ANEXO-5-3;94;442;Gobierno nacional;037;MINISTERIO DE VIVIENDA, CONSTRUCCION Y SANEAMIENTO;;;;Puno | Huancane | ;Programas presupuestales;;;2187533;Proyecto de inversión;MEJORAMIENTO Y AMPLIACION DE LOS SERVICIOS DE AGUA POTABLE Y DISPOSICION SANITARIA DE EXCRETAS DE LA COMUNIDAD CAMPESINA DE KAKACHI, DISTRITO DE HUANCANE, HUANCANE, PUNO;;20000;Saneamiento;Localizada en Puno;Sí;;No aplica;
5;ANEXO-5-3;94;442;Gobierno nacional;037;MINISTERIO DE VIVIENDA, CONSTRUCCION Y SANEAMIENTO;;;;Puno | Coata | ;Programas presupuestales;;;2188775;Proyecto de inversión;MEJORAMIENTO Y AMPLIACION DEL SISTEMA INTEGRAL DE AGUA POTABLE Y SANEAMIENTO EN LAS LOCALIDADES DE COATA, SUCASCO Y ALMOZANCHE, DISTRITO DE COATA - PUNO - PUNO;;420000;Saneamiento;Localizada en Puno;Sí;;No aplica;
5;ANEXO-5-3;94;442;Gobierno nacional;037;MINISTERIO DE VIVIENDA, CONSTRUCCION Y SANEAMIENTO;;;;Puno | Acora | ;Programas presupuestales;;;2189333;Proyecto de inversión;MEJORAMIENTO Y AMPLIACION DE LOS SERVICIOS DE AGUA POTABLE Y DISPOSICION SANITARIA DE EXCRETAS DE LA COMUNIDAD CAMPESINA DE CCACCA, DISTRITO DE ACORA, PUNO - PUNO;;200395;Saneamiento;Localizada en Puno;Sí;;No aplica;
5;ANEXO-5-3;94;442;Gobierno nacional;037;MINISTERIO DE VIVIENDA, CONSTRUCCION Y SANEAMIENTO;;;;Puno | Acora | ;Programas presupuestales;;;2189336;Proyecto de inversión;MEJORAMIENTO Y AMPLIACION DE LOS SERVICIOS DE AGUA POTABLE Y DISPOSICION SANITARIA DE EXCRETAS DE LA COMUNIDAD CAMPESINA DE PAMAYA JICHUYO, CENTRO POBLADO JAYU JAYU, DISTRITO DE ACORA, PUNO - PUNO;;15000;Saneamiento;Localizada en Puno;Sí;;No aplica;
5;ANEXO-5-3;94;442;Gobierno nacional;037;MINISTERIO DE VIVIENDA, CONSTRUCCION Y SANEAMIENTO;;;;Puno | Chucuito | Zepita | ;Programas presupuestales;;;2189337;Proyecto de inversión;MEJORAMIENTO Y AMPLIACION DEL SERVICIO DE AGUA POTABLE Y DISPOSICION SANITARIA DE EXCRETAS EN LA COMUNIDAD CAMPESINA HUILACAYA, DISTRITO ZEPITA - CHUCUITO - PUNO;;274738;Saneamiento;Localizada en Puno;Sí;;No aplica;
5;ANEXO-5-3;94;442;Gobierno nacional;037;MINISTERIO DE VIVIENDA, CONSTRUCCION Y SANEAMIENTO;;;;Puno | Acora | Crucero | ;Programas presupuestales;;;2189340;Proyecto de inversión;MEJORAMIENTO Y AMPLIACION DE LOS SERVICIOS DE AGUA POTABLE Y DISPOSICION SANITARIA DE EXCRETAS DEL CENTRO POBLADO CRUCERO, DISTRITO DE ACORA, PUNO - PUNO;;15000;Saneamiento;Localizada en Puno;Sí;;No aplica;
5;ANEXO-5-3;94;442;Gobierno nacional;037;MINISTERIO DE VIVIENDA, CONSTRUCCION Y SANEAMIENTO;;;;Puno | Azangaro | Asillo | ;Programas presupuestales;;;2189342;Proyecto de inversión;MEJORAMIENTO Y AMPLIACION DE LOS SERVICIOS DE AGUA POTABLE Y DISPOSICION SANITARIA DE EXCRETAS DE LA COMUNIDAD CAMPESINA DE MACHARIRI CENTRAL, DISTRITO DE ASILLO, AZANGARO - PUNO;;15000;Saneamiento;Localizada en Puno;Sí;;No aplica;
5;ANEXO-5-3;94;442;Gobierno nacional;037;MINISTERIO DE VIVIENDA, CONSTRUCCION Y SANEAMIENTO;;;;Puno | Acora | ;Programas presupuestales;;;2189343;Proyecto de inversión;MEJORAMIENTO Y AMPLIACION DE LOS SERVICIOS DE AGUA POTABLE Y DISPOSICION SANITARIA DE EXCRETAS DE LA COMUNIDAD CAMPESINA DE CUCHO ESQUEÑA DISTRITO DE ACORA, PROVINCIA DE PUNO, DEPARTAMENTO DE PUNO;;48379;Saneamiento;Localizada en Puno;Sí;;No aplica;
5;ANEXO-5-3;94;442;Gobierno nacional;037;MINISTERIO DE VIVIENDA, CONSTRUCCION Y SANEAMIENTO;;;;Puno | Acora | Crucero | ;Programas presupuestales;;;2189345;Proyecto de inversión;MEJORAMIENTO Y AMPLIACION DE LOS SERVICIOS DE AGUA POTABLE Y DISPOSICION SANITARIA DE EXCRETAS DE LA COMUNIDAD CAMPESINA DE HUILASIPE, CENTRO POBLADO DE CRUCERO, DISTRITO DE ACORA, PUNO - PUNO;;15000;Saneamiento;Localizada en Puno;Sí;;No aplica;
5;ANEXO-5-3;94;442;Gobierno nacional;037;MINISTERIO DE VIVIENDA, CONSTRUCCION Y SANEAMIENTO;;;;Puno | Huancane | ;Programas presupuestales;;;2189346;Proyecto de inversión;MEJORAMIENTO Y AMPLIACION DE LOS SERVICIOS DE AGUA POTABLE Y DISPOSICION SANITARIA DE EXCRETAS DE LA COMUNIDAD CAMPESINA DE CUYURAYA, DISTRITO DE HUANCANE, HUANCANE - PUNO;;15000;Saneamiento;Localizada en Puno;Sí;;No aplica;
5;ANEXO-5-3;94;442;Gobierno nacional;037;MINISTERIO DE VIVIENDA, CONSTRUCCION Y SANEAMIENTO;;;;Puno | Chucuito | Huacullani | ;Programas presupuestales;;;2189446;Proyecto de inversión;AMPLIACION Y MEJORAMIENTO DEL SERVICIO DE AGUA POTABLE Y DISPOSICION SANITARIA DE EXCRETAS EN LAS PARCIALIDADES DE QUIMBALITA Y CONCEPCION INGENIO, DISTRITO DE HUACULLANI - CHUCUITO - PUNO;;30000;Saneamiento;Localizada en Puno;Sí;;No aplica;
5;ANEXO-5-3;94;442;Gobierno nacional;037;MINISTERIO DE VIVIENDA, CONSTRUCCION Y SANEAMIENTO;;;;Puno | Chucuito | Huacullani | ;Programas presupuestales;;;2189448;Proyecto de inversión;INSTALACION DEL SERVICIO DE AGUA POTABLE Y DISPOSICION SANITARIA DE EXCRETAS EN LOS SECTORES SIQUICAUSILLUMA, KAMANI Y CENTRAL VILLACHAVE II DE LA COMUNIDAD CAMPESINA VILACHAVE, DISTRITO HUACULLANI - CHUCUITO - PUNO;;2272622;Saneamiento;Localizada en Puno;Sí;;No aplica;
5;ANEXO-5-3;95;443;Gobierno nacional;037;MINISTERIO DE VIVIENDA, CONSTRUCCION Y SANEAMIENTO;;;;Puno | Chucuito | Zepita | ;Programas presupuestales;;;2189450;Proyecto de inversión;INSTALACION DE SERVICIOS DE AGUA POTABLE Y DISPOSICION SANITARIA DE EXCRETAS EN EL SECTOR HUARA HUARA DE LA COMUNIDAD CAMPESINA SICUYANI, DISTRITO DE ZEPITA CHUCUITO - PUNO;;61961;Saneamiento;Localizada en Puno;Sí;;No aplica;
5;ANEXO-5-3;95;443;Gobierno nacional;037;MINISTERIO DE VIVIENDA, CONSTRUCCION Y SANEAMIENTO;;;;Puno | Chucuito | Pomata | ;Programas presupuestales;;;2189452;Proyecto de inversión;MEJORAMIENTO Y AMPLIACION DEL SERVICIO DE AGUA POTABLE Y DISPOSICION SANITARIA DE EXCRETAS EN LOS SECTORES TACAHUA Y KOLLIHUERTA DE LA COMUNIDAD CAMPESINA TUQUINA, DISTRITO POMATA - CHUCUITO - PUNO;;15000;Saneamiento;Localizada en Puno;Sí;;No aplica;
5;ANEXO-5-3;95;443;Gobierno nacional;037;MINISTERIO DE VIVIENDA, CONSTRUCCION Y SANEAMIENTO;;;;Puno | Chucuito | Pomata | Lampa | ;Programas presupuestales;;;2189453;Proyecto de inversión;MEJORAMIENTO Y AMPLIACION DEL SERVICIO DE AGUA POTABLE Y DISPOSICION SANITARIA DE EXCRETAS EN LA COMUNIDAD CAMPESINA LAMPA CHICO, DISTRITO POMATA - CHUCUITO - PUNO;;15000;Saneamiento;Localizada en Puno;Sí;;No aplica;
5;ANEXO-5-3;95;443;Gobierno nacional;037;MINISTERIO DE VIVIENDA, CONSTRUCCION Y SANEAMIENTO;;;;Puno | Chucuito | Pomata | ;Programas presupuestales;;;2189457;Proyecto de inversión;AMPLIACION Y MEJORAMIENTO SERVICIO DE AGUA POTABLE Y DISPOSICION SANITARIA DE EXCRETAS EN LOS SECTORES CHATUMA CUCHO, CHIARAUYO, HANCCOHUYO, SAN ISIDRO Y CAPUHUI DEL CENTRO POBLADO CHATUMA, DISTRITO POMATA- CHUCUITO - PUNO;;158046;Saneamiento;Localizada en Puno;Sí;;No aplica;
5;ANEXO-5-3;95;443;Gobierno nacional;037;MINISTERIO DE VIVIENDA, CONSTRUCCION Y SANEAMIENTO;;;;Puno | Chucuito | Pomata | ;Programas presupuestales;;;2189458;Proyecto de inversión;MEJORAMIENTO Y AMPLIACION DE LOS SERVICIOS DE AGUA POTABLE Y DISPOSICION SANITARIA DE EXCRETAS EN LOS SECTORES SALLUYO Y SAN FRANCISCO DE LA COMUNIDAD CAMPESINA JAQUEHUAYTAHUI, DISTRITO POMATA- CHUCUITO - PUNO;;920110;Saneamiento;Localizada en Puno;Sí;;No aplica;
5;ANEXO-5-3;95;443;Gobierno nacional;037;MINISTERIO DE VIVIENDA, CONSTRUCCION Y SANEAMIENTO;;;;Puno | Acora | ;Programas presupuestales;;;2189465;Proyecto de inversión;MEJORAMIENTO Y AMPLIACION DE LOS SERVICIOS DE AGUA POTABLE Y DISPOSICION SANITARIA DE EXCRETAS DEL CENTRO POBLADO THUNCO, DISTRITO DE ACORA, PUNO - PUNO;;1988240;Saneamiento;Localizada en Puno;Sí;;No aplica;
5;ANEXO-5-3;95;443;Gobierno nacional;037;MINISTERIO DE VIVIENDA, CONSTRUCCION Y SANEAMIENTO;;;;Puno | Chucuito | Pomata | ;Programas presupuestales;;;2189482;Proyecto de inversión;MEJORAMIENTO Y AMPLIACION DEL SERVICIO DE AGUA POTABLE Y DISPOSICION SANITARIA DE EXCRETAS EN LA COMUNIDAD CAMPESINA ISCUANI DISTRITO POMATA - CHUCUITO PUNO;;119573;Saneamiento;Localizada en Puno;Sí;;No aplica;
5;ANEXO-5-3;95;443;Gobierno nacional;037;MINISTERIO DE VIVIENDA, CONSTRUCCION Y SANEAMIENTO;;;;Puno | Chucuito | Pomata | ;Programas presupuestales;;;2189486;Proyecto de inversión;MEJORAMIENTO Y AMPLIACION DEL SERVICIO DE AGUA POTABLE Y DISPOSICION SANITARIA DE EXCRETAS EN LOS SECTORES CHOCCÑAPAMPA BAJO Y POCOAQUI DE LA COMUNIDAD CAMPESINA HUAPACA SANTIAGO, DISTRITO POMATA - CHUCUITO - PUNO;;20000;Saneamiento;Localizada en Puno;Sí;;No aplica;
5;ANEXO-5-3;95;443;Gobierno nacional;037;MINISTERIO DE VIVIENDA, CONSTRUCCION Y SANEAMIENTO;;;;Puno | Chucuito | Huacullani | Pucara | ;Programas presupuestales;;;2189495;Proyecto de inversión;MEJORAMIENTO Y AMPLIACION DEL SERVICIO DE AGUA POTABLE Y DISPOSICION SANITARIA DE EXCRETAS EN LOS SECTORES FARIPIÑA, VILACAYA, PUCARA Y CAUSILLUMA DE LA COMUNIDAD CAMPESINA HUACASUMA, DISTRITO HUACULLANI - CHUCUITO - PUNO;;300000;Saneamiento;Localizada en Puno;Sí;;No aplica;
5;ANEXO-5-3;95;443;Gobierno nacional;037;MINISTERIO DE VIVIENDA, CONSTRUCCION Y SANEAMIENTO;;;;Puno | Acora | ;Programas presupuestales;;;2189498;Proyecto de inversión;MEJORAMIENTO Y AMPLIACION DE LOS SERVICIOS DE AGUA POTABLE Y DISPOSICION SANITARIA DE EXCRETAS DE LA COMUNIDAD CAMPESINA DE HUANTACACHI CHILA, C.P. COPAQUIRA, DISTRITO DE ACORA, PROVINCIA DE PUNO, DEPARTAMENTO DE PUNO;;56810;Saneamiento;Localizada en Puno;Sí;;No aplica;
5;ANEXO-5-3;95;443;Gobierno nacional;037;MINISTERIO DE VIVIENDA, CONSTRUCCION Y SANEAMIENTO;;;;Puno | Chucuito | Kelluyo | ;Programas presupuestales;;;2189499;Proyecto de inversión;MEJORAMIENTO Y AMPLIACION DEL SERVICIO DE AGUA POTABLE Y DISPOSICION SANITARIA DE EXCRETAS EN LAS PARCIALIDADES SAN FRANCISCO Y COLLINE DEL CENTRO POBLADO ARCONUMA, DISTRITO KELLUYO - CHUCUITO - PUNO;;15000;Saneamiento;Localizada en Puno;Sí;;No aplica;
5;ANEXO-5-3;95;443;Gobierno nacional;037;MINISTERIO DE VIVIENDA, CONSTRUCCION Y SANEAMIENTO;;;;Puno | ;Programas presupuestales;;;2189503;Proyecto de inversión;INSTALACION DEL SERVICIO DE AGUA POTABLE Y DISPOSICION SANITARIA DE EXCRETAS DE LA COMUNIDAD CAMPESINA DE CUSINI, DISTRITO DE AGORA, PROVINCIA DE PUNO, REGION PUNO;;15000;Saneamiento;Localizada en Puno;Sí;;No aplica;
5;ANEXO-5-3;95;443;Gobierno nacional;037;MINISTERIO DE VIVIENDA, CONSTRUCCION Y SANEAMIENTO;;;;Puno | Chucuito | Pomata | ;Programas presupuestales;;;2189506;Proyecto de inversión;INSTALACION DEL SERVICIO DE AGUA POTABLE Y DISPOSICION SANITARIA DE EXCRETAS EN LA CAPITAL DEL CENTRO POBLADO TUQUINA, DISTRITO POMATA- CHUCUITO - PUNO;;677231;Saneamiento;Localizada en Puno;Sí;;No aplica;
5;ANEXO-5-3;95;443;Gobierno nacional;037;MINISTERIO DE VIVIENDA, CONSTRUCCION Y SANEAMIENTO;;;;Puno | Chucuito | Kelluyo | ;Programas presupuestales;;;2189508;Proyecto de inversión;INSTALACION DEL SERVICIO DE AGUA POTABLE Y DISPOSICION SANITARIA DE EXCRETAS EN LOS SECTORES DE MANUELO Y MAMANI EN LA COMUNIDAD CAMPESINA DE KAPIA PUSUMA, DISTRITO DE KELLUYO - CHUCUITO - PUNO;;15000;Saneamiento;Localizada en Puno;Sí;;No aplica;
5;ANEXO-5-3;95;443;Gobierno nacional;037;MINISTERIO DE VIVIENDA, CONSTRUCCION Y SANEAMIENTO;;;;Puno | Azangaro | Asillo | ;Programas presupuestales;;;2189518;Proyecto de inversión;MEJORAMIENTO Y AMPLIACION DE LOS SERVICIOS DE AGUA POTABLE Y DISPOSICION SANITARIA DE EXCRETAS DE LA COMUNIDAD CAMPESINA DE ACCOPATA. DISTRITO DE ASILLO, AZANGARO - PUNO;;15000;Saneamiento;Localizada en Puno;Sí;;No aplica;
5;ANEXO-5-3;95;443;Gobierno nacional;037;MINISTERIO DE VIVIENDA, CONSTRUCCION Y SANEAMIENTO;;;;Puno | Acora | ;Programas presupuestales;;;2191199;Proyecto de inversión;MEJORAMIENTO Y AMPLIACION DE LOS SERVICIOS DE AGUA POTABLE Y DISPOSICION SANITARIA DE EXCRETAS DEL CENTRO POBLADO DE CARITAMAYA, DISTRITO DE ACORA, PROVINCIA DE PUNO, DEPARTAMENTO DE PUNO;;20000;Saneamiento;Localizada en Puno;Sí;;No aplica;
5;ANEXO-5-3;95;443;Gobierno nacional;037;MINISTERIO DE VIVIENDA, CONSTRUCCION Y SANEAMIENTO;;;;Puno | Chucuito | Zepita | ;Programas presupuestales;;;2191201;Proyecto de inversión;MEJORAMIENTO Y AMPLIACION DEL SERVICIO DE AGUA POTABLE Y DISPOSICION SANITARIA DE EXCRETAS EN EL SERTOR CENTRAL CHUA CHUA DEL CENTRO POBLADO CHUA CHUA, DISTRITO DE ZEPITA - CHUCUITO - PUNO;;46058;Saneamiento;Localizada en Puno;Sí;;No aplica;
5;ANEXO-5-3;96;444;Gobierno nacional;037;MINISTERIO DE VIVIENDA, CONSTRUCCION Y SANEAMIENTO;;;;Puno | Chucuito | Zepita | ;Programas presupuestales;;;2191605;Proyecto de inversión;MEJORAMIENTO Y AMPLIACION DEL SERVICIO DE AGUA POTABLE Y DISPOSICION SANITARIA DE EXCRETAS EN LOS SECTORES IZCUCHACA Y PAMPA CHUA CHUA DEL CENTRO POBLADO CHUA CHUA, DISTRITO ZEPITA - CHUCUITO - PUNO;;30000;Saneamiento;Localizada en Puno;Sí;;No aplica;
5;ANEXO-5-3;96;444;Gobierno nacional;037;MINISTERIO DE VIVIENDA, CONSTRUCCION Y SANEAMIENTO;;;;Puno | Chucuito | Zepita | ;Programas presupuestales;;;2191606;Proyecto de inversión;MEJORAMIENTO Y AMPLIACION DE LOS SERVICIOS DE AGUA POTABLE Y DISPOSICION SANITARIA DE EXCRETAS EN LOS SECTORES CHALLAJAHUIRA, CENTRAL JACHAPAMPA BAJA Y LIQUINA BAJA, DE LA COMUNIDAD CAMPESINA JACHAPAMPA, DISTRITO ZEPITA - CHUCUITO - PUNO;;762369;Saneamiento;Localizada en Puno;Sí;;No aplica;
5;ANEXO-5-3;104;452;Gobierno nacional;037;MINISTERIO DE VIVIENDA, CONSTRUCCION Y SANEAMIENTO;;;;Puno | Carabaya | Ollachea | ;Programas presupuestales;;;2270997;Proyecto de inversión;MEJORAMIENTO Y AMPLIACION DE LOS SERVICIOS DE AGUA POTABLE Y SANEAMIENTO DEL CENTRO POBLADO DE PUMACHANCA, DISTRITO DE OLLACHEA - CARABAYA - PUNO;;20000;Saneamiento;Localizada en Puno;Sí;;No aplica;
5;ANEXO-5-3;105;453;Gobierno nacional;037;MINISTERIO DE VIVIENDA, CONSTRUCCION Y SANEAMIENTO;;;;Puno | Sandia | ;Programas presupuestales;;;2276070;Proyecto de inversión;MEJORAMIENTO Y AMPLIACION DE LOS SERVICIOS DE AGUA POTABLE Y SANEAMIENTO DEL CENTRO POBLADO DE APABUCO, DISTRITO DE SANDIA, PROVINCIA DE SANDIA - PUNO;;7059;Saneamiento;Localizada en Puno;Sí;;No aplica;
5;ANEXO-5-3;105;453;Gobierno nacional;037;MINISTERIO DE VIVIENDA, CONSTRUCCION Y SANEAMIENTO;;;;Puno | Sandia | ;Programas presupuestales;;;2276132;Proyecto de inversión;MEJORAMIENTO Y AMPLIACION DE LOS SERVICIOS DE AGUA POTABLE Y SANEAMIENTO DEL CENTRO POBLADO AYO, DISTRITO DE SANDIA, PROVINCIA DE SANDIA - PUNO;;15000;Saneamiento;Localizada en Puno;Sí;;No aplica;
5;ANEXO-5-3;106;454;Gobierno nacional;037;MINISTERIO DE VIVIENDA, CONSTRUCCION Y SANEAMIENTO;;;;Puno | Sandia | ;Programas presupuestales;;;2283136;Proyecto de inversión;MEJORAMIENTO Y AMPLIACION DE LOS SERVICIOS DE AGUA POTABLE Y SANEAMIENTO DEL CENTRO POBLADO SUARA, DISTRITO DE SANDIA, PROVINCIA DE SANDIA - PUNO;;15000;Saneamiento;Localizada en Puno;Sí;;No aplica;
5;ANEXO-5-3;107;455;Gobierno nacional;037;MINISTERIO DE VIVIENDA, CONSTRUCCION Y SANEAMIENTO;;;;Puno | Sandia | ;Programas presupuestales;;;2293521;Proyecto de inversión;MEJORAMIENTO Y AMPLIACION DE LOS SERVICIOS DE AGUA POTABLE Y SANEAMIENTO DEL CENTRO POBLADO DE AMOYO, DISTRITO DE SANDIA, PROVINCIA DE SANDIA - PUNO;;15000;Saneamiento;Localizada en Puno;Sí;;No aplica;
5;ANEXO-5-3;108;456;Gobierno nacional;037;MINISTERIO DE VIVIENDA, CONSTRUCCION Y SANEAMIENTO;;;;Puno | Chucuito | Huacullani | ;Programas presupuestales;;;2299423;Proyecto de inversión;CREACION DEL SERVICIO DE AGUA POTABLE Y DISPOSICION SANITARIA DE EXCRETAS EN LOS SECTORES VENTILLA I, VENTILLA II Y CUMO HUACULLANI, CENTRO POBLADO YOROHOCO, DISTRITO DE HUACULLANI, PROVINCIA DE CHUCUITO, DEPARTAMENTO DE PUNO;;1540130;Saneamiento;Localizada en Puno;Sí;;No aplica;
5;ANEXO-5-3;108;456;Gobierno nacional;037;MINISTERIO DE VIVIENDA, CONSTRUCCION Y SANEAMIENTO;;;;Puno | Chucuito | Zepita | ;Programas presupuestales;;;2299942;Proyecto de inversión;CREACION DEL SERVICIO DE AGUA POTABLE Y DISPOSICION SANITARIA DE EXCRETAS EN LOS SECTORES QUIÑONES Y MAMANI DEL CENTRO POBLADO SICUYANI, DISTRITO DE ZEPITA, PROVINCIA DE CHUCUITO, DEPARTAMENTO DE PUNO;;131649;Saneamiento;Localizada en Puno;Sí;;No aplica;
5;ANEXO-5-3;109;457;Gobierno nacional;037;MINISTERIO DE VIVIENDA, CONSTRUCCION Y SANEAMIENTO;;;;Puno | Chucuito | Zepita | ;Programas presupuestales;;;2302960;Proyecto de inversión;MEJORAMIENTO Y AMPLIACION DEL SERVICIO DE AGUA POTABLE Y CREACION DEL SERVICIO DE DISPOSICION SANITARIA DE EXCRETAS EN LA COMUNIDAD CAMPESINA JACHAPAMPA - SECTOR ALTO JACHAPAMPA, DISTRITO DE ZEPITA, PROVINCIA DE CHUCUITO, DEPARTAMENTO DE PUNO;;511501;Saneamiento;Localizada en Puno;Sí;;No aplica;
5;ANEXO-5-3;109;457;Gobierno nacional;037;MINISTERIO DE VIVIENDA, CONSTRUCCION Y SANEAMIENTO;;;;Puno | Chucuito | Kelluyo | ;Programas presupuestales;;;2302964;Proyecto de inversión;MEJORAMIENTO Y AMPLIACION DEL SERVICIO DE AGUA POTABLE Y DISPOSICION SANITARIA DE EXCRETAS EN LA COMUNIDAD CAMPESINA DE TULACOLLO, DISTRITO DE KELLUYO, PROVINCIA DE CHUCUITO, DEPARTAMENTO DE PUNO;;15000;Saneamiento;Localizada en Puno;Sí;;No aplica;
5;ANEXO-5-3;109;457;Gobierno nacional;037;MINISTERIO DE VIVIENDA, CONSTRUCCION Y SANEAMIENTO;;;;Puno | Chucuito | Kelluyo | ;Programas presupuestales;;;2302966;Proyecto de inversión;MEJORAMIENTO Y AMPLIACION DEL SERVICIO DE AGUA POTABLE Y CREACION DEL DISPOSICION SANITARIA DE EXCRETAS EN LA COMUNIDAD CAMPESINA DE CENTRO ARACACHI CHIARAQUI, DISTRITO DE KELLUYO, PROVINCIA DE CHUCUITO, DEPARTAMENTO DE PUNO.;;73684;Saneamiento;Localizada en Puno;Sí;;No aplica;
5;ANEXO-5-3;110;458;Gobierno nacional;037;MINISTERIO DE VIVIENDA, CONSTRUCCION Y SANEAMIENTO;;;;Puno | Azangaro | Chupa | ;Programas presupuestales;;;2307910;Proyecto de inversión;MEJORAMIENTO Y AMPLIACION DEL SERVICIO DE AGUA POTABLE Y SANEAMIENTO BASICO DEL CENTRO POBLADO DE RUKUS, DISTRITO DE CHUPA - AZANGARO - PUNO;;170000;Saneamiento;Localizada en Puno;Sí;;No aplica;
5;ANEXO-5-3;111;459;Gobierno nacional;037;MINISTERIO DE VIVIENDA, CONSTRUCCION Y SANEAMIENTO;;;;Puno | Chucuito | Pomata | ;Programas presupuestales;;;2310861;Proyecto de inversión;MEJORAMIENTO Y AMPLIACION DEL SERVICIO DE AGUA POTABLE Y CREACION DEL SERVICIO DE DISPOSICION SANITARIA DE EXCRETAS EN EL SECTOR SISIPA DE LA COMUNIDAD CAMPESINA SISIPA CHALLACOLLO, DISTRITO DE POMATA, PROVINCIA DE CHUCUITO, DEPARTAMENTO PUNO;;389861;Saneamiento;Localizada en Puno;Sí;;No aplica;
5;ANEXO-5-3;112;460;Gobierno nacional;037;MINISTERIO DE VIVIENDA, CONSTRUCCION Y SANEAMIENTO;;;;Puno | ;Programas presupuestales;;;2331661;Proyecto de inversión;AMPLIACION Y MEJORAMIENTO DE LOS SERVICIOS DE AGUA POTABLE Y ALCANTARILLADO DE LA CIUDAD DE JULIACA - PUNO;;305267997;Saneamiento;Localizada en Puno;Sí;;No aplica;
5;ANEXO-5-3;112;460;Gobierno nacional;037;MINISTERIO DE VIVIENDA, CONSTRUCCION Y SANEAMIENTO;;;;Puno | Moho | ;Programas presupuestales;;;2337107;Proyecto de inversión;AMPLIACION, MEJORAMIENTO DE LOS SERVICIOS DE RECOLECCION Y TRATAMIENTO DE AGUAS RESIDUALES DE LAS CIUDADES DE AYAVIRI, MOHO, JULIACA, PUNO, ILAVE Y JULI, DEPARTAMENTO DE PUNO;;30000;Saneamiento;Localizada en Puno;Sí;;No aplica;
5;ANEXO-5-3;112;460;Gobierno nacional;037;MINISTERIO DE VIVIENDA, CONSTRUCCION Y SANEAMIENTO;;;;Puno | ;Programas presupuestales;;;2387679;Proyecto de inversión;MEJORAMIENTO Y AMPLIACION DE LOS SERVICIOS DE AGUA POTABLE Y RECOLECCION DE AGUAS RESIDUALES DE LA CIUDAD DE PUNO, DISTRITO DE PUNO - PROVINCIA DE PUNO - DEPARTAMENTO DE PUNO;;2000000;Saneamiento;Localizada en Puno;Sí;;No aplica;
5;ANEXO-5-3;112;460;Gobierno nacional;037;MINISTERIO DE VIVIENDA, CONSTRUCCION Y SANEAMIENTO;;;;Puno | Melgar | ;Programas presupuestales;;;2387732;Proyecto de inversión;MEJORAMIENTO Y AMPLIACION DE LOS SISTEMAS DE AGUA POTABLE Y SANEAMIENTO DE LA CIUDAD DE AYAVIRI DISTRITO DE AYAVIRI - PROVINCIA DE MELGAR - DEPARTAMENTO DE PUNO;;1025000;Saneamiento;Localizada en Puno;Sí;;No aplica;
5;ANEXO-5-3;114;462;Gobierno nacional;037;MINISTERIO DE VIVIENDA, CONSTRUCCION Y SANEAMIENTO;;;;Puno | Coata | ;Programas presupuestales;;;2461584;Proyecto de inversión;CREACION DEL SERVICIO DE SISTEMA DE AGUA POTABLE Y SANEAMIENTO BASICO EN LOS C.P. Y SECTOR RURAL DE CARATA, LLACHAHUI, QUEATTA, POJSIN, PUTUCUNI, CANDILE CHINCHE, LLUCO MD Y COATASI, DISTRITO DE COATA - PROVINCIA DE PUNO - DEPARTAMENTO DE PUNO;;4371613;Saneamiento;Localizada en Puno;Sí;;No aplica;
5;ANEXO-5-3;130;478;Gobierno nacional;241;INSTITUTO TECNOLOGICO DE LA PRODUCCION - ITP;;;;Puno | ;Programas presupuestales;;;2267446;Proyecto de inversión;CREACION DE SERVICIOS DE PROMOCION DE INNOVACION TECNOLOGICA PARA LA CADENA DE VALOR DE LOS PRODUCTOS TEXTILES DE LOS CAMELIDOS DOMESTICOS EN LOS DEPARTAMENTOS DE PUNO, AREQUIPA, CUSCO, HUANCAVELICA, AYACUCHO Y APURIMAC;;7881948;Sin clasificar;Multidepartamental, incluye Puno;Sí;;No aplica;
5;ANEXO-5-3;135;483;Gobierno nacional;039;MINISTERIO DE LA MUJER Y POBLACIONES VULNERABLES;;;;Puno | ;Programas presupuestales;;;2667738;Proyecto de inversión;"ADQUISICION DE HARDWARE GENERAL, PROYECTOR MULTIMEDIA, MOBILIARIO DE AMBIENTES COMPLEMENTARIOS Y VEHICULO; EN EL(LA) CENTRO DE ACOGIDA RESIDENCIAL (CAR) RIJCHARIY DISTRITO DE PUNO, PROVINCIA PUNO, DEPARTAMENTO PUNO";;233375;Sin clasificar;Localizada en Puno;Sí;;No aplica;
5;ANEXO-5-3;141;489;Gobierno nacional;040;MINISTERIO DE DESARROLLO E INCLUSION SOCIAL;;;;Puno | Carabaya | Crucero | ;APNOP;;;2176877;Proyecto de inversión;CREACION DEL CENTRO DE SERVICIOS DE APOYO AL HABITAT RURAL EN EL C.P. CCANCCOLLY CRUCERO-CARABAYA-PUNO;;1811768;Sin clasificar;Localizada en Puno;Sí;;No aplica;
7;ANEXO-7-2-2;200;1432;Gobierno local;210101;MUNICIPALIDAD PROVINCIAL DE PUNO;Puno;;Puno;Puno;;;;2.1;Genérica del gasto;Personal y obligaciones sociales;Recursos directamente recaudados;9901345;No sectorizable (gasto por genérica);Localizada en Puno;Sí;;Sí;0
7;ANEXO-7-2-2;200;1432;Gobierno local;210101;MUNICIPALIDAD PROVINCIAL DE PUNO;Puno;;Puno;Puno;;;;2.1;Genérica del gasto;Personal y obligaciones sociales;Recursos determinados;29315642;No sectorizable (gasto por genérica);Localizada en Puno;Sí;;Sí;0
7;ANEXO-7-2-2;200;1432;Gobierno local;210101;MUNICIPALIDAD PROVINCIAL DE PUNO;Puno;;Puno;Puno;;;;2.2;Genérica del gasto;Pensiones y otras prestaciones sociales;Recursos ordinarios;3164781;Previsión social;Localizada en Puno;Sí;;Sí;0
7;ANEXO-7-2-2;200;1432;Gobierno local;210101;MUNICIPALIDAD PROVINCIAL DE PUNO;Puno;;Puno;Puno;;;;2.2;Genérica del gasto;Pensiones y otras prestaciones sociales;Recursos directamente recaudados;675814;Previsión social;Localizada en Puno;Sí;;Sí;0
7;ANEXO-7-2-2;200;1432;Gobierno local;210101;MUNICIPALIDAD PROVINCIAL DE PUNO;Puno;;Puno;Puno;;;;2.2;Genérica del gasto;Pensiones y otras prestaciones sociales;Recursos determinados;1484025;Previsión social;Localizada en Puno;Sí;;Sí;0
7;ANEXO-7-2-2;200;1432;Gobierno local;210101;MUNICIPALIDAD PROVINCIAL DE PUNO;Puno;;Puno;Puno;;;;2.3;Genérica del gasto;Bienes y servicios;Recursos ordinarios;2004360;No sectorizable (gasto por genérica);Localizada en Puno;Sí;;Sí;0
7;ANEXO-7-2-2;200;1432;Gobierno local;210101;MUNICIPALIDAD PROVINCIAL DE PUNO;Puno;;Puno;Puno;;;;2.3;Genérica del gasto;Bienes y servicios;Recursos directamente recaudados;2883478;No sectorizable (gasto por genérica);Localizada en Puno;Sí;;Sí;0
7;ANEXO-7-2-2;200;1432;Gobierno local;210101;MUNICIPALIDAD PROVINCIAL DE PUNO;Puno;;Puno;Puno;;;;2.3;Genérica del gasto;Bienes y servicios;Recursos determinados;22823874;No sectorizable (gasto por genérica);Localizada en Puno;Sí;;Sí;0
7;ANEXO-7-2-2;200;1432;Gobierno local;210101;MUNICIPALIDAD PROVINCIAL DE PUNO;Puno;;Puno;Puno;;;;2.4;Genérica del gasto;Donaciones y transferencias;Recursos ordinarios;337892;No sectorizable (gasto por genérica);Localizada en Puno;Sí;;Sí;0
7;ANEXO-7-2-2;200;1432;Gobierno local;210101;MUNICIPALIDAD PROVINCIAL DE PUNO;Puno;;Puno;Puno;;;;2.4;Genérica del gasto;Donaciones y transferencias;Recursos determinados;6958410;No sectorizable (gasto por genérica);Localizada en Puno;Sí;;Sí;0
7;ANEXO-7-2-2;200;1432;Gobierno local;210101;MUNICIPALIDAD PROVINCIAL DE PUNO;Puno;;Puno;Puno;;;;2.5;Genérica del gasto;Otros gastos;Recursos ordinarios;155885;No sectorizable (gasto por genérica);Localizada en Puno;Sí;;Sí;0
7;ANEXO-7-2-2;200;1432;Gobierno local;210101;MUNICIPALIDAD PROVINCIAL DE PUNO;Puno;;Puno;Puno;;;;2.5;Genérica del gasto;Otros gastos;Recursos directamente recaudados;38063;No sectorizable (gasto por genérica);Localizada en Puno;Sí;;Sí;0
7;ANEXO-7-2-2;200;1432;Gobierno local;210101;MUNICIPALIDAD PROVINCIAL DE PUNO;Puno;;Puno;Puno;;;;2.5;Genérica del gasto;Otros gastos;Recursos determinados;1085316;No sectorizable (gasto por genérica);Localizada en Puno;Sí;;Sí;0
7;ANEXO-7-2-2;200;1432;Gobierno local;210101;MUNICIPALIDAD PROVINCIAL DE PUNO;Puno;;Puno;Puno;;;;2.4;Genérica del gasto;Donaciones y transferencias;Recursos determinados;3589000;No sectorizable (gasto por genérica);Localizada en Puno;Sí;;Sí;0
7;ANEXO-7-2-2;200;1432;Gobierno local;210101;MUNICIPALIDAD PROVINCIAL DE PUNO;Puno;;Puno;Puno;;;;2.6;Genérica del gasto;Adquisición de activos no financieros;Recursos directamente recaudados;43700;No sectorizable (gasto por genérica);Localizada en Puno;Sí;;Sí;0
7;ANEXO-7-2-2;200;1432;Gobierno local;210101;MUNICIPALIDAD PROVINCIAL DE PUNO;Puno;;Puno;Puno;;;;2.6;Genérica del gasto;Adquisición de activos no financieros;Recursos determinados;38616227;No sectorizable (gasto por genérica);Localizada en Puno;Sí;;Sí;0
7;ANEXO-7-2-2;200;1432;Gobierno local;210101;MUNICIPALIDAD PROVINCIAL DE PUNO;Puno;;Puno;Puno;;;;2.8;Genérica del gasto;Servicio de la deuda pública;Recursos determinados;716064;Deuda pública;Localizada en Puno;Sí;;Sí;0
7;ANEXO-7-2-2;200;1432;Gobierno local;210102;MUNICIPALIDAD DISTRITAL DE ACORA;Puno;;Acora;Acora;;;;2.1;Genérica del gasto;Personal y obligaciones sociales;Recursos directamente recaudados;2100;No sectorizable (gasto por genérica);Localizada en Puno;Sí;;Sí;0
7;ANEXO-7-2-2;200;1432;Gobierno local;210102;MUNICIPALIDAD DISTRITAL DE ACORA;Puno;;Acora;Acora;;;;2.1;Genérica del gasto;Personal y obligaciones sociales;Recursos determinados;1387945;No sectorizable (gasto por genérica);Localizada en Puno;Sí;;Sí;0
7;ANEXO-7-2-2;200;1432;Gobierno local;210102;MUNICIPALIDAD DISTRITAL DE ACORA;Puno;;Acora;Acora;;;;2.2;Genérica del gasto;Pensiones y otras prestaciones sociales;Recursos ordinarios;456535;Previsión social;Localizada en Puno;Sí;;Sí;0
7;ANEXO-7-2-2;200;1432;Gobierno local;210102;MUNICIPALIDAD DISTRITAL DE ACORA;Puno;;Acora;Acora;;;;2.2;Genérica del gasto;Pensiones y otras prestaciones sociales;Recursos determinados;52935;Previsión social;Localizada en Puno;Sí;;Sí;0
7;ANEXO-7-2-2;200;1432;Gobierno local;210102;MUNICIPALIDAD DISTRITAL DE ACORA;Puno;;Acora;Acora;;;;2.3;Genérica del gasto;Bienes y servicios;Recursos directamente recaudados;113350;No sectorizable (gasto por genérica);Localizada en Puno;Sí;;Sí;0
7;ANEXO-7-2-2;200;1432;Gobierno local;210102;MUNICIPALIDAD DISTRITAL DE ACORA;Puno;;Acora;Acora;;;;2.3;Genérica del gasto;Bienes y servicios;Recursos determinados;4685820;No sectorizable (gasto por genérica);Localizada en Puno;Sí;;Sí;0
7;ANEXO-7-2-2;200;1432;Gobierno local;210102;MUNICIPALIDAD DISTRITAL DE ACORA;Puno;;Acora;Acora;;;;2.4;Genérica del gasto;Donaciones y transferencias;Recursos determinados;2010960;No sectorizable (gasto por genérica);Localizada en Puno;Sí;;Sí;0
7;ANEXO-7-2-2;200;1432;Gobierno local;210102;MUNICIPALIDAD DISTRITAL DE ACORA;Puno;;Acora;Acora;;;;2.5;Genérica del gasto;Otros gastos;Recursos determinados;85000;No sectorizable (gasto por genérica);Localizada en Puno;Sí;;Sí;0
7;ANEXO-7-2-2;200;1432;Gobierno local;210102;MUNICIPALIDAD DISTRITAL DE ACORA;Puno;;Acora;Acora;;;;2.6;Genérica del gasto;Adquisición de activos no financieros;Recursos determinados;10341264;No sectorizable (gasto por genérica);Localizada en Puno;Sí;;Sí;0
7;ANEXO-7-2-2;201;1433;Gobierno local;210103;MUNICIPALIDAD DISTRITAL DE AMANTANI;Puno;;Amantani;Amantani;;;;2.1;Genérica del gasto;Personal y obligaciones sociales;Recursos determinados;305844;No sectorizable (gasto por genérica);Localizada en Puno;Sí;;Sí;0
7;ANEXO-7-2-2;201;1433;Gobierno local;210103;MUNICIPALIDAD DISTRITAL DE AMANTANI;Puno;;Amantani;Amantani;;;;2.2;Genérica del gasto;Pensiones y otras prestaciones sociales;Recursos ordinarios;78218;Previsión social;Localizada en Puno;Sí;;Sí;0
7;ANEXO-7-2-2;201;1433;Gobierno local;210103;MUNICIPALIDAD DISTRITAL DE AMANTANI;Puno;;Amantani;Amantani;;;;2.3;Genérica del gasto;Bienes y servicios;Recursos directamente recaudados;37280;No sectorizable (gasto por genérica);Localizada en Puno;Sí;;Sí;0
7;ANEXO-7-2-2;201;1433;Gobierno local;210103;MUNICIPALIDAD DISTRITAL DE AMANTANI;Puno;;Amantani;Amantani;;;;2.3;Genérica del gasto;Bienes y servicios;Recursos determinados;1399343;No sectorizable (gasto por genérica);Localizada en Puno;Sí;;Sí;0
7;ANEXO-7-2-2;201;1433;Gobierno local;210103;MUNICIPALIDAD DISTRITAL DE AMANTANI;Puno;;Amantani;Amantani;;;;2.4;Genérica del gasto;Donaciones y transferencias;Recursos determinados;47820;No sectorizable (gasto por genérica);Localizada en Puno;Sí;;Sí;0
7;ANEXO-7-2-2;201;1433;Gobierno local;210103;MUNICIPALIDAD DISTRITAL DE AMANTANI;Puno;;Amantani;Amantani;;;;2.6;Genérica del gasto;Adquisición de activos no financieros;Recursos determinados;1551303;No sectorizable (gasto por genérica);Localizada en Puno;Sí;;Sí;0
7;ANEXO-7-2-2;201;1433;Gobierno local;210104;MUNICIPALIDAD DISTRITAL DE ATUNCOLLA;Puno;;Atuncolla;Atuncolla;;;;2.1;Genérica del gasto;Personal y obligaciones sociales;Recursos determinados;349257;No sectorizable (gasto por genérica);Localizada en Puno;Sí;;Sí;0
7;ANEXO-7-2-2;201;1433;Gobierno local;210104;MUNICIPALIDAD DISTRITAL DE ATUNCOLLA;Puno;;Atuncolla;Atuncolla;;;;2.2;Genérica del gasto;Pensiones y otras prestaciones sociales;Recursos ordinarios;110466;Previsión social;Localizada en Puno;Sí;;Sí;0
7;ANEXO-7-2-2;201;1433;Gobierno local;210104;MUNICIPALIDAD DISTRITAL DE ATUNCOLLA;Puno;;Atuncolla;Atuncolla;;;;2.2;Genérica del gasto;Pensiones y otras prestaciones sociales;Recursos determinados;4000;Previsión social;Localizada en Puno;Sí;;Sí;0
7;ANEXO-7-2-2;201;1433;Gobierno local;210104;MUNICIPALIDAD DISTRITAL DE ATUNCOLLA;Puno;;Atuncolla;Atuncolla;;;;2.3;Genérica del gasto;Bienes y servicios;Recursos directamente recaudados;166650;No sectorizable (gasto por genérica);Localizada en Puno;Sí;;Sí;0
7;ANEXO-7-2-2;201;1433;Gobierno local;210104;MUNICIPALIDAD DISTRITAL DE ATUNCOLLA;Puno;;Atuncolla;Atuncolla;;;;2.3;Genérica del gasto;Bienes y servicios;Recursos determinados;1653515;No sectorizable (gasto por genérica);Localizada en Puno;Sí;;Sí;0
7;ANEXO-7-2-2;201;1433;Gobierno local;210104;MUNICIPALIDAD DISTRITAL DE ATUNCOLLA;Puno;;Atuncolla;Atuncolla;;;;2.4;Genérica del gasto;Donaciones y transferencias;Recursos determinados;199260;No sectorizable (gasto por genérica);Localizada en Puno;Sí;;Sí;0
7;ANEXO-7-2-2;201;1433;Gobierno local;210104;MUNICIPALIDAD DISTRITAL DE ATUNCOLLA;Puno;;Atuncolla;Atuncolla;;;;2.5;Genérica del gasto;Otros gastos;Recursos determinados;8324;No sectorizable (gasto por genérica);Localizada en Puno;Sí;;Sí;0
7;ANEXO-7-2-2;201;1433;Gobierno local;210104;MUNICIPALIDAD DISTRITAL DE ATUNCOLLA;Puno;;Atuncolla;Atuncolla;;;;2.6;Genérica del gasto;Adquisición de activos no financieros;Recursos determinados;2565431;No sectorizable (gasto por genérica);Localizada en Puno;Sí;;Sí;0
7;ANEXO-7-2-2;201;1433;Gobierno local;210105;MUNICIPALIDAD DISTRITAL DE CAPACHICA;Puno;;Capachica;Capachica;;;;2.1;Genérica del gasto;Personal y obligaciones sociales;Recursos determinados;639067;No sectorizable (gasto por genérica);Localizada en Puno;Sí;;Sí;0
7;ANEXO-7-2-2;201;1433;Gobierno local;210105;MUNICIPALIDAD DISTRITAL DE CAPACHICA;Puno;;Capachica;Capachica;;;;2.2;Genérica del gasto;Pensiones y otras prestaciones sociales;Recursos ordinarios;206877;Previsión social;Localizada en Puno;Sí;;Sí;0
7;ANEXO-7-2-2;201;1433;Gobierno local;210105;MUNICIPALIDAD DISTRITAL DE CAPACHICA;Puno;;Capachica;Capachica;;;;2.3;Genérica del gasto;Bienes y servicios;Recursos directamente recaudados;69500;No sectorizable (gasto por genérica);Localizada en Puno;Sí;;Sí;0
7;ANEXO-7-2-2;201;1433;Gobierno local;210105;MUNICIPALIDAD DISTRITAL DE CAPACHICA;Puno;;Capachica;Capachica;;;;2.3;Genérica del gasto;Bienes y servicios;Recursos determinados;2071856;No sectorizable (gasto por genérica);Localizada en Puno;Sí;;Sí;0
7;ANEXO-7-2-2;201;1433;Gobierno local;210105;MUNICIPALIDAD DISTRITAL DE CAPACHICA;Puno;;Capachica;Capachica;;;;2.4;Genérica del gasto;Donaciones y transferencias;Recursos determinados;396000;No sectorizable (gasto por genérica);Localizada en Puno;Sí;;Sí;0
7;ANEXO-7-2-2;201;1433;Gobierno local;210105;MUNICIPALIDAD DISTRITAL DE CAPACHICA;Puno;;Capachica;Capachica;;;;2.5;Genérica del gasto;Otros gastos;Recursos determinados;28000;No sectorizable (gasto por genérica);Localizada en Puno;Sí;;Sí;0
7;ANEXO-7-2-2;201;1433;Gobierno local;210105;MUNICIPALIDAD DISTRITAL DE CAPACHICA;Puno;;Capachica;Capachica;;;;2.6;Genérica del gasto;Adquisición de activos no financieros;Recursos directamente recaudados;500;No sectorizable (gasto por genérica);Localizada en Puno;Sí;;Sí;0
7;ANEXO-7-2-2;201;1433;Gobierno local;210105;MUNICIPALIDAD DISTRITAL DE CAPACHICA;Puno;;Capachica;Capachica;;;;2.6;Genérica del gasto;Adquisición de activos no financieros;Recursos determinados;3116369;No sectorizable (gasto por genérica);Localizada en Puno;Sí;;Sí;0
7;ANEXO-7-2-2;201;1433;Gobierno local;210106;MUNICIPALIDAD DISTRITAL DE CHUCUITO;Puno;;Chucuito;Chucuito;;;;2.1;Genérica del gasto;Personal y obligaciones sociales;Recursos directamente recaudados;36659;No sectorizable (gasto por genérica);Localizada en Puno;Sí;;Sí;0
7;ANEXO-7-2-2;201;1433;Gobierno local;210106;MUNICIPALIDAD DISTRITAL DE CHUCUITO;Puno;;Chucuito;Chucuito;;;;2.1;Genérica del gasto;Personal y obligaciones sociales;Recursos determinados;711979;No sectorizable (gasto por genérica);Localizada en Puno;Sí;;Sí;0
7;ANEXO-7-2-2;201;1433;Gobierno local;210106;MUNICIPALIDAD DISTRITAL DE CHUCUITO;Puno;;Chucuito;Chucuito;;;;2.2;Genérica del gasto;Pensiones y otras prestaciones sociales;Recursos ordinarios;196791;Previsión social;Localizada en Puno;Sí;;Sí;0
7;ANEXO-7-2-2;201;1433;Gobierno local;210106;MUNICIPALIDAD DISTRITAL DE CHUCUITO;Puno;;Chucuito;Chucuito;;;;2.2;Genérica del gasto;Pensiones y otras prestaciones sociales;Recursos determinados;3000;Previsión social;Localizada en Puno;Sí;;Sí;0
7;ANEXO-7-2-2;201;1433;Gobierno local;210106;MUNICIPALIDAD DISTRITAL DE CHUCUITO;Puno;;Chucuito;Chucuito;;;;2.3;Genérica del gasto;Bienes y servicios;Recursos directamente recaudados;108441;No sectorizable (gasto por genérica);Localizada en Puno;Sí;;Sí;0
7;ANEXO-7-2-2;201;1433;Gobierno local;210106;MUNICIPALIDAD DISTRITAL DE CHUCUITO;Puno;;Chucuito;Chucuito;;;;2.3;Genérica del gasto;Bienes y servicios;Recursos determinados;1506141;No sectorizable (gasto por genérica);Localizada en Puno;Sí;;Sí;0
7;ANEXO-7-2-2;201;1433;Gobierno local;210106;MUNICIPALIDAD DISTRITAL DE CHUCUITO;Puno;;Chucuito;Chucuito;;;;2.4;Genérica del gasto;Donaciones y transferencias;Recursos determinados;411780;No sectorizable (gasto por genérica);Localizada en Puno;Sí;;Sí;0
7;ANEXO-7-2-2;201;1433;Gobierno local;210106;MUNICIPALIDAD DISTRITAL DE CHUCUITO;Puno;;Chucuito;Chucuito;;;;2.5;Genérica del gasto;Otros gastos;Recursos determinados;37539;No sectorizable (gasto por genérica);Localizada en Puno;Sí;;Sí;0
7;ANEXO-7-2-2;202;1434;Gobierno local;210106;MUNICIPALIDAD DISTRITAL DE CHUCUITO;Puno;;Chucuito;Chucuito;;;;2.6;Genérica del gasto;Adquisición de activos no financieros;Recursos determinados;3419759;No sectorizable (gasto por genérica);Localizada en Puno;Sí;;Sí;0
7;ANEXO-7-2-2;202;1434;Gobierno local;210107;MUNICIPALIDAD DISTRITAL DE COATA;Puno;;Coata;Coata;;;;2.1;Genérica del gasto;Personal y obligaciones sociales;Recursos determinados;365741;No sectorizable (gasto por genérica);Localizada en Puno;Sí;;Sí;0
7;ANEXO-7-2-2;202;1434;Gobierno local;210107;MUNICIPALIDAD DISTRITAL DE COATA;Puno;;Coata;Coata;;;;2.2;Genérica del gasto;Pensiones y otras prestaciones sociales;Recursos ordinarios;122700;Previsión social;Localizada en Puno;Sí;;Sí;0
7;ANEXO-7-2-2;202;1434;Gobierno local;210107;MUNICIPALIDAD DISTRITAL DE COATA;Puno;;Coata;Coata;;;;2.2;Genérica del gasto;Pensiones y otras prestaciones sociales;Recursos determinados;12000;Previsión social;Localizada en Puno;Sí;;Sí;0
7;ANEXO-7-2-2;202;1434;Gobierno local;210107;MUNICIPALIDAD DISTRITAL DE COATA;Puno;;Coata;Coata;;;;2.3;Genérica del gasto;Bienes y servicios;Recursos directamente recaudados;124800;No sectorizable (gasto por genérica);Localizada en Puno;Sí;;Sí;0
7;ANEXO-7-2-2;202;1434;Gobierno local;210107;MUNICIPALIDAD DISTRITAL DE COATA;Puno;;Coata;Coata;;;;2.3;Genérica del gasto;Bienes y servicios;Recursos determinados;1260055;No sectorizable (gasto por genérica);Localizada en Puno;Sí;;Sí;0
7;ANEXO-7-2-2;202;1434;Gobierno local;210107;MUNICIPALIDAD DISTRITAL DE COATA;Puno;;Coata;Coata;;;;2.4;Genérica del gasto;Donaciones y transferencias;Recursos determinados;200320;No sectorizable (gasto por genérica);Localizada en Puno;Sí;;Sí;0
7;ANEXO-7-2-2;202;1434;Gobierno local;210107;MUNICIPALIDAD DISTRITAL DE COATA;Puno;;Coata;Coata;;;;2.6;Genérica del gasto;Adquisición de activos no financieros;Recursos determinados;4101753;No sectorizable (gasto por genérica);Localizada en Puno;Sí;;Sí;0
7;ANEXO-7-2-2;202;1434;Gobierno local;210108;MUNICIPALIDAD DISTRITAL DE HUATA;Puno;;Huata;Huata;;;;2.1;Genérica del gasto;Personal y obligaciones sociales;Recursos determinados;691760;No sectorizable (gasto por genérica);Localizada en Puno;Sí;;Sí;0
7;ANEXO-7-2-2;202;1434;Gobierno local;210108;MUNICIPALIDAD DISTRITAL DE HUATA;Puno;;Huata;Huata;;;;2.2;Genérica del gasto;Pensiones y otras prestaciones sociales;Recursos ordinarios;49380;Previsión social;Localizada en Puno;Sí;;Sí;0
7;ANEXO-7-2-2;202;1434;Gobierno local;210108;MUNICIPALIDAD DISTRITAL DE HUATA;Puno;;Huata;Huata;;;;2.3;Genérica del gasto;Bienes y servicios;Recursos directamente recaudados;1098000;No sectorizable (gasto por genérica);Localizada en Puno;Sí;;Sí;0
7;ANEXO-7-2-2;202;1434;Gobierno local;210108;MUNICIPALIDAD DISTRITAL DE HUATA;Puno;;Huata;Huata;;;;2.3;Genérica del gasto;Bienes y servicios;Recursos determinados;772079;No sectorizable (gasto por genérica);Localizada en Puno;Sí;;Sí;0
7;ANEXO-7-2-2;202;1434;Gobierno local;210108;MUNICIPALIDAD DISTRITAL DE HUATA;Puno;;Huata;Huata;;;;2.5;Genérica del gasto;Otros gastos;Recursos directamente recaudados;2000;No sectorizable (gasto por genérica);Localizada en Puno;Sí;;Sí;0
7;ANEXO-7-2-2;202;1434;Gobierno local;210108;MUNICIPALIDAD DISTRITAL DE HUATA;Puno;;Huata;Huata;;;;2.6;Genérica del gasto;Adquisición de activos no financieros;Recursos determinados;1400036;No sectorizable (gasto por genérica);Localizada en Puno;Sí;;Sí;0
7;ANEXO-7-2-2;202;1434;Gobierno local;210109;MUNICIPALIDAD DISTRITAL DE MAÑAZO;Puno;;Manazo;Manazo;;;;2.1;Genérica del gasto;Personal y obligaciones sociales;Recursos directamente recaudados;12000;No sectorizable (gasto por genérica);Localizada en Puno;Sí;;Sí;0
7;ANEXO-7-2-2;202;1434;Gobierno local;210109;MUNICIPALIDAD DISTRITAL DE MAÑAZO;Puno;;Manazo;Manazo;;;;2.1;Genérica del gasto;Personal y obligaciones sociales;Recursos determinados;515324;No sectorizable (gasto por genérica);Localizada en Puno;Sí;;Sí;0
7;ANEXO-7-2-2;202;1434;Gobierno local;210109;MUNICIPALIDAD DISTRITAL DE MAÑAZO;Puno;;Manazo;Manazo;;;;2.2;Genérica del gasto;Pensiones y otras prestaciones sociales;Recursos ordinarios;117466;Previsión social;Localizada en Puno;Sí;;Sí;0
7;ANEXO-7-2-2;202;1434;Gobierno local;210109;MUNICIPALIDAD DISTRITAL DE MAÑAZO;Puno;;Manazo;Manazo;;;;2.3;Genérica del gasto;Bienes y servicios;Recursos directamente recaudados;60150;No sectorizable (gasto por genérica);Localizada en Puno;Sí;;Sí;0
7;ANEXO-7-2-2;202;1434;Gobierno local;210109;MUNICIPALIDAD DISTRITAL DE MAÑAZO;Puno;;Manazo;Manazo;;;;2.3;Genérica del gasto;Bienes y servicios;Recursos determinados;1323585;No sectorizable (gasto por genérica);Localizada en Puno;Sí;;Sí;0
7;ANEXO-7-2-2;202;1434;Gobierno local;210109;MUNICIPALIDAD DISTRITAL DE MAÑAZO;Puno;;Manazo;Manazo;;;;2.4;Genérica del gasto;Donaciones y transferencias;Recursos determinados;99120;No sectorizable (gasto por genérica);Localizada en Puno;Sí;;Sí;0
7;ANEXO-7-2-2;202;1434;Gobierno local;210109;MUNICIPALIDAD DISTRITAL DE MAÑAZO;Puno;;Manazo;Manazo;;;;2.5;Genérica del gasto;Otros gastos;Recursos directamente recaudados;20000;No sectorizable (gasto por genérica);Localizada en Puno;Sí;;Sí;0
7;ANEXO-7-2-2;202;1434;Gobierno local;210109;MUNICIPALIDAD DISTRITAL DE MAÑAZO;Puno;;Manazo;Manazo;;;;2.5;Genérica del gasto;Otros gastos;Recursos determinados;5000;No sectorizable (gasto por genérica);Localizada en Puno;Sí;;Sí;0
7;ANEXO-7-2-2;202;1434;Gobierno local;210109;MUNICIPALIDAD DISTRITAL DE MAÑAZO;Puno;;Manazo;Manazo;;;;2.6;Genérica del gasto;Adquisición de activos no financieros;Recursos directamente recaudados;3850;No sectorizable (gasto por genérica);Localizada en Puno;Sí;;Sí;0
7;ANEXO-7-2-2;202;1434;Gobierno local;210109;MUNICIPALIDAD DISTRITAL DE MAÑAZO;Puno;;Manazo;Manazo;;;;2.6;Genérica del gasto;Adquisición de activos no financieros;Recursos determinados;2758361;No sectorizable (gasto por genérica);Localizada en Puno;Sí;;Sí;0
7;ANEXO-7-2-2;202;1434;Gobierno local;210110;MUNICIPALIDAD DISTRITAL DE PAUCARCOLLA;Puno;;Paucarcolla;Paucarcolla;;;;2.1;Genérica del gasto;Personal y obligaciones sociales;Recursos determinados;309728;No sectorizable (gasto por genérica);Localizada en Puno;Sí;;Sí;0
7;ANEXO-7-2-2;202;1434;Gobierno local;210110;MUNICIPALIDAD DISTRITAL DE PAUCARCOLLA;Puno;;Paucarcolla;Paucarcolla;;;;2.2;Genérica del gasto;Pensiones y otras prestaciones sociales;Recursos ordinarios;97606;Previsión social;Localizada en Puno;Sí;;Sí;0
7;ANEXO-7-2-2;202;1434;Gobierno local;210110;MUNICIPALIDAD DISTRITAL DE PAUCARCOLLA;Puno;;Paucarcolla;Paucarcolla;;;;2.2;Genérica del gasto;Pensiones y otras prestaciones sociales;Recursos determinados;16236;Previsión social;Localizada en Puno;Sí;;Sí;0
7;ANEXO-7-2-2;203;1435;Gobierno local;210110;MUNICIPALIDAD DISTRITAL DE PAUCARCOLLA;Puno;;Paucarcolla;Paucarcolla;;;;2.3;Genérica del gasto;Bienes y servicios;Recursos directamente recaudados;74900;No sectorizable (gasto por genérica);Localizada en Puno;Sí;;Sí;0
7;ANEXO-7-2-2;203;1435;Gobierno local;210110;MUNICIPALIDAD DISTRITAL DE PAUCARCOLLA;Puno;;Paucarcolla;Paucarcolla;;;;2.3;Genérica del gasto;Bienes y servicios;Recursos determinados;1535951;No sectorizable (gasto por genérica);Localizada en Puno;Sí;;Sí;0
7;ANEXO-7-2-2;203;1435;Gobierno local;210110;MUNICIPALIDAD DISTRITAL DE PAUCARCOLLA;Puno;;Paucarcolla;Paucarcolla;;;;2.4;Genérica del gasto;Donaciones y transferencias;Recursos determinados;100956;No sectorizable (gasto por genérica);Localizada en Puno;Sí;;Sí;0
7;ANEXO-7-2-2;203;1435;Gobierno local;210110;MUNICIPALIDAD DISTRITAL DE PAUCARCOLLA;Puno;;Paucarcolla;Paucarcolla;;;;2.5;Genérica del gasto;Otros gastos;Recursos determinados;1500;No sectorizable (gasto por genérica);Localizada en Puno;Sí;;Sí;0
7;ANEXO-7-2-2;203;1435;Gobierno local;210110;MUNICIPALIDAD DISTRITAL DE PAUCARCOLLA;Puno;;Paucarcolla;Paucarcolla;;;;2.6;Genérica del gasto;Adquisición de activos no financieros;Recursos directamente recaudados;1600;No sectorizable (gasto por genérica);Localizada en Puno;Sí;;Sí;0
7;ANEXO-7-2-2;203;1435;Gobierno local;210110;MUNICIPALIDAD DISTRITAL DE PAUCARCOLLA;Puno;;Paucarcolla;Paucarcolla;;;;2.6;Genérica del gasto;Adquisición de activos no financieros;Recursos determinados;2189246;No sectorizable (gasto por genérica);Localizada en Puno;Sí;;Sí;0
7;ANEXO-7-2-2;203;1435;Gobierno local;210111;MUNICIPALIDAD DISTRITAL DE PICHACANI;Puno;;Pichacani;Pichacani;;;;2.1;Genérica del gasto;Personal y obligaciones sociales;Recursos determinados;287808;No sectorizable (gasto por genérica);Localizada en Puno;Sí;;Sí;0
7;ANEXO-7-2-2;203;1435;Gobierno local;210111;MUNICIPALIDAD DISTRITAL DE PICHACANI;Puno;;Pichacani;Pichacani;;;;2.2;Genérica del gasto;Pensiones y otras prestaciones sociales;Recursos ordinarios;130979;Previsión social;Localizada en Puno;Sí;;Sí;0
7;ANEXO-7-2-2;203;1435;Gobierno local;210111;MUNICIPALIDAD DISTRITAL DE PICHACANI;Puno;;Pichacani;Pichacani;;;;2.2;Genérica del gasto;Pensiones y otras prestaciones sociales;Recursos determinados;10000;Previsión social;Localizada en Puno;Sí;;Sí;0
7;ANEXO-7-2-2;203;1435;Gobierno local;210111;MUNICIPALIDAD DISTRITAL DE PICHACANI;Puno;;Pichacani;Pichacani;;;;2.3;Genérica del gasto;Bienes y servicios;Recursos directamente recaudados;288900;No sectorizable (gasto por genérica);Localizada en Puno;Sí;;Sí;0
7;ANEXO-7-2-2;203;1435;Gobierno local;210111;MUNICIPALIDAD DISTRITAL DE PICHACANI;Puno;;Pichacani;Pichacani;;;;2.3;Genérica del gasto;Bienes y servicios;Recursos determinados;3200043;No sectorizable (gasto por genérica);Localizada en Puno;Sí;;Sí;0
7;ANEXO-7-2-2;203;1435;Gobierno local;210111;MUNICIPALIDAD DISTRITAL DE PICHACANI;Puno;;Pichacani;Pichacani;;;;2.4;Genérica del gasto;Donaciones y transferencias;Recursos determinados;187200;No sectorizable (gasto por genérica);Localizada en Puno;Sí;;Sí;0
7;ANEXO-7-2-2;203;1435;Gobierno local;210111;MUNICIPALIDAD DISTRITAL DE PICHACANI;Puno;;Pichacani;Pichacani;;;;2.6;Genérica del gasto;Adquisición de activos no financieros;Recursos determinados;3089320;No sectorizable (gasto por genérica);Localizada en Puno;Sí;;Sí;0
7;ANEXO-7-2-2;203;1435;Gobierno local;210112;MUNICIPALIDAD DISTRITAL DE PLATERIA;Puno;;Plateria;Plateria;;;;2.1;Genérica del gasto;Personal y obligaciones sociales;Recursos determinados;464466;No sectorizable (gasto por genérica);Localizada en Puno;Sí;;Sí;0
7;ANEXO-7-2-2;203;1435;Gobierno local;210112;MUNICIPALIDAD DISTRITAL DE PLATERIA;Puno;;Plateria;Plateria;;;;2.2;Genérica del gasto;Pensiones y otras prestaciones sociales;Recursos ordinarios;153521;Previsión social;Localizada en Puno;Sí;;Sí;0
7;ANEXO-7-2-2;203;1435;Gobierno local;210112;MUNICIPALIDAD DISTRITAL DE PLATERIA;Puno;;Plateria;Plateria;;;;2.3;Genérica del gasto;Bienes y servicios;Recursos directamente recaudados;14400;No sectorizable (gasto por genérica);Localizada en Puno;Sí;;Sí;0
7;ANEXO-7-2-2;203;1435;Gobierno local;210112;MUNICIPALIDAD DISTRITAL DE PLATERIA;Puno;;Plateria;Plateria;;;;2.3;Genérica del gasto;Bienes y servicios;Donaciones y transferencias;2623;No sectorizable (gasto por genérica);Localizada en Puno;Sí;;Sí;0
7;ANEXO-7-2-2;203;1435;Gobierno local;210112;MUNICIPALIDAD DISTRITAL DE PLATERIA;Puno;;Plateria;Plateria;;;;2.3;Genérica del gasto;Bienes y servicios;Recursos determinados;1840357;No sectorizable (gasto por genérica);Localizada en Puno;Sí;;Sí;0
7;ANEXO-7-2-2;203;1435;Gobierno local;210112;MUNICIPALIDAD DISTRITAL DE PLATERIA;Puno;;Plateria;Plateria;;;;2.4;Genérica del gasto;Donaciones y transferencias;Recursos determinados;411480;No sectorizable (gasto por genérica);Localizada en Puno;Sí;;Sí;0
7;ANEXO-7-2-2;203;1435;Gobierno local;210112;MUNICIPALIDAD DISTRITAL DE PLATERIA;Puno;;Plateria;Plateria;;;;2.5;Genérica del gasto;Otros gastos;Recursos determinados;35000;No sectorizable (gasto por genérica);Localizada en Puno;Sí;;Sí;0
7;ANEXO-7-2-2;203;1435;Gobierno local;210112;MUNICIPALIDAD DISTRITAL DE PLATERIA;Puno;;Plateria;Plateria;;;;2.6;Genérica del gasto;Adquisición de activos no financieros;Recursos determinados;3775816;No sectorizable (gasto por genérica);Localizada en Puno;Sí;;Sí;0
7;ANEXO-7-2-2;203;1435;Gobierno local;210113;MUNICIPALIDAD DISTRITAL DE SAN ANTONIO;Puno;;San Antonio;San Antonio;;;;2.1;Genérica del gasto;Personal y obligaciones sociales;Recursos determinados;316334;No sectorizable (gasto por genérica);Localizada en Puno;Sí;;Sí;0
7;ANEXO-7-2-2;203;1435;Gobierno local;210113;MUNICIPALIDAD DISTRITAL DE SAN ANTONIO;Puno;;San Antonio;San Antonio;;;;2.2;Genérica del gasto;Pensiones y otras prestaciones sociales;Recursos ordinarios;42150;Previsión social;Localizada en Puno;Sí;;Sí;0
7;ANEXO-7-2-2;203;1435;Gobierno local;210113;MUNICIPALIDAD DISTRITAL DE SAN ANTONIO;Puno;;San Antonio;San Antonio;;;;2.3;Genérica del gasto;Bienes y servicios;Recursos directamente recaudados;6000;No sectorizable (gasto por genérica);Localizada en Puno;Sí;;Sí;0
7;ANEXO-7-2-2;203;1435;Gobierno local;210113;MUNICIPALIDAD DISTRITAL DE SAN ANTONIO;Puno;;San Antonio;San Antonio;;;;2.3;Genérica del gasto;Bienes y servicios;Recursos determinados;1756087;No sectorizable (gasto por genérica);Localizada en Puno;Sí;;Sí;0
7;ANEXO-7-2-2;203;1435;Gobierno local;210113;MUNICIPALIDAD DISTRITAL DE SAN ANTONIO;Puno;;San Antonio;San Antonio;;;;2.4;Genérica del gasto;Donaciones y transferencias;Recursos determinados;62280;No sectorizable (gasto por genérica);Localizada en Puno;Sí;;Sí;0
7;ANEXO-7-2-2;203;1435;Gobierno local;210113;MUNICIPALIDAD DISTRITAL DE SAN ANTONIO;Puno;;San Antonio;San Antonio;;;;2.6;Genérica del gasto;Adquisición de activos no financieros;Recursos determinados;1802761;No sectorizable (gasto por genérica);Localizada en Puno;Sí;;Sí;0
7;ANEXO-7-2-2;204;1436;Gobierno local;210114;MUNICIPALIDAD DISTRITAL DE TIQUILLACA;Puno;;Tiquillaca;Tiquillaca;;;;2.1;Genérica del gasto;Personal y obligaciones sociales;Recursos determinados;370047;No sectorizable (gasto por genérica);Localizada en Puno;Sí;;Sí;0
7;ANEXO-7-2-2;204;1436;Gobierno local;210114;MUNICIPALIDAD DISTRITAL DE TIQUILLACA;Puno;;Tiquillaca;Tiquillaca;;;;2.2;Genérica del gasto;Pensiones y otras prestaciones sociales;Recursos ordinarios;60848;Previsión social;Localizada en Puno;Sí;;Sí;0
7;ANEXO-7-2-2;204;1436;Gobierno local;210114;MUNICIPALIDAD DISTRITAL DE TIQUILLACA;Puno;;Tiquillaca;Tiquillaca;;;;2.3;Genérica del gasto;Bienes y servicios;Recursos directamente recaudados;13500;No sectorizable (gasto por genérica);Localizada en Puno;Sí;;Sí;0
7;ANEXO-7-2-2;204;1436;Gobierno local;210114;MUNICIPALIDAD DISTRITAL DE TIQUILLACA;Puno;;Tiquillaca;Tiquillaca;;;;2.3;Genérica del gasto;Bienes y servicios;Recursos determinados;986385;No sectorizable (gasto por genérica);Localizada en Puno;Sí;;Sí;0
7;ANEXO-7-2-2;204;1436;Gobierno local;210114;MUNICIPALIDAD DISTRITAL DE TIQUILLACA;Puno;;Tiquillaca;Tiquillaca;;;;2.6;Genérica del gasto;Adquisición de activos no financieros;Recursos determinados;831852;No sectorizable (gasto por genérica);Localizada en Puno;Sí;;Sí;0
7;ANEXO-7-2-2;204;1436;Gobierno local;210115;MUNICIPALIDAD DISTRITAL DE VILQUE;Puno;;Vilque;Vilque;;;;2.1;Genérica del gasto;Personal y obligaciones sociales;Recursos determinados;366650;No sectorizable (gasto por genérica);Localizada en Puno;Sí;;Sí;0
7;ANEXO-7-2-2;204;1436;Gobierno local;210115;MUNICIPALIDAD DISTRITAL DE VILQUE;Puno;;Vilque;Vilque;;;;2.2;Genérica del gasto;Pensiones y otras prestaciones sociales;Recursos ordinarios;85323;Previsión social;Localizada en Puno;Sí;;Sí;0
7;ANEXO-7-2-2;204;1436;Gobierno local;210115;MUNICIPALIDAD DISTRITAL DE VILQUE;Puno;;Vilque;Vilque;;;;2.3;Genérica del gasto;Bienes y servicios;Recursos directamente recaudados;69000;No sectorizable (gasto por genérica);Localizada en Puno;Sí;;Sí;0
7;ANEXO-7-2-2;204;1436;Gobierno local;210115;MUNICIPALIDAD DISTRITAL DE VILQUE;Puno;;Vilque;Vilque;;;;2.3;Genérica del gasto;Bienes y servicios;Recursos determinados;1386133;No sectorizable (gasto por genérica);Localizada en Puno;Sí;;Sí;0
7;ANEXO-7-2-2;204;1436;Gobierno local;210115;MUNICIPALIDAD DISTRITAL DE VILQUE;Puno;;Vilque;Vilque;;;;2.4;Genérica del gasto;Donaciones y transferencias;Recursos determinados;120320;No sectorizable (gasto por genérica);Localizada en Puno;Sí;;Sí;0
7;ANEXO-7-2-2;204;1436;Gobierno local;210115;MUNICIPALIDAD DISTRITAL DE VILQUE;Puno;;Vilque;Vilque;;;;2.6;Genérica del gasto;Adquisición de activos no financieros;Recursos determinados;1241088;No sectorizable (gasto por genérica);Localizada en Puno;Sí;;Sí;0
7;ANEXO-7-2-2;204;1436;Gobierno local;210201;MUNICIPALIDAD PROVINCIAL DE AZANGARO;Puno;;Azangaro;Azangaro;;;;2.1;Genérica del gasto;Personal y obligaciones sociales;Recursos directamente recaudados;716169;No sectorizable (gasto por genérica);Localizada en Puno;Sí;;Sí;0
7;ANEXO-7-2-2;204;1436;Gobierno local;210201;MUNICIPALIDAD PROVINCIAL DE AZANGARO;Puno;;Azangaro;Azangaro;;;;2.1;Genérica del gasto;Personal y obligaciones sociales;Recursos determinados;12868794;No sectorizable (gasto por genérica);Localizada en Puno;Sí;;Sí;0
7;ANEXO-7-2-2;204;1436;Gobierno local;210201;MUNICIPALIDAD PROVINCIAL DE AZANGARO;Puno;;Azangaro;Azangaro;;;;2.2;Genérica del gasto;Pensiones y otras prestaciones sociales;Recursos ordinarios;1679183;Previsión social;Localizada en Puno;Sí;;Sí;0
7;ANEXO-7-2-2;204;1436;Gobierno local;210201;MUNICIPALIDAD PROVINCIAL DE AZANGARO;Puno;;Azangaro;Azangaro;;;;2.2;Genérica del gasto;Pensiones y otras prestaciones sociales;Recursos determinados;123728;Previsión social;Localizada en Puno;Sí;;Sí;0
7;ANEXO-7-2-2;204;1436;Gobierno local;210201;MUNICIPALIDAD PROVINCIAL DE AZANGARO;Puno;;Azangaro;Azangaro;;;;2.3;Genérica del gasto;Bienes y servicios;Recursos ordinarios;501105;No sectorizable (gasto por genérica);Localizada en Puno;Sí;;Sí;0
7;ANEXO-7-2-2;204;1436;Gobierno local;210201;MUNICIPALIDAD PROVINCIAL DE AZANGARO;Puno;;Azangaro;Azangaro;;;;2.3;Genérica del gasto;Bienes y servicios;Recursos directamente recaudados;868762;No sectorizable (gasto por genérica);Localizada en Puno;Sí;;Sí;0
7;ANEXO-7-2-2;204;1436;Gobierno local;210201;MUNICIPALIDAD PROVINCIAL DE AZANGARO;Puno;;Azangaro;Azangaro;;;;2.3;Genérica del gasto;Bienes y servicios;Recursos determinados;13565994;No sectorizable (gasto por genérica);Localizada en Puno;Sí;;Sí;0
7;ANEXO-7-2-2;204;1436;Gobierno local;210201;MUNICIPALIDAD PROVINCIAL DE AZANGARO;Puno;;Azangaro;Azangaro;;;;2.4;Genérica del gasto;Donaciones y transferencias;Recursos ordinarios;34488;No sectorizable (gasto por genérica);Localizada en Puno;Sí;;Sí;0
7;ANEXO-7-2-2;204;1436;Gobierno local;210201;MUNICIPALIDAD PROVINCIAL DE AZANGARO;Puno;;Azangaro;Azangaro;;;;2.4;Genérica del gasto;Donaciones y transferencias;Recursos determinados;1921017;No sectorizable (gasto por genérica);Localizada en Puno;Sí;;Sí;0
7;ANEXO-7-2-2;204;1436;Gobierno local;210201;MUNICIPALIDAD PROVINCIAL DE AZANGARO;Puno;;Azangaro;Azangaro;;;;2.5;Genérica del gasto;Otros gastos;Recursos ordinarios;135220;No sectorizable (gasto por genérica);Localizada en Puno;Sí;;Sí;0
7;ANEXO-7-2-2;204;1436;Gobierno local;210201;MUNICIPALIDAD PROVINCIAL DE AZANGARO;Puno;;Azangaro;Azangaro;;;;2.5;Genérica del gasto;Otros gastos;Recursos directamente recaudados;213600;No sectorizable (gasto por genérica);Localizada en Puno;Sí;;Sí;0
7;ANEXO-7-2-2;204;1436;Gobierno local;210201;MUNICIPALIDAD PROVINCIAL DE AZANGARO;Puno;;Azangaro;Azangaro;;;;2.6;Genérica del gasto;Adquisición de activos no financieros;Recursos directamente recaudados;10000;No sectorizable (gasto por genérica);Localizada en Puno;Sí;;Sí;0
7;ANEXO-7-2-2;204;1436;Gobierno local;210201;MUNICIPALIDAD PROVINCIAL DE AZANGARO;Puno;;Azangaro;Azangaro;;;;2.6;Genérica del gasto;Adquisición de activos no financieros;Donaciones y transferencias;115410;No sectorizable (gasto por genérica);Localizada en Puno;Sí;;Sí;0
7;ANEXO-7-2-2;204;1436;Gobierno local;210201;MUNICIPALIDAD PROVINCIAL DE AZANGARO;Puno;;Azangaro;Azangaro;;;;2.6;Genérica del gasto;Adquisición de activos no financieros;Recursos determinados;35070679;No sectorizable (gasto por genérica);Localizada en Puno;Sí;;Sí;0
7;ANEXO-7-2-2;204;1436;Gobierno local;210202;MUNICIPALIDAD DISTRITAL DE ACHAYA;Puno;;Achaya;Achaya;;;;2.1;Genérica del gasto;Personal y obligaciones sociales;Recursos determinados;404533;No sectorizable (gasto por genérica);Localizada en Puno;Sí;;Sí;0
7;ANEXO-7-2-2;204;1436;Gobierno local;210202;MUNICIPALIDAD DISTRITAL DE ACHAYA;Puno;;Achaya;Achaya;;;;2.2;Genérica del gasto;Pensiones y otras prestaciones sociales;Recursos ordinarios;92711;Previsión social;Localizada en Puno;Sí;;Sí;0
7;ANEXO-7-2-2;204;1436;Gobierno local;210202;MUNICIPALIDAD DISTRITAL DE ACHAYA;Puno;;Achaya;Achaya;;;;2.2;Genérica del gasto;Pensiones y otras prestaciones sociales;Recursos determinados;7985;Previsión social;Localizada en Puno;Sí;;Sí;0
7;ANEXO-7-2-2;204;1436;Gobierno local;210202;MUNICIPALIDAD DISTRITAL DE ACHAYA;Puno;;Achaya;Achaya;;;;2.3;Genérica del gasto;Bienes y servicios;Recursos directamente recaudados;97400;No sectorizable (gasto por genérica);Localizada en Puno;Sí;;Sí;0
7;ANEXO-7-2-2;204;1436;Gobierno local;210202;MUNICIPALIDAD DISTRITAL DE ACHAYA;Puno;;Achaya;Achaya;;;;2.3;Genérica del gasto;Bienes y servicios;Recursos determinados;1078706;No sectorizable (gasto por genérica);Localizada en Puno;Sí;;Sí;0
7;ANEXO-7-2-2;204;1436;Gobierno local;210202;MUNICIPALIDAD DISTRITAL DE ACHAYA;Puno;;Achaya;Achaya;;;;2.4;Genérica del gasto;Donaciones y transferencias;Recursos determinados;141840;No sectorizable (gasto por genérica);Localizada en Puno;Sí;;Sí;0
7;ANEXO-7-2-2;204;1436;Gobierno local;210202;MUNICIPALIDAD DISTRITAL DE ACHAYA;Puno;;Achaya;Achaya;;;;2.5;Genérica del gasto;Otros gastos;Recursos directamente recaudados;5000;No sectorizable (gasto por genérica);Localizada en Puno;Sí;;Sí;0
7;ANEXO-7-2-2;204;1436;Gobierno local;210202;MUNICIPALIDAD DISTRITAL DE ACHAYA;Puno;;Achaya;Achaya;;;;2.5;Genérica del gasto;Otros gastos;Recursos determinados;1500;No sectorizable (gasto por genérica);Localizada en Puno;Sí;;Sí;0
7;ANEXO-7-2-2;205;1437;Gobierno local;210202;MUNICIPALIDAD DISTRITAL DE ACHAYA;Puno;;Achaya;Achaya;;;;2.6;Genérica del gasto;Adquisición de activos no financieros;Recursos determinados;2843652;No sectorizable (gasto por genérica);Localizada en Puno;Sí;;Sí;0
7;ANEXO-7-2-2;205;1437;Gobierno local;210203;MUNICIPALIDAD DISTRITAL DE ARAPA;Puno;;Arapa;Arapa;;;;2.1;Genérica del gasto;Personal y obligaciones sociales;Recursos directamente recaudados;4200;No sectorizable (gasto por genérica);Localizada en Puno;Sí;;Sí;0
7;ANEXO-7-2-2;205;1437;Gobierno local;210203;MUNICIPALIDAD DISTRITAL DE ARAPA;Puno;;Arapa;Arapa;;;;2.1;Genérica del gasto;Personal y obligaciones sociales;Recursos determinados;491692;No sectorizable (gasto por genérica);Localizada en Puno;Sí;;Sí;0
7;ANEXO-7-2-2;205;1437;Gobierno local;210203;MUNICIPALIDAD DISTRITAL DE ARAPA;Puno;;Arapa;Arapa;;;;2.2;Genérica del gasto;Pensiones y otras prestaciones sociales;Recursos ordinarios;235928;Previsión social;Localizada en Puno;Sí;;Sí;0
7;ANEXO-7-2-2;205;1437;Gobierno local;210203;MUNICIPALIDAD DISTRITAL DE ARAPA;Puno;;Arapa;Arapa;;;;2.3;Genérica del gasto;Bienes y servicios;Recursos directamente recaudados;48490;No sectorizable (gasto por genérica);Localizada en Puno;Sí;;Sí;0
7;ANEXO-7-2-2;205;1437;Gobierno local;210203;MUNICIPALIDAD DISTRITAL DE ARAPA;Puno;;Arapa;Arapa;;;;2.3;Genérica del gasto;Bienes y servicios;Recursos determinados;2551225;No sectorizable (gasto por genérica);Localizada en Puno;Sí;;Sí;0
7;ANEXO-7-2-2;205;1437;Gobierno local;210203;MUNICIPALIDAD DISTRITAL DE ARAPA;Puno;;Arapa;Arapa;;;;2.4;Genérica del gasto;Donaciones y transferencias;Recursos determinados;122990;No sectorizable (gasto por genérica);Localizada en Puno;Sí;;Sí;0
7;ANEXO-7-2-2;205;1437;Gobierno local;210203;MUNICIPALIDAD DISTRITAL DE ARAPA;Puno;;Arapa;Arapa;;;;2.5;Genérica del gasto;Otros gastos;Recursos directamente recaudados;5000;No sectorizable (gasto por genérica);Localizada en Puno;Sí;;Sí;0
7;ANEXO-7-2-2;205;1437;Gobierno local;210203;MUNICIPALIDAD DISTRITAL DE ARAPA;Puno;;Arapa;Arapa;;;;2.5;Genérica del gasto;Otros gastos;Recursos determinados;105000;No sectorizable (gasto por genérica);Localizada en Puno;Sí;;Sí;0
7;ANEXO-7-2-2;205;1437;Gobierno local;210203;MUNICIPALIDAD DISTRITAL DE ARAPA;Puno;;Arapa;Arapa;;;;2.6;Genérica del gasto;Adquisición de activos no financieros;Recursos determinados;5128137;No sectorizable (gasto por genérica);Localizada en Puno;Sí;;Sí;0
7;ANEXO-7-2-2;205;1437;Gobierno local;210204;MUNICIPALIDAD DISTRITAL DE ASILLO;Puno;;Asillo;Asillo;;;;2.1;Genérica del gasto;Personal y obligaciones sociales;Recursos determinados;1141730;No sectorizable (gasto por genérica);Localizada en Puno;Sí;;Sí;0
7;ANEXO-7-2-2;205;1437;Gobierno local;210204;MUNICIPALIDAD DISTRITAL DE ASILLO;Puno;;Asillo;Asillo;;;;2.2;Genérica del gasto;Pensiones y otras prestaciones sociales;Recursos ordinarios;356338;Previsión social;Localizada en Puno;Sí;;Sí;0
7;ANEXO-7-2-2;205;1437;Gobierno local;210204;MUNICIPALIDAD DISTRITAL DE ASILLO;Puno;;Asillo;Asillo;;;;2.3;Genérica del gasto;Bienes y servicios;Recursos directamente recaudados;380839;No sectorizable (gasto por genérica);Localizada en Puno;Sí;;Sí;0
7;ANEXO-7-2-2;205;1437;Gobierno local;210204;MUNICIPALIDAD DISTRITAL DE ASILLO;Puno;;Asillo;Asillo;;;;2.3;Genérica del gasto;Bienes y servicios;Recursos determinados;3852897;No sectorizable (gasto por genérica);Localizada en Puno;Sí;;Sí;0
7;ANEXO-7-2-2;205;1437;Gobierno local;210204;MUNICIPALIDAD DISTRITAL DE ASILLO;Puno;;Asillo;Asillo;;;;2.4;Genérica del gasto;Donaciones y transferencias;Recursos determinados;359100;No sectorizable (gasto por genérica);Localizada en Puno;Sí;;Sí;0
7;ANEXO-7-2-2;205;1437;Gobierno local;210204;MUNICIPALIDAD DISTRITAL DE ASILLO;Puno;;Asillo;Asillo;;;;2.5;Genérica del gasto;Otros gastos;Recursos determinados;5000;No sectorizable (gasto por genérica);Localizada en Puno;Sí;;Sí;0
7;ANEXO-7-2-2;205;1437;Gobierno local;210204;MUNICIPALIDAD DISTRITAL DE ASILLO;Puno;;Asillo;Asillo;;;;2.6;Genérica del gasto;Adquisición de activos no financieros;Recursos determinados;12880521;No sectorizable (gasto por genérica);Localizada en Puno;Sí;;Sí;0
7;ANEXO-7-2-2;205;1437;Gobierno local;210205;MUNICIPALIDAD DISTRITAL DE CAMINACA;Puno;;Caminaca;Caminaca;;;;2.1;Genérica del gasto;Personal y obligaciones sociales;Recursos determinados;181001;No sectorizable (gasto por genérica);Localizada en Puno;Sí;;Sí;0
7;ANEXO-7-2-2;205;1437;Gobierno local;210205;MUNICIPALIDAD DISTRITAL DE CAMINACA;Puno;;Caminaca;Caminaca;;;;2.2;Genérica del gasto;Pensiones y otras prestaciones sociales;Recursos ordinarios;104774;Previsión social;Localizada en Puno;Sí;;Sí;0
7;ANEXO-7-2-2;205;1437;Gobierno local;210205;MUNICIPALIDAD DISTRITAL DE CAMINACA;Puno;;Caminaca;Caminaca;;;;2.2;Genérica del gasto;Pensiones y otras prestaciones sociales;Recursos determinados;8000;Previsión social;Localizada en Puno;Sí;;Sí;0
7;ANEXO-7-2-2;205;1437;Gobierno local;210205;MUNICIPALIDAD DISTRITAL DE CAMINACA;Puno;;Caminaca;Caminaca;;;;2.3;Genérica del gasto;Bienes y servicios;Recursos directamente recaudados;86100;No sectorizable (gasto por genérica);Localizada en Puno;Sí;;Sí;0
7;ANEXO-7-2-2;205;1437;Gobierno local;210205;MUNICIPALIDAD DISTRITAL DE CAMINACA;Puno;;Caminaca;Caminaca;;;;2.3;Genérica del gasto;Bienes y servicios;Recursos determinados;1328528;No sectorizable (gasto por genérica);Localizada en Puno;Sí;;Sí;0
7;ANEXO-7-2-2;205;1437;Gobierno local;210205;MUNICIPALIDAD DISTRITAL DE CAMINACA;Puno;;Caminaca;Caminaca;;;;2.4;Genérica del gasto;Donaciones y transferencias;Recursos determinados;30900;No sectorizable (gasto por genérica);Localizada en Puno;Sí;;Sí;0
7;ANEXO-7-2-2;205;1437;Gobierno local;210205;MUNICIPALIDAD DISTRITAL DE CAMINACA;Puno;;Caminaca;Caminaca;;;;2.5;Genérica del gasto;Otros gastos;Recursos determinados;8000;No sectorizable (gasto por genérica);Localizada en Puno;Sí;;Sí;0
7;ANEXO-7-2-2;205;1437;Gobierno local;210205;MUNICIPALIDAD DISTRITAL DE CAMINACA;Puno;;Caminaca;Caminaca;;;;2.6;Genérica del gasto;Adquisición de activos no financieros;Recursos determinados;2525609;No sectorizable (gasto por genérica);Localizada en Puno;Sí;;Sí;0
7;ANEXO-7-2-2;206;1438;Gobierno local;210206;MUNICIPALIDAD DISTRITAL DE CHUPA;Puno;;Chupa;Chupa;;;;2.1;Genérica del gasto;Personal y obligaciones sociales;Recursos determinados;902848;No sectorizable (gasto por genérica);Localizada en Puno;Sí;;Sí;0
7;ANEXO-7-2-2;206;1438;Gobierno local;210206;MUNICIPALIDAD DISTRITAL DE CHUPA;Puno;;Chupa;Chupa;;;;2.2;Genérica del gasto;Pensiones y otras prestaciones sociales;Recursos ordinarios;313468;Previsión social;Localizada en Puno;Sí;;Sí;0
7;ANEXO-7-2-2;206;1438;Gobierno local;210206;MUNICIPALIDAD DISTRITAL DE CHUPA;Puno;;Chupa;Chupa;;;;2.3;Genérica del gasto;Bienes y servicios;Recursos directamente recaudados;42000;No sectorizable (gasto por genérica);Localizada en Puno;Sí;;Sí;0
7;ANEXO-7-2-2;206;1438;Gobierno local;210206;MUNICIPALIDAD DISTRITAL DE CHUPA;Puno;;Chupa;Chupa;;;;2.3;Genérica del gasto;Bienes y servicios;Donaciones y transferencias;5778;No sectorizable (gasto por genérica);Localizada en Puno;Sí;;Sí;0
7;ANEXO-7-2-2;206;1438;Gobierno local;210206;MUNICIPALIDAD DISTRITAL DE CHUPA;Puno;;Chupa;Chupa;;;;2.3;Genérica del gasto;Bienes y servicios;Recursos determinados;1427829;No sectorizable (gasto por genérica);Localizada en Puno;Sí;;Sí;0
7;ANEXO-7-2-2;206;1438;Gobierno local;210206;MUNICIPALIDAD DISTRITAL DE CHUPA;Puno;;Chupa;Chupa;;;;2.4;Genérica del gasto;Donaciones y transferencias;Recursos determinados;176580;No sectorizable (gasto por genérica);Localizada en Puno;Sí;;Sí;0
7;ANEXO-7-2-2;206;1438;Gobierno local;210206;MUNICIPALIDAD DISTRITAL DE CHUPA;Puno;;Chupa;Chupa;;;;2.5;Genérica del gasto;Otros gastos;Recursos determinados;5600;No sectorizable (gasto por genérica);Localizada en Puno;Sí;;Sí;0
7;ANEXO-7-2-2;206;1438;Gobierno local;210206;MUNICIPALIDAD DISTRITAL DE CHUPA;Puno;;Chupa;Chupa;;;;2.6;Genérica del gasto;Adquisición de activos no financieros;Recursos determinados;3576788;No sectorizable (gasto por genérica);Localizada en Puno;Sí;;Sí;0
7;ANEXO-7-2-2;206;1438;Gobierno local;210207;MUNICIPALIDAD DISTRITAL DE JOSE DOMINGO CHOQUEHUANCA;Puno;;Jose Domingo Choquehuanca;Jose Domingo Choquehuanca;;;;2.1;Genérica del gasto;Personal y obligaciones sociales;Recursos determinados;171011;No sectorizable (gasto por genérica);Localizada en Puno;Sí;;Sí;0
7;ANEXO-7-2-2;206;1438;Gobierno local;210207;MUNICIPALIDAD DISTRITAL DE JOSE DOMINGO CHOQUEHUANCA;Puno;;Jose Domingo Choquehuanca;Jose Domingo Choquehuanca;;;;2.2;Genérica del gasto;Pensiones y otras prestaciones sociales;Recursos ordinarios;77454;Previsión social;Localizada en Puno;Sí;;Sí;0
7;ANEXO-7-2-2;206;1438;Gobierno local;210207;MUNICIPALIDAD DISTRITAL DE JOSE DOMINGO CHOQUEHUANCA;Puno;;Jose Domingo Choquehuanca;Jose Domingo Choquehuanca;;;;2.2;Genérica del gasto;Pensiones y otras prestaciones sociales;Recursos determinados;2000;Previsión social;Localizada en Puno;Sí;;Sí;0
7;ANEXO-7-2-2;206;1438;Gobierno local;210207;MUNICIPALIDAD DISTRITAL DE JOSE DOMINGO CHOQUEHUANCA;Puno;;Jose Domingo Choquehuanca;Jose Domingo Choquehuanca;;;;2.3;Genérica del gasto;Bienes y servicios;Recursos directamente recaudados;73025;No sectorizable (gasto por genérica);Localizada en Puno;Sí;;Sí;0
7;ANEXO-7-2-2;206;1438;Gobierno local;210207;MUNICIPALIDAD DISTRITAL DE JOSE DOMINGO CHOQUEHUANCA;Puno;;Jose Domingo Choquehuanca;Jose Domingo Choquehuanca;;;;2.3;Genérica del gasto;Bienes y servicios;Recursos determinados;2369800;No sectorizable (gasto por genérica);Localizada en Puno;Sí;;Sí;0
7;ANEXO-7-2-2;206;1438;Gobierno local;210207;MUNICIPALIDAD DISTRITAL DE JOSE DOMINGO CHOQUEHUANCA;Puno;;Jose Domingo Choquehuanca;Jose Domingo Choquehuanca;;;;2.5;Genérica del gasto;Otros gastos;Recursos determinados;1000;No sectorizable (gasto por genérica);Localizada en Puno;Sí;;Sí;0
7;ANEXO-7-2-2;206;1438;Gobierno local;210207;MUNICIPALIDAD DISTRITAL DE JOSE DOMINGO CHOQUEHUANCA;Puno;;Jose Domingo Choquehuanca;Jose Domingo Choquehuanca;;;;2.6;Genérica del gasto;Adquisición de activos no financieros;Recursos determinados;2413422;No sectorizable (gasto por genérica);Localizada en Puno;Sí;;Sí;0
7;ANEXO-7-2-2;206;1438;Gobierno local;210208;MUNICIPALIDAD DISTRITAL DE MUÑANI;Puno;;Munani;Munani;;;;2.1;Genérica del gasto;Personal y obligaciones sociales;Recursos determinados;482002;No sectorizable (gasto por genérica);Localizada en Puno;Sí;;Sí;0
7;ANEXO-7-2-2;206;1438;Gobierno local;210208;MUNICIPALIDAD DISTRITAL DE MUÑANI;Puno;;Munani;Munani;;;;2.2;Genérica del gasto;Pensiones y otras prestaciones sociales;Recursos ordinarios;173482;Previsión social;Localizada en Puno;Sí;;Sí;0
7;ANEXO-7-2-2;206;1438;Gobierno local;210208;MUNICIPALIDAD DISTRITAL DE MUÑANI;Puno;;Munani;Munani;;;;2.3;Genérica del gasto;Bienes y servicios;Recursos directamente recaudados;161500;No sectorizable (gasto por genérica);Localizada en Puno;Sí;;Sí;0
7;ANEXO-7-2-2;206;1438;Gobierno local;210208;MUNICIPALIDAD DISTRITAL DE MUÑANI;Puno;;Munani;Munani;;;;2.3;Genérica del gasto;Bienes y servicios;Recursos determinados;3280077;No sectorizable (gasto por genérica);Localizada en Puno;Sí;;Sí;0
7;ANEXO-7-2-2;206;1438;Gobierno local;210208;MUNICIPALIDAD DISTRITAL DE MUÑANI;Puno;;Munani;Munani;;;;2.4;Genérica del gasto;Donaciones y transferencias;Recursos determinados;139200;No sectorizable (gasto por genérica);Localizada en Puno;Sí;;Sí;0
7;ANEXO-7-2-2;206;1438;Gobierno local;210208;MUNICIPALIDAD DISTRITAL DE MUÑANI;Puno;;Munani;Munani;;;;2.5;Genérica del gasto;Otros gastos;Recursos determinados;10000;No sectorizable (gasto por genérica);Localizada en Puno;Sí;;Sí;0
7;ANEXO-7-2-2;206;1438;Gobierno local;210208;MUNICIPALIDAD DISTRITAL DE MUÑANI;Puno;;Munani;Munani;;;;2.6;Genérica del gasto;Adquisición de activos no financieros;Recursos determinados;7651063;No sectorizable (gasto por genérica);Localizada en Puno;Sí;;Sí;0
7;ANEXO-7-2-2;206;1438;Gobierno local;210209;MUNICIPALIDAD DISTRITAL DE POTONI;Puno;;Potoni;Potoni;;;;2.1;Genérica del gasto;Personal y obligaciones sociales;Recursos determinados;830065;No sectorizable (gasto por genérica);Localizada en Puno;Sí;;Sí;0
7;ANEXO-7-2-2;206;1438;Gobierno local;210209;MUNICIPALIDAD DISTRITAL DE POTONI;Puno;;Potoni;Potoni;;;;2.2;Genérica del gasto;Pensiones y otras prestaciones sociales;Recursos ordinarios;254201;Previsión social;Localizada en Puno;Sí;;Sí;0
7;ANEXO-7-2-2;206;1438;Gobierno local;210209;MUNICIPALIDAD DISTRITAL DE POTONI;Puno;;Potoni;Potoni;;;;2.3;Genérica del gasto;Bienes y servicios;Recursos directamente recaudados;255070;No sectorizable (gasto por genérica);Localizada en Puno;Sí;;Sí;0
7;ANEXO-7-2-2;206;1438;Gobierno local;210209;MUNICIPALIDAD DISTRITAL DE POTONI;Puno;;Potoni;Potoni;;;;2.3;Genérica del gasto;Bienes y servicios;Recursos determinados;2502381;No sectorizable (gasto por genérica);Localizada en Puno;Sí;;Sí;0
7;ANEXO-7-2-2;206;1438;Gobierno local;210209;MUNICIPALIDAD DISTRITAL DE POTONI;Puno;;Potoni;Potoni;;;;2.4;Genérica del gasto;Donaciones y transferencias;Recursos determinados;94080;No sectorizable (gasto por genérica);Localizada en Puno;Sí;;Sí;0
7;ANEXO-7-2-2;207;1439;Gobierno local;210209;MUNICIPALIDAD DISTRITAL DE POTONI;Puno;;Potoni;Potoni;;;;2.6;Genérica del gasto;Adquisición de activos no financieros;Recursos determinados;8509604;No sectorizable (gasto por genérica);Localizada en Puno;Sí;;Sí;0
7;ANEXO-7-2-2;207;1439;Gobierno local;210210;MUNICIPALIDAD DISTRITAL DE SAMAN;Puno;;Saman;Saman;;;;2.1;Genérica del gasto;Personal y obligaciones sociales;Recursos determinados;2323512;No sectorizable (gasto por genérica);Localizada en Puno;Sí;;Sí;0
7;ANEXO-7-2-2;207;1439;Gobierno local;210210;MUNICIPALIDAD DISTRITAL DE SAMAN;Puno;;Saman;Saman;;;;2.2;Genérica del gasto;Pensiones y otras prestaciones sociales;Recursos ordinarios;241289;Previsión social;Localizada en Puno;Sí;;Sí;0
7;ANEXO-7-2-2;207;1439;Gobierno local;210210;MUNICIPALIDAD DISTRITAL DE SAMAN;Puno;;Saman;Saman;;;;2.3;Genérica del gasto;Bienes y servicios;Recursos directamente recaudados;47560;No sectorizable (gasto por genérica);Localizada en Puno;Sí;;Sí;0
7;ANEXO-7-2-2;207;1439;Gobierno local;210210;MUNICIPALIDAD DISTRITAL DE SAMAN;Puno;;Saman;Saman;;;;2.3;Genérica del gasto;Bienes y servicios;Recursos determinados;1961360;No sectorizable (gasto por genérica);Localizada en Puno;Sí;;Sí;0
7;ANEXO-7-2-2;207;1439;Gobierno local;210210;MUNICIPALIDAD DISTRITAL DE SAMAN;Puno;;Saman;Saman;;;;2.4;Genérica del gasto;Donaciones y transferencias;Recursos determinados;380675;No sectorizable (gasto por genérica);Localizada en Puno;Sí;;Sí;0
7;ANEXO-7-2-2;207;1439;Gobierno local;210210;MUNICIPALIDAD DISTRITAL DE SAMAN;Puno;;Saman;Saman;;;;2.6;Genérica del gasto;Adquisición de activos no financieros;Recursos determinados;5387704;No sectorizable (gasto por genérica);Localizada en Puno;Sí;;Sí;0
7;ANEXO-7-2-2;207;1439;Gobierno local;210211;MUNICIPALIDAD DISTRITAL DE SAN ANTON;Puno;;San Anton;San Anton;;;;2.1;Genérica del gasto;Personal y obligaciones sociales;Recursos determinados;409947;No sectorizable (gasto por genérica);Localizada en Puno;Sí;;Sí;0
7;ANEXO-7-2-2;207;1439;Gobierno local;210211;MUNICIPALIDAD DISTRITAL DE SAN ANTON;Puno;;San Anton;San Anton;;;;2.2;Genérica del gasto;Pensiones y otras prestaciones sociales;Recursos ordinarios;147089;Previsión social;Localizada en Puno;Sí;;Sí;0
7;ANEXO-7-2-2;207;1439;Gobierno local;210211;MUNICIPALIDAD DISTRITAL DE SAN ANTON;Puno;;San Anton;San Anton;;;;2.3;Genérica del gasto;Bienes y servicios;Recursos directamente recaudados;19000;No sectorizable (gasto por genérica);Localizada en Puno;Sí;;Sí;0
7;ANEXO-7-2-2;207;1439;Gobierno local;210211;MUNICIPALIDAD DISTRITAL DE SAN ANTON;Puno;;San Anton;San Anton;;;;2.3;Genérica del gasto;Bienes y servicios;Recursos determinados;3142436;No sectorizable (gasto por genérica);Localizada en Puno;Sí;;Sí;0
7;ANEXO-7-2-2;207;1439;Gobierno local;210211;MUNICIPALIDAD DISTRITAL DE SAN ANTON;Puno;;San Anton;San Anton;;;;2.4;Genérica del gasto;Donaciones y transferencias;Recursos determinados;274320;No sectorizable (gasto por genérica);Localizada en Puno;Sí;;Sí;0
7;ANEXO-7-2-2;207;1439;Gobierno local;210211;MUNICIPALIDAD DISTRITAL DE SAN ANTON;Puno;;San Anton;San Anton;;;;2.5;Genérica del gasto;Otros gastos;Recursos determinados;8000;No sectorizable (gasto por genérica);Localizada en Puno;Sí;;Sí;0
7;ANEXO-7-2-2;207;1439;Gobierno local;210211;MUNICIPALIDAD DISTRITAL DE SAN ANTON;Puno;;San Anton;San Anton;;;;2.6;Genérica del gasto;Adquisición de activos no financieros;Recursos determinados;8258800;No sectorizable (gasto por genérica);Localizada en Puno;Sí;;Sí;0
7;ANEXO-7-2-2;207;1439;Gobierno local;210212;MUNICIPALIDAD DISTRITAL DE SAN JOSE;Puno;;San Jose;San Jose;;;;2.1;Genérica del gasto;Personal y obligaciones sociales;Recursos determinados;264467;No sectorizable (gasto por genérica);Localizada en Puno;Sí;;Sí;0
7;ANEXO-7-2-2;207;1439;Gobierno local;210212;MUNICIPALIDAD DISTRITAL DE SAN JOSE;Puno;;San Jose;San Jose;;;;2.2;Genérica del gasto;Pensiones y otras prestaciones sociales;Recursos ordinarios;145389;Previsión social;Localizada en Puno;Sí;;Sí;0
7;ANEXO-7-2-2;207;1439;Gobierno local;210212;MUNICIPALIDAD DISTRITAL DE SAN JOSE;Puno;;San Jose;San Jose;;;;2.2;Genérica del gasto;Pensiones y otras prestaciones sociales;Recursos determinados;23000;Previsión social;Localizada en Puno;Sí;;Sí;0
7;ANEXO-7-2-2;207;1439;Gobierno local;210212;MUNICIPALIDAD DISTRITAL DE SAN JOSE;Puno;;San Jose;San Jose;;;;2.3;Genérica del gasto;Bienes y servicios;Recursos directamente recaudados;275956;No sectorizable (gasto por genérica);Localizada en Puno;Sí;;Sí;0
7;ANEXO-7-2-2;207;1439;Gobierno local;210212;MUNICIPALIDAD DISTRITAL DE SAN JOSE;Puno;;San Jose;San Jose;;;;2.3;Genérica del gasto;Bienes y servicios;Recursos determinados;2190121;No sectorizable (gasto por genérica);Localizada en Puno;Sí;;Sí;0
7;ANEXO-7-2-2;207;1439;Gobierno local;210212;MUNICIPALIDAD DISTRITAL DE SAN JOSE;Puno;;San Jose;San Jose;;;;2.4;Genérica del gasto;Donaciones y transferencias;Recursos determinados;49920;No sectorizable (gasto por genérica);Localizada en Puno;Sí;;Sí;0
7;ANEXO-7-2-2;207;1439;Gobierno local;210212;MUNICIPALIDAD DISTRITAL DE SAN JOSE;Puno;;San Jose;San Jose;;;;2.5;Genérica del gasto;Otros gastos;Recursos determinados;25000;No sectorizable (gasto por genérica);Localizada en Puno;Sí;;Sí;0
7;ANEXO-7-2-2;207;1439;Gobierno local;210212;MUNICIPALIDAD DISTRITAL DE SAN JOSE;Puno;;San Jose;San Jose;;;;2.6;Genérica del gasto;Adquisición de activos no financieros;Recursos determinados;3178299;No sectorizable (gasto por genérica);Localizada en Puno;Sí;;Sí;0
7;ANEXO-7-2-2;207;1439;Gobierno local;210213;MUNICIPALIDAD DISTRITAL DE SAN JUAN DE SALINAS;Puno;;San Juan De Salinas;San Juan De Salinas;;;;2.1;Genérica del gasto;Personal y obligaciones sociales;Recursos determinados;333655;No sectorizable (gasto por genérica);Localizada en Puno;Sí;;Sí;0
7;ANEXO-7-2-2;208;1440;Gobierno local;210213;MUNICIPALIDAD DISTRITAL DE SAN JUAN DE SALINAS;Puno;;San Juan De Salinas;San Juan De Salinas;;;;2.2;Genérica del gasto;Pensiones y otras prestaciones sociales;Recursos ordinarios;81001;Previsión social;Localizada en Puno;Sí;;Sí;0
7;ANEXO-7-2-2;208;1440;Gobierno local;210213;MUNICIPALIDAD DISTRITAL DE SAN JUAN DE SALINAS;Puno;;San Juan De Salinas;San Juan De Salinas;;;;2.3;Genérica del gasto;Bienes y servicios;Recursos directamente recaudados;92800;No sectorizable (gasto por genérica);Localizada en Puno;Sí;;Sí;0
7;ANEXO-7-2-2;208;1440;Gobierno local;210213;MUNICIPALIDAD DISTRITAL DE SAN JUAN DE SALINAS;Puno;;San Juan De Salinas;San Juan De Salinas;;;;2.3;Genérica del gasto;Bienes y servicios;Recursos determinados;1870651;No sectorizable (gasto por genérica);Localizada en Puno;Sí;;Sí;0
7;ANEXO-7-2-2;208;1440;Gobierno local;210213;MUNICIPALIDAD DISTRITAL DE SAN JUAN DE SALINAS;Puno;;San Juan De Salinas;San Juan De Salinas;;;;2.5;Genérica del gasto;Otros gastos;Recursos determinados;3500;No sectorizable (gasto por genérica);Localizada en Puno;Sí;;Sí;0
7;ANEXO-7-2-2;208;1440;Gobierno local;210213;MUNICIPALIDAD DISTRITAL DE SAN JUAN DE SALINAS;Puno;;San Juan De Salinas;San Juan De Salinas;;;;2.6;Genérica del gasto;Adquisición de activos no financieros;Recursos determinados;1629357;No sectorizable (gasto por genérica);Localizada en Puno;Sí;;Sí;0
7;ANEXO-7-2-2;208;1440;Gobierno local;210214;MUNICIPALIDAD DISTRITAL DE SANTIAGO DE PUPUJA;Puno;;Santiago De Pupuja;Santiago De Pupuja;;;;2.1;Genérica del gasto;Personal y obligaciones sociales;Recursos determinados;498604;No sectorizable (gasto por genérica);Localizada en Puno;Sí;;Sí;0
7;ANEXO-7-2-2;208;1440;Gobierno local;210214;MUNICIPALIDAD DISTRITAL DE SANTIAGO DE PUPUJA;Puno;;Santiago De Pupuja;Santiago De Pupuja;;;;2.2;Genérica del gasto;Pensiones y otras prestaciones sociales;Recursos ordinarios;136510;Previsión social;Localizada en Puno;Sí;;Sí;0
7;ANEXO-7-2-2;208;1440;Gobierno local;210214;MUNICIPALIDAD DISTRITAL DE SANTIAGO DE PUPUJA;Puno;;Santiago De Pupuja;Santiago De Pupuja;;;;2.3;Genérica del gasto;Bienes y servicios;Recursos directamente recaudados;170000;No sectorizable (gasto por genérica);Localizada en Puno;Sí;;Sí;0
7;ANEXO-7-2-2;208;1440;Gobierno local;210214;MUNICIPALIDAD DISTRITAL DE SANTIAGO DE PUPUJA;Puno;;Santiago De Pupuja;Santiago De Pupuja;;;;2.3;Genérica del gasto;Bienes y servicios;Recursos determinados;2283519;No sectorizable (gasto por genérica);Localizada en Puno;Sí;;Sí;0
7;ANEXO-7-2-2;208;1440;Gobierno local;210214;MUNICIPALIDAD DISTRITAL DE SANTIAGO DE PUPUJA;Puno;;Santiago De Pupuja;Santiago De Pupuja;;;;2.4;Genérica del gasto;Donaciones y transferencias;Recursos determinados;254740;No sectorizable (gasto por genérica);Localizada en Puno;Sí;;Sí;0
7;ANEXO-7-2-2;208;1440;Gobierno local;210214;MUNICIPALIDAD DISTRITAL DE SANTIAGO DE PUPUJA;Puno;;Santiago De Pupuja;Santiago De Pupuja;;;;2.6;Genérica del gasto;Adquisición de activos no financieros;Recursos determinados;3084697;No sectorizable (gasto por genérica);Localizada en Puno;Sí;;Sí;0
7;ANEXO-7-2-2;208;1440;Gobierno local;210215;MUNICIPALIDAD DISTRITAL DE TIRAPATA;Puno;;Tirapata;Tirapata;;;;2.1;Genérica del gasto;Personal y obligaciones sociales;Recursos determinados;217477;No sectorizable (gasto por genérica);Localizada en Puno;Sí;;Sí;0
7;ANEXO-7-2-2;208;1440;Gobierno local;210215;MUNICIPALIDAD DISTRITAL DE TIRAPATA;Puno;;Tirapata;Tirapata;;;;2.2;Genérica del gasto;Pensiones y otras prestaciones sociales;Recursos ordinarios;79223;Previsión social;Localizada en Puno;Sí;;Sí;0
7;ANEXO-7-2-2;208;1440;Gobierno local;210215;MUNICIPALIDAD DISTRITAL DE TIRAPATA;Puno;;Tirapata;Tirapata;;;;2.2;Genérica del gasto;Pensiones y otras prestaciones sociales;Recursos determinados;10500;Previsión social;Localizada en Puno;Sí;;Sí;0
7;ANEXO-7-2-2;208;1440;Gobierno local;210215;MUNICIPALIDAD DISTRITAL DE TIRAPATA;Puno;;Tirapata;Tirapata;;;;2.3;Genérica del gasto;Bienes y servicios;Recursos directamente recaudados;57000;No sectorizable (gasto por genérica);Localizada en Puno;Sí;;Sí;0
7;ANEXO-7-2-2;208;1440;Gobierno local;210215;MUNICIPALIDAD DISTRITAL DE TIRAPATA;Puno;;Tirapata;Tirapata;;;;2.3;Genérica del gasto;Bienes y servicios;Recursos determinados;1382912;No sectorizable (gasto por genérica);Localizada en Puno;Sí;;Sí;0
7;ANEXO-7-2-2;208;1440;Gobierno local;210215;MUNICIPALIDAD DISTRITAL DE TIRAPATA;Puno;;Tirapata;Tirapata;;;;2.5;Genérica del gasto;Otros gastos;Recursos determinados;1000;No sectorizable (gasto por genérica);Localizada en Puno;Sí;;Sí;0
7;ANEXO-7-2-2;208;1440;Gobierno local;210215;MUNICIPALIDAD DISTRITAL DE TIRAPATA;Puno;;Tirapata;Tirapata;;;;2.6;Genérica del gasto;Adquisición de activos no financieros;Recursos determinados;2437429;No sectorizable (gasto por genérica);Localizada en Puno;Sí;;Sí;0
7;ANEXO-7-2-2;208;1440;Gobierno local;210301;MUNICIPALIDAD PROVINCIAL DE CARABAYA -MACUSANI;Puno;;Carabaya;Carabaya;;;;2.1;Genérica del gasto;Personal y obligaciones sociales;Recursos directamente recaudados;61900;No sectorizable (gasto por genérica);Localizada en Puno;Sí;;Sí;0
7;ANEXO-7-2-2;208;1440;Gobierno local;210301;MUNICIPALIDAD PROVINCIAL DE CARABAYA -MACUSANI;Puno;;Carabaya;Carabaya;;;;2.1;Genérica del gasto;Personal y obligaciones sociales;Recursos determinados;4887339;No sectorizable (gasto por genérica);Localizada en Puno;Sí;;Sí;0
7;ANEXO-7-2-2;208;1440;Gobierno local;210301;MUNICIPALIDAD PROVINCIAL DE CARABAYA -MACUSANI;Puno;;Carabaya;Carabaya;;;;2.2;Genérica del gasto;Pensiones y otras prestaciones sociales;Recursos ordinarios;1109593;Previsión social;Localizada en Puno;Sí;;Sí;0
7;ANEXO-7-2-2;208;1440;Gobierno local;210301;MUNICIPALIDAD PROVINCIAL DE CARABAYA -MACUSANI;Puno;;Carabaya;Carabaya;;;;2.2;Genérica del gasto;Pensiones y otras prestaciones sociales;Recursos determinados;91876;Previsión social;Localizada en Puno;Sí;;Sí;0
7;ANEXO-7-2-2;208;1440;Gobierno local;210301;MUNICIPALIDAD PROVINCIAL DE CARABAYA -MACUSANI;Puno;;Carabaya;Carabaya;;;;2.3;Genérica del gasto;Bienes y servicios;Recursos ordinarios;1045321;No sectorizable (gasto por genérica);Localizada en Puno;Sí;;Sí;0
7;ANEXO-7-2-2;208;1440;Gobierno local;210301;MUNICIPALIDAD PROVINCIAL DE CARABAYA -MACUSANI;Puno;;Carabaya;Carabaya;;;;2.3;Genérica del gasto;Bienes y servicios;Recursos determinados;8439146;No sectorizable (gasto por genérica);Localizada en Puno;Sí;;Sí;0
7;ANEXO-7-2-2;208;1440;Gobierno local;210301;MUNICIPALIDAD PROVINCIAL DE CARABAYA -MACUSANI;Puno;;Carabaya;Carabaya;;;;2.4;Genérica del gasto;Donaciones y transferencias;Recursos determinados;1211049;No sectorizable (gasto por genérica);Localizada en Puno;Sí;;Sí;0
7;ANEXO-7-2-2;208;1440;Gobierno local;210301;MUNICIPALIDAD PROVINCIAL DE CARABAYA -MACUSANI;Puno;;Carabaya;Carabaya;;;;2.5;Genérica del gasto;Otros gastos;Recursos ordinarios;69299;No sectorizable (gasto por genérica);Localizada en Puno;Sí;;Sí;0
7;ANEXO-7-2-2;208;1440;Gobierno local;210301;MUNICIPALIDAD PROVINCIAL DE CARABAYA -MACUSANI;Puno;;Carabaya;Carabaya;;;;2.5;Genérica del gasto;Otros gastos;Recursos directamente recaudados;88100;No sectorizable (gasto por genérica);Localizada en Puno;Sí;;Sí;0
7;ANEXO-7-2-2;208;1440;Gobierno local;210301;MUNICIPALIDAD PROVINCIAL DE CARABAYA -MACUSANI;Puno;;Carabaya;Carabaya;;;;2.5;Genérica del gasto;Otros gastos;Recursos determinados;216000;No sectorizable (gasto por genérica);Localizada en Puno;Sí;;Sí;0
7;ANEXO-7-2-2;209;1441;Gobierno local;210301;MUNICIPALIDAD PROVINCIAL DE CARABAYA -MACUSANI;Puno;;Carabaya;Carabaya;;;;2.4;Genérica del gasto;Donaciones y transferencias;Recursos determinados;500000;No sectorizable (gasto por genérica);Localizada en Puno;Sí;;Sí;0
7;ANEXO-7-2-2;209;1441;Gobierno local;210301;MUNICIPALIDAD PROVINCIAL DE CARABAYA -MACUSANI;Puno;;Carabaya;Carabaya;;;;2.6;Genérica del gasto;Adquisición de activos no financieros;Recursos directamente recaudados;1500000;No sectorizable (gasto por genérica);Localizada en Puno;Sí;;Sí;0
7;ANEXO-7-2-2;209;1441;Gobierno local;210301;MUNICIPALIDAD PROVINCIAL DE CARABAYA -MACUSANI;Puno;;Carabaya;Carabaya;;;;2.6;Genérica del gasto;Adquisición de activos no financieros;Recursos determinados;27329763;No sectorizable (gasto por genérica);Localizada en Puno;Sí;;Sí;0
7;ANEXO-7-2-2;209;1441;Gobierno local;210302;MUNICIPALIDAD DISTRITAL DE AJOYANI;Puno;;Ajoyani;Ajoyani;;;;2.1;Genérica del gasto;Personal y obligaciones sociales;Recursos determinados;894160;No sectorizable (gasto por genérica);Localizada en Puno;Sí;;Sí;0
7;ANEXO-7-2-2;209;1441;Gobierno local;210302;MUNICIPALIDAD DISTRITAL DE AJOYANI;Puno;;Ajoyani;Ajoyani;;;;2.2;Genérica del gasto;Pensiones y otras prestaciones sociales;Recursos ordinarios;35901;Previsión social;Localizada en Puno;Sí;;Sí;0
7;ANEXO-7-2-2;209;1441;Gobierno local;210302;MUNICIPALIDAD DISTRITAL DE AJOYANI;Puno;;Ajoyani;Ajoyani;;;;2.2;Genérica del gasto;Pensiones y otras prestaciones sociales;Recursos determinados;29400;Previsión social;Localizada en Puno;Sí;;Sí;0
7;ANEXO-7-2-2;209;1441;Gobierno local;210302;MUNICIPALIDAD DISTRITAL DE AJOYANI;Puno;;Ajoyani;Ajoyani;;;;2.3;Genérica del gasto;Bienes y servicios;Recursos directamente recaudados;31608;No sectorizable (gasto por genérica);Localizada en Puno;Sí;;Sí;0
7;ANEXO-7-2-2;209;1441;Gobierno local;210302;MUNICIPALIDAD DISTRITAL DE AJOYANI;Puno;;Ajoyani;Ajoyani;;;;2.3;Genérica del gasto;Bienes y servicios;Recursos determinados;4048275;No sectorizable (gasto por genérica);Localizada en Puno;Sí;;Sí;0
7;ANEXO-7-2-2;209;1441;Gobierno local;210302;MUNICIPALIDAD DISTRITAL DE AJOYANI;Puno;;Ajoyani;Ajoyani;;;;2.5;Genérica del gasto;Otros gastos;Recursos determinados;2000;No sectorizable (gasto por genérica);Localizada en Puno;Sí;;Sí;0
7;ANEXO-7-2-2;209;1441;Gobierno local;210302;MUNICIPALIDAD DISTRITAL DE AJOYANI;Puno;;Ajoyani;Ajoyani;;;;2.6;Genérica del gasto;Adquisición de activos no financieros;Recursos determinados;15475411;No sectorizable (gasto por genérica);Localizada en Puno;Sí;;Sí;0
7;ANEXO-7-2-2;209;1441;Gobierno local;210303;MUNICIPALIDAD DISTRITAL DE AYAPATA;Puno;;Ayapata;Ayapata;;;;2.1;Genérica del gasto;Personal y obligaciones sociales;Recursos determinados;1514211;No sectorizable (gasto por genérica);Localizada en Puno;Sí;;Sí;0
7;ANEXO-7-2-2;209;1441;Gobierno local;210303;MUNICIPALIDAD DISTRITAL DE AYAPATA;Puno;;Ayapata;Ayapata;;;;2.2;Genérica del gasto;Pensiones y otras prestaciones sociales;Recursos ordinarios;195156;Previsión social;Localizada en Puno;Sí;;Sí;0
7;ANEXO-7-2-2;209;1441;Gobierno local;210303;MUNICIPALIDAD DISTRITAL DE AYAPATA;Puno;;Ayapata;Ayapata;;;;2.2;Genérica del gasto;Pensiones y otras prestaciones sociales;Recursos determinados;97469;Previsión social;Localizada en Puno;Sí;;Sí;0
7;ANEXO-7-2-2;209;1441;Gobierno local;210303;MUNICIPALIDAD DISTRITAL DE AYAPATA;Puno;;Ayapata;Ayapata;;;;2.3;Genérica del gasto;Bienes y servicios;Recursos directamente recaudados;54647;No sectorizable (gasto por genérica);Localizada en Puno;Sí;;Sí;0
7;ANEXO-7-2-2;209;1441;Gobierno local;210303;MUNICIPALIDAD DISTRITAL DE AYAPATA;Puno;;Ayapata;Ayapata;;;;2.3;Genérica del gasto;Bienes y servicios;Recursos determinados;4990836;No sectorizable (gasto por genérica);Localizada en Puno;Sí;;Sí;0
7;ANEXO-7-2-2;209;1441;Gobierno local;210303;MUNICIPALIDAD DISTRITAL DE AYAPATA;Puno;;Ayapata;Ayapata;;;;2.4;Genérica del gasto;Donaciones y transferencias;Recursos determinados;199260;No sectorizable (gasto por genérica);Localizada en Puno;Sí;;Sí;0
7;ANEXO-7-2-2;209;1441;Gobierno local;210303;MUNICIPALIDAD DISTRITAL DE AYAPATA;Puno;;Ayapata;Ayapata;;;;2.5;Genérica del gasto;Otros gastos;Recursos determinados;81864;No sectorizable (gasto por genérica);Localizada en Puno;Sí;;Sí;0
7;ANEXO-7-2-2;209;1441;Gobierno local;210303;MUNICIPALIDAD DISTRITAL DE AYAPATA;Puno;;Ayapata;Ayapata;;;;2.6;Genérica del gasto;Adquisición de activos no financieros;Recursos directamente recaudados;1675;No sectorizable (gasto por genérica);Localizada en Puno;Sí;;Sí;0
7;ANEXO-7-2-2;209;1441;Gobierno local;210303;MUNICIPALIDAD DISTRITAL DE AYAPATA;Puno;;Ayapata;Ayapata;;;;2.6;Genérica del gasto;Adquisición de activos no financieros;Recursos determinados;13343646;No sectorizable (gasto por genérica);Localizada en Puno;Sí;;Sí;0
7;ANEXO-7-2-2;209;1441;Gobierno local;210304;MUNICIPALIDAD DISTRITAL DE COASA;Puno;;Coasa;Coasa;;;;2.1;Genérica del gasto;Personal y obligaciones sociales;Recursos determinados;590543;No sectorizable (gasto por genérica);Localizada en Puno;Sí;;Sí;0
7;ANEXO-7-2-2;209;1441;Gobierno local;210304;MUNICIPALIDAD DISTRITAL DE COASA;Puno;;Coasa;Coasa;;;;2.2;Genérica del gasto;Pensiones y otras prestaciones sociales;Recursos ordinarios;190730;Previsión social;Localizada en Puno;Sí;;Sí;0
7;ANEXO-7-2-2;209;1441;Gobierno local;210304;MUNICIPALIDAD DISTRITAL DE COASA;Puno;;Coasa;Coasa;;;;2.3;Genérica del gasto;Bienes y servicios;Recursos directamente recaudados;352238;No sectorizable (gasto por genérica);Localizada en Puno;Sí;;Sí;0
7;ANEXO-7-2-2;209;1441;Gobierno local;210304;MUNICIPALIDAD DISTRITAL DE COASA;Puno;;Coasa;Coasa;;;;2.3;Genérica del gasto;Bienes y servicios;Recursos determinados;3794331;No sectorizable (gasto por genérica);Localizada en Puno;Sí;;Sí;0
7;ANEXO-7-2-2;209;1441;Gobierno local;210304;MUNICIPALIDAD DISTRITAL DE COASA;Puno;;Coasa;Coasa;;;;2.4;Genérica del gasto;Donaciones y transferencias;Recursos determinados;124272;No sectorizable (gasto por genérica);Localizada en Puno;Sí;;Sí;0
7;ANEXO-7-2-2;209;1441;Gobierno local;210304;MUNICIPALIDAD DISTRITAL DE COASA;Puno;;Coasa;Coasa;;;;2.5;Genérica del gasto;Otros gastos;Recursos determinados;13400;No sectorizable (gasto por genérica);Localizada en Puno;Sí;;Sí;0
7;ANEXO-7-2-2;209;1441;Gobierno local;210304;MUNICIPALIDAD DISTRITAL DE COASA;Puno;;Coasa;Coasa;;;;2.6;Genérica del gasto;Adquisición de activos no financieros;Recursos determinados;4349923;No sectorizable (gasto por genérica);Localizada en Puno;Sí;;Sí;0
7;ANEXO-7-2-2;210;1442;Gobierno local;210305;MUNICIPALIDAD DISTRITAL DE CORANI;Puno;;Corani;Corani;;;;2.1;Genérica del gasto;Personal y obligaciones sociales;Recursos determinados;411994;No sectorizable (gasto por genérica);Localizada en Puno;Sí;;Sí;0
7;ANEXO-7-2-2;210;1442;Gobierno local;210305;MUNICIPALIDAD DISTRITAL DE CORANI;Puno;;Corani;Corani;;;;2.2;Genérica del gasto;Pensiones y otras prestaciones sociales;Recursos ordinarios;107977;Previsión social;Localizada en Puno;Sí;;Sí;0
7;ANEXO-7-2-2;210;1442;Gobierno local;210305;MUNICIPALIDAD DISTRITAL DE CORANI;Puno;;Corani;Corani;;;;2.3;Genérica del gasto;Bienes y servicios;Recursos directamente recaudados;496359;No sectorizable (gasto por genérica);Localizada en Puno;Sí;;Sí;0
7;ANEXO-7-2-2;210;1442;Gobierno local;210305;MUNICIPALIDAD DISTRITAL DE CORANI;Puno;;Corani;Corani;;;;2.3;Genérica del gasto;Bienes y servicios;Recursos determinados;2471639;No sectorizable (gasto por genérica);Localizada en Puno;Sí;;Sí;0
7;ANEXO-7-2-2;210;1442;Gobierno local;210305;MUNICIPALIDAD DISTRITAL DE CORANI;Puno;;Corani;Corani;;;;2.4;Genérica del gasto;Donaciones y transferencias;Recursos determinados;187206;No sectorizable (gasto por genérica);Localizada en Puno;Sí;;Sí;0
7;ANEXO-7-2-2;210;1442;Gobierno local;210305;MUNICIPALIDAD DISTRITAL DE CORANI;Puno;;Corani;Corani;;;;2.5;Genérica del gasto;Otros gastos;Recursos directamente recaudados;12791;No sectorizable (gasto por genérica);Localizada en Puno;Sí;;Sí;0
7;ANEXO-7-2-2;210;1442;Gobierno local;210305;MUNICIPALIDAD DISTRITAL DE CORANI;Puno;;Corani;Corani;;;;2.5;Genérica del gasto;Otros gastos;Recursos determinados;15000;No sectorizable (gasto por genérica);Localizada en Puno;Sí;;Sí;0
7;ANEXO-7-2-2;210;1442;Gobierno local;210305;MUNICIPALIDAD DISTRITAL DE CORANI;Puno;;Corani;Corani;;;;2.6;Genérica del gasto;Adquisición de activos no financieros;Recursos directamente recaudados;500;No sectorizable (gasto por genérica);Localizada en Puno;Sí;;Sí;0
7;ANEXO-7-2-2;210;1442;Gobierno local;210305;MUNICIPALIDAD DISTRITAL DE CORANI;Puno;;Corani;Corani;;;;2.6;Genérica del gasto;Adquisición de activos no financieros;Recursos determinados;5507137;No sectorizable (gasto por genérica);Localizada en Puno;Sí;;Sí;0
7;ANEXO-7-2-2;210;1442;Gobierno local;210306;MUNICIPALIDAD DISTRITAL DE CRUCERO;Puno;;Crucero;Crucero;;;;2.1;Genérica del gasto;Personal y obligaciones sociales;Recursos determinados;817297;No sectorizable (gasto por genérica);Localizada en Puno;Sí;;Sí;0
7;ANEXO-7-2-2;210;1442;Gobierno local;210306;MUNICIPALIDAD DISTRITAL DE CRUCERO;Puno;;Crucero;Crucero;;;;2.2;Genérica del gasto;Pensiones y otras prestaciones sociales;Recursos ordinarios;138786;Previsión social;Localizada en Puno;Sí;;Sí;0
7;ANEXO-7-2-2;210;1442;Gobierno local;210306;MUNICIPALIDAD DISTRITAL DE CRUCERO;Puno;;Crucero;Crucero;;;;2.2;Genérica del gasto;Pensiones y otras prestaciones sociales;Recursos determinados;20000;Previsión social;Localizada en Puno;Sí;;Sí;0
7;ANEXO-7-2-2;210;1442;Gobierno local;210306;MUNICIPALIDAD DISTRITAL DE CRUCERO;Puno;;Crucero;Crucero;;;;2.3;Genérica del gasto;Bienes y servicios;Recursos directamente recaudados;137344;No sectorizable (gasto por genérica);Localizada en Puno;Sí;;Sí;0
7;ANEXO-7-2-2;210;1442;Gobierno local;210306;MUNICIPALIDAD DISTRITAL DE CRUCERO;Puno;;Crucero;Crucero;;;;2.3;Genérica del gasto;Bienes y servicios;Recursos determinados;4420388;No sectorizable (gasto por genérica);Localizada en Puno;Sí;;Sí;0
7;ANEXO-7-2-2;210;1442;Gobierno local;210306;MUNICIPALIDAD DISTRITAL DE CRUCERO;Puno;;Crucero;Crucero;;;;2.4;Genérica del gasto;Donaciones y transferencias;Recursos determinados;99000;No sectorizable (gasto por genérica);Localizada en Puno;Sí;;Sí;0
7;ANEXO-7-2-2;210;1442;Gobierno local;210306;MUNICIPALIDAD DISTRITAL DE CRUCERO;Puno;;Crucero;Crucero;;;;2.5;Genérica del gasto;Otros gastos;Recursos determinados;28689;No sectorizable (gasto por genérica);Localizada en Puno;Sí;;Sí;0
7;ANEXO-7-2-2;210;1442;Gobierno local;210306;MUNICIPALIDAD DISTRITAL DE CRUCERO;Puno;;Crucero;Crucero;;;;2.4;Genérica del gasto;Donaciones y transferencias;Recursos determinados;40000;No sectorizable (gasto por genérica);Localizada en Puno;Sí;;Sí;0
7;ANEXO-7-2-2;210;1442;Gobierno local;210306;MUNICIPALIDAD DISTRITAL DE CRUCERO;Puno;;Crucero;Crucero;;;;2.6;Genérica del gasto;Adquisición de activos no financieros;Recursos determinados;7090087;No sectorizable (gasto por genérica);Localizada en Puno;Sí;;Sí;0
7;ANEXO-7-2-2;210;1442;Gobierno local;210307;MUNICIPALIDAD DISTRITAL DE ITUATA;Puno;;Ituata;Ituata;;;;2.1;Genérica del gasto;Personal y obligaciones sociales;Recursos determinados;1462527;No sectorizable (gasto por genérica);Localizada en Puno;Sí;;Sí;0
7;ANEXO-7-2-2;210;1442;Gobierno local;210307;MUNICIPALIDAD DISTRITAL DE ITUATA;Puno;;Ituata;Ituata;;;;2.2;Genérica del gasto;Pensiones y otras prestaciones sociales;Recursos ordinarios;166748;Previsión social;Localizada en Puno;Sí;;Sí;0
7;ANEXO-7-2-2;210;1442;Gobierno local;210307;MUNICIPALIDAD DISTRITAL DE ITUATA;Puno;;Ituata;Ituata;;;;2.2;Genérica del gasto;Pensiones y otras prestaciones sociales;Recursos determinados;4000;Previsión social;Localizada en Puno;Sí;;Sí;0
7;ANEXO-7-2-2;210;1442;Gobierno local;210307;MUNICIPALIDAD DISTRITAL DE ITUATA;Puno;;Ituata;Ituata;;;;2.3;Genérica del gasto;Bienes y servicios;Recursos directamente recaudados;262300;No sectorizable (gasto por genérica);Localizada en Puno;Sí;;Sí;0
7;ANEXO-7-2-2;210;1442;Gobierno local;210307;MUNICIPALIDAD DISTRITAL DE ITUATA;Puno;;Ituata;Ituata;;;;2.3;Genérica del gasto;Bienes y servicios;Recursos determinados;5196820;No sectorizable (gasto por genérica);Localizada en Puno;Sí;;Sí;0
7;ANEXO-7-2-2;210;1442;Gobierno local;210307;MUNICIPALIDAD DISTRITAL DE ITUATA;Puno;;Ituata;Ituata;;;;2.4;Genérica del gasto;Donaciones y transferencias;Recursos determinados;150000;No sectorizable (gasto por genérica);Localizada en Puno;Sí;;Sí;0
7;ANEXO-7-2-2;210;1442;Gobierno local;210307;MUNICIPALIDAD DISTRITAL DE ITUATA;Puno;;Ituata;Ituata;;;;2.5;Genérica del gasto;Otros gastos;Recursos determinados;30000;No sectorizable (gasto por genérica);Localizada en Puno;Sí;;Sí;0
7;ANEXO-7-2-2;210;1442;Gobierno local;210307;MUNICIPALIDAD DISTRITAL DE ITUATA;Puno;;Ituata;Ituata;;;;2.6;Genérica del gasto;Adquisición de activos no financieros;Recursos determinados;13391843;No sectorizable (gasto por genérica);Localizada en Puno;Sí;;Sí;0
7;ANEXO-7-2-2;210;1442;Gobierno local;210308;MUNICIPALIDAD DISTRITAL DE OLLACHEA;Puno;;Ollachea;Ollachea;;;;2.1;Genérica del gasto;Personal y obligaciones sociales;Recursos determinados;1036270;No sectorizable (gasto por genérica);Localizada en Puno;Sí;;Sí;0
7;ANEXO-7-2-2;210;1442;Gobierno local;210308;MUNICIPALIDAD DISTRITAL DE OLLACHEA;Puno;;Ollachea;Ollachea;;;;2.2;Genérica del gasto;Pensiones y otras prestaciones sociales;Recursos ordinarios;135009;Previsión social;Localizada en Puno;Sí;;Sí;0
7;ANEXO-7-2-2;210;1442;Gobierno local;210308;MUNICIPALIDAD DISTRITAL DE OLLACHEA;Puno;;Ollachea;Ollachea;;;;2.2;Genérica del gasto;Pensiones y otras prestaciones sociales;Recursos determinados;7926;Previsión social;Localizada en Puno;Sí;;Sí;0
7;ANEXO-7-2-2;210;1442;Gobierno local;210308;MUNICIPALIDAD DISTRITAL DE OLLACHEA;Puno;;Ollachea;Ollachea;;;;2.3;Genérica del gasto;Bienes y servicios;Recursos ordinarios;27857;No sectorizable (gasto por genérica);Localizada en Puno;Sí;;Sí;0
7;ANEXO-7-2-2;210;1442;Gobierno local;210308;MUNICIPALIDAD DISTRITAL DE OLLACHEA;Puno;;Ollachea;Ollachea;;;;2.3;Genérica del gasto;Bienes y servicios;Recursos directamente recaudados;594660;No sectorizable (gasto por genérica);Localizada en Puno;Sí;;Sí;0
7;ANEXO-7-2-2;210;1442;Gobierno local;210308;MUNICIPALIDAD DISTRITAL DE OLLACHEA;Puno;;Ollachea;Ollachea;;;;2.3;Genérica del gasto;Bienes y servicios;Recursos determinados;3610267;No sectorizable (gasto por genérica);Localizada en Puno;Sí;;Sí;0
7;ANEXO-7-2-2;211;1443;Gobierno local;210308;MUNICIPALIDAD DISTRITAL DE OLLACHEA;Puno;;Ollachea;Ollachea;;;;2.4;Genérica del gasto;Donaciones y transferencias;Recursos determinados;176760;No sectorizable (gasto por genérica);Localizada en Puno;Sí;;Sí;0
7;ANEXO-7-2-2;211;1443;Gobierno local;210308;MUNICIPALIDAD DISTRITAL DE OLLACHEA;Puno;;Ollachea;Ollachea;;;;2.5;Genérica del gasto;Otros gastos;Recursos directamente recaudados;7000;No sectorizable (gasto por genérica);Localizada en Puno;Sí;;Sí;0
7;ANEXO-7-2-2;211;1443;Gobierno local;210308;MUNICIPALIDAD DISTRITAL DE OLLACHEA;Puno;;Ollachea;Ollachea;;;;2.5;Genérica del gasto;Otros gastos;Recursos determinados;14300;No sectorizable (gasto por genérica);Localizada en Puno;Sí;;Sí;0
7;ANEXO-7-2-2;211;1443;Gobierno local;210308;MUNICIPALIDAD DISTRITAL DE OLLACHEA;Puno;;Ollachea;Ollachea;;;;2.6;Genérica del gasto;Adquisición de activos no financieros;Recursos determinados;9788265;No sectorizable (gasto por genérica);Localizada en Puno;Sí;;Sí;0
7;ANEXO-7-2-2;211;1443;Gobierno local;210309;MUNICIPALIDAD DISTRITAL DE SAN GABAN;Puno;;San Gaban;San Gaban;;;;2.1;Genérica del gasto;Personal y obligaciones sociales;Recursos determinados;1534481;No sectorizable (gasto por genérica);Localizada en Puno;Sí;;Sí;0
7;ANEXO-7-2-2;211;1443;Gobierno local;210309;MUNICIPALIDAD DISTRITAL DE SAN GABAN;Puno;;San Gaban;San Gaban;;;;2.2;Genérica del gasto;Pensiones y otras prestaciones sociales;Recursos ordinarios;95749;Previsión social;Localizada en Puno;Sí;;Sí;0
7;ANEXO-7-2-2;211;1443;Gobierno local;210309;MUNICIPALIDAD DISTRITAL DE SAN GABAN;Puno;;San Gaban;San Gaban;;;;2.2;Genérica del gasto;Pensiones y otras prestaciones sociales;Recursos directamente recaudados;55620;Previsión social;Localizada en Puno;Sí;;Sí;0
7;ANEXO-7-2-2;211;1443;Gobierno local;210309;MUNICIPALIDAD DISTRITAL DE SAN GABAN;Puno;;San Gaban;San Gaban;;;;2.2;Genérica del gasto;Pensiones y otras prestaciones sociales;Recursos determinados;6000;Previsión social;Localizada en Puno;Sí;;Sí;0
7;ANEXO-7-2-2;211;1443;Gobierno local;210309;MUNICIPALIDAD DISTRITAL DE SAN GABAN;Puno;;San Gaban;San Gaban;;;;2.3;Genérica del gasto;Bienes y servicios;Recursos directamente recaudados;136480;No sectorizable (gasto por genérica);Localizada en Puno;Sí;;Sí;0
7;ANEXO-7-2-2;211;1443;Gobierno local;210309;MUNICIPALIDAD DISTRITAL DE SAN GABAN;Puno;;San Gaban;San Gaban;;;;2.3;Genérica del gasto;Bienes y servicios;Recursos determinados;5556016;No sectorizable (gasto por genérica);Localizada en Puno;Sí;;Sí;0
7;ANEXO-7-2-2;211;1443;Gobierno local;210309;MUNICIPALIDAD DISTRITAL DE SAN GABAN;Puno;;San Gaban;San Gaban;;;;2.4;Genérica del gasto;Donaciones y transferencias;Recursos determinados;253728;No sectorizable (gasto por genérica);Localizada en Puno;Sí;;Sí;0
7;ANEXO-7-2-2;211;1443;Gobierno local;210309;MUNICIPALIDAD DISTRITAL DE SAN GABAN;Puno;;San Gaban;San Gaban;;;;2.5;Genérica del gasto;Otros gastos;Recursos directamente recaudados;20000;No sectorizable (gasto por genérica);Localizada en Puno;Sí;;Sí;0
7;ANEXO-7-2-2;211;1443;Gobierno local;210309;MUNICIPALIDAD DISTRITAL DE SAN GABAN;Puno;;San Gaban;San Gaban;;;;2.6;Genérica del gasto;Adquisición de activos no financieros;Recursos directamente recaudados;500000;No sectorizable (gasto por genérica);Localizada en Puno;Sí;;Sí;0
7;ANEXO-7-2-2;211;1443;Gobierno local;210309;MUNICIPALIDAD DISTRITAL DE SAN GABAN;Puno;;San Gaban;San Gaban;;;;2.6;Genérica del gasto;Adquisición de activos no financieros;Recursos determinados;15436423;No sectorizable (gasto por genérica);Localizada en Puno;Sí;;Sí;0
7;ANEXO-7-2-2;211;1443;Gobierno local;210310;MUNICIPALIDAD DISTRITAL DE USICAYOS;Puno;;Usicayos;Usicayos;;;;2.1;Genérica del gasto;Personal y obligaciones sociales;Recursos determinados;597675;No sectorizable (gasto por genérica);Localizada en Puno;Sí;;Sí;0
7;ANEXO-7-2-2;211;1443;Gobierno local;210310;MUNICIPALIDAD DISTRITAL DE USICAYOS;Puno;;Usicayos;Usicayos;;;;2.2;Genérica del gasto;Pensiones y otras prestaciones sociales;Recursos ordinarios;130168;Previsión social;Localizada en Puno;Sí;;Sí;0
7;ANEXO-7-2-2;211;1443;Gobierno local;210310;MUNICIPALIDAD DISTRITAL DE USICAYOS;Puno;;Usicayos;Usicayos;;;;2.3;Genérica del gasto;Bienes y servicios;Recursos directamente recaudados;5820;No sectorizable (gasto por genérica);Localizada en Puno;Sí;;Sí;0
7;ANEXO-7-2-2;211;1443;Gobierno local;210310;MUNICIPALIDAD DISTRITAL DE USICAYOS;Puno;;Usicayos;Usicayos;;;;2.3;Genérica del gasto;Bienes y servicios;Recursos determinados;6528340;No sectorizable (gasto por genérica);Localizada en Puno;Sí;;Sí;0
7;ANEXO-7-2-2;211;1443;Gobierno local;210310;MUNICIPALIDAD DISTRITAL DE USICAYOS;Puno;;Usicayos;Usicayos;;;;2.4;Genérica del gasto;Donaciones y transferencias;Recursos determinados;50850;No sectorizable (gasto por genérica);Localizada en Puno;Sí;;Sí;0
7;ANEXO-7-2-2;211;1443;Gobierno local;210310;MUNICIPALIDAD DISTRITAL DE USICAYOS;Puno;;Usicayos;Usicayos;;;;2.5;Genérica del gasto;Otros gastos;Recursos directamente recaudados;42000;No sectorizable (gasto por genérica);Localizada en Puno;Sí;;Sí;0
7;ANEXO-7-2-2;211;1443;Gobierno local;210310;MUNICIPALIDAD DISTRITAL DE USICAYOS;Puno;;Usicayos;Usicayos;;;;2.6;Genérica del gasto;Adquisición de activos no financieros;Recursos determinados;10280906;No sectorizable (gasto por genérica);Localizada en Puno;Sí;;Sí;0
7;ANEXO-7-2-2;211;1443;Gobierno local;210401;MUNICIPALIDAD PROVINCIAL DE CHUCUITO -JULI;Puno;;Chucuito;Chucuito;;;;2.1;Genérica del gasto;Personal y obligaciones sociales;Recursos determinados;6869364;No sectorizable (gasto por genérica);Localizada en Puno;Sí;;No;20000
7;ANEXO-7-2-2;211;1443;Gobierno local;210401;MUNICIPALIDAD PROVINCIAL DE CHUCUITO -JULI;Puno;;Chucuito;Chucuito;;;;2.2;Genérica del gasto;Pensiones y otras prestaciones sociales;Recursos ordinarios;2383482;Previsión social;Localizada en Puno;Sí;;No;20000
7;ANEXO-7-2-2;211;1443;Gobierno local;210401;MUNICIPALIDAD PROVINCIAL DE CHUCUITO -JULI;Puno;;Chucuito;Chucuito;;;;2.2;Genérica del gasto;Pensiones y otras prestaciones sociales;Recursos determinados;36307;Previsión social;Localizada en Puno;Sí;;No;20000
7;ANEXO-7-2-2;211;1443;Gobierno local;210401;MUNICIPALIDAD PROVINCIAL DE CHUCUITO -JULI;Puno;;Chucuito;Chucuito;;;;2.3;Genérica del gasto;Bienes y servicios;Recursos ordinarios;1292734;No sectorizable (gasto por genérica);Localizada en Puno;Sí;;No;20000
7;ANEXO-7-2-2;211;1443;Gobierno local;210401;MUNICIPALIDAD PROVINCIAL DE CHUCUITO -JULI;Puno;;Chucuito;Chucuito;;;;2.3;Genérica del gasto;Bienes y servicios;Recursos directamente recaudados;378121;No sectorizable (gasto por genérica);Localizada en Puno;Sí;;No;20000
7;ANEXO-7-2-2;211;1443;Gobierno local;210401;MUNICIPALIDAD PROVINCIAL DE CHUCUITO -JULI;Puno;;Chucuito;Chucuito;;;;2.3;Genérica del gasto;Bienes y servicios;Recursos determinados;17345255;No sectorizable (gasto por genérica);Localizada en Puno;Sí;;No;20000
7;ANEXO-7-2-2;211;1443;Gobierno local;210401;MUNICIPALIDAD PROVINCIAL DE CHUCUITO -JULI;Puno;;Chucuito;Chucuito;;;;2.4;Genérica del gasto;Donaciones y transferencias;Recursos ordinarios;9928;No sectorizable (gasto por genérica);Localizada en Puno;Sí;;No;20000
7;ANEXO-7-2-2;211;1443;Gobierno local;210401;MUNICIPALIDAD PROVINCIAL DE CHUCUITO -JULI;Puno;;Chucuito;Chucuito;;;;2.4;Genérica del gasto;Donaciones y transferencias;Recursos directamente recaudados;13179;No sectorizable (gasto por genérica);Localizada en Puno;Sí;;No;20000
7;ANEXO-7-2-2;211;1443;Gobierno local;210401;MUNICIPALIDAD PROVINCIAL DE CHUCUITO -JULI;Puno;;Chucuito;Chucuito;;;;2.4;Genérica del gasto;Donaciones y transferencias;Recursos determinados;2776910;No sectorizable (gasto por genérica);Localizada en Puno;Sí;;No;20000
7;ANEXO-7-2-2;211;1443;Gobierno local;210401;MUNICIPALIDAD PROVINCIAL DE CHUCUITO -JULI;Puno;;Chucuito;Chucuito;;;;2.5;Genérica del gasto;Otros gastos;Recursos ordinarios;277495;No sectorizable (gasto por genérica);Localizada en Puno;Sí;;No;20000
7;ANEXO-7-2-2;211;1443;Gobierno local;210401;MUNICIPALIDAD PROVINCIAL DE CHUCUITO -JULI;Puno;;Chucuito;Chucuito;;;;2.5;Genérica del gasto;Otros gastos;Recursos determinados;148800;No sectorizable (gasto por genérica);Localizada en Puno;Sí;;No;20000
7;ANEXO-7-2-2;212;1444;Gobierno local;210401;MUNICIPALIDAD PROVINCIAL DE CHUCUITO -JULI;Puno;;Chucuito;Chucuito;;;;2.6;Genérica del gasto;Adquisición de activos no financieros;Recursos directamente recaudados;12000;No sectorizable (gasto por genérica);Localizada en Puno;Sí;;No;20000
7;ANEXO-7-2-2;212;1444;Gobierno local;210401;MUNICIPALIDAD PROVINCIAL DE CHUCUITO -JULI;Puno;;Chucuito;Chucuito;;;;2.6;Genérica del gasto;Adquisición de activos no financieros;Recursos determinados;22395108;No sectorizable (gasto por genérica);Localizada en Puno;Sí;;No;20000
7;ANEXO-7-2-2;212;1444;Gobierno local;210402;MUNICIPALIDAD DISTRITAL DE DESAGUADERO;Puno;;Desaguadero;Desaguadero;;;;2.1;Genérica del gasto;Personal y obligaciones sociales;Recursos directamente recaudados;129847;No sectorizable (gasto por genérica);Localizada en Puno;Sí;;Sí;0
7;ANEXO-7-2-2;212;1444;Gobierno local;210402;MUNICIPALIDAD DISTRITAL DE DESAGUADERO;Puno;;Desaguadero;Desaguadero;;;;2.1;Genérica del gasto;Personal y obligaciones sociales;Recursos determinados;1205238;No sectorizable (gasto por genérica);Localizada en Puno;Sí;;Sí;0
7;ANEXO-7-2-2;212;1444;Gobierno local;210402;MUNICIPALIDAD DISTRITAL DE DESAGUADERO;Puno;;Desaguadero;Desaguadero;;;;2.2;Genérica del gasto;Pensiones y otras prestaciones sociales;Recursos ordinarios;177606;Previsión social;Localizada en Puno;Sí;;Sí;0
7;ANEXO-7-2-2;212;1444;Gobierno local;210402;MUNICIPALIDAD DISTRITAL DE DESAGUADERO;Puno;;Desaguadero;Desaguadero;;;;2.3;Genérica del gasto;Bienes y servicios;Recursos ordinarios;35366;No sectorizable (gasto por genérica);Localizada en Puno;Sí;;Sí;0
7;ANEXO-7-2-2;212;1444;Gobierno local;210402;MUNICIPALIDAD DISTRITAL DE DESAGUADERO;Puno;;Desaguadero;Desaguadero;;;;2.3;Genérica del gasto;Bienes y servicios;Recursos directamente recaudados;254668;No sectorizable (gasto por genérica);Localizada en Puno;Sí;;Sí;0
7;ANEXO-7-2-2;212;1444;Gobierno local;210402;MUNICIPALIDAD DISTRITAL DE DESAGUADERO;Puno;;Desaguadero;Desaguadero;;;;2.3;Genérica del gasto;Bienes y servicios;Recursos determinados;4451362;No sectorizable (gasto por genérica);Localizada en Puno;Sí;;Sí;0
7;ANEXO-7-2-2;212;1444;Gobierno local;210402;MUNICIPALIDAD DISTRITAL DE DESAGUADERO;Puno;;Desaguadero;Desaguadero;;;;2.4;Genérica del gasto;Donaciones y transferencias;Recursos determinados;235440;No sectorizable (gasto por genérica);Localizada en Puno;Sí;;Sí;0
7;ANEXO-7-2-2;212;1444;Gobierno local;210402;MUNICIPALIDAD DISTRITAL DE DESAGUADERO;Puno;;Desaguadero;Desaguadero;;;;2.6;Genérica del gasto;Adquisición de activos no financieros;Recursos determinados;7904176;No sectorizable (gasto por genérica);Localizada en Puno;Sí;;Sí;0
7;ANEXO-7-2-2;212;1444;Gobierno local;210403;MUNICIPALIDAD DISTRITAL DE HUACULLANI;Puno;;Huacullani;Huacullani;;;;2.1;Genérica del gasto;Personal y obligaciones sociales;Recursos determinados;559456;No sectorizable (gasto por genérica);Localizada en Puno;Sí;;Sí;0
7;ANEXO-7-2-2;212;1444;Gobierno local;210403;MUNICIPALIDAD DISTRITAL DE HUACULLANI;Puno;;Huacullani;Huacullani;;;;2.2;Genérica del gasto;Pensiones y otras prestaciones sociales;Recursos ordinarios;129331;Previsión social;Localizada en Puno;Sí;;Sí;0
7;ANEXO-7-2-2;212;1444;Gobierno local;210403;MUNICIPALIDAD DISTRITAL DE HUACULLANI;Puno;;Huacullani;Huacullani;;;;2.3;Genérica del gasto;Bienes y servicios;Recursos directamente recaudados;70000;No sectorizable (gasto por genérica);Localizada en Puno;Sí;;Sí;0
7;ANEXO-7-2-2;212;1444;Gobierno local;210403;MUNICIPALIDAD DISTRITAL DE HUACULLANI;Puno;;Huacullani;Huacullani;;;;2.3;Genérica del gasto;Bienes y servicios;Recursos determinados;2947781;No sectorizable (gasto por genérica);Localizada en Puno;Sí;;Sí;0
7;ANEXO-7-2-2;212;1444;Gobierno local;210403;MUNICIPALIDAD DISTRITAL DE HUACULLANI;Puno;;Huacullani;Huacullani;;;;2.4;Genérica del gasto;Donaciones y transferencias;Recursos determinados;418524;No sectorizable (gasto por genérica);Localizada en Puno;Sí;;Sí;0
7;ANEXO-7-2-2;212;1444;Gobierno local;210403;MUNICIPALIDAD DISTRITAL DE HUACULLANI;Puno;;Huacullani;Huacullani;;;;2.5;Genérica del gasto;Otros gastos;Recursos determinados;1000;No sectorizable (gasto por genérica);Localizada en Puno;Sí;;Sí;0
7;ANEXO-7-2-2;212;1444;Gobierno local;210403;MUNICIPALIDAD DISTRITAL DE HUACULLANI;Puno;;Huacullani;Huacullani;;;;2.6;Genérica del gasto;Adquisición de activos no financieros;Recursos determinados;7550470;No sectorizable (gasto por genérica);Localizada en Puno;Sí;;Sí;0
7;ANEXO-7-2-2;212;1444;Gobierno local;210404;MUNICIPALIDAD DISTRITAL DE KELLUYO;Puno;;Kelluyo;Kelluyo;;;;2.1;Genérica del gasto;Personal y obligaciones sociales;Recursos determinados;979964;No sectorizable (gasto por genérica);Localizada en Puno;Sí;;Sí;0
7;ANEXO-7-2-2;212;1444;Gobierno local;210404;MUNICIPALIDAD DISTRITAL DE KELLUYO;Puno;;Kelluyo;Kelluyo;;;;2.2;Genérica del gasto;Pensiones y otras prestaciones sociales;Recursos ordinarios;138366;Previsión social;Localizada en Puno;Sí;;Sí;0
7;ANEXO-7-2-2;212;1444;Gobierno local;210404;MUNICIPALIDAD DISTRITAL DE KELLUYO;Puno;;Kelluyo;Kelluyo;;;;2.2;Genérica del gasto;Pensiones y otras prestaciones sociales;Recursos determinados;20000;Previsión social;Localizada en Puno;Sí;;Sí;0
7;ANEXO-7-2-2;212;1444;Gobierno local;210404;MUNICIPALIDAD DISTRITAL DE KELLUYO;Puno;;Kelluyo;Kelluyo;;;;2.3;Genérica del gasto;Bienes y servicios;Recursos directamente recaudados;9800;No sectorizable (gasto por genérica);Localizada en Puno;Sí;;Sí;0
7;ANEXO-7-2-2;212;1444;Gobierno local;210404;MUNICIPALIDAD DISTRITAL DE KELLUYO;Puno;;Kelluyo;Kelluyo;;;;2.3;Genérica del gasto;Bienes y servicios;Recursos determinados;2861059;No sectorizable (gasto por genérica);Localizada en Puno;Sí;;Sí;0
7;ANEXO-7-2-2;212;1444;Gobierno local;210404;MUNICIPALIDAD DISTRITAL DE KELLUYO;Puno;;Kelluyo;Kelluyo;;;;2.4;Genérica del gasto;Donaciones y transferencias;Recursos determinados;389700;No sectorizable (gasto por genérica);Localizada en Puno;Sí;;Sí;0
7;ANEXO-7-2-2;212;1444;Gobierno local;210404;MUNICIPALIDAD DISTRITAL DE KELLUYO;Puno;;Kelluyo;Kelluyo;;;;2.6;Genérica del gasto;Adquisición de activos no financieros;Recursos determinados;4615492;No sectorizable (gasto por genérica);Localizada en Puno;Sí;;Sí;0
7;ANEXO-7-2-2;212;1444;Gobierno local;210405;MUNICIPALIDAD DISTRITAL DE PISACOMA;Puno;;Pisacoma;Pisacoma;;;;2.1;Genérica del gasto;Personal y obligaciones sociales;Recursos determinados;943799;No sectorizable (gasto por genérica);Localizada en Puno;Sí;;Sí;0
7;ANEXO-7-2-2;212;1444;Gobierno local;210405;MUNICIPALIDAD DISTRITAL DE PISACOMA;Puno;;Pisacoma;Pisacoma;;;;2.2;Genérica del gasto;Pensiones y otras prestaciones sociales;Recursos ordinarios;198079;Previsión social;Localizada en Puno;Sí;;Sí;0
7;ANEXO-7-2-2;213;1445;Gobierno local;210405;MUNICIPALIDAD DISTRITAL DE PISACOMA;Puno;;Pisacoma;Pisacoma;;;;2.3;Genérica del gasto;Bienes y servicios;Recursos directamente recaudados;102200;No sectorizable (gasto por genérica);Localizada en Puno;Sí;;Sí;0
7;ANEXO-7-2-2;213;1445;Gobierno local;210405;MUNICIPALIDAD DISTRITAL DE PISACOMA;Puno;;Pisacoma;Pisacoma;;;;2.3;Genérica del gasto;Bienes y servicios;Recursos determinados;4359372;No sectorizable (gasto por genérica);Localizada en Puno;Sí;;Sí;0
7;ANEXO-7-2-2;213;1445;Gobierno local;210405;MUNICIPALIDAD DISTRITAL DE PISACOMA;Puno;;Pisacoma;Pisacoma;;;;2.4;Genérica del gasto;Donaciones y transferencias;Recursos determinados;49500;No sectorizable (gasto por genérica);Localizada en Puno;Sí;;Sí;0
7;ANEXO-7-2-2;213;1445;Gobierno local;210405;MUNICIPALIDAD DISTRITAL DE PISACOMA;Puno;;Pisacoma;Pisacoma;;;;2.5;Genérica del gasto;Otros gastos;Recursos directamente recaudados;1000;No sectorizable (gasto por genérica);Localizada en Puno;Sí;;Sí;0
7;ANEXO-7-2-2;213;1445;Gobierno local;210405;MUNICIPALIDAD DISTRITAL DE PISACOMA;Puno;;Pisacoma;Pisacoma;;;;2.6;Genérica del gasto;Adquisición de activos no financieros;Recursos determinados;8588092;No sectorizable (gasto por genérica);Localizada en Puno;Sí;;Sí;0
7;ANEXO-7-2-2;213;1445;Gobierno local;210406;MUNICIPALIDAD DISTRITAL DE POMATA;Puno;;Pomata;Pomata;;;;2.1;Genérica del gasto;Personal y obligaciones sociales;Recursos directamente recaudados;34796;No sectorizable (gasto por genérica);Localizada en Puno;Sí;;Sí;0
7;ANEXO-7-2-2;213;1445;Gobierno local;210406;MUNICIPALIDAD DISTRITAL DE POMATA;Puno;;Pomata;Pomata;;;;2.1;Genérica del gasto;Personal y obligaciones sociales;Recursos determinados;1382799;No sectorizable (gasto por genérica);Localizada en Puno;Sí;;Sí;0
7;ANEXO-7-2-2;213;1445;Gobierno local;210406;MUNICIPALIDAD DISTRITAL DE POMATA;Puno;;Pomata;Pomata;;;;2.2;Genérica del gasto;Pensiones y otras prestaciones sociales;Recursos ordinarios;401225;Previsión social;Localizada en Puno;Sí;;Sí;0
7;ANEXO-7-2-2;213;1445;Gobierno local;210406;MUNICIPALIDAD DISTRITAL DE POMATA;Puno;;Pomata;Pomata;;;;2.2;Genérica del gasto;Pensiones y otras prestaciones sociales;Recursos determinados;5000;Previsión social;Localizada en Puno;Sí;;Sí;0
7;ANEXO-7-2-2;213;1445;Gobierno local;210406;MUNICIPALIDAD DISTRITAL DE POMATA;Puno;;Pomata;Pomata;;;;2.3;Genérica del gasto;Bienes y servicios;Recursos directamente recaudados;58532;No sectorizable (gasto por genérica);Localizada en Puno;Sí;;Sí;0
7;ANEXO-7-2-2;213;1445;Gobierno local;210406;MUNICIPALIDAD DISTRITAL DE POMATA;Puno;;Pomata;Pomata;;;;2.3;Genérica del gasto;Bienes y servicios;Recursos determinados;4498448;No sectorizable (gasto por genérica);Localizada en Puno;Sí;;Sí;0
7;ANEXO-7-2-2;213;1445;Gobierno local;210406;MUNICIPALIDAD DISTRITAL DE POMATA;Puno;;Pomata;Pomata;;;;2.4;Genérica del gasto;Donaciones y transferencias;Recursos determinados;607500;No sectorizable (gasto por genérica);Localizada en Puno;Sí;;Sí;0
7;ANEXO-7-2-2;213;1445;Gobierno local;210406;MUNICIPALIDAD DISTRITAL DE POMATA;Puno;;Pomata;Pomata;;;;2.5;Genérica del gasto;Otros gastos;Recursos determinados;61864;No sectorizable (gasto por genérica);Localizada en Puno;Sí;;Sí;0
7;ANEXO-7-2-2;213;1445;Gobierno local;210406;MUNICIPALIDAD DISTRITAL DE POMATA;Puno;;Pomata;Pomata;;;;2.6;Genérica del gasto;Adquisición de activos no financieros;Recursos determinados;10481200;No sectorizable (gasto por genérica);Localizada en Puno;Sí;;Sí;0
7;ANEXO-7-2-2;213;1445;Gobierno local;210407;MUNICIPALIDAD DISTRITAL DE ZEPITA;Puno;;Zepita;Zepita;;;;2.1;Genérica del gasto;Personal y obligaciones sociales;Recursos determinados;1281226;No sectorizable (gasto por genérica);Localizada en Puno;Sí;;Sí;0
7;ANEXO-7-2-2;213;1445;Gobierno local;210407;MUNICIPALIDAD DISTRITAL DE ZEPITA;Puno;;Zepita;Zepita;;;;2.2;Genérica del gasto;Pensiones y otras prestaciones sociales;Recursos ordinarios;395857;Previsión social;Localizada en Puno;Sí;;Sí;0
7;ANEXO-7-2-2;213;1445;Gobierno local;210407;MUNICIPALIDAD DISTRITAL DE ZEPITA;Puno;;Zepita;Zepita;;;;2.3;Genérica del gasto;Bienes y servicios;Recursos directamente recaudados;54992;No sectorizable (gasto por genérica);Localizada en Puno;Sí;;Sí;0
7;ANEXO-7-2-2;213;1445;Gobierno local;210407;MUNICIPALIDAD DISTRITAL DE ZEPITA;Puno;;Zepita;Zepita;;;;2.3;Genérica del gasto;Bienes y servicios;Recursos determinados;6736610;No sectorizable (gasto por genérica);Localizada en Puno;Sí;;Sí;0
7;ANEXO-7-2-2;213;1445;Gobierno local;210407;MUNICIPALIDAD DISTRITAL DE ZEPITA;Puno;;Zepita;Zepita;;;;2.4;Genérica del gasto;Donaciones y transferencias;Recursos determinados;1216860;No sectorizable (gasto por genérica);Localizada en Puno;Sí;;Sí;0
7;ANEXO-7-2-2;213;1445;Gobierno local;210407;MUNICIPALIDAD DISTRITAL DE ZEPITA;Puno;;Zepita;Zepita;;;;2.5;Genérica del gasto;Otros gastos;Recursos determinados;65000;No sectorizable (gasto por genérica);Localizada en Puno;Sí;;Sí;0
7;ANEXO-7-2-2;213;1445;Gobierno local;210407;MUNICIPALIDAD DISTRITAL DE ZEPITA;Puno;;Zepita;Zepita;;;;2.6;Genérica del gasto;Adquisición de activos no financieros;Recursos determinados;16790613;No sectorizable (gasto por genérica);Localizada en Puno;Sí;;Sí;0
7;ANEXO-7-2-2;213;1445;Gobierno local;210501;MUNICIPALIDAD PROVINCIAL DE EL COLLAO -ILAVE;Puno;;El Collao;El Collao;;;;2.1;Genérica del gasto;Personal y obligaciones sociales;Recursos directamente recaudados;1105963;No sectorizable (gasto por genérica);Localizada en Puno;Sí;;Sí;0
7;ANEXO-7-2-2;213;1445;Gobierno local;210501;MUNICIPALIDAD PROVINCIAL DE EL COLLAO -ILAVE;Puno;;El Collao;El Collao;;;;2.1;Genérica del gasto;Personal y obligaciones sociales;Recursos determinados;8346797;No sectorizable (gasto por genérica);Localizada en Puno;Sí;;Sí;0
7;ANEXO-7-2-2;213;1445;Gobierno local;210501;MUNICIPALIDAD PROVINCIAL DE EL COLLAO -ILAVE;Puno;;El Collao;El Collao;;;;2.2;Genérica del gasto;Pensiones y otras prestaciones sociales;Recursos ordinarios;2214643;Previsión social;Localizada en Puno;Sí;;Sí;0
7;ANEXO-7-2-2;213;1445;Gobierno local;210501;MUNICIPALIDAD PROVINCIAL DE EL COLLAO -ILAVE;Puno;;El Collao;El Collao;;;;2.2;Genérica del gasto;Pensiones y otras prestaciones sociales;Recursos directamente recaudados;10000;Previsión social;Localizada en Puno;Sí;;Sí;0
7;ANEXO-7-2-2;213;1445;Gobierno local;210501;MUNICIPALIDAD PROVINCIAL DE EL COLLAO -ILAVE;Puno;;El Collao;El Collao;;;;2.2;Genérica del gasto;Pensiones y otras prestaciones sociales;Recursos determinados;127715;Previsión social;Localizada en Puno;Sí;;Sí;0
7;ANEXO-7-2-2;213;1445;Gobierno local;210501;MUNICIPALIDAD PROVINCIAL DE EL COLLAO -ILAVE;Puno;;El Collao;El Collao;;;;2.3;Genérica del gasto;Bienes y servicios;Recursos ordinarios;903338;No sectorizable (gasto por genérica);Localizada en Puno;Sí;;Sí;0
7;ANEXO-7-2-2;213;1445;Gobierno local;210501;MUNICIPALIDAD PROVINCIAL DE EL COLLAO -ILAVE;Puno;;El Collao;El Collao;;;;2.3;Genérica del gasto;Bienes y servicios;Recursos directamente recaudados;2898242;No sectorizable (gasto por genérica);Localizada en Puno;Sí;;Sí;0
7;ANEXO-7-2-2;213;1445;Gobierno local;210501;MUNICIPALIDAD PROVINCIAL DE EL COLLAO -ILAVE;Puno;;El Collao;El Collao;;;;2.3;Genérica del gasto;Bienes y servicios;Recursos determinados;15793249;No sectorizable (gasto por genérica);Localizada en Puno;Sí;;Sí;0
7;ANEXO-7-2-2;213;1445;Gobierno local;210501;MUNICIPALIDAD PROVINCIAL DE EL COLLAO -ILAVE;Puno;;El Collao;El Collao;;;;2.4;Genérica del gasto;Donaciones y transferencias;Recursos determinados;4157400;No sectorizable (gasto por genérica);Localizada en Puno;Sí;;Sí;0
7;ANEXO-7-2-2;214;1446;Gobierno local;210501;MUNICIPALIDAD PROVINCIAL DE EL COLLAO -ILAVE;Puno;;El Collao;El Collao;;;;2.5;Genérica del gasto;Otros gastos;Recursos ordinarios;180699;No sectorizable (gasto por genérica);Localizada en Puno;Sí;;Sí;0
7;ANEXO-7-2-2;214;1446;Gobierno local;210501;MUNICIPALIDAD PROVINCIAL DE EL COLLAO -ILAVE;Puno;;El Collao;El Collao;;;;2.5;Genérica del gasto;Otros gastos;Recursos directamente recaudados;8000;No sectorizable (gasto por genérica);Localizada en Puno;Sí;;Sí;0
7;ANEXO-7-2-2;214;1446;Gobierno local;210501;MUNICIPALIDAD PROVINCIAL DE EL COLLAO -ILAVE;Puno;;El Collao;El Collao;;;;2.5;Genérica del gasto;Otros gastos;Recursos determinados;25000;No sectorizable (gasto por genérica);Localizada en Puno;Sí;;Sí;0
7;ANEXO-7-2-2;214;1446;Gobierno local;210501;MUNICIPALIDAD PROVINCIAL DE EL COLLAO -ILAVE;Puno;;El Collao;El Collao;;;;2.6;Genérica del gasto;Adquisición de activos no financieros;Recursos determinados;33477218;No sectorizable (gasto por genérica);Localizada en Puno;Sí;;Sí;0
7;ANEXO-7-2-2;214;1446;Gobierno local;210502;MUNICIPALIDAD DISTRITAL DE CAPASO;Puno;;Capaso;Capaso;;;;2.1;Genérica del gasto;Personal y obligaciones sociales;Recursos determinados;540004;No sectorizable (gasto por genérica);Localizada en Puno;Sí;;Sí;0
7;ANEXO-7-2-2;214;1446;Gobierno local;210502;MUNICIPALIDAD DISTRITAL DE CAPASO;Puno;;Capaso;Capaso;;;;2.2;Genérica del gasto;Pensiones y otras prestaciones sociales;Recursos ordinarios;25414;Previsión social;Localizada en Puno;Sí;;Sí;0
7;ANEXO-7-2-2;214;1446;Gobierno local;210502;MUNICIPALIDAD DISTRITAL DE CAPASO;Puno;;Capaso;Capaso;;;;2.2;Genérica del gasto;Pensiones y otras prestaciones sociales;Recursos determinados;9000;Previsión social;Localizada en Puno;Sí;;Sí;0
7;ANEXO-7-2-2;214;1446;Gobierno local;210502;MUNICIPALIDAD DISTRITAL DE CAPASO;Puno;;Capaso;Capaso;;;;2.3;Genérica del gasto;Bienes y servicios;Recursos directamente recaudados;31250;No sectorizable (gasto por genérica);Localizada en Puno;Sí;;Sí;0
7;ANEXO-7-2-2;214;1446;Gobierno local;210502;MUNICIPALIDAD DISTRITAL DE CAPASO;Puno;;Capaso;Capaso;;;;2.3;Genérica del gasto;Bienes y servicios;Recursos determinados;689507;No sectorizable (gasto por genérica);Localizada en Puno;Sí;;Sí;0
7;ANEXO-7-2-2;214;1446;Gobierno local;210502;MUNICIPALIDAD DISTRITAL DE CAPASO;Puno;;Capaso;Capaso;;;;2.4;Genérica del gasto;Donaciones y transferencias;Recursos determinados;103140;No sectorizable (gasto por genérica);Localizada en Puno;Sí;;Sí;0
7;ANEXO-7-2-2;214;1446;Gobierno local;210502;MUNICIPALIDAD DISTRITAL DE CAPASO;Puno;;Capaso;Capaso;;;;2.5;Genérica del gasto;Otros gastos;Recursos determinados;5000;No sectorizable (gasto por genérica);Localizada en Puno;Sí;;Sí;0
7;ANEXO-7-2-2;214;1446;Gobierno local;210502;MUNICIPALIDAD DISTRITAL DE CAPASO;Puno;;Capaso;Capaso;;;;2.6;Genérica del gasto;Adquisición de activos no financieros;Recursos determinados;1110344;No sectorizable (gasto por genérica);Localizada en Puno;Sí;;Sí;0
7;ANEXO-7-2-2;214;1446;Gobierno local;210503;MUNICIPALIDAD DISTRITAL DE PILCUYO;Puno;;Pilcuyo;Pilcuyo;;;;2.1;Genérica del gasto;Personal y obligaciones sociales;Recursos determinados;715238;No sectorizable (gasto por genérica);Localizada en Puno;Sí;;Sí;0
7;ANEXO-7-2-2;214;1446;Gobierno local;210503;MUNICIPALIDAD DISTRITAL DE PILCUYO;Puno;;Pilcuyo;Pilcuyo;;;;2.2;Genérica del gasto;Pensiones y otras prestaciones sociales;Recursos ordinarios;261841;Previsión social;Localizada en Puno;Sí;;Sí;0
7;ANEXO-7-2-2;214;1446;Gobierno local;210503;MUNICIPALIDAD DISTRITAL DE PILCUYO;Puno;;Pilcuyo;Pilcuyo;;;;2.2;Genérica del gasto;Pensiones y otras prestaciones sociales;Recursos determinados;62100;Previsión social;Localizada en Puno;Sí;;Sí;0
7;ANEXO-7-2-2;214;1446;Gobierno local;210503;MUNICIPALIDAD DISTRITAL DE PILCUYO;Puno;;Pilcuyo;Pilcuyo;;;;2.3;Genérica del gasto;Bienes y servicios;Recursos directamente recaudados;23050;No sectorizable (gasto por genérica);Localizada en Puno;Sí;;Sí;0
7;ANEXO-7-2-2;214;1446;Gobierno local;210503;MUNICIPALIDAD DISTRITAL DE PILCUYO;Puno;;Pilcuyo;Pilcuyo;;;;2.3;Genérica del gasto;Bienes y servicios;Recursos determinados;3016069;No sectorizable (gasto por genérica);Localizada en Puno;Sí;;Sí;0
7;ANEXO-7-2-2;214;1446;Gobierno local;210503;MUNICIPALIDAD DISTRITAL DE PILCUYO;Puno;;Pilcuyo;Pilcuyo;;;;2.4;Genérica del gasto;Donaciones y transferencias;Recursos determinados;489600;No sectorizable (gasto por genérica);Localizada en Puno;Sí;;Sí;0
7;ANEXO-7-2-2;214;1446;Gobierno local;210503;MUNICIPALIDAD DISTRITAL DE PILCUYO;Puno;;Pilcuyo;Pilcuyo;;;;2.5;Genérica del gasto;Otros gastos;Recursos determinados;115311;No sectorizable (gasto por genérica);Localizada en Puno;Sí;;Sí;0
7;ANEXO-7-2-2;214;1446;Gobierno local;210503;MUNICIPALIDAD DISTRITAL DE PILCUYO;Puno;;Pilcuyo;Pilcuyo;;;;2.6;Genérica del gasto;Adquisición de activos no financieros;Recursos determinados;7974118;No sectorizable (gasto por genérica);Localizada en Puno;Sí;;Sí;0
7;ANEXO-7-2-2;214;1446;Gobierno local;210504;MUNICIPALIDAD DISTRITAL DE SANTA ROSA;Puno;;Santa Rosa;Santa Rosa;;;;2.1;Genérica del gasto;Personal y obligaciones sociales;Recursos determinados;773028;No sectorizable (gasto por genérica);Localizada en Puno;Sí;;Sí;0
7;ANEXO-7-2-2;214;1446;Gobierno local;210504;MUNICIPALIDAD DISTRITAL DE SANTA ROSA;Puno;;Santa Rosa;Santa Rosa;;;;2.2;Genérica del gasto;Pensiones y otras prestaciones sociales;Recursos ordinarios;140362;Previsión social;Localizada en Puno;Sí;;Sí;0
7;ANEXO-7-2-2;214;1446;Gobierno local;210504;MUNICIPALIDAD DISTRITAL DE SANTA ROSA;Puno;;Santa Rosa;Santa Rosa;;;;2.2;Genérica del gasto;Pensiones y otras prestaciones sociales;Recursos determinados;35000;Previsión social;Localizada en Puno;Sí;;Sí;0
7;ANEXO-7-2-2;214;1446;Gobierno local;210504;MUNICIPALIDAD DISTRITAL DE SANTA ROSA;Puno;;Santa Rosa;Santa Rosa;;;;2.3;Genérica del gasto;Bienes y servicios;Recursos directamente recaudados;44370;No sectorizable (gasto por genérica);Localizada en Puno;Sí;;Sí;0
7;ANEXO-7-2-2;214;1446;Gobierno local;210504;MUNICIPALIDAD DISTRITAL DE SANTA ROSA;Puno;;Santa Rosa;Santa Rosa;;;;2.3;Genérica del gasto;Bienes y servicios;Recursos determinados;1241985;No sectorizable (gasto por genérica);Localizada en Puno;Sí;;Sí;0
7;ANEXO-7-2-2;214;1446;Gobierno local;210504;MUNICIPALIDAD DISTRITAL DE SANTA ROSA;Puno;;Santa Rosa;Santa Rosa;;;;2.4;Genérica del gasto;Donaciones y transferencias;Recursos determinados;157296;No sectorizable (gasto por genérica);Localizada en Puno;Sí;;Sí;0
7;ANEXO-7-2-2;214;1446;Gobierno local;210504;MUNICIPALIDAD DISTRITAL DE SANTA ROSA;Puno;;Santa Rosa;Santa Rosa;;;;2.5;Genérica del gasto;Otros gastos;Recursos determinados;5000;No sectorizable (gasto por genérica);Localizada en Puno;Sí;;Sí;0
7;ANEXO-7-2-2;214;1446;Gobierno local;210504;MUNICIPALIDAD DISTRITAL DE SANTA ROSA;Puno;;Santa Rosa;Santa Rosa;;;;2.6;Genérica del gasto;Adquisición de activos no financieros;Recursos determinados;2849979;No sectorizable (gasto por genérica);Localizada en Puno;Sí;;Sí;0
7;ANEXO-7-2-2;215;1447;Gobierno local;210505;MUNICIPALIDAD DISTRITAL DE CONDURIRI;Puno;;Conduriri;Conduriri;;;;2.1;Genérica del gasto;Personal y obligaciones sociales;Recursos determinados;96836;No sectorizable (gasto por genérica);Localizada en Puno;Sí;;Sí;0
7;ANEXO-7-2-2;215;1447;Gobierno local;210505;MUNICIPALIDAD DISTRITAL DE CONDURIRI;Puno;;Conduriri;Conduriri;;;;2.2;Genérica del gasto;Pensiones y otras prestaciones sociales;Recursos ordinarios;115389;Previsión social;Localizada en Puno;Sí;;Sí;0
7;ANEXO-7-2-2;215;1447;Gobierno local;210505;MUNICIPALIDAD DISTRITAL DE CONDURIRI;Puno;;Conduriri;Conduriri;;;;2.3;Genérica del gasto;Bienes y servicios;Recursos directamente recaudados;67200;No sectorizable (gasto por genérica);Localizada en Puno;Sí;;Sí;0
7;ANEXO-7-2-2;215;1447;Gobierno local;210505;MUNICIPALIDAD DISTRITAL DE CONDURIRI;Puno;;Conduriri;Conduriri;;;;2.3;Genérica del gasto;Bienes y servicios;Recursos determinados;2238068;No sectorizable (gasto por genérica);Localizada en Puno;Sí;;Sí;0
7;ANEXO-7-2-2;215;1447;Gobierno local;210505;MUNICIPALIDAD DISTRITAL DE CONDURIRI;Puno;;Conduriri;Conduriri;;;;2.4;Genérica del gasto;Donaciones y transferencias;Recursos determinados;95520;No sectorizable (gasto por genérica);Localizada en Puno;Sí;;Sí;0
7;ANEXO-7-2-2;215;1447;Gobierno local;210505;MUNICIPALIDAD DISTRITAL DE CONDURIRI;Puno;;Conduriri;Conduriri;;;;2.6;Genérica del gasto;Adquisición de activos no financieros;Recursos determinados;1260810;No sectorizable (gasto por genérica);Localizada en Puno;Sí;;Sí;0
7;ANEXO-7-2-2;215;1447;Gobierno local;210601;MUNICIPALIDAD PROVINCIAL DE HUANCANE;Puno;;Huancane;Huancane;;;;2.1;Genérica del gasto;Personal y obligaciones sociales;Recursos determinados;2642963;No sectorizable (gasto por genérica);Localizada en Puno;Sí;;Sí;0
7;ANEXO-7-2-2;215;1447;Gobierno local;210601;MUNICIPALIDAD PROVINCIAL DE HUANCANE;Puno;;Huancane;Huancane;;;;2.2;Genérica del gasto;Pensiones y otras prestaciones sociales;Recursos ordinarios;1235153;Previsión social;Localizada en Puno;Sí;;Sí;0
7;ANEXO-7-2-2;215;1447;Gobierno local;210601;MUNICIPALIDAD PROVINCIAL DE HUANCANE;Puno;;Huancane;Huancane;;;;2.2;Genérica del gasto;Pensiones y otras prestaciones sociales;Recursos determinados;97538;Previsión social;Localizada en Puno;Sí;;Sí;0
7;ANEXO-7-2-2;215;1447;Gobierno local;210601;MUNICIPALIDAD PROVINCIAL DE HUANCANE;Puno;;Huancane;Huancane;;;;2.3;Genérica del gasto;Bienes y servicios;Recursos ordinarios;416835;No sectorizable (gasto por genérica);Localizada en Puno;Sí;;Sí;0
7;ANEXO-7-2-2;215;1447;Gobierno local;210601;MUNICIPALIDAD PROVINCIAL DE HUANCANE;Puno;;Huancane;Huancane;;;;2.3;Genérica del gasto;Bienes y servicios;Recursos directamente recaudados;213344;No sectorizable (gasto por genérica);Localizada en Puno;Sí;;Sí;0
7;ANEXO-7-2-2;215;1447;Gobierno local;210601;MUNICIPALIDAD PROVINCIAL DE HUANCANE;Puno;;Huancane;Huancane;;;;2.3;Genérica del gasto;Bienes y servicios;Recursos determinados;6307248;No sectorizable (gasto por genérica);Localizada en Puno;Sí;;Sí;0
7;ANEXO-7-2-2;215;1447;Gobierno local;210601;MUNICIPALIDAD PROVINCIAL DE HUANCANE;Puno;;Huancane;Huancane;;;;2.4;Genérica del gasto;Donaciones y transferencias;Recursos ordinarios;23496;No sectorizable (gasto por genérica);Localizada en Puno;Sí;;Sí;0
7;ANEXO-7-2-2;215;1447;Gobierno local;210601;MUNICIPALIDAD PROVINCIAL DE HUANCANE;Puno;;Huancane;Huancane;;;;2.4;Genérica del gasto;Donaciones y transferencias;Recursos determinados;2354372;No sectorizable (gasto por genérica);Localizada en Puno;Sí;;Sí;0
7;ANEXO-7-2-2;215;1447;Gobierno local;210601;MUNICIPALIDAD PROVINCIAL DE HUANCANE;Puno;;Huancane;Huancane;;;;2.5;Genérica del gasto;Otros gastos;Recursos ordinarios;74120;No sectorizable (gasto por genérica);Localizada en Puno;Sí;;Sí;0
7;ANEXO-7-2-2;215;1447;Gobierno local;210601;MUNICIPALIDAD PROVINCIAL DE HUANCANE;Puno;;Huancane;Huancane;;;;2.5;Genérica del gasto;Otros gastos;Recursos directamente recaudados;61200;No sectorizable (gasto por genérica);Localizada en Puno;Sí;;Sí;0
7;ANEXO-7-2-2;215;1447;Gobierno local;210601;MUNICIPALIDAD PROVINCIAL DE HUANCANE;Puno;;Huancane;Huancane;;;;2.5;Genérica del gasto;Otros gastos;Recursos determinados;74272;No sectorizable (gasto por genérica);Localizada en Puno;Sí;;Sí;0
7;ANEXO-7-2-2;215;1447;Gobierno local;210601;MUNICIPALIDAD PROVINCIAL DE HUANCANE;Puno;;Huancane;Huancane;;;;2.6;Genérica del gasto;Adquisición de activos no financieros;Recursos directamente recaudados;21800;No sectorizable (gasto por genérica);Localizada en Puno;Sí;;Sí;0
7;ANEXO-7-2-2;215;1447;Gobierno local;210601;MUNICIPALIDAD PROVINCIAL DE HUANCANE;Puno;;Huancane;Huancane;;;;2.6;Genérica del gasto;Adquisición de activos no financieros;Recursos determinados;16884663;No sectorizable (gasto por genérica);Localizada en Puno;Sí;;Sí;0
7;ANEXO-7-2-2;215;1447;Gobierno local;210601;MUNICIPALIDAD PROVINCIAL DE HUANCANE;Puno;;Huancane;Huancane;;;;2.8;Genérica del gasto;Servicio de la deuda pública;Recursos determinados;400000;Deuda pública;Localizada en Puno;Sí;;Sí;0
7;ANEXO-7-2-2;215;1447;Gobierno local;210602;MUNICIPALIDAD DISTRITAL DE COJATA;Puno;;Cojata;Cojata;;;;2.1;Genérica del gasto;Personal y obligaciones sociales;Recursos determinados;396062;No sectorizable (gasto por genérica);Localizada en Puno;Sí;;Sí;0
7;ANEXO-7-2-2;215;1447;Gobierno local;210602;MUNICIPALIDAD DISTRITAL DE COJATA;Puno;;Cojata;Cojata;;;;2.2;Genérica del gasto;Pensiones y otras prestaciones sociales;Recursos ordinarios;138700;Previsión social;Localizada en Puno;Sí;;Sí;0
7;ANEXO-7-2-2;215;1447;Gobierno local;210602;MUNICIPALIDAD DISTRITAL DE COJATA;Puno;;Cojata;Cojata;;;;2.3;Genérica del gasto;Bienes y servicios;Recursos directamente recaudados;10000;No sectorizable (gasto por genérica);Localizada en Puno;Sí;;Sí;0
7;ANEXO-7-2-2;215;1447;Gobierno local;210602;MUNICIPALIDAD DISTRITAL DE COJATA;Puno;;Cojata;Cojata;;;;2.3;Genérica del gasto;Bienes y servicios;Recursos determinados;1268762;No sectorizable (gasto por genérica);Localizada en Puno;Sí;;Sí;0
7;ANEXO-7-2-2;215;1447;Gobierno local;210602;MUNICIPALIDAD DISTRITAL DE COJATA;Puno;;Cojata;Cojata;;;;2.4;Genérica del gasto;Donaciones y transferencias;Recursos determinados;50000;No sectorizable (gasto por genérica);Localizada en Puno;Sí;;Sí;0
7;ANEXO-7-2-2;215;1447;Gobierno local;210602;MUNICIPALIDAD DISTRITAL DE COJATA;Puno;;Cojata;Cojata;;;;2.5;Genérica del gasto;Otros gastos;Recursos determinados;5000;No sectorizable (gasto por genérica);Localizada en Puno;Sí;;Sí;0
7;ANEXO-7-2-2;215;1447;Gobierno local;210602;MUNICIPALIDAD DISTRITAL DE COJATA;Puno;;Cojata;Cojata;;;;2.6;Genérica del gasto;Adquisición de activos no financieros;Recursos determinados;3088090;No sectorizable (gasto por genérica);Localizada en Puno;Sí;;Sí;0
7;ANEXO-7-2-2;215;1447;Gobierno local;210603;MUNICIPALIDAD DISTRITAL DE HUATASANI;Puno;;Huatasani;Huatasani;;;;2.1;Genérica del gasto;Personal y obligaciones sociales;Recursos determinados;297076;No sectorizable (gasto por genérica);Localizada en Puno;Sí;;Sí;0
7;ANEXO-7-2-2;216;1448;Gobierno local;210603;MUNICIPALIDAD DISTRITAL DE HUATASANI;Puno;;Huatasani;Huatasani;;;;2.2;Genérica del gasto;Pensiones y otras prestaciones sociales;Recursos ordinarios;59946;Previsión social;Localizada en Puno;Sí;;Sí;0
7;ANEXO-7-2-2;216;1448;Gobierno local;210603;MUNICIPALIDAD DISTRITAL DE HUATASANI;Puno;;Huatasani;Huatasani;;;;2.3;Genérica del gasto;Bienes y servicios;Recursos directamente recaudados;40350;No sectorizable (gasto por genérica);Localizada en Puno;Sí;;Sí;0
7;ANEXO-7-2-2;216;1448;Gobierno local;210603;MUNICIPALIDAD DISTRITAL DE HUATASANI;Puno;;Huatasani;Huatasani;;;;2.3;Genérica del gasto;Bienes y servicios;Recursos determinados;930379;No sectorizable (gasto por genérica);Localizada en Puno;Sí;;Sí;0
7;ANEXO-7-2-2;216;1448;Gobierno local;210603;MUNICIPALIDAD DISTRITAL DE HUATASANI;Puno;;Huatasani;Huatasani;;;;2.5;Genérica del gasto;Otros gastos;Recursos determinados;10000;No sectorizable (gasto por genérica);Localizada en Puno;Sí;;Sí;0
7;ANEXO-7-2-2;216;1448;Gobierno local;210603;MUNICIPALIDAD DISTRITAL DE HUATASANI;Puno;;Huatasani;Huatasani;;;;2.6;Genérica del gasto;Adquisición de activos no financieros;Recursos determinados;1883889;No sectorizable (gasto por genérica);Localizada en Puno;Sí;;Sí;0
7;ANEXO-7-2-2;216;1448;Gobierno local;210604;MUNICIPALIDAD DISTRITAL DE INCHUPALLA;Puno;;Inchupalla;Inchupalla;;;;2.1;Genérica del gasto;Personal y obligaciones sociales;Recursos determinados;149106;No sectorizable (gasto por genérica);Localizada en Puno;Sí;;Sí;0
7;ANEXO-7-2-2;216;1448;Gobierno local;210604;MUNICIPALIDAD DISTRITAL DE INCHUPALLA;Puno;;Inchupalla;Inchupalla;;;;2.2;Genérica del gasto;Pensiones y otras prestaciones sociales;Recursos ordinarios;102389;Previsión social;Localizada en Puno;Sí;;Sí;0
7;ANEXO-7-2-2;216;1448;Gobierno local;210604;MUNICIPALIDAD DISTRITAL DE INCHUPALLA;Puno;;Inchupalla;Inchupalla;;;;2.3;Genérica del gasto;Bienes y servicios;Recursos directamente recaudados;33000;No sectorizable (gasto por genérica);Localizada en Puno;Sí;;Sí;0
7;ANEXO-7-2-2;216;1448;Gobierno local;210604;MUNICIPALIDAD DISTRITAL DE INCHUPALLA;Puno;;Inchupalla;Inchupalla;;;;2.3;Genérica del gasto;Bienes y servicios;Recursos determinados;1871969;No sectorizable (gasto por genérica);Localizada en Puno;Sí;;Sí;0
7;ANEXO-7-2-2;216;1448;Gobierno local;210604;MUNICIPALIDAD DISTRITAL DE INCHUPALLA;Puno;;Inchupalla;Inchupalla;;;;2.4;Genérica del gasto;Donaciones y transferencias;Recursos determinados;46849;No sectorizable (gasto por genérica);Localizada en Puno;Sí;;Sí;0
7;ANEXO-7-2-2;216;1448;Gobierno local;210604;MUNICIPALIDAD DISTRITAL DE INCHUPALLA;Puno;;Inchupalla;Inchupalla;;;;2.5;Genérica del gasto;Otros gastos;Recursos determinados;17479;No sectorizable (gasto por genérica);Localizada en Puno;Sí;;Sí;0
7;ANEXO-7-2-2;216;1448;Gobierno local;210604;MUNICIPALIDAD DISTRITAL DE INCHUPALLA;Puno;;Inchupalla;Inchupalla;;;;2.6;Genérica del gasto;Adquisición de activos no financieros;Recursos determinados;1406628;No sectorizable (gasto por genérica);Localizada en Puno;Sí;;Sí;0
7;ANEXO-7-2-2;216;1448;Gobierno local;210605;MUNICIPALIDAD DISTRITAL DE PUSI;Puno;;Pusi;Pusi;;;;2.1;Genérica del gasto;Personal y obligaciones sociales;Recursos determinados;284774;No sectorizable (gasto por genérica);Localizada en Puno;Sí;;Sí;0
7;ANEXO-7-2-2;216;1448;Gobierno local;210605;MUNICIPALIDAD DISTRITAL DE PUSI;Puno;;Pusi;Pusi;;;;2.2;Genérica del gasto;Pensiones y otras prestaciones sociales;Recursos ordinarios;145939;Previsión social;Localizada en Puno;Sí;;Sí;0
7;ANEXO-7-2-2;216;1448;Gobierno local;210605;MUNICIPALIDAD DISTRITAL DE PUSI;Puno;;Pusi;Pusi;;;;2.3;Genérica del gasto;Bienes y servicios;Recursos directamente recaudados;41300;No sectorizable (gasto por genérica);Localizada en Puno;Sí;;Sí;0
7;ANEXO-7-2-2;216;1448;Gobierno local;210605;MUNICIPALIDAD DISTRITAL DE PUSI;Puno;;Pusi;Pusi;;;;2.3;Genérica del gasto;Bienes y servicios;Recursos determinados;1698473;No sectorizable (gasto por genérica);Localizada en Puno;Sí;;Sí;0
7;ANEXO-7-2-2;216;1448;Gobierno local;210605;MUNICIPALIDAD DISTRITAL DE PUSI;Puno;;Pusi;Pusi;;;;2.4;Genérica del gasto;Donaciones y transferencias;Recursos determinados;101040;No sectorizable (gasto por genérica);Localizada en Puno;Sí;;Sí;0
7;ANEXO-7-2-2;216;1448;Gobierno local;210605;MUNICIPALIDAD DISTRITAL DE PUSI;Puno;;Pusi;Pusi;;;;2.6;Genérica del gasto;Adquisición de activos no financieros;Recursos directamente recaudados;60000;No sectorizable (gasto por genérica);Localizada en Puno;Sí;;Sí;0
7;ANEXO-7-2-2;216;1448;Gobierno local;210605;MUNICIPALIDAD DISTRITAL DE PUSI;Puno;;Pusi;Pusi;;;;2.6;Genérica del gasto;Adquisición de activos no financieros;Recursos determinados;2779813;No sectorizable (gasto por genérica);Localizada en Puno;Sí;;Sí;0
7;ANEXO-7-2-2;216;1448;Gobierno local;210606;MUNICIPALIDAD DISTRITAL DE ROSASPATA;Puno;;Rosaspata;Rosaspata;;;;2.1;Genérica del gasto;Personal y obligaciones sociales;Recursos determinados;337867;No sectorizable (gasto por genérica);Localizada en Puno;Sí;;Sí;0
7;ANEXO-7-2-2;216;1448;Gobierno local;210606;MUNICIPALIDAD DISTRITAL DE ROSASPATA;Puno;;Rosaspata;Rosaspata;;;;2.2;Genérica del gasto;Pensiones y otras prestaciones sociales;Recursos ordinarios;175473;Previsión social;Localizada en Puno;Sí;;Sí;0
7;ANEXO-7-2-2;216;1448;Gobierno local;210606;MUNICIPALIDAD DISTRITAL DE ROSASPATA;Puno;;Rosaspata;Rosaspata;;;;2.3;Genérica del gasto;Bienes y servicios;Recursos directamente recaudados;5500;No sectorizable (gasto por genérica);Localizada en Puno;Sí;;Sí;0
7;ANEXO-7-2-2;216;1448;Gobierno local;210606;MUNICIPALIDAD DISTRITAL DE ROSASPATA;Puno;;Rosaspata;Rosaspata;;;;2.3;Genérica del gasto;Bienes y servicios;Recursos determinados;1120394;No sectorizable (gasto por genérica);Localizada en Puno;Sí;;Sí;0
7;ANEXO-7-2-2;216;1448;Gobierno local;210606;MUNICIPALIDAD DISTRITAL DE ROSASPATA;Puno;;Rosaspata;Rosaspata;;;;2.4;Genérica del gasto;Donaciones y transferencias;Recursos determinados;50400;No sectorizable (gasto por genérica);Localizada en Puno;Sí;;Sí;0
7;ANEXO-7-2-2;216;1448;Gobierno local;210606;MUNICIPALIDAD DISTRITAL DE ROSASPATA;Puno;;Rosaspata;Rosaspata;;;;2.6;Genérica del gasto;Adquisición de activos no financieros;Recursos determinados;2729410;No sectorizable (gasto por genérica);Localizada en Puno;Sí;;Sí;0
7;ANEXO-7-2-2;217;1449;Gobierno local;210607;MUNICIPALIDAD DISTRITAL DE TARACO;Puno;;Taraco;Taraco;;;;2.1;Genérica del gasto;Personal y obligaciones sociales;Recursos determinados;983882;No sectorizable (gasto por genérica);Localizada en Puno;Sí;;Sí;0
7;ANEXO-7-2-2;217;1449;Gobierno local;210607;MUNICIPALIDAD DISTRITAL DE TARACO;Puno;;Taraco;Taraco;;;;2.2;Genérica del gasto;Pensiones y otras prestaciones sociales;Recursos ordinarios;250605;Previsión social;Localizada en Puno;Sí;;Sí;0
7;ANEXO-7-2-2;217;1449;Gobierno local;210607;MUNICIPALIDAD DISTRITAL DE TARACO;Puno;;Taraco;Taraco;;;;2.3;Genérica del gasto;Bienes y servicios;Recursos directamente recaudados;92695;No sectorizable (gasto por genérica);Localizada en Puno;Sí;;Sí;0
7;ANEXO-7-2-2;217;1449;Gobierno local;210607;MUNICIPALIDAD DISTRITAL DE TARACO;Puno;;Taraco;Taraco;;;;2.3;Genérica del gasto;Bienes y servicios;Recursos determinados;3638989;No sectorizable (gasto por genérica);Localizada en Puno;Sí;;Sí;0
7;ANEXO-7-2-2;217;1449;Gobierno local;210607;MUNICIPALIDAD DISTRITAL DE TARACO;Puno;;Taraco;Taraco;;;;2.4;Genérica del gasto;Donaciones y transferencias;Recursos determinados;287280;No sectorizable (gasto por genérica);Localizada en Puno;Sí;;Sí;0
7;ANEXO-7-2-2;217;1449;Gobierno local;210607;MUNICIPALIDAD DISTRITAL DE TARACO;Puno;;Taraco;Taraco;;;;2.5;Genérica del gasto;Otros gastos;Recursos determinados;158258;No sectorizable (gasto por genérica);Localizada en Puno;Sí;;Sí;0
7;ANEXO-7-2-2;217;1449;Gobierno local;210607;MUNICIPALIDAD DISTRITAL DE TARACO;Puno;;Taraco;Taraco;;;;2.6;Genérica del gasto;Adquisición de activos no financieros;Recursos determinados;7612803;No sectorizable (gasto por genérica);Localizada en Puno;Sí;;Sí;0
7;ANEXO-7-2-2;217;1449;Gobierno local;210608;MUNICIPALIDAD DISTRITAL DE VILQUE CHICO;Puno;;Vilque Chico;Vilque Chico;;;;2.1;Genérica del gasto;Personal y obligaciones sociales;Recursos determinados;750889;No sectorizable (gasto por genérica);Localizada en Puno;Sí;;Sí;0
7;ANEXO-7-2-2;217;1449;Gobierno local;210608;MUNICIPALIDAD DISTRITAL DE VILQUE CHICO;Puno;;Vilque Chico;Vilque Chico;;;;2.2;Genérica del gasto;Pensiones y otras prestaciones sociales;Recursos ordinarios;244690;Previsión social;Localizada en Puno;Sí;;Sí;0
7;ANEXO-7-2-2;217;1449;Gobierno local;210608;MUNICIPALIDAD DISTRITAL DE VILQUE CHICO;Puno;;Vilque Chico;Vilque Chico;;;;2.3;Genérica del gasto;Bienes y servicios;Recursos directamente recaudados;28925;No sectorizable (gasto por genérica);Localizada en Puno;Sí;;Sí;0
7;ANEXO-7-2-2;217;1449;Gobierno local;210608;MUNICIPALIDAD DISTRITAL DE VILQUE CHICO;Puno;;Vilque Chico;Vilque Chico;;;;2.3;Genérica del gasto;Bienes y servicios;Recursos determinados;2188261;No sectorizable (gasto por genérica);Localizada en Puno;Sí;;Sí;0
7;ANEXO-7-2-2;217;1449;Gobierno local;210608;MUNICIPALIDAD DISTRITAL DE VILQUE CHICO;Puno;;Vilque Chico;Vilque Chico;;;;2.4;Genérica del gasto;Donaciones y transferencias;Recursos determinados;685800;No sectorizable (gasto por genérica);Localizada en Puno;Sí;;Sí;0
7;ANEXO-7-2-2;217;1449;Gobierno local;210608;MUNICIPALIDAD DISTRITAL DE VILQUE CHICO;Puno;;Vilque Chico;Vilque Chico;;;;2.5;Genérica del gasto;Otros gastos;Recursos directamente recaudados;2575;No sectorizable (gasto por genérica);Localizada en Puno;Sí;;Sí;0
7;ANEXO-7-2-2;217;1449;Gobierno local;210608;MUNICIPALIDAD DISTRITAL DE VILQUE CHICO;Puno;;Vilque Chico;Vilque Chico;;;;2.5;Genérica del gasto;Otros gastos;Recursos determinados;70000;No sectorizable (gasto por genérica);Localizada en Puno;Sí;;Sí;0
7;ANEXO-7-2-2;217;1449;Gobierno local;210608;MUNICIPALIDAD DISTRITAL DE VILQUE CHICO;Puno;;Vilque Chico;Vilque Chico;;;;2.6;Genérica del gasto;Adquisición de activos no financieros;Recursos determinados;4369483;No sectorizable (gasto por genérica);Localizada en Puno;Sí;;Sí;0
7;ANEXO-7-2-2;217;1449;Gobierno local;210701;MUNICIPALIDAD PROVINCIAL DE LAMPA;Puno;;Lampa;Lampa;;;;2.1;Genérica del gasto;Personal y obligaciones sociales;Recursos directamente recaudados;131652;No sectorizable (gasto por genérica);Localizada en Puno;Sí;;Sí;0
7;ANEXO-7-2-2;217;1449;Gobierno local;210701;MUNICIPALIDAD PROVINCIAL DE LAMPA;Puno;;Lampa;Lampa;;;;2.1;Genérica del gasto;Personal y obligaciones sociales;Recursos determinados;3420918;No sectorizable (gasto por genérica);Localizada en Puno;Sí;;Sí;0
7;ANEXO-7-2-2;217;1449;Gobierno local;210701;MUNICIPALIDAD PROVINCIAL DE LAMPA;Puno;;Lampa;Lampa;;;;2.2;Genérica del gasto;Pensiones y otras prestaciones sociales;Recursos ordinarios;1349289;Previsión social;Localizada en Puno;Sí;;Sí;0
7;ANEXO-7-2-2;217;1449;Gobierno local;210701;MUNICIPALIDAD PROVINCIAL DE LAMPA;Puno;;Lampa;Lampa;;;;2.2;Genérica del gasto;Pensiones y otras prestaciones sociales;Recursos determinados;195000;Previsión social;Localizada en Puno;Sí;;Sí;0
7;ANEXO-7-2-2;217;1449;Gobierno local;210701;MUNICIPALIDAD PROVINCIAL DE LAMPA;Puno;;Lampa;Lampa;;;;2.3;Genérica del gasto;Bienes y servicios;Recursos ordinarios;1619788;No sectorizable (gasto por genérica);Localizada en Puno;Sí;;Sí;0
7;ANEXO-7-2-2;217;1449;Gobierno local;210701;MUNICIPALIDAD PROVINCIAL DE LAMPA;Puno;;Lampa;Lampa;;;;2.3;Genérica del gasto;Bienes y servicios;Recursos directamente recaudados;503358;No sectorizable (gasto por genérica);Localizada en Puno;Sí;;Sí;0
7;ANEXO-7-2-2;217;1449;Gobierno local;210701;MUNICIPALIDAD PROVINCIAL DE LAMPA;Puno;;Lampa;Lampa;;;;2.3;Genérica del gasto;Bienes y servicios;Recursos determinados;4443346;No sectorizable (gasto por genérica);Localizada en Puno;Sí;;Sí;0
7;ANEXO-7-2-2;217;1449;Gobierno local;210701;MUNICIPALIDAD PROVINCIAL DE LAMPA;Puno;;Lampa;Lampa;;;;2.4;Genérica del gasto;Donaciones y transferencias;Recursos ordinarios;17564;No sectorizable (gasto por genérica);Localizada en Puno;Sí;;Sí;0
7;ANEXO-7-2-2;217;1449;Gobierno local;210701;MUNICIPALIDAD PROVINCIAL DE LAMPA;Puno;;Lampa;Lampa;;;;2.4;Genérica del gasto;Donaciones y transferencias;Recursos determinados;400186;No sectorizable (gasto por genérica);Localizada en Puno;Sí;;Sí;0
7;ANEXO-7-2-2;217;1449;Gobierno local;210701;MUNICIPALIDAD PROVINCIAL DE LAMPA;Puno;;Lampa;Lampa;;;;2.5;Genérica del gasto;Otros gastos;Recursos ordinarios;144198;No sectorizable (gasto por genérica);Localizada en Puno;Sí;;Sí;0
7;ANEXO-7-2-2;217;1449;Gobierno local;210701;MUNICIPALIDAD PROVINCIAL DE LAMPA;Puno;;Lampa;Lampa;;;;2.5;Genérica del gasto;Otros gastos;Recursos directamente recaudados;14090;No sectorizable (gasto por genérica);Localizada en Puno;Sí;;Sí;0
7;ANEXO-7-2-2;217;1449;Gobierno local;210701;MUNICIPALIDAD PROVINCIAL DE LAMPA;Puno;;Lampa;Lampa;;;;2.5;Genérica del gasto;Otros gastos;Recursos determinados;189200;No sectorizable (gasto por genérica);Localizada en Puno;Sí;;Sí;0
7;ANEXO-7-2-2;217;1449;Gobierno local;210701;MUNICIPALIDAD PROVINCIAL DE LAMPA;Puno;;Lampa;Lampa;;;;2.6;Genérica del gasto;Adquisición de activos no financieros;Recursos determinados;13145455;No sectorizable (gasto por genérica);Localizada en Puno;Sí;;Sí;0
7;ANEXO-7-2-2;217;1449;Gobierno local;210702;MUNICIPALIDAD DISTRITAL DE CABANILLA;Puno;;Cabanilla;Cabanilla;;;;2.1;Genérica del gasto;Personal y obligaciones sociales;Recursos determinados;554494;No sectorizable (gasto por genérica);Localizada en Puno;Sí;;Sí;0
7;ANEXO-7-2-2;217;1449;Gobierno local;210702;MUNICIPALIDAD DISTRITAL DE CABANILLA;Puno;;Cabanilla;Cabanilla;;;;2.2;Genérica del gasto;Pensiones y otras prestaciones sociales;Recursos ordinarios;113350;Previsión social;Localizada en Puno;Sí;;Sí;0
7;ANEXO-7-2-2;218;1450;Gobierno local;210702;MUNICIPALIDAD DISTRITAL DE CABANILLA;Puno;;Cabanilla;Cabanilla;;;;2.3;Genérica del gasto;Bienes y servicios;Recursos directamente recaudados;152930;No sectorizable (gasto por genérica);Localizada en Puno;Sí;;Sí;0
7;ANEXO-7-2-2;218;1450;Gobierno local;210702;MUNICIPALIDAD DISTRITAL DE CABANILLA;Puno;;Cabanilla;Cabanilla;;;;2.3;Genérica del gasto;Bienes y servicios;Recursos determinados;1846679;No sectorizable (gasto por genérica);Localizada en Puno;Sí;;Sí;0
7;ANEXO-7-2-2;218;1450;Gobierno local;210702;MUNICIPALIDAD DISTRITAL DE CABANILLA;Puno;;Cabanilla;Cabanilla;;;;2.4;Genérica del gasto;Donaciones y transferencias;Recursos determinados;70896;No sectorizable (gasto por genérica);Localizada en Puno;Sí;;Sí;0
7;ANEXO-7-2-2;218;1450;Gobierno local;210702;MUNICIPALIDAD DISTRITAL DE CABANILLA;Puno;;Cabanilla;Cabanilla;;;;2.5;Genérica del gasto;Otros gastos;Recursos determinados;13000;No sectorizable (gasto por genérica);Localizada en Puno;Sí;;Sí;0
7;ANEXO-7-2-2;218;1450;Gobierno local;210702;MUNICIPALIDAD DISTRITAL DE CABANILLA;Puno;;Cabanilla;Cabanilla;;;;2.6;Genérica del gasto;Adquisición de activos no financieros;Recursos determinados;4413214;No sectorizable (gasto por genérica);Localizada en Puno;Sí;;Sí;0
7;ANEXO-7-2-2;218;1450;Gobierno local;210703;MUNICIPALIDAD DISTRITAL DE CALAPUJA;Puno;;Calapuja;Calapuja;;;;2.1;Genérica del gasto;Personal y obligaciones sociales;Recursos directamente recaudados;2544;No sectorizable (gasto por genérica);Localizada en Puno;Sí;;Sí;0
7;ANEXO-7-2-2;218;1450;Gobierno local;210703;MUNICIPALIDAD DISTRITAL DE CALAPUJA;Puno;;Calapuja;Calapuja;;;;2.1;Genérica del gasto;Personal y obligaciones sociales;Recursos determinados;214244;No sectorizable (gasto por genérica);Localizada en Puno;Sí;;Sí;0
7;ANEXO-7-2-2;218;1450;Gobierno local;210703;MUNICIPALIDAD DISTRITAL DE CALAPUJA;Puno;;Calapuja;Calapuja;;;;2.2;Genérica del gasto;Pensiones y otras prestaciones sociales;Recursos ordinarios;26632;Previsión social;Localizada en Puno;Sí;;Sí;0
7;ANEXO-7-2-2;218;1450;Gobierno local;210703;MUNICIPALIDAD DISTRITAL DE CALAPUJA;Puno;;Calapuja;Calapuja;;;;2.3;Genérica del gasto;Bienes y servicios;Recursos directamente recaudados;16956;No sectorizable (gasto por genérica);Localizada en Puno;Sí;;Sí;0
7;ANEXO-7-2-2;218;1450;Gobierno local;210703;MUNICIPALIDAD DISTRITAL DE CALAPUJA;Puno;;Calapuja;Calapuja;;;;2.3;Genérica del gasto;Bienes y servicios;Recursos determinados;1098332;No sectorizable (gasto por genérica);Localizada en Puno;Sí;;Sí;0
7;ANEXO-7-2-2;218;1450;Gobierno local;210703;MUNICIPALIDAD DISTRITAL DE CALAPUJA;Puno;;Calapuja;Calapuja;;;;2.6;Genérica del gasto;Adquisición de activos no financieros;Recursos determinados;1269748;No sectorizable (gasto por genérica);Localizada en Puno;Sí;;Sí;0
7;ANEXO-7-2-2;218;1450;Gobierno local;210704;MUNICIPALIDAD DISTRITAL DE NICASIO;Puno;;Nicasio;Nicasio;;;;2.1;Genérica del gasto;Personal y obligaciones sociales;Recursos determinados;157430;No sectorizable (gasto por genérica);Localizada en Puno;Sí;;Sí;0
7;ANEXO-7-2-2;218;1450;Gobierno local;210704;MUNICIPALIDAD DISTRITAL DE NICASIO;Puno;;Nicasio;Nicasio;;;;2.2;Genérica del gasto;Pensiones y otras prestaciones sociales;Recursos ordinarios;61006;Previsión social;Localizada en Puno;Sí;;Sí;0
7;ANEXO-7-2-2;218;1450;Gobierno local;210704;MUNICIPALIDAD DISTRITAL DE NICASIO;Puno;;Nicasio;Nicasio;;;;2.3;Genérica del gasto;Bienes y servicios;Recursos directamente recaudados;26000;No sectorizable (gasto por genérica);Localizada en Puno;Sí;;Sí;0
7;ANEXO-7-2-2;218;1450;Gobierno local;210704;MUNICIPALIDAD DISTRITAL DE NICASIO;Puno;;Nicasio;Nicasio;;;;2.3;Genérica del gasto;Bienes y servicios;Recursos determinados;1287042;No sectorizable (gasto por genérica);Localizada en Puno;Sí;;Sí;0
7;ANEXO-7-2-2;218;1450;Gobierno local;210704;MUNICIPALIDAD DISTRITAL DE NICASIO;Puno;;Nicasio;Nicasio;;;;2.4;Genérica del gasto;Donaciones y transferencias;Recursos determinados;64260;No sectorizable (gasto por genérica);Localizada en Puno;Sí;;Sí;0
7;ANEXO-7-2-2;218;1450;Gobierno local;210704;MUNICIPALIDAD DISTRITAL DE NICASIO;Puno;;Nicasio;Nicasio;;;;2.5;Genérica del gasto;Otros gastos;Recursos determinados;5000;No sectorizable (gasto por genérica);Localizada en Puno;Sí;;Sí;0
7;ANEXO-7-2-2;218;1450;Gobierno local;210704;MUNICIPALIDAD DISTRITAL DE NICASIO;Puno;;Nicasio;Nicasio;;;;2.6;Genérica del gasto;Adquisición de activos no financieros;Recursos determinados;1235345;No sectorizable (gasto por genérica);Localizada en Puno;Sí;;Sí;0
7;ANEXO-7-2-2;218;1450;Gobierno local;210705;MUNICIPALIDAD DISTRITAL DE OCUVIRI;Puno;;Ocuviri;Ocuviri;;;;2.1;Genérica del gasto;Personal y obligaciones sociales;Recursos determinados;275646;No sectorizable (gasto por genérica);Localizada en Puno;Sí;;Sí;0
7;ANEXO-7-2-2;218;1450;Gobierno local;210705;MUNICIPALIDAD DISTRITAL DE OCUVIRI;Puno;;Ocuviri;Ocuviri;;;;2.2;Genérica del gasto;Pensiones y otras prestaciones sociales;Recursos ordinarios;46199;Previsión social;Localizada en Puno;Sí;;Sí;0
7;ANEXO-7-2-2;218;1450;Gobierno local;210705;MUNICIPALIDAD DISTRITAL DE OCUVIRI;Puno;;Ocuviri;Ocuviri;;;;2.2;Genérica del gasto;Pensiones y otras prestaciones sociales;Recursos determinados;17000;Previsión social;Localizada en Puno;Sí;;Sí;0
7;ANEXO-7-2-2;218;1450;Gobierno local;210705;MUNICIPALIDAD DISTRITAL DE OCUVIRI;Puno;;Ocuviri;Ocuviri;;;;2.3;Genérica del gasto;Bienes y servicios;Recursos directamente recaudados;25000;No sectorizable (gasto por genérica);Localizada en Puno;Sí;;Sí;0
7;ANEXO-7-2-2;218;1450;Gobierno local;210705;MUNICIPALIDAD DISTRITAL DE OCUVIRI;Puno;;Ocuviri;Ocuviri;;;;2.3;Genérica del gasto;Bienes y servicios;Recursos determinados;1533933;No sectorizable (gasto por genérica);Localizada en Puno;Sí;;Sí;0
7;ANEXO-7-2-2;218;1450;Gobierno local;210705;MUNICIPALIDAD DISTRITAL DE OCUVIRI;Puno;;Ocuviri;Ocuviri;;;;2.4;Genérica del gasto;Donaciones y transferencias;Recursos determinados;128520;No sectorizable (gasto por genérica);Localizada en Puno;Sí;;Sí;0
7;ANEXO-7-2-2;218;1450;Gobierno local;210705;MUNICIPALIDAD DISTRITAL DE OCUVIRI;Puno;;Ocuviri;Ocuviri;;;;2.6;Genérica del gasto;Adquisición de activos no financieros;Donaciones y transferencias;250000;No sectorizable (gasto por genérica);Localizada en Puno;Sí;;Sí;0
7;ANEXO-7-2-2;218;1450;Gobierno local;210705;MUNICIPALIDAD DISTRITAL DE OCUVIRI;Puno;;Ocuviri;Ocuviri;;;;2.6;Genérica del gasto;Adquisición de activos no financieros;Recursos determinados;2399954;No sectorizable (gasto por genérica);Localizada en Puno;Sí;;Sí;0
7;ANEXO-7-2-2;219;1451;Gobierno local;210707;MUNICIPALIDAD DISTRITAL DE PARATIA;Puno;;Paratia;Paratia;;;;2.1;Genérica del gasto;Personal y obligaciones sociales;Recursos determinados;343844;No sectorizable (gasto por genérica);Localizada en Puno;Sí;;Sí;0
7;ANEXO-7-2-2;219;1451;Gobierno local;210707;MUNICIPALIDAD DISTRITAL DE PARATIA;Puno;;Paratia;Paratia;;;;2.2;Genérica del gasto;Pensiones y otras prestaciones sociales;Recursos ordinarios;64218;Previsión social;Localizada en Puno;Sí;;Sí;0
7;ANEXO-7-2-2;219;1451;Gobierno local;210707;MUNICIPALIDAD DISTRITAL DE PARATIA;Puno;;Paratia;Paratia;;;;2.3;Genérica del gasto;Bienes y servicios;Recursos directamente recaudados;3500;No sectorizable (gasto por genérica);Localizada en Puno;Sí;;Sí;0
7;ANEXO-7-2-2;219;1451;Gobierno local;210707;MUNICIPALIDAD DISTRITAL DE PARATIA;Puno;;Paratia;Paratia;;;;2.3;Genérica del gasto;Bienes y servicios;Recursos determinados;1465440;No sectorizable (gasto por genérica);Localizada en Puno;Sí;;Sí;0
7;ANEXO-7-2-2;219;1451;Gobierno local;210707;MUNICIPALIDAD DISTRITAL DE PARATIA;Puno;;Paratia;Paratia;;;;2.4;Genérica del gasto;Donaciones y transferencias;Recursos determinados;128520;No sectorizable (gasto por genérica);Localizada en Puno;Sí;;Sí;0
7;ANEXO-7-2-2;219;1451;Gobierno local;210707;MUNICIPALIDAD DISTRITAL DE PARATIA;Puno;;Paratia;Paratia;;;;2.6;Genérica del gasto;Adquisición de activos no financieros;Recursos determinados;2213586;No sectorizable (gasto por genérica);Localizada en Puno;Sí;;Sí;0
7;ANEXO-7-2-2;219;1451;Gobierno local;210708;MUNICIPALIDAD DISTRITAL DE PUCARA;Puno;;Pucara;Pucara;;;;2.1;Genérica del gasto;Personal y obligaciones sociales;Recursos determinados;227950;No sectorizable (gasto por genérica);Localizada en Puno;Sí;;Sí;0
7;ANEXO-7-2-2;219;1451;Gobierno local;210708;MUNICIPALIDAD DISTRITAL DE PUCARA;Puno;;Pucara;Pucara;;;;2.2;Genérica del gasto;Pensiones y otras prestaciones sociales;Recursos ordinarios;121706;Previsión social;Localizada en Puno;Sí;;Sí;0
7;ANEXO-7-2-2;219;1451;Gobierno local;210708;MUNICIPALIDAD DISTRITAL DE PUCARA;Puno;;Pucara;Pucara;;;;2.2;Genérica del gasto;Pensiones y otras prestaciones sociales;Recursos determinados;10000;Previsión social;Localizada en Puno;Sí;;Sí;0
7;ANEXO-7-2-2;219;1451;Gobierno local;210708;MUNICIPALIDAD DISTRITAL DE PUCARA;Puno;;Pucara;Pucara;;;;2.3;Genérica del gasto;Bienes y servicios;Recursos directamente recaudados;95000;No sectorizable (gasto por genérica);Localizada en Puno;Sí;;Sí;0
7;ANEXO-7-2-2;219;1451;Gobierno local;210708;MUNICIPALIDAD DISTRITAL DE PUCARA;Puno;;Pucara;Pucara;;;;2.3;Genérica del gasto;Bienes y servicios;Recursos determinados;1656061;No sectorizable (gasto por genérica);Localizada en Puno;Sí;;Sí;0
7;ANEXO-7-2-2;219;1451;Gobierno local;210708;MUNICIPALIDAD DISTRITAL DE PUCARA;Puno;;Pucara;Pucara;;;;2.4;Genérica del gasto;Donaciones y transferencias;Recursos determinados;42924;No sectorizable (gasto por genérica);Localizada en Puno;Sí;;Sí;0
7;ANEXO-7-2-2;219;1451;Gobierno local;210708;MUNICIPALIDAD DISTRITAL DE PUCARA;Puno;;Pucara;Pucara;;;;2.6;Genérica del gasto;Adquisición de activos no financieros;Recursos determinados;3690365;No sectorizable (gasto por genérica);Localizada en Puno;Sí;;Sí;0
7;ANEXO-7-2-2;219;1451;Gobierno local;210709;MUNICIPALIDAD DISTRITAL DE SANTA LUCIA;Puno;;Santa Lucia;Santa Lucia;;;;2.1;Genérica del gasto;Personal y obligaciones sociales;Recursos determinados;546739;No sectorizable (gasto por genérica);Localizada en Puno;Sí;;Sí;0
7;ANEXO-7-2-2;219;1451;Gobierno local;210709;MUNICIPALIDAD DISTRITAL DE SANTA LUCIA;Puno;;Santa Lucia;Santa Lucia;;;;2.2;Genérica del gasto;Pensiones y otras prestaciones sociales;Recursos ordinarios;158926;Previsión social;Localizada en Puno;Sí;;Sí;0
7;ANEXO-7-2-2;219;1451;Gobierno local;210709;MUNICIPALIDAD DISTRITAL DE SANTA LUCIA;Puno;;Santa Lucia;Santa Lucia;;;;2.3;Genérica del gasto;Bienes y servicios;Recursos directamente recaudados;674438;No sectorizable (gasto por genérica);Localizada en Puno;Sí;;Sí;0
7;ANEXO-7-2-2;219;1451;Gobierno local;210709;MUNICIPALIDAD DISTRITAL DE SANTA LUCIA;Puno;;Santa Lucia;Santa Lucia;;;;2.3;Genérica del gasto;Bienes y servicios;Recursos determinados;3035980;No sectorizable (gasto por genérica);Localizada en Puno;Sí;;Sí;0
7;ANEXO-7-2-2;219;1451;Gobierno local;210709;MUNICIPALIDAD DISTRITAL DE SANTA LUCIA;Puno;;Santa Lucia;Santa Lucia;;;;2.4;Genérica del gasto;Donaciones y transferencias;Recursos determinados;51660;No sectorizable (gasto por genérica);Localizada en Puno;Sí;;Sí;0
7;ANEXO-7-2-2;219;1451;Gobierno local;210709;MUNICIPALIDAD DISTRITAL DE SANTA LUCIA;Puno;;Santa Lucia;Santa Lucia;;;;2.5;Genérica del gasto;Otros gastos;Recursos directamente recaudados;14000;No sectorizable (gasto por genérica);Localizada en Puno;Sí;;Sí;0
7;ANEXO-7-2-2;219;1451;Gobierno local;210709;MUNICIPALIDAD DISTRITAL DE SANTA LUCIA;Puno;;Santa Lucia;Santa Lucia;;;;2.6;Genérica del gasto;Adquisición de activos no financieros;Donaciones y transferencias;1200000;No sectorizable (gasto por genérica);Localizada en Puno;Sí;;Sí;0
7;ANEXO-7-2-2;219;1451;Gobierno local;210709;MUNICIPALIDAD DISTRITAL DE SANTA LUCIA;Puno;;Santa Lucia;Santa Lucia;;;;2.6;Genérica del gasto;Adquisición de activos no financieros;Recursos determinados;3613147;No sectorizable (gasto por genérica);Localizada en Puno;Sí;;Sí;0
7;ANEXO-7-2-2;220;1452;Gobierno local;210710;MUNICIPALIDAD DISTRITAL DE VILAVILA;Puno;;Vilavila;Vilavila;;;;2.1;Genérica del gasto;Personal y obligaciones sociales;Recursos determinados;410273;No sectorizable (gasto por genérica);Localizada en Puno;Sí;;Sí;0
7;ANEXO-7-2-2;220;1452;Gobierno local;210710;MUNICIPALIDAD DISTRITAL DE VILAVILA;Puno;;Vilavila;Vilavila;;;;2.2;Genérica del gasto;Pensiones y otras prestaciones sociales;Recursos ordinarios;19011;Previsión social;Localizada en Puno;Sí;;Sí;0
7;ANEXO-7-2-2;220;1452;Gobierno local;210710;MUNICIPALIDAD DISTRITAL DE VILAVILA;Puno;;Vilavila;Vilavila;;;;2.2;Genérica del gasto;Pensiones y otras prestaciones sociales;Recursos determinados;6228;Previsión social;Localizada en Puno;Sí;;Sí;0
7;ANEXO-7-2-2;220;1452;Gobierno local;210710;MUNICIPALIDAD DISTRITAL DE VILAVILA;Puno;;Vilavila;Vilavila;;;;2.3;Genérica del gasto;Bienes y servicios;Recursos directamente recaudados;7000;No sectorizable (gasto por genérica);Localizada en Puno;Sí;;Sí;0
7;ANEXO-7-2-2;220;1452;Gobierno local;210710;MUNICIPALIDAD DISTRITAL DE VILAVILA;Puno;;Vilavila;Vilavila;;;;2.3;Genérica del gasto;Bienes y servicios;Recursos determinados;666617;No sectorizable (gasto por genérica);Localizada en Puno;Sí;;Sí;0
7;ANEXO-7-2-2;220;1452;Gobierno local;210710;MUNICIPALIDAD DISTRITAL DE VILAVILA;Puno;;Vilavila;Vilavila;;;;2.6;Genérica del gasto;Adquisición de activos no financieros;Recursos determinados;1061098;No sectorizable (gasto por genérica);Localizada en Puno;Sí;;Sí;0
7;ANEXO-7-2-2;220;1452;Gobierno local;210801;MUNICIPALIDAD PROVINCIAL DE MELGAR -AYAVIRI;Puno;;Melgar;Melgar;;;;2.1;Genérica del gasto;Personal y obligaciones sociales;Recursos directamente recaudados;97964;No sectorizable (gasto por genérica);Localizada en Puno;Sí;;Sí;0
7;ANEXO-7-2-2;220;1452;Gobierno local;210801;MUNICIPALIDAD PROVINCIAL DE MELGAR -AYAVIRI;Puno;;Melgar;Melgar;;;;2.1;Genérica del gasto;Personal y obligaciones sociales;Recursos determinados;5033785;No sectorizable (gasto por genérica);Localizada en Puno;Sí;;Sí;0
7;ANEXO-7-2-2;220;1452;Gobierno local;210801;MUNICIPALIDAD PROVINCIAL DE MELGAR -AYAVIRI;Puno;;Melgar;Melgar;;;;2.2;Genérica del gasto;Pensiones y otras prestaciones sociales;Recursos ordinarios;1716584;Previsión social;Localizada en Puno;Sí;;Sí;0
7;ANEXO-7-2-2;220;1452;Gobierno local;210801;MUNICIPALIDAD PROVINCIAL DE MELGAR -AYAVIRI;Puno;;Melgar;Melgar;;;;2.2;Genérica del gasto;Pensiones y otras prestaciones sociales;Recursos determinados;109538;Previsión social;Localizada en Puno;Sí;;Sí;0
7;ANEXO-7-2-2;220;1452;Gobierno local;210801;MUNICIPALIDAD PROVINCIAL DE MELGAR -AYAVIRI;Puno;;Melgar;Melgar;;;;2.3;Genérica del gasto;Bienes y servicios;Recursos ordinarios;1488381;No sectorizable (gasto por genérica);Localizada en Puno;Sí;;Sí;0
7;ANEXO-7-2-2;220;1452;Gobierno local;210801;MUNICIPALIDAD PROVINCIAL DE MELGAR -AYAVIRI;Puno;;Melgar;Melgar;;;;2.3;Genérica del gasto;Bienes y servicios;Recursos directamente recaudados;1160036;No sectorizable (gasto por genérica);Localizada en Puno;Sí;;Sí;0
7;ANEXO-7-2-2;220;1452;Gobierno local;210801;MUNICIPALIDAD PROVINCIAL DE MELGAR -AYAVIRI;Puno;;Melgar;Melgar;;;;2.3;Genérica del gasto;Bienes y servicios;Recursos determinados;8342772;No sectorizable (gasto por genérica);Localizada en Puno;Sí;;Sí;0
7;ANEXO-7-2-2;220;1452;Gobierno local;210801;MUNICIPALIDAD PROVINCIAL DE MELGAR -AYAVIRI;Puno;;Melgar;Melgar;;;;2.4;Genérica del gasto;Donaciones y transferencias;Recursos ordinarios;36916;No sectorizable (gasto por genérica);Localizada en Puno;Sí;;Sí;0
7;ANEXO-7-2-2;220;1452;Gobierno local;210801;MUNICIPALIDAD PROVINCIAL DE MELGAR -AYAVIRI;Puno;;Melgar;Melgar;;;;2.4;Genérica del gasto;Donaciones y transferencias;Recursos determinados;1124900;No sectorizable (gasto por genérica);Localizada en Puno;Sí;;Sí;0
7;ANEXO-7-2-2;220;1452;Gobierno local;210801;MUNICIPALIDAD PROVINCIAL DE MELGAR -AYAVIRI;Puno;;Melgar;Melgar;;;;2.5;Genérica del gasto;Otros gastos;Recursos ordinarios;149554;No sectorizable (gasto por genérica);Localizada en Puno;Sí;;Sí;0
7;ANEXO-7-2-2;220;1452;Gobierno local;210801;MUNICIPALIDAD PROVINCIAL DE MELGAR -AYAVIRI;Puno;;Melgar;Melgar;;;;2.5;Genérica del gasto;Otros gastos;Recursos directamente recaudados;64000;No sectorizable (gasto por genérica);Localizada en Puno;Sí;;Sí;0
7;ANEXO-7-2-2;220;1452;Gobierno local;210801;MUNICIPALIDAD PROVINCIAL DE MELGAR -AYAVIRI;Puno;;Melgar;Melgar;;;;2.6;Genérica del gasto;Adquisición de activos no financieros;Recursos determinados;17891184;No sectorizable (gasto por genérica);Localizada en Puno;Sí;;Sí;0
7;ANEXO-7-2-2;220;1452;Gobierno local;210801;MUNICIPALIDAD PROVINCIAL DE MELGAR -AYAVIRI;Puno;;Melgar;Melgar;;;;2.8;Genérica del gasto;Servicio de la deuda pública;Recursos determinados;2000000;Deuda pública;Localizada en Puno;Sí;;Sí;0
7;ANEXO-7-2-2;220;1452;Gobierno local;210802;MUNICIPALIDAD DISTRITAL DE ANTAUTA;Puno;;Antauta;Antauta;;;;2.1;Genérica del gasto;Personal y obligaciones sociales;Recursos determinados;1519494;No sectorizable (gasto por genérica);Localizada en Puno;Sí;;Sí;0
7;ANEXO-7-2-2;220;1452;Gobierno local;210802;MUNICIPALIDAD DISTRITAL DE ANTAUTA;Puno;;Antauta;Antauta;;;;2.2;Genérica del gasto;Pensiones y otras prestaciones sociales;Recursos ordinarios;119821;Previsión social;Localizada en Puno;Sí;;Sí;0
7;ANEXO-7-2-2;220;1452;Gobierno local;210802;MUNICIPALIDAD DISTRITAL DE ANTAUTA;Puno;;Antauta;Antauta;;;;2.2;Genérica del gasto;Pensiones y otras prestaciones sociales;Recursos determinados;72027;Previsión social;Localizada en Puno;Sí;;Sí;0
7;ANEXO-7-2-2;220;1452;Gobierno local;210802;MUNICIPALIDAD DISTRITAL DE ANTAUTA;Puno;;Antauta;Antauta;;;;2.3;Genérica del gasto;Bienes y servicios;Recursos directamente recaudados;319440;No sectorizable (gasto por genérica);Localizada en Puno;Sí;;Sí;0
7;ANEXO-7-2-2;220;1452;Gobierno local;210802;MUNICIPALIDAD DISTRITAL DE ANTAUTA;Puno;;Antauta;Antauta;;;;2.3;Genérica del gasto;Bienes y servicios;Recursos determinados;5892685;No sectorizable (gasto por genérica);Localizada en Puno;Sí;;Sí;0
7;ANEXO-7-2-2;220;1452;Gobierno local;210802;MUNICIPALIDAD DISTRITAL DE ANTAUTA;Puno;;Antauta;Antauta;;;;2.4;Genérica del gasto;Donaciones y transferencias;Recursos determinados;135600;No sectorizable (gasto por genérica);Localizada en Puno;Sí;;Sí;0
7;ANEXO-7-2-2;220;1452;Gobierno local;210802;MUNICIPALIDAD DISTRITAL DE ANTAUTA;Puno;;Antauta;Antauta;;;;2.5;Genérica del gasto;Otros gastos;Recursos directamente recaudados;4000;No sectorizable (gasto por genérica);Localizada en Puno;Sí;;Sí;0
7;ANEXO-7-2-2;220;1452;Gobierno local;210802;MUNICIPALIDAD DISTRITAL DE ANTAUTA;Puno;;Antauta;Antauta;;;;2.5;Genérica del gasto;Otros gastos;Recursos determinados;1000;No sectorizable (gasto por genérica);Localizada en Puno;Sí;;Sí;0
7;ANEXO-7-2-2;220;1452;Gobierno local;210802;MUNICIPALIDAD DISTRITAL DE ANTAUTA;Puno;;Antauta;Antauta;;;;2.6;Genérica del gasto;Adquisición de activos no financieros;Recursos directamente recaudados;9710;No sectorizable (gasto por genérica);Localizada en Puno;Sí;;Sí;0
7;ANEXO-7-2-2;220;1452;Gobierno local;210802;MUNICIPALIDAD DISTRITAL DE ANTAUTA;Puno;;Antauta;Antauta;;;;2.6;Genérica del gasto;Adquisición de activos no financieros;Recursos determinados;25728921;No sectorizable (gasto por genérica);Localizada en Puno;Sí;;Sí;0
7;ANEXO-7-2-2;220;1452;Gobierno local;210803;MUNICIPALIDAD DISTRITAL DE CUPI;Puno;;Cupi;Cupi;;;;2.1;Genérica del gasto;Personal y obligaciones sociales;Recursos determinados;274594;No sectorizable (gasto por genérica);Localizada en Puno;Sí;;Sí;0
7;ANEXO-7-2-2;220;1452;Gobierno local;210803;MUNICIPALIDAD DISTRITAL DE CUPI;Puno;;Cupi;Cupi;;;;2.2;Genérica del gasto;Pensiones y otras prestaciones sociales;Recursos ordinarios;35414;Previsión social;Localizada en Puno;Sí;;Sí;0
7;ANEXO-7-2-2;221;1453;Gobierno local;210803;MUNICIPALIDAD DISTRITAL DE CUPI;Puno;;Cupi;Cupi;;;;2.3;Genérica del gasto;Bienes y servicios;Recursos directamente recaudados;169441;No sectorizable (gasto por genérica);Localizada en Puno;Sí;;Sí;0
7;ANEXO-7-2-2;221;1453;Gobierno local;210803;MUNICIPALIDAD DISTRITAL DE CUPI;Puno;;Cupi;Cupi;;;;2.3;Genérica del gasto;Bienes y servicios;Recursos determinados;1567251;No sectorizable (gasto por genérica);Localizada en Puno;Sí;;Sí;0
7;ANEXO-7-2-2;221;1453;Gobierno local;210803;MUNICIPALIDAD DISTRITAL DE CUPI;Puno;;Cupi;Cupi;;;;2.5;Genérica del gasto;Otros gastos;Recursos determinados;10000;No sectorizable (gasto por genérica);Localizada en Puno;Sí;;Sí;0
7;ANEXO-7-2-2;221;1453;Gobierno local;210803;MUNICIPALIDAD DISTRITAL DE CUPI;Puno;;Cupi;Cupi;;;;2.6;Genérica del gasto;Adquisición de activos no financieros;Recursos directamente recaudados;30000;No sectorizable (gasto por genérica);Localizada en Puno;Sí;;Sí;0
7;ANEXO-7-2-2;221;1453;Gobierno local;210803;MUNICIPALIDAD DISTRITAL DE CUPI;Puno;;Cupi;Cupi;;;;2.6;Genérica del gasto;Adquisición de activos no financieros;Recursos determinados;1243934;No sectorizable (gasto por genérica);Localizada en Puno;Sí;;Sí;0
7;ANEXO-7-2-2;221;1453;Gobierno local;210804;MUNICIPALIDAD DISTRITAL DE LLALLI;Puno;;Llalli;Llalli;;;;2.1;Genérica del gasto;Personal y obligaciones sociales;Recursos determinados;411164;No sectorizable (gasto por genérica);Localizada en Puno;Sí;;Sí;0
7;ANEXO-7-2-2;221;1453;Gobierno local;210804;MUNICIPALIDAD DISTRITAL DE LLALLI;Puno;;Llalli;Llalli;;;;2.2;Genérica del gasto;Pensiones y otras prestaciones sociales;Recursos ordinarios;51676;Previsión social;Localizada en Puno;Sí;;Sí;0
7;ANEXO-7-2-2;221;1453;Gobierno local;210804;MUNICIPALIDAD DISTRITAL DE LLALLI;Puno;;Llalli;Llalli;;;;2.2;Genérica del gasto;Pensiones y otras prestaciones sociales;Recursos determinados;6000;Previsión social;Localizada en Puno;Sí;;Sí;0
7;ANEXO-7-2-2;221;1453;Gobierno local;210804;MUNICIPALIDAD DISTRITAL DE LLALLI;Puno;;Llalli;Llalli;;;;2.3;Genérica del gasto;Bienes y servicios;Recursos directamente recaudados;147699;No sectorizable (gasto por genérica);Localizada en Puno;Sí;;Sí;0
7;ANEXO-7-2-2;221;1453;Gobierno local;210804;MUNICIPALIDAD DISTRITAL DE LLALLI;Puno;;Llalli;Llalli;;;;2.3;Genérica del gasto;Bienes y servicios;Recursos determinados;1058611;No sectorizable (gasto por genérica);Localizada en Puno;Sí;;Sí;0
7;ANEXO-7-2-2;221;1453;Gobierno local;210804;MUNICIPALIDAD DISTRITAL DE LLALLI;Puno;;Llalli;Llalli;;;;2.5;Genérica del gasto;Otros gastos;Recursos determinados;6000;No sectorizable (gasto por genérica);Localizada en Puno;Sí;;Sí;0
7;ANEXO-7-2-2;221;1453;Gobierno local;210804;MUNICIPALIDAD DISTRITAL DE LLALLI;Puno;;Llalli;Llalli;;;;2.6;Genérica del gasto;Adquisición de activos no financieros;Recursos determinados;1205447;No sectorizable (gasto por genérica);Localizada en Puno;Sí;;Sí;0
7;ANEXO-7-2-2;221;1453;Gobierno local;210805;MUNICIPALIDAD DISTRITAL DE MACARI;Puno;;Macari;Macari;;;;2.1;Genérica del gasto;Personal y obligaciones sociales;Recursos determinados;1022729;No sectorizable (gasto por genérica);Localizada en Puno;Sí;;Sí;0
7;ANEXO-7-2-2;221;1453;Gobierno local;210805;MUNICIPALIDAD DISTRITAL DE MACARI;Puno;;Macari;Macari;;;;2.2;Genérica del gasto;Pensiones y otras prestaciones sociales;Recursos ordinarios;149632;Previsión social;Localizada en Puno;Sí;;Sí;0
7;ANEXO-7-2-2;221;1453;Gobierno local;210805;MUNICIPALIDAD DISTRITAL DE MACARI;Puno;;Macari;Macari;;;;2.2;Genérica del gasto;Pensiones y otras prestaciones sociales;Recursos determinados;5000;Previsión social;Localizada en Puno;Sí;;Sí;0
7;ANEXO-7-2-2;221;1453;Gobierno local;210805;MUNICIPALIDAD DISTRITAL DE MACARI;Puno;;Macari;Macari;;;;2.3;Genérica del gasto;Bienes y servicios;Recursos directamente recaudados;94000;No sectorizable (gasto por genérica);Localizada en Puno;Sí;;Sí;0
7;ANEXO-7-2-2;221;1453;Gobierno local;210805;MUNICIPALIDAD DISTRITAL DE MACARI;Puno;;Macari;Macari;;;;2.3;Genérica del gasto;Bienes y servicios;Recursos determinados;2523049;No sectorizable (gasto por genérica);Localizada en Puno;Sí;;Sí;0
7;ANEXO-7-2-2;221;1453;Gobierno local;210805;MUNICIPALIDAD DISTRITAL DE MACARI;Puno;;Macari;Macari;;;;2.4;Genérica del gasto;Donaciones y transferencias;Recursos determinados;219000;No sectorizable (gasto por genérica);Localizada en Puno;Sí;;Sí;0
7;ANEXO-7-2-2;221;1453;Gobierno local;210805;MUNICIPALIDAD DISTRITAL DE MACARI;Puno;;Macari;Macari;;;;2.5;Genérica del gasto;Otros gastos;Recursos directamente recaudados;2000;No sectorizable (gasto por genérica);Localizada en Puno;Sí;;Sí;0
7;ANEXO-7-2-2;221;1453;Gobierno local;210805;MUNICIPALIDAD DISTRITAL DE MACARI;Puno;;Macari;Macari;;;;2.5;Genérica del gasto;Otros gastos;Recursos determinados;4700;No sectorizable (gasto por genérica);Localizada en Puno;Sí;;Sí;0
7;ANEXO-7-2-2;221;1453;Gobierno local;210805;MUNICIPALIDAD DISTRITAL DE MACARI;Puno;;Macari;Macari;;;;2.6;Genérica del gasto;Adquisición de activos no financieros;Recursos determinados;5916823;No sectorizable (gasto por genérica);Localizada en Puno;Sí;;Sí;0
7;ANEXO-7-2-2;221;1453;Gobierno local;210806;MUNICIPALIDAD DISTRITAL DE NUÑOA;Puno;;Nunoa;Nunoa;;;;2.1;Genérica del gasto;Personal y obligaciones sociales;Recursos directamente recaudados;30973;No sectorizable (gasto por genérica);Localizada en Puno;Sí;;Sí;0
7;ANEXO-7-2-2;221;1453;Gobierno local;210806;MUNICIPALIDAD DISTRITAL DE NUÑOA;Puno;;Nunoa;Nunoa;;;;2.1;Genérica del gasto;Personal y obligaciones sociales;Recursos determinados;1616696;No sectorizable (gasto por genérica);Localizada en Puno;Sí;;Sí;0
7;ANEXO-7-2-2;221;1453;Gobierno local;210806;MUNICIPALIDAD DISTRITAL DE NUÑOA;Puno;;Nunoa;Nunoa;;;;2.2;Genérica del gasto;Pensiones y otras prestaciones sociales;Recursos ordinarios;260896;Previsión social;Localizada en Puno;Sí;;Sí;0
7;ANEXO-7-2-2;221;1453;Gobierno local;210806;MUNICIPALIDAD DISTRITAL DE NUÑOA;Puno;;Nunoa;Nunoa;;;;2.2;Genérica del gasto;Pensiones y otras prestaciones sociales;Recursos directamente recaudados;3000;Previsión social;Localizada en Puno;Sí;;Sí;0
7;ANEXO-7-2-2;221;1453;Gobierno local;210806;MUNICIPALIDAD DISTRITAL DE NUÑOA;Puno;;Nunoa;Nunoa;;;;2.3;Genérica del gasto;Bienes y servicios;Recursos directamente recaudados;566271;No sectorizable (gasto por genérica);Localizada en Puno;Sí;;Sí;0
7;ANEXO-7-2-2;221;1453;Gobierno local;210806;MUNICIPALIDAD DISTRITAL DE NUÑOA;Puno;;Nunoa;Nunoa;;;;2.3;Genérica del gasto;Bienes y servicios;Recursos determinados;4077333;No sectorizable (gasto por genérica);Localizada en Puno;Sí;;Sí;0
7;ANEXO-7-2-2;221;1453;Gobierno local;210806;MUNICIPALIDAD DISTRITAL DE NUÑOA;Puno;;Nunoa;Nunoa;;;;2.4;Genérica del gasto;Donaciones y transferencias;Recursos determinados;41850;No sectorizable (gasto por genérica);Localizada en Puno;Sí;;Sí;0
7;ANEXO-7-2-2;221;1453;Gobierno local;210806;MUNICIPALIDAD DISTRITAL DE NUÑOA;Puno;;Nunoa;Nunoa;;;;2.5;Genérica del gasto;Otros gastos;Recursos directamente recaudados;20000;No sectorizable (gasto por genérica);Localizada en Puno;Sí;;Sí;0
7;ANEXO-7-2-2;221;1453;Gobierno local;210806;MUNICIPALIDAD DISTRITAL DE NUÑOA;Puno;;Nunoa;Nunoa;;;;2.5;Genérica del gasto;Otros gastos;Recursos determinados;1500;No sectorizable (gasto por genérica);Localizada en Puno;Sí;;Sí;0
7;ANEXO-7-2-2;221;1453;Gobierno local;210806;MUNICIPALIDAD DISTRITAL DE NUÑOA;Puno;;Nunoa;Nunoa;;;;2.6;Genérica del gasto;Adquisición de activos no financieros;Recursos directamente recaudados;27456;No sectorizable (gasto por genérica);Localizada en Puno;Sí;;Sí;0
7;ANEXO-7-2-2;221;1453;Gobierno local;210806;MUNICIPALIDAD DISTRITAL DE NUÑOA;Puno;;Nunoa;Nunoa;;;;2.6;Genérica del gasto;Adquisición de activos no financieros;Recursos determinados;5891840;No sectorizable (gasto por genérica);Localizada en Puno;Sí;;Sí;0
7;ANEXO-7-2-2;222;1454;Gobierno local;210807;MUNICIPALIDAD DISTRITAL DE ORURILLO;Puno;;Orurillo;Orurillo;;;;2.1;Genérica del gasto;Personal y obligaciones sociales;Recursos directamente recaudados;83516;No sectorizable (gasto por genérica);Localizada en Puno;Sí;;Sí;0
7;ANEXO-7-2-2;222;1454;Gobierno local;210807;MUNICIPALIDAD DISTRITAL DE ORURILLO;Puno;;Orurillo;Orurillo;;;;2.1;Genérica del gasto;Personal y obligaciones sociales;Recursos determinados;896513;No sectorizable (gasto por genérica);Localizada en Puno;Sí;;Sí;0
7;ANEXO-7-2-2;222;1454;Gobierno local;210807;MUNICIPALIDAD DISTRITAL DE ORURILLO;Puno;;Orurillo;Orurillo;;;;2.2;Genérica del gasto;Pensiones y otras prestaciones sociales;Recursos ordinarios;203964;Previsión social;Localizada en Puno;Sí;;Sí;0
7;ANEXO-7-2-2;222;1454;Gobierno local;210807;MUNICIPALIDAD DISTRITAL DE ORURILLO;Puno;;Orurillo;Orurillo;;;;2.2;Genérica del gasto;Pensiones y otras prestaciones sociales;Recursos determinados;2000;Previsión social;Localizada en Puno;Sí;;Sí;0
7;ANEXO-7-2-2;222;1454;Gobierno local;210807;MUNICIPALIDAD DISTRITAL DE ORURILLO;Puno;;Orurillo;Orurillo;;;;2.3;Genérica del gasto;Bienes y servicios;Recursos directamente recaudados;73546;No sectorizable (gasto por genérica);Localizada en Puno;Sí;;Sí;0
7;ANEXO-7-2-2;222;1454;Gobierno local;210807;MUNICIPALIDAD DISTRITAL DE ORURILLO;Puno;;Orurillo;Orurillo;;;;2.3;Genérica del gasto;Bienes y servicios;Recursos determinados;2997378;No sectorizable (gasto por genérica);Localizada en Puno;Sí;;Sí;0
7;ANEXO-7-2-2;222;1454;Gobierno local;210807;MUNICIPALIDAD DISTRITAL DE ORURILLO;Puno;;Orurillo;Orurillo;;;;2.4;Genérica del gasto;Donaciones y transferencias;Recursos determinados;274320;No sectorizable (gasto por genérica);Localizada en Puno;Sí;;Sí;0
7;ANEXO-7-2-2;222;1454;Gobierno local;210807;MUNICIPALIDAD DISTRITAL DE ORURILLO;Puno;;Orurillo;Orurillo;;;;2.5;Genérica del gasto;Otros gastos;Recursos directamente recaudados;3000;No sectorizable (gasto por genérica);Localizada en Puno;Sí;;Sí;0
7;ANEXO-7-2-2;222;1454;Gobierno local;210807;MUNICIPALIDAD DISTRITAL DE ORURILLO;Puno;;Orurillo;Orurillo;;;;2.6;Genérica del gasto;Adquisición de activos no financieros;Recursos determinados;4614564;No sectorizable (gasto por genérica);Localizada en Puno;Sí;;Sí;0
7;ANEXO-7-2-2;222;1454;Gobierno local;210807;MUNICIPALIDAD DISTRITAL DE ORURILLO;Puno;;Orurillo;Orurillo;;;;2.8;Genérica del gasto;Servicio de la deuda pública;Recursos determinados;435188;Deuda pública;Localizada en Puno;Sí;;Sí;0
7;ANEXO-7-2-2;222;1454;Gobierno local;210808;MUNICIPALIDAD DISTRITAL DE SANTA ROSA;Puno;;Santa Rosa;Santa Rosa;;;;2.1;Genérica del gasto;Personal y obligaciones sociales;Recursos determinados;611979;No sectorizable (gasto por genérica);Localizada en Puno;Sí;;Sí;0
7;ANEXO-7-2-2;222;1454;Gobierno local;210808;MUNICIPALIDAD DISTRITAL DE SANTA ROSA;Puno;;Santa Rosa;Santa Rosa;;;;2.2;Genérica del gasto;Pensiones y otras prestaciones sociales;Recursos ordinarios;134669;Previsión social;Localizada en Puno;Sí;;Sí;0
7;ANEXO-7-2-2;222;1454;Gobierno local;210808;MUNICIPALIDAD DISTRITAL DE SANTA ROSA;Puno;;Santa Rosa;Santa Rosa;;;;2.3;Genérica del gasto;Bienes y servicios;Recursos directamente recaudados;147200;No sectorizable (gasto por genérica);Localizada en Puno;Sí;;Sí;0
7;ANEXO-7-2-2;222;1454;Gobierno local;210808;MUNICIPALIDAD DISTRITAL DE SANTA ROSA;Puno;;Santa Rosa;Santa Rosa;;;;2.3;Genérica del gasto;Bienes y servicios;Recursos determinados;2499170;No sectorizable (gasto por genérica);Localizada en Puno;Sí;;Sí;0
7;ANEXO-7-2-2;222;1454;Gobierno local;210808;MUNICIPALIDAD DISTRITAL DE SANTA ROSA;Puno;;Santa Rosa;Santa Rosa;;;;2.4;Genérica del gasto;Donaciones y transferencias;Recursos determinados;132840;No sectorizable (gasto por genérica);Localizada en Puno;Sí;;Sí;0
7;ANEXO-7-2-2;222;1454;Gobierno local;210808;MUNICIPALIDAD DISTRITAL DE SANTA ROSA;Puno;;Santa Rosa;Santa Rosa;;;;2.6;Genérica del gasto;Adquisición de activos no financieros;Recursos determinados;5173245;No sectorizable (gasto por genérica);Localizada en Puno;Sí;;Sí;0
7;ANEXO-7-2-2;222;1454;Gobierno local;210809;MUNICIPALIDAD DISTRITAL DE UMACHIRI;Puno;;Umachiri;Umachiri;;;;2.1;Genérica del gasto;Personal y obligaciones sociales;Recursos determinados;441509;No sectorizable (gasto por genérica);Localizada en Puno;Sí;;Sí;0
7;ANEXO-7-2-2;222;1454;Gobierno local;210809;MUNICIPALIDAD DISTRITAL DE UMACHIRI;Puno;;Umachiri;Umachiri;;;;2.2;Genérica del gasto;Pensiones y otras prestaciones sociales;Recursos ordinarios;62172;Previsión social;Localizada en Puno;Sí;;Sí;0
7;ANEXO-7-2-2;222;1454;Gobierno local;210809;MUNICIPALIDAD DISTRITAL DE UMACHIRI;Puno;;Umachiri;Umachiri;;;;2.3;Genérica del gasto;Bienes y servicios;Recursos directamente recaudados;160400;No sectorizable (gasto por genérica);Localizada en Puno;Sí;;Sí;0
7;ANEXO-7-2-2;222;1454;Gobierno local;210809;MUNICIPALIDAD DISTRITAL DE UMACHIRI;Puno;;Umachiri;Umachiri;;;;2.3;Genérica del gasto;Bienes y servicios;Recursos determinados;1993970;No sectorizable (gasto por genérica);Localizada en Puno;Sí;;Sí;0
7;ANEXO-7-2-2;222;1454;Gobierno local;210809;MUNICIPALIDAD DISTRITAL DE UMACHIRI;Puno;;Umachiri;Umachiri;;;;2.4;Genérica del gasto;Donaciones y transferencias;Recursos determinados;49044;No sectorizable (gasto por genérica);Localizada en Puno;Sí;;Sí;0
7;ANEXO-7-2-2;222;1454;Gobierno local;210809;MUNICIPALIDAD DISTRITAL DE UMACHIRI;Puno;;Umachiri;Umachiri;;;;2.5;Genérica del gasto;Otros gastos;Recursos determinados;8000;No sectorizable (gasto por genérica);Localizada en Puno;Sí;;Sí;0
7;ANEXO-7-2-2;222;1454;Gobierno local;210809;MUNICIPALIDAD DISTRITAL DE UMACHIRI;Puno;;Umachiri;Umachiri;;;;2.6;Genérica del gasto;Adquisición de activos no financieros;Recursos determinados;2818945;No sectorizable (gasto por genérica);Localizada en Puno;Sí;;Sí;0
7;ANEXO-7-2-2;222;1454;Gobierno local;210901;MUNICIPALIDAD PROVINCIAL DE MOHO;Puno;;Moho;Moho;;;;2.1;Genérica del gasto;Personal y obligaciones sociales;Recursos determinados;1644028;No sectorizable (gasto por genérica);Localizada en Puno;Sí;;Sí;0
7;ANEXO-7-2-2;223;1455;Gobierno local;210901;MUNICIPALIDAD PROVINCIAL DE MOHO;Puno;;Moho;Moho;;;;2.2;Genérica del gasto;Pensiones y otras prestaciones sociales;Recursos ordinarios;808582;Previsión social;Localizada en Puno;Sí;;Sí;0
7;ANEXO-7-2-2;223;1455;Gobierno local;210901;MUNICIPALIDAD PROVINCIAL DE MOHO;Puno;;Moho;Moho;;;;2.3;Genérica del gasto;Bienes y servicios;Recursos directamente recaudados;85000;No sectorizable (gasto por genérica);Localizada en Puno;Sí;;Sí;0
7;ANEXO-7-2-2;223;1455;Gobierno local;210901;MUNICIPALIDAD PROVINCIAL DE MOHO;Puno;;Moho;Moho;;;;2.3;Genérica del gasto;Bienes y servicios;Recursos determinados;2346392;No sectorizable (gasto por genérica);Localizada en Puno;Sí;;Sí;0
7;ANEXO-7-2-2;223;1455;Gobierno local;210901;MUNICIPALIDAD PROVINCIAL DE MOHO;Puno;;Moho;Moho;;;;2.4;Genérica del gasto;Donaciones y transferencias;Recursos ordinarios;510750;No sectorizable (gasto por genérica);Localizada en Puno;Sí;;Sí;0
7;ANEXO-7-2-2;223;1455;Gobierno local;210901;MUNICIPALIDAD PROVINCIAL DE MOHO;Puno;;Moho;Moho;;;;2.4;Genérica del gasto;Donaciones y transferencias;Recursos determinados;678720;No sectorizable (gasto por genérica);Localizada en Puno;Sí;;Sí;0
7;ANEXO-7-2-2;223;1455;Gobierno local;210901;MUNICIPALIDAD PROVINCIAL DE MOHO;Puno;;Moho;Moho;;;;2.5;Genérica del gasto;Otros gastos;Recursos ordinarios;50624;No sectorizable (gasto por genérica);Localizada en Puno;Sí;;Sí;0
7;ANEXO-7-2-2;223;1455;Gobierno local;210901;MUNICIPALIDAD PROVINCIAL DE MOHO;Puno;;Moho;Moho;;;;2.6;Genérica del gasto;Adquisición de activos no financieros;Recursos determinados;7255007;No sectorizable (gasto por genérica);Localizada en Puno;Sí;;Sí;0
7;ANEXO-7-2-2;223;1455;Gobierno local;210902;MUNICIPALIDAD DISTRITAL DE CONIMA;Puno;;Conima;Conima;;;;2.1;Genérica del gasto;Personal y obligaciones sociales;Recursos determinados;228663;No sectorizable (gasto por genérica);Localizada en Puno;Sí;;Sí;0
7;ANEXO-7-2-2;223;1455;Gobierno local;210902;MUNICIPALIDAD DISTRITAL DE CONIMA;Puno;;Conima;Conima;;;;2.2;Genérica del gasto;Pensiones y otras prestaciones sociales;Recursos ordinarios;98189;Previsión social;Localizada en Puno;Sí;;Sí;0
7;ANEXO-7-2-2;223;1455;Gobierno local;210902;MUNICIPALIDAD DISTRITAL DE CONIMA;Puno;;Conima;Conima;;;;2.3;Genérica del gasto;Bienes y servicios;Recursos directamente recaudados;28000;No sectorizable (gasto por genérica);Localizada en Puno;Sí;;Sí;0
7;ANEXO-7-2-2;223;1455;Gobierno local;210902;MUNICIPALIDAD DISTRITAL DE CONIMA;Puno;;Conima;Conima;;;;2.3;Genérica del gasto;Bienes y servicios;Recursos determinados;853932;No sectorizable (gasto por genérica);Localizada en Puno;Sí;;Sí;0
7;ANEXO-7-2-2;223;1455;Gobierno local;210902;MUNICIPALIDAD DISTRITAL DE CONIMA;Puno;;Conima;Conima;;;;2.4;Genérica del gasto;Donaciones y transferencias;Recursos determinados;57924;No sectorizable (gasto por genérica);Localizada en Puno;Sí;;Sí;0
7;ANEXO-7-2-2;223;1455;Gobierno local;210902;MUNICIPALIDAD DISTRITAL DE CONIMA;Puno;;Conima;Conima;;;;2.5;Genérica del gasto;Otros gastos;Recursos determinados;5000;No sectorizable (gasto por genérica);Localizada en Puno;Sí;;Sí;0
7;ANEXO-7-2-2;223;1455;Gobierno local;210902;MUNICIPALIDAD DISTRITAL DE CONIMA;Puno;;Conima;Conima;;;;2.6;Genérica del gasto;Adquisición de activos no financieros;Recursos determinados;1645001;No sectorizable (gasto por genérica);Localizada en Puno;Sí;;Sí;0
7;ANEXO-7-2-2;223;1455;Gobierno local;210903;MUNICIPALIDAD DISTRITAL DE HUAYRAPATA;Puno;;Huayrapata;Huayrapata;;;;2.1;Genérica del gasto;Personal y obligaciones sociales;Recursos determinados;156773;No sectorizable (gasto por genérica);Localizada en Puno;Sí;;Sí;0
7;ANEXO-7-2-2;223;1455;Gobierno local;210903;MUNICIPALIDAD DISTRITAL DE HUAYRAPATA;Puno;;Huayrapata;Huayrapata;;;;2.2;Genérica del gasto;Pensiones y otras prestaciones sociales;Recursos ordinarios;127909;Previsión social;Localizada en Puno;Sí;;Sí;0
7;ANEXO-7-2-2;223;1455;Gobierno local;210903;MUNICIPALIDAD DISTRITAL DE HUAYRAPATA;Puno;;Huayrapata;Huayrapata;;;;2.3;Genérica del gasto;Bienes y servicios;Recursos directamente recaudados;20000;No sectorizable (gasto por genérica);Localizada en Puno;Sí;;Sí;0
7;ANEXO-7-2-2;223;1455;Gobierno local;210903;MUNICIPALIDAD DISTRITAL DE HUAYRAPATA;Puno;;Huayrapata;Huayrapata;;;;2.3;Genérica del gasto;Bienes y servicios;Recursos determinados;1009436;No sectorizable (gasto por genérica);Localizada en Puno;Sí;;Sí;0
7;ANEXO-7-2-2;223;1455;Gobierno local;210903;MUNICIPALIDAD DISTRITAL DE HUAYRAPATA;Puno;;Huayrapata;Huayrapata;;;;2.4;Genérica del gasto;Donaciones y transferencias;Recursos determinados;91320;No sectorizable (gasto por genérica);Localizada en Puno;Sí;;Sí;0
7;ANEXO-7-2-2;223;1455;Gobierno local;210903;MUNICIPALIDAD DISTRITAL DE HUAYRAPATA;Puno;;Huayrapata;Huayrapata;;;;2.6;Genérica del gasto;Adquisición de activos no financieros;Recursos determinados;969861;No sectorizable (gasto por genérica);Localizada en Puno;Sí;;Sí;0
7;ANEXO-7-2-2;223;1455;Gobierno local;210904;MUNICIPALIDAD DISTRITAL DE TILALI;Puno;;Tilali;Tilali;;;;2.1;Genérica del gasto;Personal y obligaciones sociales;Recursos determinados;127910;No sectorizable (gasto por genérica);Localizada en Puno;Sí;;Sí;0
7;ANEXO-7-2-2;223;1455;Gobierno local;210904;MUNICIPALIDAD DISTRITAL DE TILALI;Puno;;Tilali;Tilali;;;;2.2;Genérica del gasto;Pensiones y otras prestaciones sociales;Recursos ordinarios;89215;Previsión social;Localizada en Puno;Sí;;Sí;0
7;ANEXO-7-2-2;223;1455;Gobierno local;210904;MUNICIPALIDAD DISTRITAL DE TILALI;Puno;;Tilali;Tilali;;;;2.3;Genérica del gasto;Bienes y servicios;Recursos directamente recaudados;14500;No sectorizable (gasto por genérica);Localizada en Puno;Sí;;Sí;0
7;ANEXO-7-2-2;223;1455;Gobierno local;210904;MUNICIPALIDAD DISTRITAL DE TILALI;Puno;;Tilali;Tilali;;;;2.3;Genérica del gasto;Bienes y servicios;Recursos determinados;1039806;No sectorizable (gasto por genérica);Localizada en Puno;Sí;;Sí;0
7;ANEXO-7-2-2;223;1455;Gobierno local;210904;MUNICIPALIDAD DISTRITAL DE TILALI;Puno;;Tilali;Tilali;;;;2.4;Genérica del gasto;Donaciones y transferencias;Recursos determinados;78648;No sectorizable (gasto por genérica);Localizada en Puno;Sí;;Sí;0
7;ANEXO-7-2-2;223;1455;Gobierno local;210904;MUNICIPALIDAD DISTRITAL DE TILALI;Puno;;Tilali;Tilali;;;;2.6;Genérica del gasto;Adquisición de activos no financieros;Recursos determinados;980893;No sectorizable (gasto por genérica);Localizada en Puno;Sí;;Sí;0
7;ANEXO-7-2-2;224;1456;Gobierno local;211001;MUNICIPALIDAD PROVINCIAL DE SAN ANTONIO DE PUTINA -PUTINA;Puno;;San Antonio De Putina;San Antonio De Putina;;;;2.1;Genérica del gasto;Personal y obligaciones sociales;Recursos determinados;2733067;No sectorizable (gasto por genérica);Localizada en Puno;Sí;;Sí;0
7;ANEXO-7-2-2;224;1456;Gobierno local;211001;MUNICIPALIDAD PROVINCIAL DE SAN ANTONIO DE PUTINA -PUTINA;Puno;;San Antonio De Putina;San Antonio De Putina;;;;2.2;Genérica del gasto;Pensiones y otras prestaciones sociales;Recursos ordinarios;610470;Previsión social;Localizada en Puno;Sí;;Sí;0
7;ANEXO-7-2-2;224;1456;Gobierno local;211001;MUNICIPALIDAD PROVINCIAL DE SAN ANTONIO DE PUTINA -PUTINA;Puno;;San Antonio De Putina;San Antonio De Putina;;;;2.2;Genérica del gasto;Pensiones y otras prestaciones sociales;Recursos determinados;60600;Previsión social;Localizada en Puno;Sí;;Sí;0
7;ANEXO-7-2-2;224;1456;Gobierno local;211001;MUNICIPALIDAD PROVINCIAL DE SAN ANTONIO DE PUTINA -PUTINA;Puno;;San Antonio De Putina;San Antonio De Putina;;;;2.3;Genérica del gasto;Bienes y servicios;Recursos ordinarios;350159;No sectorizable (gasto por genérica);Localizada en Puno;Sí;;Sí;0
7;ANEXO-7-2-2;224;1456;Gobierno local;211001;MUNICIPALIDAD PROVINCIAL DE SAN ANTONIO DE PUTINA -PUTINA;Puno;;San Antonio De Putina;San Antonio De Putina;;;;2.3;Genérica del gasto;Bienes y servicios;Recursos directamente recaudados;2067428;No sectorizable (gasto por genérica);Localizada en Puno;Sí;;Sí;0
7;ANEXO-7-2-2;224;1456;Gobierno local;211001;MUNICIPALIDAD PROVINCIAL DE SAN ANTONIO DE PUTINA -PUTINA;Puno;;San Antonio De Putina;San Antonio De Putina;;;;2.3;Genérica del gasto;Bienes y servicios;Recursos determinados;7787836;No sectorizable (gasto por genérica);Localizada en Puno;Sí;;Sí;0
7;ANEXO-7-2-2;224;1456;Gobierno local;211001;MUNICIPALIDAD PROVINCIAL DE SAN ANTONIO DE PUTINA -PUTINA;Puno;;San Antonio De Putina;San Antonio De Putina;;;;2.4;Genérica del gasto;Donaciones y transferencias;Recursos directamente recaudados;79749;No sectorizable (gasto por genérica);Localizada en Puno;Sí;;Sí;0
7;ANEXO-7-2-2;224;1456;Gobierno local;211001;MUNICIPALIDAD PROVINCIAL DE SAN ANTONIO DE PUTINA -PUTINA;Puno;;San Antonio De Putina;San Antonio De Putina;;;;2.4;Genérica del gasto;Donaciones y transferencias;Recursos determinados;610860;No sectorizable (gasto por genérica);Localizada en Puno;Sí;;Sí;0
7;ANEXO-7-2-2;224;1456;Gobierno local;211001;MUNICIPALIDAD PROVINCIAL DE SAN ANTONIO DE PUTINA -PUTINA;Puno;;San Antonio De Putina;San Antonio De Putina;;;;2.5;Genérica del gasto;Otros gastos;Recursos ordinarios;25188;No sectorizable (gasto por genérica);Localizada en Puno;Sí;;Sí;0
7;ANEXO-7-2-2;224;1456;Gobierno local;211001;MUNICIPALIDAD PROVINCIAL DE SAN ANTONIO DE PUTINA -PUTINA;Puno;;San Antonio De Putina;San Antonio De Putina;;;;2.6;Genérica del gasto;Adquisición de activos no financieros;Donaciones y transferencias;29598;No sectorizable (gasto por genérica);Localizada en Puno;Sí;;Sí;0
7;ANEXO-7-2-2;224;1456;Gobierno local;211001;MUNICIPALIDAD PROVINCIAL DE SAN ANTONIO DE PUTINA -PUTINA;Puno;;San Antonio De Putina;San Antonio De Putina;;;;2.6;Genérica del gasto;Adquisición de activos no financieros;Recursos determinados;16366927;No sectorizable (gasto por genérica);Localizada en Puno;Sí;;Sí;0
7;ANEXO-7-2-2;224;1456;Gobierno local;211002;MUNICIPALIDAD DISTRITAL DE ANANEA;Puno;;Ananea;Ananea;;;;2.1;Genérica del gasto;Personal y obligaciones sociales;Recursos determinados;1420478;No sectorizable (gasto por genérica);Localizada en Puno;Sí;;Sí;0
7;ANEXO-7-2-2;224;1456;Gobierno local;211002;MUNICIPALIDAD DISTRITAL DE ANANEA;Puno;;Ananea;Ananea;;;;2.2;Genérica del gasto;Pensiones y otras prestaciones sociales;Recursos ordinarios;423980;Previsión social;Localizada en Puno;Sí;;Sí;0
7;ANEXO-7-2-2;224;1456;Gobierno local;211002;MUNICIPALIDAD DISTRITAL DE ANANEA;Puno;;Ananea;Ananea;;;;2.2;Genérica del gasto;Pensiones y otras prestaciones sociales;Recursos directamente recaudados;30000;Previsión social;Localizada en Puno;Sí;;Sí;0
7;ANEXO-7-2-2;224;1456;Gobierno local;211002;MUNICIPALIDAD DISTRITAL DE ANANEA;Puno;;Ananea;Ananea;;;;2.2;Genérica del gasto;Pensiones y otras prestaciones sociales;Recursos determinados;100000;Previsión social;Localizada en Puno;Sí;;Sí;0
7;ANEXO-7-2-2;224;1456;Gobierno local;211002;MUNICIPALIDAD DISTRITAL DE ANANEA;Puno;;Ananea;Ananea;;;;2.3;Genérica del gasto;Bienes y servicios;Recursos directamente recaudados;345000;No sectorizable (gasto por genérica);Localizada en Puno;Sí;;Sí;0
7;ANEXO-7-2-2;224;1456;Gobierno local;211002;MUNICIPALIDAD DISTRITAL DE ANANEA;Puno;;Ananea;Ananea;;;;2.3;Genérica del gasto;Bienes y servicios;Recursos determinados;5447903;No sectorizable (gasto por genérica);Localizada en Puno;Sí;;Sí;0
7;ANEXO-7-2-2;224;1456;Gobierno local;211002;MUNICIPALIDAD DISTRITAL DE ANANEA;Puno;;Ananea;Ananea;;;;2.4;Genérica del gasto;Donaciones y transferencias;Recursos determinados;265680;No sectorizable (gasto por genérica);Localizada en Puno;Sí;;Sí;0
7;ANEXO-7-2-2;224;1456;Gobierno local;211002;MUNICIPALIDAD DISTRITAL DE ANANEA;Puno;;Ananea;Ananea;;;;2.5;Genérica del gasto;Otros gastos;Recursos determinados;4500;No sectorizable (gasto por genérica);Localizada en Puno;Sí;;Sí;0
7;ANEXO-7-2-2;224;1456;Gobierno local;211002;MUNICIPALIDAD DISTRITAL DE ANANEA;Puno;;Ananea;Ananea;;;;2.6;Genérica del gasto;Adquisición de activos no financieros;Recursos directamente recaudados;738241;No sectorizable (gasto por genérica);Localizada en Puno;Sí;;Sí;0
7;ANEXO-7-2-2;224;1456;Gobierno local;211002;MUNICIPALIDAD DISTRITAL DE ANANEA;Puno;;Ananea;Ananea;;;;2.6;Genérica del gasto;Adquisición de activos no financieros;Recursos determinados;9054087;No sectorizable (gasto por genérica);Localizada en Puno;Sí;;Sí;0
7;ANEXO-7-2-2;224;1456;Gobierno local;211003;MUNICIPALIDAD DISTRITAL DE PEDRO VILCA APAZA;Puno;;Pedro Vilca Apaza;Pedro Vilca Apaza;;;;2.1;Genérica del gasto;Personal y obligaciones sociales;Recursos determinados;396361;No sectorizable (gasto por genérica);Localizada en Puno;Sí;;Sí;0
7;ANEXO-7-2-2;224;1456;Gobierno local;211003;MUNICIPALIDAD DISTRITAL DE PEDRO VILCA APAZA;Puno;;Pedro Vilca Apaza;Pedro Vilca Apaza;;;;2.2;Genérica del gasto;Pensiones y otras prestaciones sociales;Recursos ordinarios;54264;Previsión social;Localizada en Puno;Sí;;Sí;0
7;ANEXO-7-2-2;224;1456;Gobierno local;211003;MUNICIPALIDAD DISTRITAL DE PEDRO VILCA APAZA;Puno;;Pedro Vilca Apaza;Pedro Vilca Apaza;;;;2.3;Genérica del gasto;Bienes y servicios;Recursos directamente recaudados;9250;No sectorizable (gasto por genérica);Localizada en Puno;Sí;;Sí;0
7;ANEXO-7-2-2;224;1456;Gobierno local;211003;MUNICIPALIDAD DISTRITAL DE PEDRO VILCA APAZA;Puno;;Pedro Vilca Apaza;Pedro Vilca Apaza;;;;2.3;Genérica del gasto;Bienes y servicios;Recursos determinados;1336125;No sectorizable (gasto por genérica);Localizada en Puno;Sí;;Sí;0
7;ANEXO-7-2-2;224;1456;Gobierno local;211003;MUNICIPALIDAD DISTRITAL DE PEDRO VILCA APAZA;Puno;;Pedro Vilca Apaza;Pedro Vilca Apaza;;;;2.4;Genérica del gasto;Donaciones y transferencias;Recursos determinados;75264;No sectorizable (gasto por genérica);Localizada en Puno;Sí;;Sí;0
7;ANEXO-7-2-2;224;1456;Gobierno local;211003;MUNICIPALIDAD DISTRITAL DE PEDRO VILCA APAZA;Puno;;Pedro Vilca Apaza;Pedro Vilca Apaza;;;;2.5;Genérica del gasto;Otros gastos;Recursos determinados;10000;No sectorizable (gasto por genérica);Localizada en Puno;Sí;;Sí;0
7;ANEXO-7-2-2;224;1456;Gobierno local;211003;MUNICIPALIDAD DISTRITAL DE PEDRO VILCA APAZA;Puno;;Pedro Vilca Apaza;Pedro Vilca Apaza;;;;2.6;Genérica del gasto;Adquisición de activos no financieros;Recursos determinados;1936436;No sectorizable (gasto por genérica);Localizada en Puno;Sí;;Sí;0
7;ANEXO-7-2-2;224;1456;Gobierno local;211004;MUNICIPALIDAD DISTRITAL DE QUILCAPUNCU;Puno;;Quilcapuncu;Quilcapuncu;;;;2.1;Genérica del gasto;Personal y obligaciones sociales;Recursos determinados;271884;No sectorizable (gasto por genérica);Localizada en Puno;Sí;;Sí;0
7;ANEXO-7-2-2;224;1456;Gobierno local;211004;MUNICIPALIDAD DISTRITAL DE QUILCAPUNCU;Puno;;Quilcapuncu;Quilcapuncu;;;;2.2;Genérica del gasto;Pensiones y otras prestaciones sociales;Recursos ordinarios;102775;Previsión social;Localizada en Puno;Sí;;Sí;0
7;ANEXO-7-2-2;224;1456;Gobierno local;211004;MUNICIPALIDAD DISTRITAL DE QUILCAPUNCU;Puno;;Quilcapuncu;Quilcapuncu;;;;2.3;Genérica del gasto;Bienes y servicios;Recursos directamente recaudados;312528;No sectorizable (gasto por genérica);Localizada en Puno;Sí;;Sí;0
7;ANEXO-7-2-2;224;1456;Gobierno local;211004;MUNICIPALIDAD DISTRITAL DE QUILCAPUNCU;Puno;;Quilcapuncu;Quilcapuncu;;;;2.3;Genérica del gasto;Bienes y servicios;Recursos determinados;2451840;No sectorizable (gasto por genérica);Localizada en Puno;Sí;;Sí;0
7;ANEXO-7-2-2;224;1456;Gobierno local;211004;MUNICIPALIDAD DISTRITAL DE QUILCAPUNCU;Puno;;Quilcapuncu;Quilcapuncu;;;;2.4;Genérica del gasto;Donaciones y transferencias;Recursos determinados;66870;No sectorizable (gasto por genérica);Localizada en Puno;Sí;;Sí;0
7;ANEXO-7-2-2;225;1457;Gobierno local;211004;MUNICIPALIDAD DISTRITAL DE QUILCAPUNCU;Puno;;Quilcapuncu;Quilcapuncu;;;;2.5;Genérica del gasto;Otros gastos;Recursos determinados;4000;No sectorizable (gasto por genérica);Localizada en Puno;Sí;;Sí;0
7;ANEXO-7-2-2;225;1457;Gobierno local;211004;MUNICIPALIDAD DISTRITAL DE QUILCAPUNCU;Puno;;Quilcapuncu;Quilcapuncu;;;;2.6;Genérica del gasto;Adquisición de activos no financieros;Recursos determinados;4604393;No sectorizable (gasto por genérica);Localizada en Puno;Sí;;Sí;0
7;ANEXO-7-2-2;225;1457;Gobierno local;211005;MUNICIPALIDAD DISTRITAL DE SIMA;Puno;;Sima;Sima;;;;2.1;Genérica del gasto;Personal y obligaciones sociales;Recursos determinados;214621;No sectorizable (gasto por genérica);Localizada en Puno;Sí;;Sí;0
7;ANEXO-7-2-2;225;1457;Gobierno local;211005;MUNICIPALIDAD DISTRITAL DE SIMA;Puno;;Sima;Sima;;;;2.2;Genérica del gasto;Pensiones y otras prestaciones sociales;Recursos ordinarios;38293;Previsión social;Localizada en Puno;Sí;;Sí;0
7;ANEXO-7-2-2;225;1457;Gobierno local;211005;MUNICIPALIDAD DISTRITAL DE SIMA;Puno;;Sima;Sima;;;;2.3;Genérica del gasto;Bienes y servicios;Recursos directamente recaudados;11500;No sectorizable (gasto por genérica);Localizada en Puno;Sí;;Sí;0
7;ANEXO-7-2-2;225;1457;Gobierno local;211005;MUNICIPALIDAD DISTRITAL DE SIMA;Puno;;Sima;Sima;;;;2.3;Genérica del gasto;Bienes y servicios;Recursos determinados;1396041;No sectorizable (gasto por genérica);Localizada en Puno;Sí;;Sí;0
7;ANEXO-7-2-2;225;1457;Gobierno local;211005;MUNICIPALIDAD DISTRITAL DE SIMA;Puno;;Sima;Sima;;;;2.6;Genérica del gasto;Adquisición de activos no financieros;Recursos directamente recaudados;150000;No sectorizable (gasto por genérica);Localizada en Puno;Sí;;Sí;0
7;ANEXO-7-2-2;225;1457;Gobierno local;211005;MUNICIPALIDAD DISTRITAL DE SIMA;Puno;;Sima;Sima;;;;2.6;Genérica del gasto;Adquisición de activos no financieros;Recursos determinados;1972347;No sectorizable (gasto por genérica);Localizada en Puno;Sí;;Sí;0
7;ANEXO-7-2-2;225;1457;Gobierno local;211101;MUNICIPALIDAD PROVINCIAL DE SAN ROMAN -JULIACA;Puno;;San Roman;San Roman;;;;2.1;Genérica del gasto;Personal y obligaciones sociales;Recursos directamente recaudados;12765083;No sectorizable (gasto por genérica);Localizada en Puno;Sí;;Sí;0
7;ANEXO-7-2-2;225;1457;Gobierno local;211101;MUNICIPALIDAD PROVINCIAL DE SAN ROMAN -JULIACA;Puno;;San Roman;San Roman;;;;2.1;Genérica del gasto;Personal y obligaciones sociales;Recursos determinados;34076859;No sectorizable (gasto por genérica);Localizada en Puno;Sí;;Sí;0
7;ANEXO-7-2-2;225;1457;Gobierno local;211101;MUNICIPALIDAD PROVINCIAL DE SAN ROMAN -JULIACA;Puno;;San Roman;San Roman;;;;2.2;Genérica del gasto;Pensiones y otras prestaciones sociales;Recursos ordinarios;3984063;Previsión social;Localizada en Puno;Sí;;Sí;0
7;ANEXO-7-2-2;225;1457;Gobierno local;211101;MUNICIPALIDAD PROVINCIAL DE SAN ROMAN -JULIACA;Puno;;San Roman;San Roman;;;;2.2;Genérica del gasto;Pensiones y otras prestaciones sociales;Recursos determinados;1643113;Previsión social;Localizada en Puno;Sí;;Sí;0
7;ANEXO-7-2-2;225;1457;Gobierno local;211101;MUNICIPALIDAD PROVINCIAL DE SAN ROMAN -JULIACA;Puno;;San Roman;San Roman;;;;2.3;Genérica del gasto;Bienes y servicios;Recursos ordinarios;15220324;No sectorizable (gasto por genérica);Localizada en Puno;Sí;;Sí;0
7;ANEXO-7-2-2;225;1457;Gobierno local;211101;MUNICIPALIDAD PROVINCIAL DE SAN ROMAN -JULIACA;Puno;;San Roman;San Roman;;;;2.3;Genérica del gasto;Bienes y servicios;Recursos directamente recaudados;2115459;No sectorizable (gasto por genérica);Localizada en Puno;Sí;;Sí;0
7;ANEXO-7-2-2;225;1457;Gobierno local;211101;MUNICIPALIDAD PROVINCIAL DE SAN ROMAN -JULIACA;Puno;;San Roman;San Roman;;;;2.3;Genérica del gasto;Bienes y servicios;Recursos determinados;31418237;No sectorizable (gasto por genérica);Localizada en Puno;Sí;;Sí;0
7;ANEXO-7-2-2;225;1457;Gobierno local;211101;MUNICIPALIDAD PROVINCIAL DE SAN ROMAN -JULIACA;Puno;;San Roman;San Roman;;;;2.4;Genérica del gasto;Donaciones y transferencias;Recursos ordinarios;132492;No sectorizable (gasto por genérica);Localizada en Puno;Sí;;Sí;0
7;ANEXO-7-2-2;225;1457;Gobierno local;211101;MUNICIPALIDAD PROVINCIAL DE SAN ROMAN -JULIACA;Puno;;San Roman;San Roman;;;;2.4;Genérica del gasto;Donaciones y transferencias;Recursos determinados;623420;No sectorizable (gasto por genérica);Localizada en Puno;Sí;;Sí;0
7;ANEXO-7-2-2;225;1457;Gobierno local;211101;MUNICIPALIDAD PROVINCIAL DE SAN ROMAN -JULIACA;Puno;;San Roman;San Roman;;;;2.5;Genérica del gasto;Otros gastos;Recursos ordinarios;119370;No sectorizable (gasto por genérica);Localizada en Puno;Sí;;Sí;0
7;ANEXO-7-2-2;225;1457;Gobierno local;211101;MUNICIPALIDAD PROVINCIAL DE SAN ROMAN -JULIACA;Puno;;San Roman;San Roman;;;;2.5;Genérica del gasto;Otros gastos;Recursos determinados;300000;No sectorizable (gasto por genérica);Localizada en Puno;Sí;;Sí;0
7;ANEXO-7-2-2;225;1457;Gobierno local;211101;MUNICIPALIDAD PROVINCIAL DE SAN ROMAN -JULIACA;Puno;;San Roman;San Roman;;;;2.6;Genérica del gasto;Adquisición de activos no financieros;Recursos directamente recaudados;113085;No sectorizable (gasto por genérica);Localizada en Puno;Sí;;Sí;0
7;ANEXO-7-2-2;225;1457;Gobierno local;211101;MUNICIPALIDAD PROVINCIAL DE SAN ROMAN -JULIACA;Puno;;San Roman;San Roman;;;;2.6;Genérica del gasto;Adquisición de activos no financieros;Recursos determinados;131506422;No sectorizable (gasto por genérica);Localizada en Puno;Sí;;Sí;0
7;ANEXO-7-2-2;225;1457;Gobierno local;211101;MUNICIPALIDAD PROVINCIAL DE SAN ROMAN -JULIACA;Puno;;San Roman;San Roman;;;;2.8;Genérica del gasto;Servicio de la deuda pública;Recursos determinados;10084191;Deuda pública;Localizada en Puno;Sí;;Sí;0
7;ANEXO-7-2-2;225;1457;Gobierno local;211102;MUNICIPALIDAD DISTRITAL DE CABANA;Puno;;Cabana;Cabana;;;;2.1;Genérica del gasto;Personal y obligaciones sociales;Recursos determinados;342187;No sectorizable (gasto por genérica);Localizada en Puno;Sí;;Sí;0
7;ANEXO-7-2-2;225;1457;Gobierno local;211102;MUNICIPALIDAD DISTRITAL DE CABANA;Puno;;Cabana;Cabana;;;;2.2;Genérica del gasto;Pensiones y otras prestaciones sociales;Recursos ordinarios;99179;Previsión social;Localizada en Puno;Sí;;Sí;0
7;ANEXO-7-2-2;225;1457;Gobierno local;211102;MUNICIPALIDAD DISTRITAL DE CABANA;Puno;;Cabana;Cabana;;;;2.3;Genérica del gasto;Bienes y servicios;Recursos directamente recaudados;111000;No sectorizable (gasto por genérica);Localizada en Puno;Sí;;Sí;0
7;ANEXO-7-2-2;225;1457;Gobierno local;211102;MUNICIPALIDAD DISTRITAL DE CABANA;Puno;;Cabana;Cabana;;;;2.3;Genérica del gasto;Bienes y servicios;Recursos determinados;1861869;No sectorizable (gasto por genérica);Localizada en Puno;Sí;;Sí;0
7;ANEXO-7-2-2;225;1457;Gobierno local;211102;MUNICIPALIDAD DISTRITAL DE CABANA;Puno;;Cabana;Cabana;;;;2.4;Genérica del gasto;Donaciones y transferencias;Recursos determinados;123372;No sectorizable (gasto por genérica);Localizada en Puno;Sí;;Sí;0
7;ANEXO-7-2-2;225;1457;Gobierno local;211102;MUNICIPALIDAD DISTRITAL DE CABANA;Puno;;Cabana;Cabana;;;;2.5;Genérica del gasto;Otros gastos;Recursos determinados;39606;No sectorizable (gasto por genérica);Localizada en Puno;Sí;;Sí;0
7;ANEXO-7-2-2;226;1458;Gobierno local;211102;MUNICIPALIDAD DISTRITAL DE CABANA;Puno;;Cabana;Cabana;;;;2.6;Genérica del gasto;Adquisición de activos no financieros;Recursos determinados;6687628;No sectorizable (gasto por genérica);Localizada en Puno;Sí;;Sí;0
7;ANEXO-7-2-2;226;1458;Gobierno local;211103;MUNICIPALIDAD DISTRITAL DE CABANILLAS;Puno;;Cabanillas;Cabanillas;;;;2.1;Genérica del gasto;Personal y obligaciones sociales;Recursos determinados;886372;No sectorizable (gasto por genérica);Localizada en Puno;Sí;;Sí;0
7;ANEXO-7-2-2;226;1458;Gobierno local;211103;MUNICIPALIDAD DISTRITAL DE CABANILLAS;Puno;;Cabanillas;Cabanillas;;;;2.2;Genérica del gasto;Pensiones y otras prestaciones sociales;Recursos ordinarios;106294;Previsión social;Localizada en Puno;Sí;;Sí;0
7;ANEXO-7-2-2;226;1458;Gobierno local;211103;MUNICIPALIDAD DISTRITAL DE CABANILLAS;Puno;;Cabanillas;Cabanillas;;;;2.2;Genérica del gasto;Pensiones y otras prestaciones sociales;Recursos determinados;13000;Previsión social;Localizada en Puno;Sí;;Sí;0
7;ANEXO-7-2-2;226;1458;Gobierno local;211103;MUNICIPALIDAD DISTRITAL DE CABANILLAS;Puno;;Cabanillas;Cabanillas;;;;2.3;Genérica del gasto;Bienes y servicios;Recursos directamente recaudados;186500;No sectorizable (gasto por genérica);Localizada en Puno;Sí;;Sí;0
7;ANEXO-7-2-2;226;1458;Gobierno local;211103;MUNICIPALIDAD DISTRITAL DE CABANILLAS;Puno;;Cabanillas;Cabanillas;;;;2.3;Genérica del gasto;Bienes y servicios;Recursos determinados;2434974;No sectorizable (gasto por genérica);Localizada en Puno;Sí;;Sí;0
7;ANEXO-7-2-2;226;1458;Gobierno local;211103;MUNICIPALIDAD DISTRITAL DE CABANILLAS;Puno;;Cabanillas;Cabanillas;;;;2.4;Genérica del gasto;Donaciones y transferencias;Recursos determinados;61920;No sectorizable (gasto por genérica);Localizada en Puno;Sí;;Sí;0
7;ANEXO-7-2-2;226;1458;Gobierno local;211103;MUNICIPALIDAD DISTRITAL DE CABANILLAS;Puno;;Cabanillas;Cabanillas;;;;2.5;Genérica del gasto;Otros gastos;Recursos determinados;11500;No sectorizable (gasto por genérica);Localizada en Puno;Sí;;Sí;0
7;ANEXO-7-2-2;226;1458;Gobierno local;211103;MUNICIPALIDAD DISTRITAL DE CABANILLAS;Puno;;Cabanillas;Cabanillas;;;;2.6;Genérica del gasto;Adquisición de activos no financieros;Donaciones y transferencias;799999;No sectorizable (gasto por genérica);Localizada en Puno;Sí;;Sí;0
7;ANEXO-7-2-2;226;1458;Gobierno local;211103;MUNICIPALIDAD DISTRITAL DE CABANILLAS;Puno;;Cabanillas;Cabanillas;;;;2.6;Genérica del gasto;Adquisición de activos no financieros;Recursos determinados;6563321;No sectorizable (gasto por genérica);Localizada en Puno;Sí;;Sí;0
7;ANEXO-7-2-2;226;1458;Gobierno local;211103;MUNICIPALIDAD DISTRITAL DE CABANILLAS;Puno;;Cabanillas;Cabanillas;;;;2.8;Genérica del gasto;Servicio de la deuda pública;Recursos determinados;75552;Deuda pública;Localizada en Puno;Sí;;Sí;0
7;ANEXO-7-2-2;226;1458;Gobierno local;211104;MUNICIPALIDAD DISTRITAL DE CARACOTO;Puno;;Caracoto;Caracoto;;;;2.1;Genérica del gasto;Personal y obligaciones sociales;Recursos directamente recaudados;48600;No sectorizable (gasto por genérica);Localizada en Puno;Sí;;Sí;0
7;ANEXO-7-2-2;226;1458;Gobierno local;211104;MUNICIPALIDAD DISTRITAL DE CARACOTO;Puno;;Caracoto;Caracoto;;;;2.1;Genérica del gasto;Personal y obligaciones sociales;Recursos determinados;737787;No sectorizable (gasto por genérica);Localizada en Puno;Sí;;Sí;0
7;ANEXO-7-2-2;226;1458;Gobierno local;211104;MUNICIPALIDAD DISTRITAL DE CARACOTO;Puno;;Caracoto;Caracoto;;;;2.2;Genérica del gasto;Pensiones y otras prestaciones sociales;Recursos ordinarios;150935;Previsión social;Localizada en Puno;Sí;;Sí;0
7;ANEXO-7-2-2;226;1458;Gobierno local;211104;MUNICIPALIDAD DISTRITAL DE CARACOTO;Puno;;Caracoto;Caracoto;;;;2.3;Genérica del gasto;Bienes y servicios;Recursos ordinarios;50496;No sectorizable (gasto por genérica);Localizada en Puno;Sí;;Sí;0
7;ANEXO-7-2-2;226;1458;Gobierno local;211104;MUNICIPALIDAD DISTRITAL DE CARACOTO;Puno;;Caracoto;Caracoto;;;;2.3;Genérica del gasto;Bienes y servicios;Recursos directamente recaudados;331960;No sectorizable (gasto por genérica);Localizada en Puno;Sí;;Sí;0
7;ANEXO-7-2-2;226;1458;Gobierno local;211104;MUNICIPALIDAD DISTRITAL DE CARACOTO;Puno;;Caracoto;Caracoto;;;;2.3;Genérica del gasto;Bienes y servicios;Recursos determinados;2917348;No sectorizable (gasto por genérica);Localizada en Puno;Sí;;Sí;0
7;ANEXO-7-2-2;226;1458;Gobierno local;211104;MUNICIPALIDAD DISTRITAL DE CARACOTO;Puno;;Caracoto;Caracoto;;;;2.4;Genérica del gasto;Donaciones y transferencias;Recursos directamente recaudados;19440;No sectorizable (gasto por genérica);Localizada en Puno;Sí;;Sí;0
7;ANEXO-7-2-2;226;1458;Gobierno local;211104;MUNICIPALIDAD DISTRITAL DE CARACOTO;Puno;;Caracoto;Caracoto;;;;2.4;Genérica del gasto;Donaciones y transferencias;Recursos determinados;112080;No sectorizable (gasto por genérica);Localizada en Puno;Sí;;Sí;0
7;ANEXO-7-2-2;226;1458;Gobierno local;211104;MUNICIPALIDAD DISTRITAL DE CARACOTO;Puno;;Caracoto;Caracoto;;;;2.5;Genérica del gasto;Otros gastos;Recursos determinados;60000;No sectorizable (gasto por genérica);Localizada en Puno;Sí;;Sí;0
7;ANEXO-7-2-2;226;1458;Gobierno local;211104;MUNICIPALIDAD DISTRITAL DE CARACOTO;Puno;;Caracoto;Caracoto;;;;2.6;Genérica del gasto;Adquisición de activos no financieros;Recursos determinados;6383320;No sectorizable (gasto por genérica);Localizada en Puno;Sí;;Sí;0
7;ANEXO-7-2-2;226;1458;Gobierno local;211105;MUNICIPALIDAD DISTRITAL DE SAN MIGUEL;Puno;;San Miguel;San Miguel;;;;2.1;Genérica del gasto;Personal y obligaciones sociales;Recursos directamente recaudados;138720;No sectorizable (gasto por genérica);Localizada en Puno;Sí;;Sí;0
7;ANEXO-7-2-2;226;1458;Gobierno local;211105;MUNICIPALIDAD DISTRITAL DE SAN MIGUEL;Puno;;San Miguel;San Miguel;;;;2.1;Genérica del gasto;Personal y obligaciones sociales;Recursos determinados;3733643;No sectorizable (gasto por genérica);Localizada en Puno;Sí;;Sí;0
7;ANEXO-7-2-2;226;1458;Gobierno local;211105;MUNICIPALIDAD DISTRITAL DE SAN MIGUEL;Puno;;San Miguel;San Miguel;;;;2.2;Genérica del gasto;Pensiones y otras prestaciones sociales;Recursos ordinarios;587848;Previsión social;Localizada en Puno;Sí;;Sí;0
7;ANEXO-7-2-2;226;1458;Gobierno local;211105;MUNICIPALIDAD DISTRITAL DE SAN MIGUEL;Puno;;San Miguel;San Miguel;;;;2.3;Genérica del gasto;Bienes y servicios;Recursos ordinarios;232197;No sectorizable (gasto por genérica);Localizada en Puno;Sí;;Sí;0
7;ANEXO-7-2-2;226;1458;Gobierno local;211105;MUNICIPALIDAD DISTRITAL DE SAN MIGUEL;Puno;;San Miguel;San Miguel;;;;2.3;Genérica del gasto;Bienes y servicios;Recursos directamente recaudados;1217080;No sectorizable (gasto por genérica);Localizada en Puno;Sí;;Sí;0
7;ANEXO-7-2-2;226;1458;Gobierno local;211105;MUNICIPALIDAD DISTRITAL DE SAN MIGUEL;Puno;;San Miguel;San Miguel;;;;2.3;Genérica del gasto;Bienes y servicios;Recursos determinados;10100949;No sectorizable (gasto por genérica);Localizada en Puno;Sí;;Sí;0
7;ANEXO-7-2-2;226;1458;Gobierno local;211105;MUNICIPALIDAD DISTRITAL DE SAN MIGUEL;Puno;;San Miguel;San Miguel;;;;2.4;Genérica del gasto;Donaciones y transferencias;Recursos directamente recaudados;33000;No sectorizable (gasto por genérica);Localizada en Puno;Sí;;Sí;0
7;ANEXO-7-2-2;226;1458;Gobierno local;211105;MUNICIPALIDAD DISTRITAL DE SAN MIGUEL;Puno;;San Miguel;San Miguel;;;;2.4;Genérica del gasto;Donaciones y transferencias;Recursos determinados;60000;No sectorizable (gasto por genérica);Localizada en Puno;Sí;;Sí;0
7;ANEXO-7-2-2;226;1458;Gobierno local;211105;MUNICIPALIDAD DISTRITAL DE SAN MIGUEL;Puno;;San Miguel;San Miguel;;;;2.5;Genérica del gasto;Otros gastos;Recursos directamente recaudados;110400;No sectorizable (gasto por genérica);Localizada en Puno;Sí;;Sí;0
7;ANEXO-7-2-2;226;1458;Gobierno local;211105;MUNICIPALIDAD DISTRITAL DE SAN MIGUEL;Puno;;San Miguel;San Miguel;;;;2.6;Genérica del gasto;Adquisición de activos no financieros;Recursos directamente recaudados;15000;No sectorizable (gasto por genérica);Localizada en Puno;Sí;;Sí;0
7;ANEXO-7-2-2;226;1458;Gobierno local;211105;MUNICIPALIDAD DISTRITAL DE SAN MIGUEL;Puno;;San Miguel;San Miguel;;;;2.6;Genérica del gasto;Adquisición de activos no financieros;Recursos determinados;29644030;No sectorizable (gasto por genérica);Localizada en Puno;Sí;;Sí;0
7;ANEXO-7-2-2;227;1459;Gobierno local;211201;MUNICIPALIDAD PROVINCIAL DE SANDIA;Puno;;Sandia;Sandia;;;;2.1;Genérica del gasto;Personal y obligaciones sociales;Recursos directamente recaudados;88040;No sectorizable (gasto por genérica);Localizada en Puno;Sí;;Sí;0
7;ANEXO-7-2-2;227;1459;Gobierno local;211201;MUNICIPALIDAD PROVINCIAL DE SANDIA;Puno;;Sandia;Sandia;;;;2.1;Genérica del gasto;Personal y obligaciones sociales;Recursos determinados;3663447;No sectorizable (gasto por genérica);Localizada en Puno;Sí;;Sí;0
7;ANEXO-7-2-2;227;1459;Gobierno local;211201;MUNICIPALIDAD PROVINCIAL DE SANDIA;Puno;;Sandia;Sandia;;;;2.2;Genérica del gasto;Pensiones y otras prestaciones sociales;Recursos ordinarios;1079177;Previsión social;Localizada en Puno;Sí;;Sí;0
7;ANEXO-7-2-2;227;1459;Gobierno local;211201;MUNICIPALIDAD PROVINCIAL DE SANDIA;Puno;;Sandia;Sandia;;;;2.2;Genérica del gasto;Pensiones y otras prestaciones sociales;Recursos determinados;45860;Previsión social;Localizada en Puno;Sí;;Sí;0
7;ANEXO-7-2-2;227;1459;Gobierno local;211201;MUNICIPALIDAD PROVINCIAL DE SANDIA;Puno;;Sandia;Sandia;;;;2.3;Genérica del gasto;Bienes y servicios;Recursos ordinarios;417710;No sectorizable (gasto por genérica);Localizada en Puno;Sí;;Sí;0
7;ANEXO-7-2-2;227;1459;Gobierno local;211201;MUNICIPALIDAD PROVINCIAL DE SANDIA;Puno;;Sandia;Sandia;;;;2.3;Genérica del gasto;Bienes y servicios;Recursos directamente recaudados;162385;No sectorizable (gasto por genérica);Localizada en Puno;Sí;;Sí;0
7;ANEXO-7-2-2;227;1459;Gobierno local;211201;MUNICIPALIDAD PROVINCIAL DE SANDIA;Puno;;Sandia;Sandia;;;;2.3;Genérica del gasto;Bienes y servicios;Recursos determinados;3336336;No sectorizable (gasto por genérica);Localizada en Puno;Sí;;Sí;0
7;ANEXO-7-2-2;227;1459;Gobierno local;211201;MUNICIPALIDAD PROVINCIAL DE SANDIA;Puno;;Sandia;Sandia;;;;2.4;Genérica del gasto;Donaciones y transferencias;Recursos determinados;588000;No sectorizable (gasto por genérica);Localizada en Puno;Sí;;Sí;0
7;ANEXO-7-2-2;227;1459;Gobierno local;211201;MUNICIPALIDAD PROVINCIAL DE SANDIA;Puno;;Sandia;Sandia;;;;2.5;Genérica del gasto;Otros gastos;Recursos ordinarios;98522;No sectorizable (gasto por genérica);Localizada en Puno;Sí;;Sí;0
7;ANEXO-7-2-2;227;1459;Gobierno local;211201;MUNICIPALIDAD PROVINCIAL DE SANDIA;Puno;;Sandia;Sandia;;;;2.5;Genérica del gasto;Otros gastos;Recursos directamente recaudados;115200;No sectorizable (gasto por genérica);Localizada en Puno;Sí;;Sí;0
7;ANEXO-7-2-2;227;1459;Gobierno local;211201;MUNICIPALIDAD PROVINCIAL DE SANDIA;Puno;;Sandia;Sandia;;;;2.5;Genérica del gasto;Otros gastos;Recursos determinados;51000;No sectorizable (gasto por genérica);Localizada en Puno;Sí;;Sí;0
7;ANEXO-7-2-2;227;1459;Gobierno local;211201;MUNICIPALIDAD PROVINCIAL DE SANDIA;Puno;;Sandia;Sandia;;;;2.6;Genérica del gasto;Adquisición de activos no financieros;Recursos determinados;20835184;No sectorizable (gasto por genérica);Localizada en Puno;Sí;;Sí;0
7;ANEXO-7-2-2;227;1459;Gobierno local;211202;MUNICIPALIDAD DISTRITAL DE CUYOCUYO;Puno;;Cuyocuyo;Cuyocuyo;;;;2.1;Genérica del gasto;Personal y obligaciones sociales;Recursos determinados;640452;No sectorizable (gasto por genérica);Localizada en Puno;Sí;;Sí;0
7;ANEXO-7-2-2;227;1459;Gobierno local;211202;MUNICIPALIDAD DISTRITAL DE CUYOCUYO;Puno;;Cuyocuyo;Cuyocuyo;;;;2.2;Genérica del gasto;Pensiones y otras prestaciones sociales;Recursos ordinarios;184314;Previsión social;Localizada en Puno;Sí;;Sí;0
7;ANEXO-7-2-2;227;1459;Gobierno local;211202;MUNICIPALIDAD DISTRITAL DE CUYOCUYO;Puno;;Cuyocuyo;Cuyocuyo;;;;2.3;Genérica del gasto;Bienes y servicios;Recursos directamente recaudados;117300;No sectorizable (gasto por genérica);Localizada en Puno;Sí;;Sí;0
7;ANEXO-7-2-2;227;1459;Gobierno local;211202;MUNICIPALIDAD DISTRITAL DE CUYOCUYO;Puno;;Cuyocuyo;Cuyocuyo;;;;2.3;Genérica del gasto;Bienes y servicios;Recursos determinados;1531113;No sectorizable (gasto por genérica);Localizada en Puno;Sí;;Sí;0
7;ANEXO-7-2-2;227;1459;Gobierno local;211202;MUNICIPALIDAD DISTRITAL DE CUYOCUYO;Puno;;Cuyocuyo;Cuyocuyo;;;;2.4;Genérica del gasto;Donaciones y transferencias;Recursos determinados;73080;No sectorizable (gasto por genérica);Localizada en Puno;Sí;;Sí;0
7;ANEXO-7-2-2;227;1459;Gobierno local;211202;MUNICIPALIDAD DISTRITAL DE CUYOCUYO;Puno;;Cuyocuyo;Cuyocuyo;;;;2.6;Genérica del gasto;Adquisición de activos no financieros;Recursos determinados;6029565;No sectorizable (gasto por genérica);Localizada en Puno;Sí;;Sí;0
7;ANEXO-7-2-2;227;1459;Gobierno local;211203;MUNICIPALIDAD DISTRITAL DE LIMBANI;Puno;;Limbani;Limbani;;;;2.1;Genérica del gasto;Personal y obligaciones sociales;Recursos determinados;356930;No sectorizable (gasto por genérica);Localizada en Puno;Sí;;Sí;0
7;ANEXO-7-2-2;227;1459;Gobierno local;211203;MUNICIPALIDAD DISTRITAL DE LIMBANI;Puno;;Limbani;Limbani;;;;2.2;Genérica del gasto;Pensiones y otras prestaciones sociales;Recursos ordinarios;82683;Previsión social;Localizada en Puno;Sí;;Sí;0
7;ANEXO-7-2-2;227;1459;Gobierno local;211203;MUNICIPALIDAD DISTRITAL DE LIMBANI;Puno;;Limbani;Limbani;;;;2.3;Genérica del gasto;Bienes y servicios;Recursos directamente recaudados;24350;No sectorizable (gasto por genérica);Localizada en Puno;Sí;;Sí;0
7;ANEXO-7-2-2;227;1459;Gobierno local;211203;MUNICIPALIDAD DISTRITAL DE LIMBANI;Puno;;Limbani;Limbani;;;;2.3;Genérica del gasto;Bienes y servicios;Recursos determinados;1239099;No sectorizable (gasto por genérica);Localizada en Puno;Sí;;Sí;0
7;ANEXO-7-2-2;227;1459;Gobierno local;211203;MUNICIPALIDAD DISTRITAL DE LIMBANI;Puno;;Limbani;Limbani;;;;2.4;Genérica del gasto;Donaciones y transferencias;Recursos determinados;113976;No sectorizable (gasto por genérica);Localizada en Puno;Sí;;Sí;0
7;ANEXO-7-2-2;227;1459;Gobierno local;211203;MUNICIPALIDAD DISTRITAL DE LIMBANI;Puno;;Limbani;Limbani;;;;2.6;Genérica del gasto;Adquisición de activos no financieros;Recursos determinados;3181909;No sectorizable (gasto por genérica);Localizada en Puno;Sí;;Sí;0
7;ANEXO-7-2-2;227;1459;Gobierno local;211204;MUNICIPALIDAD DISTRITAL DE PATAMBUCO;Puno;;Patambuco;Patambuco;;;;2.1;Genérica del gasto;Personal y obligaciones sociales;Recursos determinados;221141;No sectorizable (gasto por genérica);Localizada en Puno;Sí;;Sí;0
7;ANEXO-7-2-2;227;1459;Gobierno local;211204;MUNICIPALIDAD DISTRITAL DE PATAMBUCO;Puno;;Patambuco;Patambuco;;;;2.2;Genérica del gasto;Pensiones y otras prestaciones sociales;Recursos ordinarios;152120;Previsión social;Localizada en Puno;Sí;;Sí;0
7;ANEXO-7-2-2;227;1459;Gobierno local;211204;MUNICIPALIDAD DISTRITAL DE PATAMBUCO;Puno;;Patambuco;Patambuco;;;;2.3;Genérica del gasto;Bienes y servicios;Recursos directamente recaudados;8000;No sectorizable (gasto por genérica);Localizada en Puno;Sí;;Sí;0
7;ANEXO-7-2-2;227;1459;Gobierno local;211204;MUNICIPALIDAD DISTRITAL DE PATAMBUCO;Puno;;Patambuco;Patambuco;;;;2.3;Genérica del gasto;Bienes y servicios;Recursos determinados;2086396;No sectorizable (gasto por genérica);Localizada en Puno;Sí;;Sí;0
7;ANEXO-7-2-2;227;1459;Gobierno local;211204;MUNICIPALIDAD DISTRITAL DE PATAMBUCO;Puno;;Patambuco;Patambuco;;;;2.4;Genérica del gasto;Donaciones y transferencias;Recursos determinados;49921;No sectorizable (gasto por genérica);Localizada en Puno;Sí;;Sí;0
7;ANEXO-7-2-2;227;1459;Gobierno local;211204;MUNICIPALIDAD DISTRITAL DE PATAMBUCO;Puno;;Patambuco;Patambuco;;;;2.5;Genérica del gasto;Otros gastos;Recursos directamente recaudados;3000;No sectorizable (gasto por genérica);Localizada en Puno;Sí;;Sí;0
7;ANEXO-7-2-2;227;1459;Gobierno local;211204;MUNICIPALIDAD DISTRITAL DE PATAMBUCO;Puno;;Patambuco;Patambuco;;;;2.5;Genérica del gasto;Otros gastos;Recursos determinados;3500;No sectorizable (gasto por genérica);Localizada en Puno;Sí;;Sí;0
7;ANEXO-7-2-2;228;1460;Gobierno local;211204;MUNICIPALIDAD DISTRITAL DE PATAMBUCO;Puno;;Patambuco;Patambuco;;;;2.6;Genérica del gasto;Adquisición de activos no financieros;Recursos determinados;4291592;No sectorizable (gasto por genérica);Localizada en Puno;Sí;;Sí;0
7;ANEXO-7-2-2;228;1460;Gobierno local;211205;MUNICIPALIDAD DISTRITAL DE PHARA;Puno;;Phara;Phara;;;;2.1;Genérica del gasto;Personal y obligaciones sociales;Recursos determinados;205373;No sectorizable (gasto por genérica);Localizada en Puno;Sí;;Sí;0
7;ANEXO-7-2-2;228;1460;Gobierno local;211205;MUNICIPALIDAD DISTRITAL DE PHARA;Puno;;Phara;Phara;;;;2.2;Genérica del gasto;Pensiones y otras prestaciones sociales;Recursos ordinarios;172091;Previsión social;Localizada en Puno;Sí;;Sí;0
7;ANEXO-7-2-2;228;1460;Gobierno local;211205;MUNICIPALIDAD DISTRITAL DE PHARA;Puno;;Phara;Phara;;;;2.3;Genérica del gasto;Bienes y servicios;Recursos directamente recaudados;60000;No sectorizable (gasto por genérica);Localizada en Puno;Sí;;Sí;0
7;ANEXO-7-2-2;228;1460;Gobierno local;211205;MUNICIPALIDAD DISTRITAL DE PHARA;Puno;;Phara;Phara;;;;2.3;Genérica del gasto;Bienes y servicios;Recursos determinados;3179279;No sectorizable (gasto por genérica);Localizada en Puno;Sí;;Sí;0
7;ANEXO-7-2-2;228;1460;Gobierno local;211205;MUNICIPALIDAD DISTRITAL DE PHARA;Puno;;Phara;Phara;;;;2.4;Genérica del gasto;Donaciones y transferencias;Recursos determinados;82856;No sectorizable (gasto por genérica);Localizada en Puno;Sí;;Sí;0
7;ANEXO-7-2-2;228;1460;Gobierno local;211205;MUNICIPALIDAD DISTRITAL DE PHARA;Puno;;Phara;Phara;;;;2.6;Genérica del gasto;Adquisición de activos no financieros;Recursos determinados;6136295;No sectorizable (gasto por genérica);Localizada en Puno;Sí;;Sí;0
7;ANEXO-7-2-2;228;1460;Gobierno local;211206;MUNICIPALIDAD DISTRITAL DE QUIACA;Puno;;Quiaca;Quiaca;;;;2.1;Genérica del gasto;Personal y obligaciones sociales;Recursos determinados;265663;No sectorizable (gasto por genérica);Localizada en Puno;Sí;;No;-6335948
7;ANEXO-7-2-2;228;1460;Gobierno local;211206;MUNICIPALIDAD DISTRITAL DE QUIACA;Puno;;Quiaca;Quiaca;;;;2.2;Genérica del gasto;Pensiones y otras prestaciones sociales;Recursos ordinarios;70063;Previsión social;Localizada en Puno;Sí;;No;-6335948
7;ANEXO-7-2-2;228;1460;Gobierno local;211206;MUNICIPALIDAD DISTRITAL DE QUIACA;Puno;;Quiaca;Quiaca;;;;2.3;Genérica del gasto;Bienes y servicios;Recursos directamente recaudados;30344;No sectorizable (gasto por genérica);Localizada en Puno;Sí;;No;-6335948
7;ANEXO-7-2-2;228;1460;Gobierno local;211206;MUNICIPALIDAD DISTRITAL DE QUIACA;Puno;;Quiaca;Quiaca;;;;2.3;Genérica del gasto;Bienes y servicios;Recursos determinados;1571340;No sectorizable (gasto por genérica);Localizada en Puno;Sí;;No;-6335948
7;ANEXO-7-2-2;228;1460;Gobierno local;211206;MUNICIPALIDAD DISTRITAL DE QUIACA;Puno;;Quiaca;Quiaca;;;;2.4;Genérica del gasto;Donaciones y transferencias;Recursos determinados;56052;No sectorizable (gasto por genérica);Localizada en Puno;Sí;;No;-6335948
7;ANEXO-7-2-2;228;1460;Gobierno local;211206;MUNICIPALIDAD DISTRITAL DE QUIACA;Puno;;Quiaca;Quiaca;;;;2.6;Genérica del gasto;Adquisición de activos no financieros;Recursos directamente recaudados;132735;No sectorizable (gasto por genérica);Localizada en Puno;Sí;;No;-6335948
7;ANEXO-7-2-2;228;1460;Gobierno local;211206;MUNICIPALIDAD DISTRITAL DE QUIACA;Puno;;Quiaca;Quiaca;;;;2.6;Genérica del gasto;Adquisición de activos no financieros;Recursos determinados;4442893;No sectorizable (gasto por genérica);Localizada en Puno;Sí;;No;-6335948
7;ANEXO-7-2-2;228;1460;Gobierno local;211207;MUNICIPALIDAD DISTRITAL DE SAN JUAN DEL ORO;Puno;;San Juan Del Oro;San Juan Del Oro;;;;2.1;Genérica del gasto;Personal y obligaciones sociales;Recursos determinados;430571;No sectorizable (gasto por genérica);Localizada en Puno;Sí;;Sí;0
7;ANEXO-7-2-2;228;1460;Gobierno local;211207;MUNICIPALIDAD DISTRITAL DE SAN JUAN DEL ORO;Puno;;San Juan Del Oro;San Juan Del Oro;;;;2.2;Genérica del gasto;Pensiones y otras prestaciones sociales;Recursos ordinarios;114535;Previsión social;Localizada en Puno;Sí;;Sí;0
7;ANEXO-7-2-2;228;1460;Gobierno local;211207;MUNICIPALIDAD DISTRITAL DE SAN JUAN DEL ORO;Puno;;San Juan Del Oro;San Juan Del Oro;;;;2.3;Genérica del gasto;Bienes y servicios;Recursos directamente recaudados;10300;No sectorizable (gasto por genérica);Localizada en Puno;Sí;;Sí;0
7;ANEXO-7-2-2;228;1460;Gobierno local;211207;MUNICIPALIDAD DISTRITAL DE SAN JUAN DEL ORO;Puno;;San Juan Del Oro;San Juan Del Oro;;;;2.3;Genérica del gasto;Bienes y servicios;Recursos determinados;1170876;No sectorizable (gasto por genérica);Localizada en Puno;Sí;;Sí;0
7;ANEXO-7-2-2;228;1460;Gobierno local;211207;MUNICIPALIDAD DISTRITAL DE SAN JUAN DEL ORO;Puno;;San Juan Del Oro;San Juan Del Oro;;;;2.4;Genérica del gasto;Donaciones y transferencias;Recursos determinados;46824;No sectorizable (gasto por genérica);Localizada en Puno;Sí;;Sí;0
7;ANEXO-7-2-2;228;1460;Gobierno local;211207;MUNICIPALIDAD DISTRITAL DE SAN JUAN DEL ORO;Puno;;San Juan Del Oro;San Juan Del Oro;;;;2.6;Genérica del gasto;Adquisición de activos no financieros;Recursos determinados;1828979;No sectorizable (gasto por genérica);Localizada en Puno;Sí;;Sí;0
7;ANEXO-7-2-2;228;1460;Gobierno local;211208;MUNICIPALIDAD DISTRITAL DE YANAHUAYA;Puno;;Yanahuaya;Yanahuaya;;;;2.1;Genérica del gasto;Personal y obligaciones sociales;Recursos determinados;200834;No sectorizable (gasto por genérica);Localizada en Puno;Sí;;Sí;0
7;ANEXO-7-2-2;228;1460;Gobierno local;211208;MUNICIPALIDAD DISTRITAL DE YANAHUAYA;Puno;;Yanahuaya;Yanahuaya;;;;2.2;Genérica del gasto;Pensiones y otras prestaciones sociales;Recursos ordinarios;62251;Previsión social;Localizada en Puno;Sí;;Sí;0
7;ANEXO-7-2-2;228;1460;Gobierno local;211208;MUNICIPALIDAD DISTRITAL DE YANAHUAYA;Puno;;Yanahuaya;Yanahuaya;;;;2.3;Genérica del gasto;Bienes y servicios;Recursos directamente recaudados;12300;No sectorizable (gasto por genérica);Localizada en Puno;Sí;;Sí;0
7;ANEXO-7-2-2;228;1460;Gobierno local;211208;MUNICIPALIDAD DISTRITAL DE YANAHUAYA;Puno;;Yanahuaya;Yanahuaya;;;;2.3;Genérica del gasto;Bienes y servicios;Recursos determinados;771320;No sectorizable (gasto por genérica);Localizada en Puno;Sí;;Sí;0
7;ANEXO-7-2-2;229;1461;Gobierno local;211208;MUNICIPALIDAD DISTRITAL DE YANAHUAYA;Puno;;Yanahuaya;Yanahuaya;;;;2.6;Genérica del gasto;Adquisición de activos no financieros;Recursos directamente recaudados;150000;No sectorizable (gasto por genérica);Localizada en Puno;Sí;;Sí;0
7;ANEXO-7-2-2;229;1461;Gobierno local;211208;MUNICIPALIDAD DISTRITAL DE YANAHUAYA;Puno;;Yanahuaya;Yanahuaya;;;;2.6;Genérica del gasto;Adquisición de activos no financieros;Recursos determinados;1666192;No sectorizable (gasto por genérica);Localizada en Puno;Sí;;Sí;0
7;ANEXO-7-2-2;229;1461;Gobierno local;211209;MUNICIPALIDAD DISTRITAL DE ALTO INAMBARI;Puno;;Alto Inambari;Alto Inambari;;;;2.1;Genérica del gasto;Personal y obligaciones sociales;Recursos determinados;473747;No sectorizable (gasto por genérica);Localizada en Puno;Sí;;Sí;0
7;ANEXO-7-2-2;229;1461;Gobierno local;211209;MUNICIPALIDAD DISTRITAL DE ALTO INAMBARI;Puno;;Alto Inambari;Alto Inambari;;;;2.2;Genérica del gasto;Pensiones y otras prestaciones sociales;Recursos ordinarios;117782;Previsión social;Localizada en Puno;Sí;;Sí;0
7;ANEXO-7-2-2;229;1461;Gobierno local;211209;MUNICIPALIDAD DISTRITAL DE ALTO INAMBARI;Puno;;Alto Inambari;Alto Inambari;;;;2.3;Genérica del gasto;Bienes y servicios;Recursos directamente recaudados;121724;No sectorizable (gasto por genérica);Localizada en Puno;Sí;;Sí;0
7;ANEXO-7-2-2;229;1461;Gobierno local;211209;MUNICIPALIDAD DISTRITAL DE ALTO INAMBARI;Puno;;Alto Inambari;Alto Inambari;;;;2.3;Genérica del gasto;Bienes y servicios;Recursos determinados;3549342;No sectorizable (gasto por genérica);Localizada en Puno;Sí;;Sí;0
7;ANEXO-7-2-2;229;1461;Gobierno local;211209;MUNICIPALIDAD DISTRITAL DE ALTO INAMBARI;Puno;;Alto Inambari;Alto Inambari;;;;2.4;Genérica del gasto;Donaciones y transferencias;Recursos determinados;274320;No sectorizable (gasto por genérica);Localizada en Puno;Sí;;Sí;0
7;ANEXO-7-2-2;229;1461;Gobierno local;211209;MUNICIPALIDAD DISTRITAL DE ALTO INAMBARI;Puno;;Alto Inambari;Alto Inambari;;;;2.5;Genérica del gasto;Otros gastos;Recursos determinados;10000;No sectorizable (gasto por genérica);Localizada en Puno;Sí;;Sí;0
7;ANEXO-7-2-2;229;1461;Gobierno local;211209;MUNICIPALIDAD DISTRITAL DE ALTO INAMBARI;Puno;;Alto Inambari;Alto Inambari;;;;2.6;Genérica del gasto;Adquisición de activos no financieros;Recursos determinados;6370550;No sectorizable (gasto por genérica);Localizada en Puno;Sí;;Sí;0
7;ANEXO-7-2-2;229;1461;Gobierno local;211210;MUNICIPALIDAD DISTRITAL DE SAN PEDRO DE PUTINA PUNCO;Puno;;San Pedro De Putina Punco;San Pedro De Putina Punco;;;;2.1;Genérica del gasto;Personal y obligaciones sociales;Recursos determinados;275882;No sectorizable (gasto por genérica);Localizada en Puno;Sí;;Sí;0
7;ANEXO-7-2-2;229;1461;Gobierno local;211210;MUNICIPALIDAD DISTRITAL DE SAN PEDRO DE PUTINA PUNCO;Puno;;San Pedro De Putina Punco;San Pedro De Putina Punco;;;;2.2;Genérica del gasto;Pensiones y otras prestaciones sociales;Recursos ordinarios;136139;Previsión social;Localizada en Puno;Sí;;Sí;0
7;ANEXO-7-2-2;229;1461;Gobierno local;211210;MUNICIPALIDAD DISTRITAL DE SAN PEDRO DE PUTINA PUNCO;Puno;;San Pedro De Putina Punco;San Pedro De Putina Punco;;;;2.3;Genérica del gasto;Bienes y servicios;Recursos ordinarios;27391;No sectorizable (gasto por genérica);Localizada en Puno;Sí;;Sí;0
7;ANEXO-7-2-2;229;1461;Gobierno local;211210;MUNICIPALIDAD DISTRITAL DE SAN PEDRO DE PUTINA PUNCO;Puno;;San Pedro De Putina Punco;San Pedro De Putina Punco;;;;2.3;Genérica del gasto;Bienes y servicios;Recursos directamente recaudados;47000;No sectorizable (gasto por genérica);Localizada en Puno;Sí;;Sí;0
7;ANEXO-7-2-2;229;1461;Gobierno local;211210;MUNICIPALIDAD DISTRITAL DE SAN PEDRO DE PUTINA PUNCO;Puno;;San Pedro De Putina Punco;San Pedro De Putina Punco;;;;2.3;Genérica del gasto;Bienes y servicios;Recursos determinados;3979104;No sectorizable (gasto por genérica);Localizada en Puno;Sí;;Sí;0
7;ANEXO-7-2-2;229;1461;Gobierno local;211210;MUNICIPALIDAD DISTRITAL DE SAN PEDRO DE PUTINA PUNCO;Puno;;San Pedro De Putina Punco;San Pedro De Putina Punco;;;;2.4;Genérica del gasto;Donaciones y transferencias;Recursos determinados;277952;No sectorizable (gasto por genérica);Localizada en Puno;Sí;;Sí;0
7;ANEXO-7-2-2;229;1461;Gobierno local;211210;MUNICIPALIDAD DISTRITAL DE SAN PEDRO DE PUTINA PUNCO;Puno;;San Pedro De Putina Punco;San Pedro De Putina Punco;;;;2.6;Genérica del gasto;Adquisición de activos no financieros;Recursos determinados;10247964;No sectorizable (gasto por genérica);Localizada en Puno;Sí;;Sí;0
7;ANEXO-7-2-2;229;1461;Gobierno local;211301;MUNICIPALIDAD PROVINCIAL DE YUNGUYO;Puno;;Yunguyo;Yunguyo;;;;2.1;Genérica del gasto;Personal y obligaciones sociales;Recursos directamente recaudados;215800;No sectorizable (gasto por genérica);Localizada en Puno;Sí;;Sí;0
7;ANEXO-7-2-2;229;1461;Gobierno local;211301;MUNICIPALIDAD PROVINCIAL DE YUNGUYO;Puno;;Yunguyo;Yunguyo;;;;2.1;Genérica del gasto;Personal y obligaciones sociales;Recursos determinados;4538680;No sectorizable (gasto por genérica);Localizada en Puno;Sí;;Sí;0
7;ANEXO-7-2-2;229;1461;Gobierno local;211301;MUNICIPALIDAD PROVINCIAL DE YUNGUYO;Puno;;Yunguyo;Yunguyo;;;;2.2;Genérica del gasto;Pensiones y otras prestaciones sociales;Recursos ordinarios;1173085;Previsión social;Localizada en Puno;Sí;;Sí;0
7;ANEXO-7-2-2;229;1461;Gobierno local;211301;MUNICIPALIDAD PROVINCIAL DE YUNGUYO;Puno;;Yunguyo;Yunguyo;;;;2.2;Genérica del gasto;Pensiones y otras prestaciones sociales;Recursos determinados;105864;Previsión social;Localizada en Puno;Sí;;Sí;0
7;ANEXO-7-2-2;229;1461;Gobierno local;211301;MUNICIPALIDAD PROVINCIAL DE YUNGUYO;Puno;;Yunguyo;Yunguyo;;;;2.3;Genérica del gasto;Bienes y servicios;Recursos ordinarios;493860;No sectorizable (gasto por genérica);Localizada en Puno;Sí;;Sí;0
7;ANEXO-7-2-2;229;1461;Gobierno local;211301;MUNICIPALIDAD PROVINCIAL DE YUNGUYO;Puno;;Yunguyo;Yunguyo;;;;2.3;Genérica del gasto;Bienes y servicios;Recursos directamente recaudados;380626;No sectorizable (gasto por genérica);Localizada en Puno;Sí;;Sí;0
7;ANEXO-7-2-2;229;1461;Gobierno local;211301;MUNICIPALIDAD PROVINCIAL DE YUNGUYO;Puno;;Yunguyo;Yunguyo;;;;2.3;Genérica del gasto;Bienes y servicios;Donaciones y transferencias;80000;No sectorizable (gasto por genérica);Localizada en Puno;Sí;;Sí;0
7;ANEXO-7-2-2;229;1461;Gobierno local;211301;MUNICIPALIDAD PROVINCIAL DE YUNGUYO;Puno;;Yunguyo;Yunguyo;;;;2.3;Genérica del gasto;Bienes y servicios;Recursos determinados;5083999;No sectorizable (gasto por genérica);Localizada en Puno;Sí;;Sí;0
7;ANEXO-7-2-2;229;1461;Gobierno local;211301;MUNICIPALIDAD PROVINCIAL DE YUNGUYO;Puno;;Yunguyo;Yunguyo;;;;2.4;Genérica del gasto;Donaciones y transferencias;Recursos determinados;2272498;No sectorizable (gasto por genérica);Localizada en Puno;Sí;;Sí;0
7;ANEXO-7-2-2;229;1461;Gobierno local;211301;MUNICIPALIDAD PROVINCIAL DE YUNGUYO;Puno;;Yunguyo;Yunguyo;;;;2.5;Genérica del gasto;Otros gastos;Recursos ordinarios;87495;No sectorizable (gasto por genérica);Localizada en Puno;Sí;;Sí;0
7;ANEXO-7-2-2;229;1461;Gobierno local;211301;MUNICIPALIDAD PROVINCIAL DE YUNGUYO;Puno;;Yunguyo;Yunguyo;;;;2.5;Genérica del gasto;Otros gastos;Recursos directamente recaudados;65564;No sectorizable (gasto por genérica);Localizada en Puno;Sí;;Sí;0
7;ANEXO-7-2-2;229;1461;Gobierno local;211301;MUNICIPALIDAD PROVINCIAL DE YUNGUYO;Puno;;Yunguyo;Yunguyo;;;;2.5;Genérica del gasto;Otros gastos;Recursos determinados;185504;No sectorizable (gasto por genérica);Localizada en Puno;Sí;;Sí;0
7;ANEXO-7-2-2;229;1461;Gobierno local;211301;MUNICIPALIDAD PROVINCIAL DE YUNGUYO;Puno;;Yunguyo;Yunguyo;;;;2.6;Genérica del gasto;Adquisición de activos no financieros;Recursos directamente recaudados;6510;No sectorizable (gasto por genérica);Localizada en Puno;Sí;;Sí;0
7;ANEXO-7-2-2;229;1461;Gobierno local;211301;MUNICIPALIDAD PROVINCIAL DE YUNGUYO;Puno;;Yunguyo;Yunguyo;;;;2.6;Genérica del gasto;Adquisición de activos no financieros;Recursos determinados;11369464;No sectorizable (gasto por genérica);Localizada en Puno;Sí;;Sí;0
7;ANEXO-7-2-2;229;1461;Gobierno local;211301;MUNICIPALIDAD PROVINCIAL DE YUNGUYO;Puno;;Yunguyo;Yunguyo;;;;2.8;Genérica del gasto;Servicio de la deuda pública;Recursos determinados;517293;Deuda pública;Localizada en Puno;Sí;;Sí;0
7;ANEXO-7-2-2;230;1462;Gobierno local;211302;MUNICIPALIDAD DISTRITAL DE ANAPIA;Puno;;Anapia;Anapia;;;;2.1;Genérica del gasto;Personal y obligaciones sociales;Recursos determinados;90543;No sectorizable (gasto por genérica);Localizada en Puno;Sí;;Sí;0
7;ANEXO-7-2-2;230;1462;Gobierno local;211302;MUNICIPALIDAD DISTRITAL DE ANAPIA;Puno;;Anapia;Anapia;;;;2.2;Genérica del gasto;Pensiones y otras prestaciones sociales;Recursos ordinarios;23045;Previsión social;Localizada en Puno;Sí;;Sí;0
7;ANEXO-7-2-2;230;1462;Gobierno local;211302;MUNICIPALIDAD DISTRITAL DE ANAPIA;Puno;;Anapia;Anapia;;;;2.3;Genérica del gasto;Bienes y servicios;Recursos directamente recaudados;3000;No sectorizable (gasto por genérica);Localizada en Puno;Sí;;Sí;0
7;ANEXO-7-2-2;230;1462;Gobierno local;211302;MUNICIPALIDAD DISTRITAL DE ANAPIA;Puno;;Anapia;Anapia;;;;2.3;Genérica del gasto;Bienes y servicios;Recursos determinados;906508;No sectorizable (gasto por genérica);Localizada en Puno;Sí;;Sí;0
7;ANEXO-7-2-2;230;1462;Gobierno local;211302;MUNICIPALIDAD DISTRITAL DE ANAPIA;Puno;;Anapia;Anapia;;;;2.6;Genérica del gasto;Adquisición de activos no financieros;Recursos determinados;541063;No sectorizable (gasto por genérica);Localizada en Puno;Sí;;Sí;0
7;ANEXO-7-2-2;230;1462;Gobierno local;211303;MUNICIPALIDAD DISTRITAL DE COPAN';Puno;;Copan';Copan';;;;2.1;Genérica del gasto;Personal y obligaciones sociales;Recursos determinados;388026;No sectorizable (gasto por genérica);Localizada en Puno;Sí;;Sí;0
7;ANEXO-7-2-2;230;1462;Gobierno local;211303;MUNICIPALIDAD DISTRITAL DE COPAN';Puno;;Copan';Copan';;;;2.2;Genérica del gasto;Pensiones y otras prestaciones sociales;Recursos ordinarios;130452;Previsión social;Localizada en Puno;Sí;;Sí;0
7;ANEXO-7-2-2;230;1462;Gobierno local;211303;MUNICIPALIDAD DISTRITAL DE COPAN';Puno;;Copan';Copan';;;;2.3;Genérica del gasto;Bienes y servicios;Recursos directamente recaudados;10000;No sectorizable (gasto por genérica);Localizada en Puno;Sí;;Sí;0
7;ANEXO-7-2-2;230;1462;Gobierno local;211303;MUNICIPALIDAD DISTRITAL DE COPAN';Puno;;Copan';Copan';;;;2.3;Genérica del gasto;Bienes y servicios;Recursos determinados;1564222;No sectorizable (gasto por genérica);Localizada en Puno;Sí;;Sí;0
7;ANEXO-7-2-2;230;1462;Gobierno local;211303;MUNICIPALIDAD DISTRITAL DE COPAN';Puno;;Copan';Copan';;;;2.4;Genérica del gasto;Donaciones y transferencias;Recursos determinados;97800;No sectorizable (gasto por genérica);Localizada en Puno;Sí;;Sí;0
7;ANEXO-7-2-2;230;1462;Gobierno local;211303;MUNICIPALIDAD DISTRITAL DE COPAN';Puno;;Copan';Copan';;;;2.5;Genérica del gasto;Otros gastos;Recursos determinados;10000;No sectorizable (gasto por genérica);Localizada en Puno;Sí;;Sí;0
7;ANEXO-7-2-2;230;1462;Gobierno local;211303;MUNICIPALIDAD DISTRITAL DE COPAN';Puno;;Copan';Copan';;;;2.6;Genérica del gasto;Adquisición de activos no financieros;Recursos determinados;2730284;No sectorizable (gasto por genérica);Localizada en Puno;Sí;;Sí;0
7;ANEXO-7-2-2;230;1462;Gobierno local;211304;MUNICIPALIDAD DISTRITAL DE CUTURAPI;Puno;;Cuturapi;Cuturapi;;;;2.1;Genérica del gasto;Personal y obligaciones sociales;Recursos determinados;214400;No sectorizable (gasto por genérica);Localizada en Puno;Sí;;Sí;0
7;ANEXO-7-2-2;230;1462;Gobierno local;211304;MUNICIPALIDAD DISTRITAL DE CUTURAPI;Puno;;Cuturapi;Cuturapi;;;;2.2;Genérica del gasto;Pensiones y otras prestaciones sociales;Recursos ordinarios;59445;Previsión social;Localizada en Puno;Sí;;Sí;0
7;ANEXO-7-2-2;230;1462;Gobierno local;211304;MUNICIPALIDAD DISTRITAL DE CUTURAPI;Puno;;Cuturapi;Cuturapi;;;;2.3;Genérica del gasto;Bienes y servicios;Recursos directamente recaudados;13000;No sectorizable (gasto por genérica);Localizada en Puno;Sí;;Sí;0
7;ANEXO-7-2-2;230;1462;Gobierno local;211304;MUNICIPALIDAD DISTRITAL DE CUTURAPI;Puno;;Cuturapi;Cuturapi;;;;2.3;Genérica del gasto;Bienes y servicios;Recursos determinados;674818;No sectorizable (gasto por genérica);Localizada en Puno;Sí;;Sí;0
7;ANEXO-7-2-2;230;1462;Gobierno local;211304;MUNICIPALIDAD DISTRITAL DE CUTURAPI;Puno;;Cuturapi;Cuturapi;;;;2.4;Genérica del gasto;Donaciones y transferencias;Recursos determinados;59700;No sectorizable (gasto por genérica);Localizada en Puno;Sí;;Sí;0
7;ANEXO-7-2-2;230;1462;Gobierno local;211304;MUNICIPALIDAD DISTRITAL DE CUTURAPI;Puno;;Cuturapi;Cuturapi;;;;2.6;Genérica del gasto;Adquisición de activos no financieros;Recursos determinados;572430;No sectorizable (gasto por genérica);Localizada en Puno;Sí;;Sí;0
7;ANEXO-7-2-2;230;1462;Gobierno local;211305;MUNICIPALIDAD DISTRITAL DE OLLARAYA;Puno;;Ollaraya;Ollaraya;;;;2.1;Genérica del gasto;Personal y obligaciones sociales;Recursos determinados;315553;No sectorizable (gasto por genérica);Localizada en Puno;Sí;;Sí;0
7;ANEXO-7-2-2;230;1462;Gobierno local;211305;MUNICIPALIDAD DISTRITAL DE OLLARAYA;Puno;;Ollaraya;Ollaraya;;;;2.2;Genérica del gasto;Pensiones y otras prestaciones sociales;Recursos ordinarios;58593;Previsión social;Localizada en Puno;Sí;;Sí;0
7;ANEXO-7-2-2;230;1462;Gobierno local;211305;MUNICIPALIDAD DISTRITAL DE OLLARAYA;Puno;;Ollaraya;Ollaraya;;;;2.3;Genérica del gasto;Bienes y servicios;Recursos directamente recaudados;46500;No sectorizable (gasto por genérica);Localizada en Puno;Sí;;Sí;0
7;ANEXO-7-2-2;230;1462;Gobierno local;211305;MUNICIPALIDAD DISTRITAL DE OLLARAYA;Puno;;Ollaraya;Ollaraya;;;;2.3;Genérica del gasto;Bienes y servicios;Recursos determinados;784049;No sectorizable (gasto por genérica);Localizada en Puno;Sí;;Sí;0
7;ANEXO-7-2-2;230;1462;Gobierno local;211305;MUNICIPALIDAD DISTRITAL DE OLLARAYA;Puno;;Ollaraya;Ollaraya;;;;2.4;Genérica del gasto;Donaciones y transferencias;Recursos determinados;246000;No sectorizable (gasto por genérica);Localizada en Puno;Sí;;Sí;0
7;ANEXO-7-2-2;230;1462;Gobierno local;211305;MUNICIPALIDAD DISTRITAL DE OLLARAYA;Puno;;Ollaraya;Ollaraya;;;;2.5;Genérica del gasto;Otros gastos;Recursos determinados;2000;No sectorizable (gasto por genérica);Localizada en Puno;Sí;;Sí;0
7;ANEXO-7-2-2;230;1462;Gobierno local;211305;MUNICIPALIDAD DISTRITAL DE OLLARAYA;Puno;;Ollaraya;Ollaraya;;;;2.6;Genérica del gasto;Adquisición de activos no financieros;Recursos determinados;994767;No sectorizable (gasto por genérica);Localizada en Puno;Sí;;Sí;0
7;ANEXO-7-2-2;231;1463;Gobierno local;211306;MUNICIPALIDAD DISTRITAL DE TINICACHI;Puno;;Tinicachi;Tinicachi;;;;2.1;Genérica del gasto;Personal y obligaciones sociales;Recursos directamente recaudados;1500;No sectorizable (gasto por genérica);Localizada en Puno;Sí;;Sí;0
7;ANEXO-7-2-2;231;1463;Gobierno local;211306;MUNICIPALIDAD DISTRITAL DE TINICACHI;Puno;;Tinicachi;Tinicachi;;;;2.1;Genérica del gasto;Personal y obligaciones sociales;Recursos determinados;137174;No sectorizable (gasto por genérica);Localizada en Puno;Sí;;Sí;0
7;ANEXO-7-2-2;231;1463;Gobierno local;211306;MUNICIPALIDAD DISTRITAL DE TINICACHI;Puno;;Tinicachi;Tinicachi;;;;2.2;Genérica del gasto;Pensiones y otras prestaciones sociales;Recursos ordinarios;22274;Previsión social;Localizada en Puno;Sí;;Sí;0
7;ANEXO-7-2-2;231;1463;Gobierno local;211306;MUNICIPALIDAD DISTRITAL DE TINICACHI;Puno;;Tinicachi;Tinicachi;;;;2.3;Genérica del gasto;Bienes y servicios;Recursos directamente recaudados;30225;No sectorizable (gasto por genérica);Localizada en Puno;Sí;;Sí;0
7;ANEXO-7-2-2;231;1463;Gobierno local;211306;MUNICIPALIDAD DISTRITAL DE TINICACHI;Puno;;Tinicachi;Tinicachi;;;;2.3;Genérica del gasto;Bienes y servicios;Recursos determinados;644626;No sectorizable (gasto por genérica);Localizada en Puno;Sí;;Sí;0
7;ANEXO-7-2-2;231;1463;Gobierno local;211306;MUNICIPALIDAD DISTRITAL DE TINICACHI;Puno;;Tinicachi;Tinicachi;;;;2.6;Genérica del gasto;Adquisición de activos no financieros;Recursos determinados;489166;No sectorizable (gasto por genérica);Localizada en Puno;Sí;;Sí;0
7;ANEXO-7-2-2;231;1463;Gobierno local;211307;MUNICIPALIDAD DISTRITAL DE UNICACHI;Puno;;Unicachi;Unicachi;;;;2.1;Genérica del gasto;Personal y obligaciones sociales;Recursos determinados;217768;No sectorizable (gasto por genérica);Localizada en Puno;Sí;;Sí;0
7;ANEXO-7-2-2;231;1463;Gobierno local;211307;MUNICIPALIDAD DISTRITAL DE UNICACHI;Puno;;Unicachi;Unicachi;;;;2.2;Genérica del gasto;Pensiones y otras prestaciones sociales;Recursos ordinarios;70691;Previsión social;Localizada en Puno;Sí;;Sí;0
7;ANEXO-7-2-2;231;1463;Gobierno local;211307;MUNICIPALIDAD DISTRITAL DE UNICACHI;Puno;;Unicachi;Unicachi;;;;2.3;Genérica del gasto;Bienes y servicios;Recursos directamente recaudados;9966;No sectorizable (gasto por genérica);Localizada en Puno;Sí;;Sí;0
7;ANEXO-7-2-2;231;1463;Gobierno local;211307;MUNICIPALIDAD DISTRITAL DE UNICACHI;Puno;;Unicachi;Unicachi;;;;2.3;Genérica del gasto;Bienes y servicios;Recursos determinados;803344;No sectorizable (gasto por genérica);Localizada en Puno;Sí;;Sí;0
7;ANEXO-7-2-2;231;1463;Gobierno local;211307;MUNICIPALIDAD DISTRITAL DE UNICACHI;Puno;;Unicachi;Unicachi;;;;2.4;Genérica del gasto;Donaciones y transferencias;Recursos determinados;32712;No sectorizable (gasto por genérica);Localizada en Puno;Sí;;Sí;0
7;ANEXO-7-2-2;231;1463;Gobierno local;211307;MUNICIPALIDAD DISTRITAL DE UNICACHI;Puno;;Unicachi;Unicachi;;;;2.6;Genérica del gasto;Adquisición de activos no financieros;Recursos determinados;440723;No sectorizable (gasto por genérica);Localizada en Puno;Sí;;Sí;0
8;ANEXO-8-1;6;1508;Gobierno regional;458;GOBIERNO REGIONAL DEL DEPARTAMENTO DE PUNO;Puno;;;;Programas presupuestales;SALUD MATERNO NEONATAL;;;Asignación por programa presupuestal;SALUD MATERNO NEONATAL;;105888313;Salud;Localizada en Puno;No, replica los anexos 6 y 7;;No aplica;
8;ANEXO-8-1;23;1525;Gobierno local;210101;MUNICIPALIDAD PROVINCIAL DE PUNO;Puno;;Puno;Puno;Programas presupuestales;SALUD MATERNO NEONATAL;;;Asignación por programa presupuestal;SALUD MATERNO NEONATAL;;190000;Salud;Localizada en Puno;No, replica los anexos 6 y 7;;No aplica;
8;ANEXO-8-1;23;1525;Gobierno local;210102;MUNICIPALIDAD DISTRITAL DE ACORA;Puno;;Acora;Acora;Programas presupuestales;SALUD MATERNO NEONATAL;;;Asignación por programa presupuestal;SALUD MATERNO NEONATAL;;910000;Salud;Localizada en Puno;No, replica los anexos 6 y 7;;No aplica;
8;ANEXO-8-1;23;1525;Gobierno local;210105;MUNICIPALIDAD DISTRITAL DE CAPACHICA;Puno;;Capachica;Capachica;Programas presupuestales;SALUD MATERNO NEONATAL;;;Asignación por programa presupuestal;SALUD MATERNO NEONATAL;;1022;Salud;Localizada en Puno;No, replica los anexos 6 y 7;;No aplica;
8;ANEXO-8-1;23;1525;Gobierno local;210106;MUNICIPALIDAD DISTRITAL DE CHUCUITO;Puno;;Chucuito;Chucuito;Programas presupuestales;SALUD MATERNO NEONATAL;;;Asignación por programa presupuestal;SALUD MATERNO NEONATAL;;1500;Salud;Localizada en Puno;No, replica los anexos 6 y 7;;No aplica;
8;ANEXO-8-1;23;1525;Gobierno local;210108;MUNICIPALIDAD DISTRITAL DE HUATA;Puno;;Huata;Huata;Programas presupuestales;SALUD MATERNO NEONATAL;;;Asignación por programa presupuestal;SALUD MATERNO NEONATAL;;3000;Salud;Localizada en Puno;No, replica los anexos 6 y 7;;No aplica;
8;ANEXO-8-1;23;1525;Gobierno local;210113;MUNICIPALIDAD DISTRITAL DE SAN ANTONIO;Puno;;San Antonio;San Antonio;Programas presupuestales;SALUD MATERNO NEONATAL;;;Asignación por programa presupuestal;SALUD MATERNO NEONATAL;;3000;Salud;Localizada en Puno;No, replica los anexos 6 y 7;;No aplica;
8;ANEXO-8-1;23;1525;Gobierno local;210114;MUNICIPALIDAD DISTRITAL DE TIQUILLACA;Puno;;Tiquillaca;Tiquillaca;Programas presupuestales;SALUD MATERNO NEONATAL;;;Asignación por programa presupuestal;SALUD MATERNO NEONATAL;;500;Salud;Localizada en Puno;No, replica los anexos 6 y 7;;No aplica;
8;ANEXO-8-1;23;1525;Gobierno local;210115;MUNICIPALIDAD DISTRITAL DE VILQUE;Puno;;Vilque;Vilque;Programas presupuestales;SALUD MATERNO NEONATAL;;;Asignación por programa presupuestal;SALUD MATERNO NEONATAL;;6000;Salud;Localizada en Puno;No, replica los anexos 6 y 7;;No aplica;
8;ANEXO-8-1;23;1525;Gobierno local;210210;MUNICIPALIDAD DISTRITAL DE SAMAN;Puno;;Saman;Saman;Programas presupuestales;SALUD MATERNO NEONATAL;;;Asignación por programa presupuestal;SALUD MATERNO NEONATAL;;5000;Salud;Localizada en Puno;No, replica los anexos 6 y 7;;No aplica;
8;ANEXO-8-1;23;1525;Gobierno local;210211;MUNICIPALIDAD DISTRITAL DE SAN ANTON;Puno;;San Anton;San Anton;Programas presupuestales;SALUD MATERNO NEONATAL;;;Asignación por programa presupuestal;SALUD MATERNO NEONATAL;;252375;Salud;Localizada en Puno;No, replica los anexos 6 y 7;;No aplica;
8;ANEXO-8-1;23;1525;Gobierno local;210307;MUNICIPALIDAD DISTRITAL DE ITUATA;Puno;;Ituata;Ituata;Programas presupuestales;SALUD MATERNO NEONATAL;;;Asignación por programa presupuestal;SALUD MATERNO NEONATAL;;12300;Salud;Localizada en Puno;No, replica los anexos 6 y 7;;No aplica;
8;ANEXO-8-1;23;1525;Gobierno local;210309;MUNICIPALIDAD DISTRITAL DE SAN GABAN;Puno;;San Gaban;San Gaban;Programas presupuestales;SALUD MATERNO NEONATAL;;;Asignación por programa presupuestal;SALUD MATERNO NEONATAL;;1312894;Salud;Localizada en Puno;No, replica los anexos 6 y 7;;No aplica;
8;ANEXO-8-1;23;1525;Gobierno local;210405;MUNICIPALIDAD DISTRITAL DE PISACOMA;Puno;;Pisacoma;Pisacoma;Programas presupuestales;SALUD MATERNO NEONATAL;;;Asignación por programa presupuestal;SALUD MATERNO NEONATAL;;2500;Salud;Localizada en Puno;No, replica los anexos 6 y 7;;No aplica;
8;ANEXO-8-1;23;1525;Gobierno local;210406;MUNICIPALIDAD DISTRITAL DE POMATA;Puno;;Pomata;Pomata;Programas presupuestales;SALUD MATERNO NEONATAL;;;Asignación por programa presupuestal;SALUD MATERNO NEONATAL;;15500;Salud;Localizada en Puno;No, replica los anexos 6 y 7;;No aplica;
8;ANEXO-8-1;23;1525;Gobierno local;210407;MUNICIPALIDAD DISTRITAL DE ZEPITA;Puno;;Zepita;Zepita;Programas presupuestales;SALUD MATERNO NEONATAL;;;Asignación por programa presupuestal;SALUD MATERNO NEONATAL;;49023;Salud;Localizada en Puno;No, replica los anexos 6 y 7;;No aplica;
8;ANEXO-8-1;23;1525;Gobierno local;210501;MUNICIPALIDAD PROVINCIAL DE EL COLLAO -ILAVE;Puno;;El Collao;El Collao;Programas presupuestales;SALUD MATERNO NEONATAL;;;Asignación por programa presupuestal;SALUD MATERNO NEONATAL;;13545;Salud;Localizada en Puno;No, replica los anexos 6 y 7;;No aplica;
8;ANEXO-8-1;23;1525;Gobierno local;210503;MUNICIPALIDAD DISTRITAL DE PILCUYO;Puno;;Pilcuyo;Pilcuyo;Programas presupuestales;SALUD MATERNO NEONATAL;;;Asignación por programa presupuestal;SALUD MATERNO NEONATAL;;1800;Salud;Localizada en Puno;No, replica los anexos 6 y 7;;No aplica;
8;ANEXO-8-1;23;1525;Gobierno local;210602;MUNICIPALIDAD DISTRITAL DE COJATA;Puno;;Cojata;Cojata;Programas presupuestales;SALUD MATERNO NEONATAL;;;Asignación por programa presupuestal;SALUD MATERNO NEONATAL;;50000;Salud;Localizada en Puno;No, replica los anexos 6 y 7;;No aplica;
8;ANEXO-8-1;23;1525;Gobierno local;210607;MUNICIPALIDAD DISTRITAL DE TARACO;Puno;;Taraco;Taraco;Programas presupuestales;SALUD MATERNO NEONATAL;;;Asignación por programa presupuestal;SALUD MATERNO NEONATAL;;1000;Salud;Localizada en Puno;No, replica los anexos 6 y 7;;No aplica;
8;ANEXO-8-1;23;1525;Gobierno local;210608;MUNICIPALIDAD DISTRITAL DE VILQUE CHICO;Puno;;Vilque Chico;Vilque Chico;Programas presupuestales;SALUD MATERNO NEONATAL;;;Asignación por programa presupuestal;SALUD MATERNO NEONATAL;;10100;Salud;Localizada en Puno;No, replica los anexos 6 y 7;;No aplica;
8;ANEXO-8-1;23;1525;Gobierno local;210703;MUNICIPALIDAD DISTRITAL DE CALAPUJA;Puno;;Calapuja;Calapuja;Programas presupuestales;SALUD MATERNO NEONATAL;;;Asignación por programa presupuestal;SALUD MATERNO NEONATAL;;1500;Salud;Localizada en Puno;No, replica los anexos 6 y 7;;No aplica;
8;ANEXO-8-1;23;1525;Gobierno local;210704;MUNICIPALIDAD DISTRITAL DE NICASIO;Puno;;Nicasio;Nicasio;Programas presupuestales;SALUD MATERNO NEONATAL;;;Asignación por programa presupuestal;SALUD MATERNO NEONATAL;;100000;Salud;Localizada en Puno;No, replica los anexos 6 y 7;;No aplica;
8;ANEXO-8-1;23;1525;Gobierno local;210708;MUNICIPALIDAD DISTRITAL DE PUCARA;Puno;;Pucara;Pucara;Programas presupuestales;SALUD MATERNO NEONATAL;;;Asignación por programa presupuestal;SALUD MATERNO NEONATAL;;483702;Salud;Localizada en Puno;No, replica los anexos 6 y 7;;No aplica;
8;ANEXO-8-1;23;1525;Gobierno local;210807;MUNICIPALIDAD DISTRITAL DE ORURILLO;Puno;;Orurillo;Orurillo;Programas presupuestales;SALUD MATERNO NEONATAL;;;Asignación por programa presupuestal;SALUD MATERNO NEONATAL;;3000;Salud;Localizada en Puno;No, replica los anexos 6 y 7;;No aplica;
8;ANEXO-8-1;23;1525;Gobierno local;210902;MUNICIPALIDAD DISTRITAL DE CONIMA;Puno;;Conima;Conima;Programas presupuestales;SALUD MATERNO NEONATAL;;;Asignación por programa presupuestal;SALUD MATERNO NEONATAL;;2000;Salud;Localizada en Puno;No, replica los anexos 6 y 7;;No aplica;
8;ANEXO-8-1;23;1525;Gobierno local;211003;MUNICIPALIDAD DISTRITAL DE PEDRO VILCA APAZA;Puno;;Pedro Vilca Apaza;Pedro Vilca Apaza;Programas presupuestales;SALUD MATERNO NEONATAL;;;Asignación por programa presupuestal;SALUD MATERNO NEONATAL;;1000;Salud;Localizada en Puno;No, replica los anexos 6 y 7;;No aplica;
8;ANEXO-8-1;23;1525;Gobierno local;211101;MUNICIPALIDAD PROVINCIAL DE SAN ROMAN -JULIACA;Puno;;San Roman;San Roman;Programas presupuestales;SALUD MATERNO NEONATAL;;;Asignación por programa presupuestal;SALUD MATERNO NEONATAL;;60500;Salud;Localizada en Puno;No, replica los anexos 6 y 7;;No aplica;
8;ANEXO-8-1;23;1525;Gobierno local;211102;MUNICIPALIDAD DISTRITAL DE CABANA;Puno;;Cabana;Cabana;Programas presupuestales;SALUD MATERNO NEONATAL;;;Asignación por programa presupuestal;SALUD MATERNO NEONATAL;;5000;Salud;Localizada en Puno;No, replica los anexos 6 y 7;;No aplica;
8;ANEXO-8-1;23;1525;Gobierno local;211105;MUNICIPALIDAD DISTRITAL DE SAN MIGUEL;Puno;;San Miguel;San Miguel;Programas presupuestales;SALUD MATERNO NEONATAL;;;Asignación por programa presupuestal;SALUD MATERNO NEONATAL;;23045;Salud;Localizada en Puno;No, replica los anexos 6 y 7;;No aplica;
8;ANEXO-8-1;24;1526;Gobierno local;211201;MUNICIPALIDAD PROVINCIAL DE SANDIA;Puno;;Sandia;Sandia;Programas presupuestales;SALUD MATERNO NEONATAL;;;Asignación por programa presupuestal;SALUD MATERNO NEONATAL;;999326;Salud;Localizada en Puno;No, replica los anexos 6 y 7;;No aplica;
8;ANEXO-8-1;24;1526;Gobierno local;211210;MUNICIPALIDAD DISTRITAL DE SAN PEDRO DE PUTINA PUNCO;Puno;;San Pedro De Putina Punco;San Pedro De Putina Punco;Programas presupuestales;SALUD MATERNO NEONATAL;;;Asignación por programa presupuestal;SALUD MATERNO NEONATAL;;300000;Salud;Localizada en Puno;No, replica los anexos 6 y 7;;No aplica;
8;ANEXO-8-1;24;1526;Gobierno local;211305;MUNICIPALIDAD DISTRITAL DE OLLARAYA;Puno;;Ollaraya;Ollaraya;Programas presupuestales;SALUD MATERNO NEONATAL;;;Asignación por programa presupuestal;SALUD MATERNO NEONATAL;;500;Salud;Localizada en Puno;No, replica los anexos 6 y 7;;No aplica;
8;ANEXO-8-1;27;1529;Gobierno regional;458;GOBIERNO REGIONAL DEL DEPARTAMENTO DE PUNO;Puno;;;;Programas presupuestales;TBC-VIH/SIDA;;;Asignación por programa presupuestal;TBC-VIH/SIDA;;23383959;Salud;Localizada en Puno;No, replica los anexos 6 y 7;;No aplica;
8;ANEXO-8-1;34;1536;Gobierno local;210101;MUNICIPALIDAD PROVINCIAL DE PUNO;Puno;;Puno;Puno;Programas presupuestales;TBC-VIH/SIDA;;;Asignación por programa presupuestal;TBC-VIH/SIDA;;204297;Salud;Localizada en Puno;No, replica los anexos 6 y 7;;No aplica;
8;ANEXO-8-1;34;1536;Gobierno local;210201;MUNICIPALIDAD PROVINCIAL DE AZANGARO;Puno;;Azangaro;Azangaro;Programas presupuestales;TBC-VIH/SIDA;;;Asignación por programa presupuestal;TBC-VIH/SIDA;;92862;Salud;Localizada en Puno;No, replica los anexos 6 y 7;;No aplica;
8;ANEXO-8-1;34;1536;Gobierno local;210301;MUNICIPALIDAD PROVINCIAL DE CARABAYA -MACUSANI;Puno;;Carabaya;Carabaya;Programas presupuestales;TBC-VIH/SIDA;;;Asignación por programa presupuestal;TBC-VIH/SIDA;;80480;Salud;Localizada en Puno;No, replica los anexos 6 y 7;;No aplica;
8;ANEXO-8-1;34;1536;Gobierno local;210401;MUNICIPALIDAD PROVINCIAL DE CHUCUITO -JULI;Puno;;Chucuito;Chucuito;Programas presupuestales;TBC-VIH/SIDA;;;Asignación por programa presupuestal;TBC-VIH/SIDA;;53121;Salud;Localizada en Puno;No, replica los anexos 6 y 7;;No aplica;
8;ANEXO-8-1;34;1536;Gobierno local;210501;MUNICIPALIDAD PROVINCIAL DE EL COLLAO -ILAVE;Puno;;El Collao;El Collao;Programas presupuestales;TBC-VIH/SIDA;;;Asignación por programa presupuestal;TBC-VIH/SIDA;;64402;Salud;Localizada en Puno;No, replica los anexos 6 y 7;;No aplica;
8;ANEXO-8-1;34;1536;Gobierno local;210601;MUNICIPALIDAD PROVINCIAL DE HUANCANE;Puno;;Huancane;Huancane;Programas presupuestales;TBC-VIH/SIDA;;;Asignación por programa presupuestal;TBC-VIH/SIDA;;83138;Salud;Localizada en Puno;No, replica los anexos 6 y 7;;No aplica;
8;ANEXO-8-1;34;1536;Gobierno local;210701;MUNICIPALIDAD PROVINCIAL DE LAMPA;Puno;;Lampa;Lampa;Programas presupuestales;TBC-VIH/SIDA;;;Asignación por programa presupuestal;TBC-VIH/SIDA;;24763;Salud;Localizada en Puno;No, replica los anexos 6 y 7;;No aplica;
8;ANEXO-8-1;34;1536;Gobierno local;210801;MUNICIPALIDAD PROVINCIAL DE MELGAR -AYAVIRI;Puno;;Melgar;Melgar;Programas presupuestales;TBC-VIH/SIDA;;;Asignación por programa presupuestal;TBC-VIH/SIDA;;80480;Salud;Localizada en Puno;No, replica los anexos 6 y 7;;No aplica;
8;ANEXO-8-1;34;1536;Gobierno local;210901;MUNICIPALIDAD PROVINCIAL DE MOHO;Puno;;Moho;Moho;Programas presupuestales;TBC-VIH/SIDA;;;Asignación por programa presupuestal;TBC-VIH/SIDA;;34049;Salud;Localizada en Puno;No, replica los anexos 6 y 7;;No aplica;
8;ANEXO-8-1;34;1536;Gobierno local;211001;MUNICIPALIDAD PROVINCIAL DE SAN ANTONIO DE PUTINA -PUTINA;Puno;;San Antonio De Putina;San Antonio De Putina;Programas presupuestales;TBC-VIH/SIDA;;;Asignación por programa presupuestal;TBC-VIH/SIDA;;46431;Salud;Localizada en Puno;No, replica los anexos 6 y 7;;No aplica;
8;ANEXO-8-1;34;1536;Gobierno local;211101;MUNICIPALIDAD PROVINCIAL DE SAN ROMAN -JULIACA;Puno;;San Roman;San Roman;Programas presupuestales;TBC-VIH/SIDA;;;Asignación por programa presupuestal;TBC-VIH/SIDA;;832893;Salud;Localizada en Puno;No, replica los anexos 6 y 7;;No aplica;
8;ANEXO-8-1;34;1536;Gobierno local;211201;MUNICIPALIDAD PROVINCIAL DE SANDIA;Puno;;Sandia;Sandia;Programas presupuestales;TBC-VIH/SIDA;;;Asignación por programa presupuestal;TBC-VIH/SIDA;;176194;Salud;Localizada en Puno;No, replica los anexos 6 y 7;;No aplica;
8;ANEXO-8-1;34;1536;Gobierno local;211301;MUNICIPALIDAD PROVINCIAL DE YUNGUYO;Puno;;Yunguyo;Yunguyo;Programas presupuestales;TBC-VIH/SIDA;;;Asignación por programa presupuestal;TBC-VIH/SIDA;;24763;Salud;Localizada en Puno;No, replica los anexos 6 y 7;;No aplica;
8;ANEXO-8-1;37;1539;Gobierno regional;458;GOBIERNO REGIONAL DEL DEPARTAMENTO DE PUNO;Puno;;;;Programas presupuestales;ENFERMEDADES METAXENICAS Y ZOONOSIS;;;Asignación por programa presupuestal;ENFERMEDADES METAXENICAS Y ZOONOSIS;;12099735;Salud;Localizada en Puno;No, replica los anexos 6 y 7;;No aplica;
8;ANEXO-8-1;47;1549;Gobierno local;210109;MUNICIPALIDAD DISTRITAL DE MAÑAZO;Puno;;Manazo;Manazo;Programas presupuestales;ENFERMEDADES METAXENICAS Y ZOONOSIS;;;Asignación por programa presupuestal;ENFERMEDADES METAXENICAS Y ZOONOSIS;;12000;Salud;Localizada en Puno;No, replica los anexos 6 y 7;;No aplica;
8;ANEXO-8-1;47;1549;Gobierno local;210303;MUNICIPALIDAD DISTRITAL DE AYAPATA;Puno;;Ayapata;Ayapata;Programas presupuestales;ENFERMEDADES METAXENICAS Y ZOONOSIS;;;Asignación por programa presupuestal;ENFERMEDADES METAXENICAS Y ZOONOSIS;;500;Salud;Localizada en Puno;No, replica los anexos 6 y 7;;No aplica;
8;ANEXO-8-1;47;1549;Gobierno local;210305;MUNICIPALIDAD DISTRITAL DE CORANI;Puno;;Corani;Corani;Programas presupuestales;ENFERMEDADES METAXENICAS Y ZOONOSIS;;;Asignación por programa presupuestal;ENFERMEDADES METAXENICAS Y ZOONOSIS;;1500;Salud;Localizada en Puno;No, replica los anexos 6 y 7;;No aplica;
8;ANEXO-8-1;47;1549;Gobierno local;210309;MUNICIPALIDAD DISTRITAL DE SAN GABAN;Puno;;San Gaban;San Gaban;Programas presupuestales;ENFERMEDADES METAXENICAS Y ZOONOSIS;;;Asignación por programa presupuestal;ENFERMEDADES METAXENICAS Y ZOONOSIS;;10000;Salud;Localizada en Puno;No, replica los anexos 6 y 7;;No aplica;
8;ANEXO-8-1;47;1549;Gobierno local;210501;MUNICIPALIDAD PROVINCIAL DE EL COLLAO -ILAVE;Puno;;El Collao;El Collao;Programas presupuestales;ENFERMEDADES METAXENICAS Y ZOONOSIS;;;Asignación por programa presupuestal;ENFERMEDADES METAXENICAS Y ZOONOSIS;;1000;Salud;Localizada en Puno;No, replica los anexos 6 y 7;;No aplica;
8;ANEXO-8-1;47;1549;Gobierno local;210601;MUNICIPALIDAD PROVINCIAL DE HUANCANE;Puno;;Huancane;Huancane;Programas presupuestales;ENFERMEDADES METAXENICAS Y ZOONOSIS;;;Asignación por programa presupuestal;ENFERMEDADES METAXENICAS Y ZOONOSIS;;10000;Salud;Localizada en Puno;No, replica los anexos 6 y 7;;No aplica;
8;ANEXO-8-1;47;1549;Gobierno local;210701;MUNICIPALIDAD PROVINCIAL DE LAMPA;Puno;;Lampa;Lampa;Programas presupuestales;ENFERMEDADES METAXENICAS Y ZOONOSIS;;;Asignación por programa presupuestal;ENFERMEDADES METAXENICAS Y ZOONOSIS;;5000;Salud;Localizada en Puno;No, replica los anexos 6 y 7;;No aplica;
8;ANEXO-8-1;47;1549;Gobierno local;210801;MUNICIPALIDAD PROVINCIAL DE MELGAR -AYAVIRI;Puno;;Melgar;Melgar;Programas presupuestales;ENFERMEDADES METAXENICAS Y ZOONOSIS;;;Asignación por programa presupuestal;ENFERMEDADES METAXENICAS Y ZOONOSIS;;34700;Salud;Localizada en Puno;No, replica los anexos 6 y 7;;No aplica;
8;ANEXO-8-1;47;1549;Gobierno local;211101;MUNICIPALIDAD PROVINCIAL DE SAN ROMAN -JULIACA;Puno;;San Roman;San Roman;Programas presupuestales;ENFERMEDADES METAXENICAS Y ZOONOSIS;;;Asignación por programa presupuestal;ENFERMEDADES METAXENICAS Y ZOONOSIS;;2000;Salud;Localizada en Puno;No, replica los anexos 6 y 7;;No aplica;
8;ANEXO-8-1;47;1549;Gobierno local;211105;MUNICIPALIDAD DISTRITAL DE SAN MIGUEL;Puno;;San Miguel;San Miguel;Programas presupuestales;ENFERMEDADES METAXENICAS Y ZOONOSIS;;;Asignación por programa presupuestal;ENFERMEDADES METAXENICAS Y ZOONOSIS;;6000;Salud;Localizada en Puno;No, replica los anexos 6 y 7;;No aplica;
8;ANEXO-8-1;47;1549;Gobierno local;211207;MUNICIPALIDAD DISTRITAL DE SAN JUAN DEL ORO;Puno;;San Juan Del Oro;San Juan Del Oro;Programas presupuestales;ENFERMEDADES METAXENICAS Y ZOONOSIS;;;Asignación por programa presupuestal;ENFERMEDADES METAXENICAS Y ZOONOSIS;;1500;Salud;Localizada en Puno;No, replica los anexos 6 y 7;;No aplica;
8;ANEXO-8-1;52;1554;Gobierno regional;458;GOBIERNO REGIONAL DEL DEPARTAMENTO DE PUNO;Puno;;;;Programas presupuestales;ENFERMEDADES NO TRANSMISIBLES;;;Asignación por programa presupuestal;ENFERMEDADES NO TRANSMISIBLES;;31323605;Salud;Localizada en Puno;No, replica los anexos 6 y 7;;No aplica;
8;ANEXO-8-1;56;1558;Gobierno regional;458;GOBIERNO REGIONAL DEL DEPARTAMENTO DE PUNO;Puno;;;;Programas presupuestales;PREVENCION Y CONTROL DEL CANCER;;;Asignación por programa presupuestal;PREVENCION Y CONTROL DEL CANCER;;13922710;Salud;Localizada en Puno;No, replica los anexos 6 y 7;;No aplica;
8;ANEXO-8-1;63;1565;Gobierno regional;458;GOBIERNO REGIONAL DEL DEPARTAMENTO DE PUNO;Puno;;;;Programas presupuestales;REDUCCION DE DELITOS Y FALTAS QUE AFECTAN LA SEGURIDAD CIUDADANA;;;Asignación por programa presupuestal;REDUCCION DE DELITOS Y FALTAS QUE AFECTAN LA SEGURIDAD CIUDADANA;;218816;Orden público y seguridad;Localizada en Puno;No, replica los anexos 6 y 7;;No aplica;
8;ANEXO-8-1;110;1612;Gobierno local;210101;MUNICIPALIDAD PROVINCIAL DE PUNO;Puno;;Puno;Puno;Programas presupuestales;REDUCCION DE DELITOS Y FALTAS QUE AFECTAN LA SEGURIDAD CIUDADANA;;;Asignación por programa presupuestal;REDUCCION DE DELITOS Y FALTAS QUE AFECTAN LA SEGURIDAD CIUDADANA;;5695177;Orden público y seguridad;Localizada en Puno;No, replica los anexos 6 y 7;;No aplica;
8;ANEXO-8-1;110;1612;Gobierno local;210102;MUNICIPALIDAD DISTRITAL DE ACORA;Puno;;Acora;Acora;Programas presupuestales;REDUCCION DE DELITOS Y FALTAS QUE AFECTAN LA SEGURIDAD CIUDADANA;;;Asignación por programa presupuestal;REDUCCION DE DELITOS Y FALTAS QUE AFECTAN LA SEGURIDAD CIUDADANA;;200890;Orden público y seguridad;Localizada en Puno;No, replica los anexos 6 y 7;;No aplica;
8;ANEXO-8-1;110;1612;Gobierno local;210103;MUNICIPALIDAD DISTRITAL DE AMANTANI;Puno;;Amantani;Amantani;Programas presupuestales;REDUCCION DE DELITOS Y FALTAS QUE AFECTAN LA SEGURIDAD CIUDADANA;;;Asignación por programa presupuestal;REDUCCION DE DELITOS Y FALTAS QUE AFECTAN LA SEGURIDAD CIUDADANA;;47700;Orden público y seguridad;Localizada en Puno;No, replica los anexos 6 y 7;;No aplica;
8;ANEXO-8-1;110;1612;Gobierno local;210104;MUNICIPALIDAD DISTRITAL DE ATUNCOLLA;Puno;;Atuncolla;Atuncolla;Programas presupuestales;REDUCCION DE DELITOS Y FALTAS QUE AFECTAN LA SEGURIDAD CIUDADANA;;;Asignación por programa presupuestal;REDUCCION DE DELITOS Y FALTAS QUE AFECTAN LA SEGURIDAD CIUDADANA;;103800;Orden público y seguridad;Localizada en Puno;No, replica los anexos 6 y 7;;No aplica;
8;ANEXO-8-1;110;1612;Gobierno local;210105;MUNICIPALIDAD DISTRITAL DE CAPACHICA;Puno;;Capachica;Capachica;Programas presupuestales;REDUCCION DE DELITOS Y FALTAS QUE AFECTAN LA SEGURIDAD CIUDADANA;;;Asignación por programa presupuestal;REDUCCION DE DELITOS Y FALTAS QUE AFECTAN LA SEGURIDAD CIUDADANA;;84860;Orden público y seguridad;Localizada en Puno;No, replica los anexos 6 y 7;;No aplica;
8;ANEXO-8-1;110;1612;Gobierno local;210106;MUNICIPALIDAD DISTRITAL DE CHUCUITO;Puno;;Chucuito;Chucuito;Programas presupuestales;REDUCCION DE DELITOS Y FALTAS QUE AFECTAN LA SEGURIDAD CIUDADANA;;;Asignación por programa presupuestal;REDUCCION DE DELITOS Y FALTAS QUE AFECTAN LA SEGURIDAD CIUDADANA;;94658;Orden público y seguridad;Localizada en Puno;No, replica los anexos 6 y 7;;No aplica;
8;ANEXO-8-1;110;1612;Gobierno local;210107;MUNICIPALIDAD DISTRITAL DE COATA;Puno;;Coata;Coata;Programas presupuestales;REDUCCION DE DELITOS Y FALTAS QUE AFECTAN LA SEGURIDAD CIUDADANA;;;Asignación por programa presupuestal;REDUCCION DE DELITOS Y FALTAS QUE AFECTAN LA SEGURIDAD CIUDADANA;;48500;Orden público y seguridad;Localizada en Puno;No, replica los anexos 6 y 7;;No aplica;
8;ANEXO-8-1;110;1612;Gobierno local;210108;MUNICIPALIDAD DISTRITAL DE HUATA;Puno;;Huata;Huata;Programas presupuestales;REDUCCION DE DELITOS Y FALTAS QUE AFECTAN LA SEGURIDAD CIUDADANA;;;Asignación por programa presupuestal;REDUCCION DE DELITOS Y FALTAS QUE AFECTAN LA SEGURIDAD CIUDADANA;;133900;Orden público y seguridad;Localizada en Puno;No, replica los anexos 6 y 7;;No aplica;
8;ANEXO-8-1;110;1612;Gobierno local;210109;MUNICIPALIDAD DISTRITAL DE MAÑAZO;Puno;;Manazo;Manazo;Programas presupuestales;REDUCCION DE DELITOS Y FALTAS QUE AFECTAN LA SEGURIDAD CIUDADANA;;;Asignación por programa presupuestal;REDUCCION DE DELITOS Y FALTAS QUE AFECTAN LA SEGURIDAD CIUDADANA;;146008;Orden público y seguridad;Localizada en Puno;No, replica los anexos 6 y 7;;No aplica;
8;ANEXO-8-1;110;1612;Gobierno local;210110;MUNICIPALIDAD DISTRITAL DE PAUCARCOLLA;Puno;;Paucarcolla;Paucarcolla;Programas presupuestales;REDUCCION DE DELITOS Y FALTAS QUE AFECTAN LA SEGURIDAD CIUDADANA;;;Asignación por programa presupuestal;REDUCCION DE DELITOS Y FALTAS QUE AFECTAN LA SEGURIDAD CIUDADANA;;81867;Orden público y seguridad;Localizada en Puno;No, replica los anexos 6 y 7;;No aplica;
8;ANEXO-8-1;110;1612;Gobierno local;210111;MUNICIPALIDAD DISTRITAL DE PICHACANI;Puno;;Pichacani;Pichacani;Programas presupuestales;REDUCCION DE DELITOS Y FALTAS QUE AFECTAN LA SEGURIDAD CIUDADANA;;;Asignación por programa presupuestal;REDUCCION DE DELITOS Y FALTAS QUE AFECTAN LA SEGURIDAD CIUDADANA;;70500;Orden público y seguridad;Localizada en Puno;No, replica los anexos 6 y 7;;No aplica;
8;ANEXO-8-1;110;1612;Gobierno local;210112;MUNICIPALIDAD DISTRITAL DE PLATERIA;Puno;;Plateria;Plateria;Programas presupuestales;REDUCCION DE DELITOS Y FALTAS QUE AFECTAN LA SEGURIDAD CIUDADANA;;;Asignación por programa presupuestal;REDUCCION DE DELITOS Y FALTAS QUE AFECTAN LA SEGURIDAD CIUDADANA;;41600;Orden público y seguridad;Localizada en Puno;No, replica los anexos 6 y 7;;No aplica;
8;ANEXO-8-1;111;1613;Gobierno local;210113;MUNICIPALIDAD DISTRITAL DE SAN ANTONIO;Puno;;San Antonio;San Antonio;Programas presupuestales;REDUCCION DE DELITOS Y FALTAS QUE AFECTAN LA SEGURIDAD CIUDADANA;;;Asignación por programa presupuestal;REDUCCION DE DELITOS Y FALTAS QUE AFECTAN LA SEGURIDAD CIUDADANA;;44000;Orden público y seguridad;Localizada en Puno;No, replica los anexos 6 y 7;;No aplica;
8;ANEXO-8-1;111;1613;Gobierno local;210114;MUNICIPALIDAD DISTRITAL DE TIQUILLACA;Puno;;Tiquillaca;Tiquillaca;Programas presupuestales;REDUCCION DE DELITOS Y FALTAS QUE AFECTAN LA SEGURIDAD CIUDADANA;;;Asignación por programa presupuestal;REDUCCION DE DELITOS Y FALTAS QUE AFECTAN LA SEGURIDAD CIUDADANA;;35800;Orden público y seguridad;Localizada en Puno;No, replica los anexos 6 y 7;;No aplica;
8;ANEXO-8-1;111;1613;Gobierno local;210115;MUNICIPALIDAD DISTRITAL DE VILQUE;Puno;;Vilque;Vilque;Programas presupuestales;REDUCCION DE DELITOS Y FALTAS QUE AFECTAN LA SEGURIDAD CIUDADANA;;;Asignación por programa presupuestal;REDUCCION DE DELITOS Y FALTAS QUE AFECTAN LA SEGURIDAD CIUDADANA;;51500;Orden público y seguridad;Localizada en Puno;No, replica los anexos 6 y 7;;No aplica;
8;ANEXO-8-1;111;1613;Gobierno local;210201;MUNICIPALIDAD PROVINCIAL DE AZANGARO;Puno;;Azangaro;Azangaro;Programas presupuestales;REDUCCION DE DELITOS Y FALTAS QUE AFECTAN LA SEGURIDAD CIUDADANA;;;Asignación por programa presupuestal;REDUCCION DE DELITOS Y FALTAS QUE AFECTAN LA SEGURIDAD CIUDADANA;;1037979;Orden público y seguridad;Localizada en Puno;No, replica los anexos 6 y 7;;No aplica;
8;ANEXO-8-1;111;1613;Gobierno local;210202;MUNICIPALIDAD DISTRITAL DE ACHAYA;Puno;;Achaya;Achaya;Programas presupuestales;REDUCCION DE DELITOS Y FALTAS QUE AFECTAN LA SEGURIDAD CIUDADANA;;;Asignación por programa presupuestal;REDUCCION DE DELITOS Y FALTAS QUE AFECTAN LA SEGURIDAD CIUDADANA;;40000;Orden público y seguridad;Localizada en Puno;No, replica los anexos 6 y 7;;No aplica;
8;ANEXO-8-1;111;1613;Gobierno local;210203;MUNICIPALIDAD DISTRITAL DE ARAPA;Puno;;Arapa;Arapa;Programas presupuestales;REDUCCION DE DELITOS Y FALTAS QUE AFECTAN LA SEGURIDAD CIUDADANA;;;Asignación por programa presupuestal;REDUCCION DE DELITOS Y FALTAS QUE AFECTAN LA SEGURIDAD CIUDADANA;;47914;Orden público y seguridad;Localizada en Puno;No, replica los anexos 6 y 7;;No aplica;
8;ANEXO-8-1;111;1613;Gobierno local;210204;MUNICIPALIDAD DISTRITAL DE ASILLO;Puno;;Asillo;Asillo;Programas presupuestales;REDUCCION DE DELITOS Y FALTAS QUE AFECTAN LA SEGURIDAD CIUDADANA;;;Asignación por programa presupuestal;REDUCCION DE DELITOS Y FALTAS QUE AFECTAN LA SEGURIDAD CIUDADANA;;255722;Orden público y seguridad;Localizada en Puno;No, replica los anexos 6 y 7;;No aplica;
8;ANEXO-8-1;111;1613;Gobierno local;210205;MUNICIPALIDAD DISTRITAL DE CAMINACA;Puno;;Caminaca;Caminaca;Programas presupuestales;REDUCCION DE DELITOS Y FALTAS QUE AFECTAN LA SEGURIDAD CIUDADANA;;;Asignación por programa presupuestal;REDUCCION DE DELITOS Y FALTAS QUE AFECTAN LA SEGURIDAD CIUDADANA;;60054;Orden público y seguridad;Localizada en Puno;No, replica los anexos 6 y 7;;No aplica;
8;ANEXO-8-1;111;1613;Gobierno local;210206;MUNICIPALIDAD DISTRITAL DE CHUPA;Puno;;Chupa;Chupa;Programas presupuestales;REDUCCION DE DELITOS Y FALTAS QUE AFECTAN LA SEGURIDAD CIUDADANA;;;Asignación por programa presupuestal;REDUCCION DE DELITOS Y FALTAS QUE AFECTAN LA SEGURIDAD CIUDADANA;;87408;Orden público y seguridad;Localizada en Puno;No, replica los anexos 6 y 7;;No aplica;
8;ANEXO-8-1;111;1613;Gobierno local;210207;MUNICIPALIDAD DISTRITAL DE JOSE DOMINGO CHOQUEHUANCA;Puno;;Jose Domingo Choquehuanca;Jose Domingo Choquehuanca;Programas presupuestales;REDUCCION DE DELITOS Y FALTAS QUE AFECTAN LA SEGURIDAD CIUDADANA;;;Asignación por programa presupuestal;REDUCCION DE DELITOS Y FALTAS QUE AFECTAN LA SEGURIDAD CIUDADANA;;84400;Orden público y seguridad;Localizada en Puno;No, replica los anexos 6 y 7;;No aplica;
8;ANEXO-8-1;111;1613;Gobierno local;210208;MUNICIPALIDAD DISTRITAL DE MUÑANI;Puno;;Munani;Munani;Programas presupuestales;REDUCCION DE DELITOS Y FALTAS QUE AFECTAN LA SEGURIDAD CIUDADANA;;;Asignación por programa presupuestal;REDUCCION DE DELITOS Y FALTAS QUE AFECTAN LA SEGURIDAD CIUDADANA;;171000;Orden público y seguridad;Localizada en Puno;No, replica los anexos 6 y 7;;No aplica;
8;ANEXO-8-1;111;1613;Gobierno local;210209;MUNICIPALIDAD DISTRITAL DE POTONI;Puno;;Potoni;Potoni;Programas presupuestales;REDUCCION DE DELITOS Y FALTAS QUE AFECTAN LA SEGURIDAD CIUDADANA;;;Asignación por programa presupuestal;REDUCCION DE DELITOS Y FALTAS QUE AFECTAN LA SEGURIDAD CIUDADANA;;119700;Orden público y seguridad;Localizada en Puno;No, replica los anexos 6 y 7;;No aplica;
8;ANEXO-8-1;111;1613;Gobierno local;210210;MUNICIPALIDAD DISTRITAL DE SAMAN;Puno;;Saman;Saman;Programas presupuestales;REDUCCION DE DELITOS Y FALTAS QUE AFECTAN LA SEGURIDAD CIUDADANA;;;Asignación por programa presupuestal;REDUCCION DE DELITOS Y FALTAS QUE AFECTAN LA SEGURIDAD CIUDADANA;;76012;Orden público y seguridad;Localizada en Puno;No, replica los anexos 6 y 7;;No aplica;
8;ANEXO-8-1;111;1613;Gobierno local;210211;MUNICIPALIDAD DISTRITAL DE SAN ANTON;Puno;;San Anton;San Anton;Programas presupuestales;REDUCCION DE DELITOS Y FALTAS QUE AFECTAN LA SEGURIDAD CIUDADANA;;;Asignación por programa presupuestal;REDUCCION DE DELITOS Y FALTAS QUE AFECTAN LA SEGURIDAD CIUDADANA;;95100;Orden público y seguridad;Localizada en Puno;No, replica los anexos 6 y 7;;No aplica;
8;ANEXO-8-1;111;1613;Gobierno local;210212;MUNICIPALIDAD DISTRITAL DE SAN JOSE;Puno;;San Jose;San Jose;Programas presupuestales;REDUCCION DE DELITOS Y FALTAS QUE AFECTAN LA SEGURIDAD CIUDADANA;;;Asignación por programa presupuestal;REDUCCION DE DELITOS Y FALTAS QUE AFECTAN LA SEGURIDAD CIUDADANA;;80000;Orden público y seguridad;Localizada en Puno;No, replica los anexos 6 y 7;;No aplica;
8;ANEXO-8-1;111;1613;Gobierno local;210213;MUNICIPALIDAD DISTRITAL DE SAN JUAN DE SALINAS;Puno;;San Juan De Salinas;San Juan De Salinas;Programas presupuestales;REDUCCION DE DELITOS Y FALTAS QUE AFECTAN LA SEGURIDAD CIUDADANA;;;Asignación por programa presupuestal;REDUCCION DE DELITOS Y FALTAS QUE AFECTAN LA SEGURIDAD CIUDADANA;;99438;Orden público y seguridad;Localizada en Puno;No, replica los anexos 6 y 7;;No aplica;
8;ANEXO-8-1;111;1613;Gobierno local;210214;MUNICIPALIDAD DISTRITAL DE SANTIAGO DE PUPUJA;Puno;;Santiago De Pupuja;Santiago De Pupuja;Programas presupuestales;REDUCCION DE DELITOS Y FALTAS QUE AFECTAN LA SEGURIDAD CIUDADANA;;;Asignación por programa presupuestal;REDUCCION DE DELITOS Y FALTAS QUE AFECTAN LA SEGURIDAD CIUDADANA;;38000;Orden público y seguridad;Localizada en Puno;No, replica los anexos 6 y 7;;No aplica;
8;ANEXO-8-1;111;1613;Gobierno local;210215;MUNICIPALIDAD DISTRITAL DE TIRAPATA;Puno;;Tirapata;Tirapata;Programas presupuestales;REDUCCION DE DELITOS Y FALTAS QUE AFECTAN LA SEGURIDAD CIUDADANA;;;Asignación por programa presupuestal;REDUCCION DE DELITOS Y FALTAS QUE AFECTAN LA SEGURIDAD CIUDADANA;;44000;Orden público y seguridad;Localizada en Puno;No, replica los anexos 6 y 7;;No aplica;
8;ANEXO-8-1;111;1613;Gobierno local;210301;MUNICIPALIDAD PROVINCIAL DE CARABAYA -MACUSANI;Puno;;Carabaya;Carabaya;Programas presupuestales;REDUCCION DE DELITOS Y FALTAS QUE AFECTAN LA SEGURIDAD CIUDADANA;;;Asignación por programa presupuestal;REDUCCION DE DELITOS Y FALTAS QUE AFECTAN LA SEGURIDAD CIUDADANA;;681246;Orden público y seguridad;Localizada en Puno;No, replica los anexos 6 y 7;;No aplica;
8;ANEXO-8-1;111;1613;Gobierno local;210302;MUNICIPALIDAD DISTRITAL DE AJOYANI;Puno;;Ajoyani;Ajoyani;Programas presupuestales;REDUCCION DE DELITOS Y FALTAS QUE AFECTAN LA SEGURIDAD CIUDADANA;;;Asignación por programa presupuestal;REDUCCION DE DELITOS Y FALTAS QUE AFECTAN LA SEGURIDAD CIUDADANA;;45000;Orden público y seguridad;Localizada en Puno;No, replica los anexos 6 y 7;;No aplica;
8;ANEXO-8-1;111;1613;Gobierno local;210303;MUNICIPALIDAD DISTRITAL DE AYAPATA;Puno;;Ayapata;Ayapata;Programas presupuestales;REDUCCION DE DELITOS Y FALTAS QUE AFECTAN LA SEGURIDAD CIUDADANA;;;Asignación por programa presupuestal;REDUCCION DE DELITOS Y FALTAS QUE AFECTAN LA SEGURIDAD CIUDADANA;;529500;Orden público y seguridad;Localizada en Puno;No, replica los anexos 6 y 7;;No aplica;
8;ANEXO-8-1;111;1613;Gobierno local;210304;MUNICIPALIDAD DISTRITAL DE COASA;Puno;;Coasa;Coasa;Programas presupuestales;REDUCCION DE DELITOS Y FALTAS QUE AFECTAN LA SEGURIDAD CIUDADANA;;;Asignación por programa presupuestal;REDUCCION DE DELITOS Y FALTAS QUE AFECTAN LA SEGURIDAD CIUDADANA;;349000;Orden público y seguridad;Localizada en Puno;No, replica los anexos 6 y 7;;No aplica;
8;ANEXO-8-1;111;1613;Gobierno local;210305;MUNICIPALIDAD DISTRITAL DE CORANI;Puno;;Corani;Corani;Programas presupuestales;REDUCCION DE DELITOS Y FALTAS QUE AFECTAN LA SEGURIDAD CIUDADANA;;;Asignación por programa presupuestal;REDUCCION DE DELITOS Y FALTAS QUE AFECTAN LA SEGURIDAD CIUDADANA;;241574;Orden público y seguridad;Localizada en Puno;No, replica los anexos 6 y 7;;No aplica;
8;ANEXO-8-1;111;1613;Gobierno local;210306;MUNICIPALIDAD DISTRITAL DE CRUCERO;Puno;;Crucero;Crucero;Programas presupuestales;REDUCCION DE DELITOS Y FALTAS QUE AFECTAN LA SEGURIDAD CIUDADANA;;;Asignación por programa presupuestal;REDUCCION DE DELITOS Y FALTAS QUE AFECTAN LA SEGURIDAD CIUDADANA;;149166;Orden público y seguridad;Localizada en Puno;No, replica los anexos 6 y 7;;No aplica;
8;ANEXO-8-1;111;1613;Gobierno local;210307;MUNICIPALIDAD DISTRITAL DE ITUATA;Puno;;Ituata;Ituata;Programas presupuestales;REDUCCION DE DELITOS Y FALTAS QUE AFECTAN LA SEGURIDAD CIUDADANA;;;Asignación por programa presupuestal;REDUCCION DE DELITOS Y FALTAS QUE AFECTAN LA SEGURIDAD CIUDADANA;;266677;Orden público y seguridad;Localizada en Puno;No, replica los anexos 6 y 7;;No aplica;
8;ANEXO-8-1;111;1613;Gobierno local;210308;MUNICIPALIDAD DISTRITAL DE OLLACHEA;Puno;;Ollachea;Ollachea;Programas presupuestales;REDUCCION DE DELITOS Y FALTAS QUE AFECTAN LA SEGURIDAD CIUDADANA;;;Asignación por programa presupuestal;REDUCCION DE DELITOS Y FALTAS QUE AFECTAN LA SEGURIDAD CIUDADANA;;155520;Orden público y seguridad;Localizada en Puno;No, replica los anexos 6 y 7;;No aplica;
8;ANEXO-8-1;111;1613;Gobierno local;210309;MUNICIPALIDAD DISTRITAL DE SAN GABAN;Puno;;San Gaban;San Gaban;Programas presupuestales;REDUCCION DE DELITOS Y FALTAS QUE AFECTAN LA SEGURIDAD CIUDADANA;;;Asignación por programa presupuestal;REDUCCION DE DELITOS Y FALTAS QUE AFECTAN LA SEGURIDAD CIUDADANA;;308232;Orden público y seguridad;Localizada en Puno;No, replica los anexos 6 y 7;;No aplica;
8;ANEXO-8-1;111;1613;Gobierno local;210310;MUNICIPALIDAD DISTRITAL DE USICAYOS;Puno;;Usicayos;Usicayos;Programas presupuestales;REDUCCION DE DELITOS Y FALTAS QUE AFECTAN LA SEGURIDAD CIUDADANA;;;Asignación por programa presupuestal;REDUCCION DE DELITOS Y FALTAS QUE AFECTAN LA SEGURIDAD CIUDADANA;;416250;Orden público y seguridad;Localizada en Puno;No, replica los anexos 6 y 7;;No aplica;
8;ANEXO-8-1;111;1613;Gobierno local;210401;MUNICIPALIDAD PROVINCIAL DE CHUCUITO -JULI;Puno;;Chucuito;Chucuito;Programas presupuestales;REDUCCION DE DELITOS Y FALTAS QUE AFECTAN LA SEGURIDAD CIUDADANA;;;Asignación por programa presupuestal;REDUCCION DE DELITOS Y FALTAS QUE AFECTAN LA SEGURIDAD CIUDADANA;;883998;Orden público y seguridad;Localizada en Puno;No, replica los anexos 6 y 7;;No aplica;
8;ANEXO-8-1;111;1613;Gobierno local;210402;MUNICIPALIDAD DISTRITAL DE DESAGUADERO;Puno;;Desaguadero;Desaguadero;Programas presupuestales;REDUCCION DE DELITOS Y FALTAS QUE AFECTAN LA SEGURIDAD CIUDADANA;;;Asignación por programa presupuestal;REDUCCION DE DELITOS Y FALTAS QUE AFECTAN LA SEGURIDAD CIUDADANA;;318460;Orden público y seguridad;Localizada en Puno;No, replica los anexos 6 y 7;;No aplica;
8;ANEXO-8-1;111;1613;Gobierno local;210403;MUNICIPALIDAD DISTRITAL DE HUACULLANI;Puno;;Huacullani;Huacullani;Programas presupuestales;REDUCCION DE DELITOS Y FALTAS QUE AFECTAN LA SEGURIDAD CIUDADANA;;;Asignación por programa presupuestal;REDUCCION DE DELITOS Y FALTAS QUE AFECTAN LA SEGURIDAD CIUDADANA;;95563;Orden público y seguridad;Localizada en Puno;No, replica los anexos 6 y 7;;No aplica;
8;ANEXO-8-1;111;1613;Gobierno local;210404;MUNICIPALIDAD DISTRITAL DE KELLUYO;Puno;;Kelluyo;Kelluyo;Programas presupuestales;REDUCCION DE DELITOS Y FALTAS QUE AFECTAN LA SEGURIDAD CIUDADANA;;;Asignación por programa presupuestal;REDUCCION DE DELITOS Y FALTAS QUE AFECTAN LA SEGURIDAD CIUDADANA;;105206;Orden público y seguridad;Localizada en Puno;No, replica los anexos 6 y 7;;No aplica;
8;ANEXO-8-1;111;1613;Gobierno local;210405;MUNICIPALIDAD DISTRITAL DE PISACOMA;Puno;;Pisacoma;Pisacoma;Programas presupuestales;REDUCCION DE DELITOS Y FALTAS QUE AFECTAN LA SEGURIDAD CIUDADANA;;;Asignación por programa presupuestal;REDUCCION DE DELITOS Y FALTAS QUE AFECTAN LA SEGURIDAD CIUDADANA;;137603;Orden público y seguridad;Localizada en Puno;No, replica los anexos 6 y 7;;No aplica;
8;ANEXO-8-1;111;1613;Gobierno local;210406;MUNICIPALIDAD DISTRITAL DE POMATA;Puno;;Pomata;Pomata;Programas presupuestales;REDUCCION DE DELITOS Y FALTAS QUE AFECTAN LA SEGURIDAD CIUDADANA;;;Asignación por programa presupuestal;REDUCCION DE DELITOS Y FALTAS QUE AFECTAN LA SEGURIDAD CIUDADANA;;220702;Orden público y seguridad;Localizada en Puno;No, replica los anexos 6 y 7;;No aplica;
8;ANEXO-8-1;112;1614;Gobierno local;210407;MUNICIPALIDAD DISTRITAL DE ZEPITA;Puno;;Zepita;Zepita;Programas presupuestales;REDUCCION DE DELITOS Y FALTAS QUE AFECTAN LA SEGURIDAD CIUDADANA;;;Asignación por programa presupuestal;REDUCCION DE DELITOS Y FALTAS QUE AFECTAN LA SEGURIDAD CIUDADANA;;454066;Orden público y seguridad;Localizada en Puno;No, replica los anexos 6 y 7;;No aplica;
8;ANEXO-8-1;112;1614;Gobierno local;210501;MUNICIPALIDAD PROVINCIAL DE EL COLLAO -ILAVE;Puno;;El Collao;El Collao;Programas presupuestales;REDUCCION DE DELITOS Y FALTAS QUE AFECTAN LA SEGURIDAD CIUDADANA;;;Asignación por programa presupuestal;REDUCCION DE DELITOS Y FALTAS QUE AFECTAN LA SEGURIDAD CIUDADANA;;1250701;Orden público y seguridad;Localizada en Puno;No, replica los anexos 6 y 7;;No aplica;
8;ANEXO-8-1;112;1614;Gobierno local;210502;MUNICIPALIDAD DISTRITAL DE CAPASO;Puno;;Capaso;Capaso;Programas presupuestales;REDUCCION DE DELITOS Y FALTAS QUE AFECTAN LA SEGURIDAD CIUDADANA;;;Asignación por programa presupuestal;REDUCCION DE DELITOS Y FALTAS QUE AFECTAN LA SEGURIDAD CIUDADANA;;29600;Orden público y seguridad;Localizada en Puno;No, replica los anexos 6 y 7;;No aplica;
8;ANEXO-8-1;112;1614;Gobierno local;210503;MUNICIPALIDAD DISTRITAL DE PILCUYO;Puno;;Pilcuyo;Pilcuyo;Programas presupuestales;REDUCCION DE DELITOS Y FALTAS QUE AFECTAN LA SEGURIDAD CIUDADANA;;;Asignación por programa presupuestal;REDUCCION DE DELITOS Y FALTAS QUE AFECTAN LA SEGURIDAD CIUDADANA;;240211;Orden público y seguridad;Localizada en Puno;No, replica los anexos 6 y 7;;No aplica;
8;ANEXO-8-1;112;1614;Gobierno local;210504;MUNICIPALIDAD DISTRITAL DE SANTA ROSA;Puno;;Santa Rosa;Santa Rosa;Programas presupuestales;REDUCCION DE DELITOS Y FALTAS QUE AFECTAN LA SEGURIDAD CIUDADANA;;;Asignación por programa presupuestal;REDUCCION DE DELITOS Y FALTAS QUE AFECTAN LA SEGURIDAD CIUDADANA;;57497;Orden público y seguridad;Localizada en Puno;No, replica los anexos 6 y 7;;No aplica;
8;ANEXO-8-1;112;1614;Gobierno local;210505;MUNICIPALIDAD DISTRITAL DE CONDURIRI;Puno;;Conduriri;Conduriri;Programas presupuestales;REDUCCION DE DELITOS Y FALTAS QUE AFECTAN LA SEGURIDAD CIUDADANA;;;Asignación por programa presupuestal;REDUCCION DE DELITOS Y FALTAS QUE AFECTAN LA SEGURIDAD CIUDADANA;;35300;Orden público y seguridad;Localizada en Puno;No, replica los anexos 6 y 7;;No aplica;
8;ANEXO-8-1;112;1614;Gobierno local;210601;MUNICIPALIDAD PROVINCIAL DE HUANCANE;Puno;;Huancane;Huancane;Programas presupuestales;REDUCCION DE DELITOS Y FALTAS QUE AFECTAN LA SEGURIDAD CIUDADANA;;;Asignación por programa presupuestal;REDUCCION DE DELITOS Y FALTAS QUE AFECTAN LA SEGURIDAD CIUDADANA;;1364102;Orden público y seguridad;Localizada en Puno;No, replica los anexos 6 y 7;;No aplica;
8;ANEXO-8-1;112;1614;Gobierno local;210602;MUNICIPALIDAD DISTRITAL DE COJATA;Puno;;Cojata;Cojata;Programas presupuestales;REDUCCION DE DELITOS Y FALTAS QUE AFECTAN LA SEGURIDAD CIUDADANA;;;Asignación por programa presupuestal;REDUCCION DE DELITOS Y FALTAS QUE AFECTAN LA SEGURIDAD CIUDADANA;;60000;Orden público y seguridad;Localizada en Puno;No, replica los anexos 6 y 7;;No aplica;
8;ANEXO-8-1;112;1614;Gobierno local;210603;MUNICIPALIDAD DISTRITAL DE HUATASANI;Puno;;Huatasani;Huatasani;Programas presupuestales;REDUCCION DE DELITOS Y FALTAS QUE AFECTAN LA SEGURIDAD CIUDADANA;;;Asignación por programa presupuestal;REDUCCION DE DELITOS Y FALTAS QUE AFECTAN LA SEGURIDAD CIUDADANA;;49729;Orden público y seguridad;Localizada en Puno;No, replica los anexos 6 y 7;;No aplica;
8;ANEXO-8-1;112;1614;Gobierno local;210604;MUNICIPALIDAD DISTRITAL DE INCHUPALLA;Puno;;Inchupalla;Inchupalla;Programas presupuestales;REDUCCION DE DELITOS Y FALTAS QUE AFECTAN LA SEGURIDAD CIUDADANA;;;Asignación por programa presupuestal;REDUCCION DE DELITOS Y FALTAS QUE AFECTAN LA SEGURIDAD CIUDADANA;;24584;Orden público y seguridad;Localizada en Puno;No, replica los anexos 6 y 7;;No aplica;
8;ANEXO-8-1;112;1614;Gobierno local;210605;MUNICIPALIDAD DISTRITAL DE PUSI;Puno;;Pusi;Pusi;Programas presupuestales;REDUCCION DE DELITOS Y FALTAS QUE AFECTAN LA SEGURIDAD CIUDADANA;;;Asignación por programa presupuestal;REDUCCION DE DELITOS Y FALTAS QUE AFECTAN LA SEGURIDAD CIUDADANA;;8660;Orden público y seguridad;Localizada en Puno;No, replica los anexos 6 y 7;;No aplica;
8;ANEXO-8-1;112;1614;Gobierno local;210606;MUNICIPALIDAD DISTRITAL DE ROSASPATA;Puno;;Rosaspata;Rosaspata;Programas presupuestales;REDUCCION DE DELITOS Y FALTAS QUE AFECTAN LA SEGURIDAD CIUDADANA;;;Asignación por programa presupuestal;REDUCCION DE DELITOS Y FALTAS QUE AFECTAN LA SEGURIDAD CIUDADANA;;48499;Orden público y seguridad;Localizada en Puno;No, replica los anexos 6 y 7;;No aplica;
8;ANEXO-8-1;112;1614;Gobierno local;210607;MUNICIPALIDAD DISTRITAL DE TARACO;Puno;;Taraco;Taraco;Programas presupuestales;REDUCCION DE DELITOS Y FALTAS QUE AFECTAN LA SEGURIDAD CIUDADANA;;;Asignación por programa presupuestal;REDUCCION DE DELITOS Y FALTAS QUE AFECTAN LA SEGURIDAD CIUDADANA;;158500;Orden público y seguridad;Localizada en Puno;No, replica los anexos 6 y 7;;No aplica;
8;ANEXO-8-1;112;1614;Gobierno local;210608;MUNICIPALIDAD DISTRITAL DE VILQUE CHICO;Puno;;Vilque Chico;Vilque Chico;Programas presupuestales;REDUCCION DE DELITOS Y FALTAS QUE AFECTAN LA SEGURIDAD CIUDADANA;;;Asignación por programa presupuestal;REDUCCION DE DELITOS Y FALTAS QUE AFECTAN LA SEGURIDAD CIUDADANA;;77500;Orden público y seguridad;Localizada en Puno;No, replica los anexos 6 y 7;;No aplica;
8;ANEXO-8-1;112;1614;Gobierno local;210701;MUNICIPALIDAD PROVINCIAL DE LAMPA;Puno;;Lampa;Lampa;Programas presupuestales;REDUCCION DE DELITOS Y FALTAS QUE AFECTAN LA SEGURIDAD CIUDADANA;;;Asignación por programa presupuestal;REDUCCION DE DELITOS Y FALTAS QUE AFECTAN LA SEGURIDAD CIUDADANA;;497830;Orden público y seguridad;Localizada en Puno;No, replica los anexos 6 y 7;;No aplica;
8;ANEXO-8-1;112;1614;Gobierno local;210702;MUNICIPALIDAD DISTRITAL DE CABANILLA;Puno;;Cabanilla;Cabanilla;Programas presupuestales;REDUCCION DE DELITOS Y FALTAS QUE AFECTAN LA SEGURIDAD CIUDADANA;;;Asignación por programa presupuestal;REDUCCION DE DELITOS Y FALTAS QUE AFECTAN LA SEGURIDAD CIUDADANA;;113000;Orden público y seguridad;Localizada en Puno;No, replica los anexos 6 y 7;;No aplica;
8;ANEXO-8-1;112;1614;Gobierno local;210703;MUNICIPALIDAD DISTRITAL DE CALAPUJA;Puno;;Calapuja;Calapuja;Programas presupuestales;REDUCCION DE DELITOS Y FALTAS QUE AFECTAN LA SEGURIDAD CIUDADANA;;;Asignación por programa presupuestal;REDUCCION DE DELITOS Y FALTAS QUE AFECTAN LA SEGURIDAD CIUDADANA;;18600;Orden público y seguridad;Localizada en Puno;No, replica los anexos 6 y 7;;No aplica;
8;ANEXO-8-1;112;1614;Gobierno local;210704;MUNICIPALIDAD DISTRITAL DE NICASIO;Puno;;Nicasio;Nicasio;Programas presupuestales;REDUCCION DE DELITOS Y FALTAS QUE AFECTAN LA SEGURIDAD CIUDADANA;;;Asignación por programa presupuestal;REDUCCION DE DELITOS Y FALTAS QUE AFECTAN LA SEGURIDAD CIUDADANA;;32800;Orden público y seguridad;Localizada en Puno;No, replica los anexos 6 y 7;;No aplica;
8;ANEXO-8-1;112;1614;Gobierno local;210705;MUNICIPALIDAD DISTRITAL DE OCUVIRI;Puno;;Ocuviri;Ocuviri;Programas presupuestales;REDUCCION DE DELITOS Y FALTAS QUE AFECTAN LA SEGURIDAD CIUDADANA;;;Asignación por programa presupuestal;REDUCCION DE DELITOS Y FALTAS QUE AFECTAN LA SEGURIDAD CIUDADANA;;128700;Orden público y seguridad;Localizada en Puno;No, replica los anexos 6 y 7;;No aplica;
8;ANEXO-8-1;112;1614;Gobierno local;210706;MUNICIPALIDAD DISTRITAL DE PALCA;Puno;;Palca;Palca;Programas presupuestales;REDUCCION DE DELITOS Y FALTAS QUE AFECTAN LA SEGURIDAD CIUDADANA;;;Asignación por programa presupuestal;REDUCCION DE DELITOS Y FALTAS QUE AFECTAN LA SEGURIDAD CIUDADANA;;26200;Orden público y seguridad;Localizada en Puno;No, replica los anexos 6 y 7;;No aplica;
8;ANEXO-8-1;112;1614;Gobierno local;210707;MUNICIPALIDAD DISTRITAL DE PARATIA;Puno;;Paratia;Paratia;Programas presupuestales;REDUCCION DE DELITOS Y FALTAS QUE AFECTAN LA SEGURIDAD CIUDADANA;;;Asignación por programa presupuestal;REDUCCION DE DELITOS Y FALTAS QUE AFECTAN LA SEGURIDAD CIUDADANA;;80260;Orden público y seguridad;Localizada en Puno;No, replica los anexos 6 y 7;;No aplica;
8;ANEXO-8-1;112;1614;Gobierno local;210708;MUNICIPALIDAD DISTRITAL DE PUCARA;Puno;;Pucara;Pucara;Programas presupuestales;REDUCCION DE DELITOS Y FALTAS QUE AFECTAN LA SEGURIDAD CIUDADANA;;;Asignación por programa presupuestal;REDUCCION DE DELITOS Y FALTAS QUE AFECTAN LA SEGURIDAD CIUDADANA;;133957;Orden público y seguridad;Localizada en Puno;No, replica los anexos 6 y 7;;No aplica;
8;ANEXO-8-1;112;1614;Gobierno local;210709;MUNICIPALIDAD DISTRITAL DE SANTA LUCIA;Puno;;Santa Lucia;Santa Lucia;Programas presupuestales;REDUCCION DE DELITOS Y FALTAS QUE AFECTAN LA SEGURIDAD CIUDADANA;;;Asignación por programa presupuestal;REDUCCION DE DELITOS Y FALTAS QUE AFECTAN LA SEGURIDAD CIUDADANA;;102200;Orden público y seguridad;Localizada en Puno;No, replica los anexos 6 y 7;;No aplica;
8;ANEXO-8-1;112;1614;Gobierno local;210710;MUNICIPALIDAD DISTRITAL DE VILAVILA;Puno;;Vilavila;Vilavila;Programas presupuestales;REDUCCION DE DELITOS Y FALTAS QUE AFECTAN LA SEGURIDAD CIUDADANA;;;Asignación por programa presupuestal;REDUCCION DE DELITOS Y FALTAS QUE AFECTAN LA SEGURIDAD CIUDADANA;;41800;Orden público y seguridad;Localizada en Puno;No, replica los anexos 6 y 7;;No aplica;
8;ANEXO-8-1;112;1614;Gobierno local;210801;MUNICIPALIDAD PROVINCIAL DE MELGAR -AYAVIRI;Puno;;Melgar;Melgar;Programas presupuestales;REDUCCION DE DELITOS Y FALTAS QUE AFECTAN LA SEGURIDAD CIUDADANA;;;Asignación por programa presupuestal;REDUCCION DE DELITOS Y FALTAS QUE AFECTAN LA SEGURIDAD CIUDADANA;;734811;Orden público y seguridad;Localizada en Puno;No, replica los anexos 6 y 7;;No aplica;
8;ANEXO-8-1;112;1614;Gobierno local;210802;MUNICIPALIDAD DISTRITAL DE ANTAUTA;Puno;;Antauta;Antauta;Programas presupuestales;REDUCCION DE DELITOS Y FALTAS QUE AFECTAN LA SEGURIDAD CIUDADANA;;;Asignación por programa presupuestal;REDUCCION DE DELITOS Y FALTAS QUE AFECTAN LA SEGURIDAD CIUDADANA;;99700;Orden público y seguridad;Localizada en Puno;No, replica los anexos 6 y 7;;No aplica;
8;ANEXO-8-1;112;1614;Gobierno local;210803;MUNICIPALIDAD DISTRITAL DE CUPI;Puno;;Cupi;Cupi;Programas presupuestales;REDUCCION DE DELITOS Y FALTAS QUE AFECTAN LA SEGURIDAD CIUDADANA;;;Asignación por programa presupuestal;REDUCCION DE DELITOS Y FALTAS QUE AFECTAN LA SEGURIDAD CIUDADANA;;99185;Orden público y seguridad;Localizada en Puno;No, replica los anexos 6 y 7;;No aplica;
8;ANEXO-8-1;112;1614;Gobierno local;210804;MUNICIPALIDAD DISTRITAL DE LLALLI;Puno;;Llalli;Llalli;Programas presupuestales;REDUCCION DE DELITOS Y FALTAS QUE AFECTAN LA SEGURIDAD CIUDADANA;;;Asignación por programa presupuestal;REDUCCION DE DELITOS Y FALTAS QUE AFECTAN LA SEGURIDAD CIUDADANA;;42750;Orden público y seguridad;Localizada en Puno;No, replica los anexos 6 y 7;;No aplica;
8;ANEXO-8-1;112;1614;Gobierno local;210805;MUNICIPALIDAD DISTRITAL DE MACARI;Puno;;Macari;Macari;Programas presupuestales;REDUCCION DE DELITOS Y FALTAS QUE AFECTAN LA SEGURIDAD CIUDADANA;;;Asignación por programa presupuestal;REDUCCION DE DELITOS Y FALTAS QUE AFECTAN LA SEGURIDAD CIUDADANA;;145654;Orden público y seguridad;Localizada en Puno;No, replica los anexos 6 y 7;;No aplica;
8;ANEXO-8-1;112;1614;Gobierno local;210806;MUNICIPALIDAD DISTRITAL DE NUÑOA;Puno;;Nunoa;Nunoa;Programas presupuestales;REDUCCION DE DELITOS Y FALTAS QUE AFECTAN LA SEGURIDAD CIUDADANA;;;Asignación por programa presupuestal;REDUCCION DE DELITOS Y FALTAS QUE AFECTAN LA SEGURIDAD CIUDADANA;;59350;Orden público y seguridad;Localizada en Puno;No, replica los anexos 6 y 7;;No aplica;
8;ANEXO-8-1;112;1614;Gobierno local;210807;MUNICIPALIDAD DISTRITAL DE ORURILLO;Puno;;Orurillo;Orurillo;Programas presupuestales;REDUCCION DE DELITOS Y FALTAS QUE AFECTAN LA SEGURIDAD CIUDADANA;;;Asignación por programa presupuestal;REDUCCION DE DELITOS Y FALTAS QUE AFECTAN LA SEGURIDAD CIUDADANA;;59300;Orden público y seguridad;Localizada en Puno;No, replica los anexos 6 y 7;;No aplica;
8;ANEXO-8-1;112;1614;Gobierno local;210808;MUNICIPALIDAD DISTRITAL DE SANTA ROSA;Puno;;Santa Rosa;Santa Rosa;Programas presupuestales;REDUCCION DE DELITOS Y FALTAS QUE AFECTAN LA SEGURIDAD CIUDADANA;;;Asignación por programa presupuestal;REDUCCION DE DELITOS Y FALTAS QUE AFECTAN LA SEGURIDAD CIUDADANA;;134875;Orden público y seguridad;Localizada en Puno;No, replica los anexos 6 y 7;;No aplica;
8;ANEXO-8-1;112;1614;Gobierno local;210809;MUNICIPALIDAD DISTRITAL DE UMACHIRI;Puno;;Umachiri;Umachiri;Programas presupuestales;REDUCCION DE DELITOS Y FALTAS QUE AFECTAN LA SEGURIDAD CIUDADANA;;;Asignación por programa presupuestal;REDUCCION DE DELITOS Y FALTAS QUE AFECTAN LA SEGURIDAD CIUDADANA;;114900;Orden público y seguridad;Localizada en Puno;No, replica los anexos 6 y 7;;No aplica;
8;ANEXO-8-1;112;1614;Gobierno local;210901;MUNICIPALIDAD PROVINCIAL DE MOHO;Puno;;Moho;Moho;Programas presupuestales;REDUCCION DE DELITOS Y FALTAS QUE AFECTAN LA SEGURIDAD CIUDADANA;;;Asignación por programa presupuestal;REDUCCION DE DELITOS Y FALTAS QUE AFECTAN LA SEGURIDAD CIUDADANA;;59552;Orden público y seguridad;Localizada en Puno;No, replica los anexos 6 y 7;;No aplica;
8;ANEXO-8-1;113;1615;Gobierno local;210902;MUNICIPALIDAD DISTRITAL DE CONIMA;Puno;;Conima;Conima;Programas presupuestales;REDUCCION DE DELITOS Y FALTAS QUE AFECTAN LA SEGURIDAD CIUDADANA;;;Asignación por programa presupuestal;REDUCCION DE DELITOS Y FALTAS QUE AFECTAN LA SEGURIDAD CIUDADANA;;25800;Orden público y seguridad;Localizada en Puno;No, replica los anexos 6 y 7;;No aplica;
8;ANEXO-8-1;113;1615;Gobierno local;210903;MUNICIPALIDAD DISTRITAL DE HUAYRAPATA;Puno;;Huayrapata;Huayrapata;Programas presupuestales;REDUCCION DE DELITOS Y FALTAS QUE AFECTAN LA SEGURIDAD CIUDADANA;;;Asignación por programa presupuestal;REDUCCION DE DELITOS Y FALTAS QUE AFECTAN LA SEGURIDAD CIUDADANA;;38745;Orden público y seguridad;Localizada en Puno;No, replica los anexos 6 y 7;;No aplica;
8;ANEXO-8-1;113;1615;Gobierno local;210904;MUNICIPALIDAD DISTRITAL DE TILALI;Puno;;Tilali;Tilali;Programas presupuestales;REDUCCION DE DELITOS Y FALTAS QUE AFECTAN LA SEGURIDAD CIUDADANA;;;Asignación por programa presupuestal;REDUCCION DE DELITOS Y FALTAS QUE AFECTAN LA SEGURIDAD CIUDADANA;;27000;Orden público y seguridad;Localizada en Puno;No, replica los anexos 6 y 7;;No aplica;
8;ANEXO-8-1;113;1615;Gobierno local;211001;MUNICIPALIDAD PROVINCIAL DE SAN ANTONIO DE PUTINA -PUTINA;Puno;;San Antonio De Putina;San Antonio De Putina;Programas presupuestales;REDUCCION DE DELITOS Y FALTAS QUE AFECTAN LA SEGURIDAD CIUDADANA;;;Asignación por programa presupuestal;REDUCCION DE DELITOS Y FALTAS QUE AFECTAN LA SEGURIDAD CIUDADANA;;545938;Orden público y seguridad;Localizada en Puno;No, replica los anexos 6 y 7;;No aplica;
8;ANEXO-8-1;113;1615;Gobierno local;211002;MUNICIPALIDAD DISTRITAL DE ANANEA;Puno;;Ananea;Ananea;Programas presupuestales;REDUCCION DE DELITOS Y FALTAS QUE AFECTAN LA SEGURIDAD CIUDADANA;;;Asignación por programa presupuestal;REDUCCION DE DELITOS Y FALTAS QUE AFECTAN LA SEGURIDAD CIUDADANA;;696374;Orden público y seguridad;Localizada en Puno;No, replica los anexos 6 y 7;;No aplica;
8;ANEXO-8-1;113;1615;Gobierno local;211003;MUNICIPALIDAD DISTRITAL DE PEDRO VILCA APAZA;Puno;;Pedro Vilca Apaza;Pedro Vilca Apaza;Programas presupuestales;REDUCCION DE DELITOS Y FALTAS QUE AFECTAN LA SEGURIDAD CIUDADANA;;;Asignación por programa presupuestal;REDUCCION DE DELITOS Y FALTAS QUE AFECTAN LA SEGURIDAD CIUDADANA;;74400;Orden público y seguridad;Localizada en Puno;No, replica los anexos 6 y 7;;No aplica;
8;ANEXO-8-1;113;1615;Gobierno local;211004;MUNICIPALIDAD DISTRITAL DE QUILCAPUNCU;Puno;;Quilcapuncu;Quilcapuncu;Programas presupuestales;REDUCCION DE DELITOS Y FALTAS QUE AFECTAN LA SEGURIDAD CIUDADANA;;;Asignación por programa presupuestal;REDUCCION DE DELITOS Y FALTAS QUE AFECTAN LA SEGURIDAD CIUDADANA;;185088;Orden público y seguridad;Localizada en Puno;No, replica los anexos 6 y 7;;No aplica;
8;ANEXO-8-1;113;1615;Gobierno local;211005;MUNICIPALIDAD DISTRITAL DE SIMA;Puno;;Sima;Sima;Programas presupuestales;REDUCCION DE DELITOS Y FALTAS QUE AFECTAN LA SEGURIDAD CIUDADANA;;;Asignación por programa presupuestal;REDUCCION DE DELITOS Y FALTAS QUE AFECTAN LA SEGURIDAD CIUDADANA;;18974;Orden público y seguridad;Localizada en Puno;No, replica los anexos 6 y 7;;No aplica;
8;ANEXO-8-1;113;1615;Gobierno local;211101;MUNICIPALIDAD PROVINCIAL DE SAN ROMAN -JULIACA;Puno;;San Roman;San Roman;Programas presupuestales;REDUCCION DE DELITOS Y FALTAS QUE AFECTAN LA SEGURIDAD CIUDADANA;;;Asignación por programa presupuestal;REDUCCION DE DELITOS Y FALTAS QUE AFECTAN LA SEGURIDAD CIUDADANA;;24458510;Orden público y seguridad;Localizada en Puno;No, replica los anexos 6 y 7;;No aplica;
8;ANEXO-8-1;113;1615;Gobierno local;211102;MUNICIPALIDAD DISTRITAL DE CABANA;Puno;;Cabana;Cabana;Programas presupuestales;REDUCCION DE DELITOS Y FALTAS QUE AFECTAN LA SEGURIDAD CIUDADANA;;;Asignación por programa presupuestal;REDUCCION DE DELITOS Y FALTAS QUE AFECTAN LA SEGURIDAD CIUDADANA;;102900;Orden público y seguridad;Localizada en Puno;No, replica los anexos 6 y 7;;No aplica;
8;ANEXO-8-1;113;1615;Gobierno local;211103;MUNICIPALIDAD DISTRITAL DE CABANILLAS;Puno;;Cabanillas;Cabanillas;Programas presupuestales;REDUCCION DE DELITOS Y FALTAS QUE AFECTAN LA SEGURIDAD CIUDADANA;;;Asignación por programa presupuestal;REDUCCION DE DELITOS Y FALTAS QUE AFECTAN LA SEGURIDAD CIUDADANA;;164799;Orden público y seguridad;Localizada en Puno;No, replica los anexos 6 y 7;;No aplica;
8;ANEXO-8-1;113;1615;Gobierno local;211104;MUNICIPALIDAD DISTRITAL DE CARACOTO;Puno;;Caracoto;Caracoto;Programas presupuestales;REDUCCION DE DELITOS Y FALTAS QUE AFECTAN LA SEGURIDAD CIUDADANA;;;Asignación por programa presupuestal;REDUCCION DE DELITOS Y FALTAS QUE AFECTAN LA SEGURIDAD CIUDADANA;;173965;Orden público y seguridad;Localizada en Puno;No, replica los anexos 6 y 7;;No aplica;
8;ANEXO-8-1;113;1615;Gobierno local;211105;MUNICIPALIDAD DISTRITAL DE SAN MIGUEL;Puno;;San Miguel;San Miguel;Programas presupuestales;REDUCCION DE DELITOS Y FALTAS QUE AFECTAN LA SEGURIDAD CIUDADANA;;;Asignación por programa presupuestal;REDUCCION DE DELITOS Y FALTAS QUE AFECTAN LA SEGURIDAD CIUDADANA;;4996932;Orden público y seguridad;Localizada en Puno;No, replica los anexos 6 y 7;;No aplica;
8;ANEXO-8-1;113;1615;Gobierno local;211201;MUNICIPALIDAD PROVINCIAL DE SANDIA;Puno;;Sandia;Sandia;Programas presupuestales;REDUCCION DE DELITOS Y FALTAS QUE AFECTAN LA SEGURIDAD CIUDADANA;;;Asignación por programa presupuestal;REDUCCION DE DELITOS Y FALTAS QUE AFECTAN LA SEGURIDAD CIUDADANA;;279966;Orden público y seguridad;Localizada en Puno;No, replica los anexos 6 y 7;;No aplica;
8;ANEXO-8-1;113;1615;Gobierno local;211202;MUNICIPALIDAD DISTRITAL DE CUYOCUYO;Puno;;Cuyocuyo;Cuyocuyo;Programas presupuestales;REDUCCION DE DELITOS Y FALTAS QUE AFECTAN LA SEGURIDAD CIUDADANA;;;Asignación por programa presupuestal;REDUCCION DE DELITOS Y FALTAS QUE AFECTAN LA SEGURIDAD CIUDADANA;;31900;Orden público y seguridad;Localizada en Puno;No, replica los anexos 6 y 7;;No aplica;
8;ANEXO-8-1;113;1615;Gobierno local;211203;MUNICIPALIDAD DISTRITAL DE LIMBANI;Puno;;Limbani;Limbani;Programas presupuestales;REDUCCION DE DELITOS Y FALTAS QUE AFECTAN LA SEGURIDAD CIUDADANA;;;Asignación por programa presupuestal;REDUCCION DE DELITOS Y FALTAS QUE AFECTAN LA SEGURIDAD CIUDADANA;;48300;Orden público y seguridad;Localizada en Puno;No, replica los anexos 6 y 7;;No aplica;
8;ANEXO-8-1;113;1615;Gobierno local;211204;MUNICIPALIDAD DISTRITAL DE PATAMBUCO;Puno;;Patambuco;Patambuco;Programas presupuestales;REDUCCION DE DELITOS Y FALTAS QUE AFECTAN LA SEGURIDAD CIUDADANA;;;Asignación por programa presupuestal;REDUCCION DE DELITOS Y FALTAS QUE AFECTAN LA SEGURIDAD CIUDADANA;;34502;Orden público y seguridad;Localizada en Puno;No, replica los anexos 6 y 7;;No aplica;
8;ANEXO-8-1;113;1615;Gobierno local;211205;MUNICIPALIDAD DISTRITAL DE PHARA;Puno;;Phara;Phara;Programas presupuestales;REDUCCION DE DELITOS Y FALTAS QUE AFECTAN LA SEGURIDAD CIUDADANA;;;Asignación por programa presupuestal;REDUCCION DE DELITOS Y FALTAS QUE AFECTAN LA SEGURIDAD CIUDADANA;;55900;Orden público y seguridad;Localizada en Puno;No, replica los anexos 6 y 7;;No aplica;
8;ANEXO-8-1;113;1615;Gobierno local;211206;MUNICIPALIDAD DISTRITAL DE QUIACA;Puno;;Quiaca;Quiaca;Programas presupuestales;REDUCCION DE DELITOS Y FALTAS QUE AFECTAN LA SEGURIDAD CIUDADANA;;;Asignación por programa presupuestal;REDUCCION DE DELITOS Y FALTAS QUE AFECTAN LA SEGURIDAD CIUDADANA;;28300;Orden público y seguridad;Localizada en Puno;No, replica los anexos 6 y 7;;No aplica;
8;ANEXO-8-1;113;1615;Gobierno local;211207;MUNICIPALIDAD DISTRITAL DE SAN JUAN DEL ORO;Puno;;San Juan Del Oro;San Juan Del Oro;Programas presupuestales;REDUCCION DE DELITOS Y FALTAS QUE AFECTAN LA SEGURIDAD CIUDADANA;;;Asignación por programa presupuestal;REDUCCION DE DELITOS Y FALTAS QUE AFECTAN LA SEGURIDAD CIUDADANA;;9700;Orden público y seguridad;Localizada en Puno;No, replica los anexos 6 y 7;;No aplica;
8;ANEXO-8-1;113;1615;Gobierno local;211208;MUNICIPALIDAD DISTRITAL DE YANAHUAYA;Puno;;Yanahuaya;Yanahuaya;Programas presupuestales;REDUCCION DE DELITOS Y FALTAS QUE AFECTAN LA SEGURIDAD CIUDADANA;;;Asignación por programa presupuestal;REDUCCION DE DELITOS Y FALTAS QUE AFECTAN LA SEGURIDAD CIUDADANA;;15500;Orden público y seguridad;Localizada en Puno;No, replica los anexos 6 y 7;;No aplica;
8;ANEXO-8-1;113;1615;Gobierno local;211209;MUNICIPALIDAD DISTRITAL DE ALTO INAMBARI;Puno;;Alto Inambari;Alto Inambari;Programas presupuestales;REDUCCION DE DELITOS Y FALTAS QUE AFECTAN LA SEGURIDAD CIUDADANA;;;Asignación por programa presupuestal;REDUCCION DE DELITOS Y FALTAS QUE AFECTAN LA SEGURIDAD CIUDADANA;;63655;Orden público y seguridad;Localizada en Puno;No, replica los anexos 6 y 7;;No aplica;
8;ANEXO-8-1;113;1615;Gobierno local;211210;MUNICIPALIDAD DISTRITAL DE SAN PEDRO DE PUTINA PUNCO;Puno;;San Pedro De Putina Punco;San Pedro De Putina Punco;Programas presupuestales;REDUCCION DE DELITOS Y FALTAS QUE AFECTAN LA SEGURIDAD CIUDADANA;;;Asignación por programa presupuestal;REDUCCION DE DELITOS Y FALTAS QUE AFECTAN LA SEGURIDAD CIUDADANA;;153706;Orden público y seguridad;Localizada en Puno;No, replica los anexos 6 y 7;;No aplica;
8;ANEXO-8-1;113;1615;Gobierno local;211301;MUNICIPALIDAD PROVINCIAL DE YUNGUYO;Puno;;Yunguyo;Yunguyo;Programas presupuestales;REDUCCION DE DELITOS Y FALTAS QUE AFECTAN LA SEGURIDAD CIUDADANA;;;Asignación por programa presupuestal;REDUCCION DE DELITOS Y FALTAS QUE AFECTAN LA SEGURIDAD CIUDADANA;;663327;Orden público y seguridad;Localizada en Puno;No, replica los anexos 6 y 7;;No aplica;
8;ANEXO-8-1;113;1615;Gobierno local;211302;MUNICIPALIDAD DISTRITAL DE ANAPIA;Puno;;Anapia;Anapia;Programas presupuestales;REDUCCION DE DELITOS Y FALTAS QUE AFECTAN LA SEGURIDAD CIUDADANA;;;Asignación por programa presupuestal;REDUCCION DE DELITOS Y FALTAS QUE AFECTAN LA SEGURIDAD CIUDADANA;;13000;Orden público y seguridad;Localizada en Puno;No, replica los anexos 6 y 7;;No aplica;
8;ANEXO-8-1;113;1615;Gobierno local;211303;MUNICIPALIDAD DISTRITAL DE COPAN';Puno;;Copan';Copan';Programas presupuestales;REDUCCION DE DELITOS Y FALTAS QUE AFECTAN LA SEGURIDAD CIUDADANA;;;Asignación por programa presupuestal;REDUCCION DE DELITOS Y FALTAS QUE AFECTAN LA SEGURIDAD CIUDADANA;;21000;Orden público y seguridad;Localizada en Puno;No, replica los anexos 6 y 7;;No aplica;
8;ANEXO-8-1;113;1615;Gobierno local;211304;MUNICIPALIDAD DISTRITAL DE CUTURAPI;Puno;;Cuturapi;Cuturapi;Programas presupuestales;REDUCCION DE DELITOS Y FALTAS QUE AFECTAN LA SEGURIDAD CIUDADANA;;;Asignación por programa presupuestal;REDUCCION DE DELITOS Y FALTAS QUE AFECTAN LA SEGURIDAD CIUDADANA;;20717;Orden público y seguridad;Localizada en Puno;No, replica los anexos 6 y 7;;No aplica;
8;ANEXO-8-1;113;1615;Gobierno local;211305;MUNICIPALIDAD DISTRITAL DE OLLARAYA;Puno;;Ollaraya;Ollaraya;Programas presupuestales;REDUCCION DE DELITOS Y FALTAS QUE AFECTAN LA SEGURIDAD CIUDADANA;;;Asignación por programa presupuestal;REDUCCION DE DELITOS Y FALTAS QUE AFECTAN LA SEGURIDAD CIUDADANA;;26500;Orden público y seguridad;Localizada en Puno;No, replica los anexos 6 y 7;;No aplica;
8;ANEXO-8-1;113;1615;Gobierno local;211306;MUNICIPALIDAD DISTRITAL DE TINICACHI;Puno;;Tinicachi;Tinicachi;Programas presupuestales;REDUCCION DE DELITOS Y FALTAS QUE AFECTAN LA SEGURIDAD CIUDADANA;;;Asignación por programa presupuestal;REDUCCION DE DELITOS Y FALTAS QUE AFECTAN LA SEGURIDAD CIUDADANA;;25000;Orden público y seguridad;Localizada en Puno;No, replica los anexos 6 y 7;;No aplica;
8;ANEXO-8-1;113;1615;Gobierno local;211307;MUNICIPALIDAD DISTRITAL DE UNICACHI;Puno;;Unicachi;Unicachi;Programas presupuestales;REDUCCION DE DELITOS Y FALTAS QUE AFECTAN LA SEGURIDAD CIUDADANA;;;Asignación por programa presupuestal;REDUCCION DE DELITOS Y FALTAS QUE AFECTAN LA SEGURIDAD CIUDADANA;;11800;Orden público y seguridad;Localizada en Puno;No, replica los anexos 6 y 7;;No aplica;
8;ANEXO-8-1;171;1673;Gobierno local;210102;MUNICIPALIDAD DISTRITAL DE ACORA;Puno;;Acora;Acora;Programas presupuestales;GESTION INTEGRAL DE RESIDUOS SOLIDOS;;;Asignación por programa presupuestal;GESTION INTEGRAL DE RESIDUOS SOLIDOS;;335613;Ambiente;Localizada en Puno;No, replica los anexos 6 y 7;;No aplica;
8;ANEXO-8-1;171;1673;Gobierno local;210103;MUNICIPALIDAD DISTRITAL DE AMANTANI;Puno;;Amantani;Amantani;Programas presupuestales;GESTION INTEGRAL DE RESIDUOS SOLIDOS;;;Asignación por programa presupuestal;GESTION INTEGRAL DE RESIDUOS SOLIDOS;;59000;Ambiente;Localizada en Puno;No, replica los anexos 6 y 7;;No aplica;
8;ANEXO-8-1;171;1673;Gobierno local;210104;MUNICIPALIDAD DISTRITAL DE ATUNCOLLA;Puno;;Atuncolla;Atuncolla;Programas presupuestales;GESTION INTEGRAL DE RESIDUOS SOLIDOS;;;Asignación por programa presupuestal;GESTION INTEGRAL DE RESIDUOS SOLIDOS;;120131;Ambiente;Localizada en Puno;No, replica los anexos 6 y 7;;No aplica;
8;ANEXO-8-1;171;1673;Gobierno local;210105;MUNICIPALIDAD DISTRITAL DE CAPACHICA;Puno;;Capachica;Capachica;Programas presupuestales;GESTION INTEGRAL DE RESIDUOS SOLIDOS;;;Asignación por programa presupuestal;GESTION INTEGRAL DE RESIDUOS SOLIDOS;;180468;Ambiente;Localizada en Puno;No, replica los anexos 6 y 7;;No aplica;
8;ANEXO-8-1;171;1673;Gobierno local;210106;MUNICIPALIDAD DISTRITAL DE CHUCUITO;Puno;;Chucuito;Chucuito;Programas presupuestales;GESTION INTEGRAL DE RESIDUOS SOLIDOS;;;Asignación por programa presupuestal;GESTION INTEGRAL DE RESIDUOS SOLIDOS;;48678;Ambiente;Localizada en Puno;No, replica los anexos 6 y 7;;No aplica;
8;ANEXO-8-1;171;1673;Gobierno local;210107;MUNICIPALIDAD DISTRITAL DE COATA;Puno;;Coata;Coata;Programas presupuestales;GESTION INTEGRAL DE RESIDUOS SOLIDOS;;;Asignación por programa presupuestal;GESTION INTEGRAL DE RESIDUOS SOLIDOS;;65100;Ambiente;Localizada en Puno;No, replica los anexos 6 y 7;;No aplica;
8;ANEXO-8-1;171;1673;Gobierno local;210108;MUNICIPALIDAD DISTRITAL DE HUATA;Puno;;Huata;Huata;Programas presupuestales;GESTION INTEGRAL DE RESIDUOS SOLIDOS;;;Asignación por programa presupuestal;GESTION INTEGRAL DE RESIDUOS SOLIDOS;;83506;Ambiente;Localizada en Puno;No, replica los anexos 6 y 7;;No aplica;
8;ANEXO-8-1;171;1673;Gobierno local;210109;MUNICIPALIDAD DISTRITAL DE MAÑAZO;Puno;;Manazo;Manazo;Programas presupuestales;GESTION INTEGRAL DE RESIDUOS SOLIDOS;;;Asignación por programa presupuestal;GESTION INTEGRAL DE RESIDUOS SOLIDOS;;111233;Ambiente;Localizada en Puno;No, replica los anexos 6 y 7;;No aplica;
8;ANEXO-8-1;171;1673;Gobierno local;210110;MUNICIPALIDAD DISTRITAL DE PAUCARCOLLA;Puno;;Paucarcolla;Paucarcolla;Programas presupuestales;GESTION INTEGRAL DE RESIDUOS SOLIDOS;;;Asignación por programa presupuestal;GESTION INTEGRAL DE RESIDUOS SOLIDOS;;57986;Ambiente;Localizada en Puno;No, replica los anexos 6 y 7;;No aplica;
8;ANEXO-8-1;171;1673;Gobierno local;210111;MUNICIPALIDAD DISTRITAL DE PICHACANI;Puno;;Pichacani;Pichacani;Programas presupuestales;GESTION INTEGRAL DE RESIDUOS SOLIDOS;;;Asignación por programa presupuestal;GESTION INTEGRAL DE RESIDUOS SOLIDOS;;144480;Ambiente;Localizada en Puno;No, replica los anexos 6 y 7;;No aplica;
8;ANEXO-8-1;171;1673;Gobierno local;210112;MUNICIPALIDAD DISTRITAL DE PLATERIA;Puno;;Plateria;Plateria;Programas presupuestales;GESTION INTEGRAL DE RESIDUOS SOLIDOS;;;Asignación por programa presupuestal;GESTION INTEGRAL DE RESIDUOS SOLIDOS;;220100;Ambiente;Localizada en Puno;No, replica los anexos 6 y 7;;No aplica;
8;ANEXO-8-1;171;1673;Gobierno local;210113;MUNICIPALIDAD DISTRITAL DE SAN ANTONIO;Puno;;San Antonio;San Antonio;Programas presupuestales;GESTION INTEGRAL DE RESIDUOS SOLIDOS;;;Asignación por programa presupuestal;GESTION INTEGRAL DE RESIDUOS SOLIDOS;;535933;Ambiente;Localizada en Puno;No, replica los anexos 6 y 7;;No aplica;
8;ANEXO-8-1;171;1673;Gobierno local;210114;MUNICIPALIDAD DISTRITAL DE TIQUILLACA;Puno;;Tiquillaca;Tiquillaca;Programas presupuestales;GESTION INTEGRAL DE RESIDUOS SOLIDOS;;;Asignación por programa presupuestal;GESTION INTEGRAL DE RESIDUOS SOLIDOS;;14100;Ambiente;Localizada en Puno;No, replica los anexos 6 y 7;;No aplica;
8;ANEXO-8-1;171;1673;Gobierno local;210115;MUNICIPALIDAD DISTRITAL DE VILQUE;Puno;;Vilque;Vilque;Programas presupuestales;GESTION INTEGRAL DE RESIDUOS SOLIDOS;;;Asignación por programa presupuestal;GESTION INTEGRAL DE RESIDUOS SOLIDOS;;30100;Ambiente;Localizada en Puno;No, replica los anexos 6 y 7;;No aplica;
8;ANEXO-8-1;171;1673;Gobierno local;210201;MUNICIPALIDAD PROVINCIAL DE AZANGARO;Puno;;Azangaro;Azangaro;Programas presupuestales;GESTION INTEGRAL DE RESIDUOS SOLIDOS;;;Asignación por programa presupuestal;GESTION INTEGRAL DE RESIDUOS SOLIDOS;;3204921;Ambiente;Localizada en Puno;No, replica los anexos 6 y 7;;No aplica;
8;ANEXO-8-1;171;1673;Gobierno local;210202;MUNICIPALIDAD DISTRITAL DE ACHAYA;Puno;;Achaya;Achaya;Programas presupuestales;GESTION INTEGRAL DE RESIDUOS SOLIDOS;;;Asignación por programa presupuestal;GESTION INTEGRAL DE RESIDUOS SOLIDOS;;64703;Ambiente;Localizada en Puno;No, replica los anexos 6 y 7;;No aplica;
8;ANEXO-8-1;171;1673;Gobierno local;210203;MUNICIPALIDAD DISTRITAL DE ARAPA;Puno;;Arapa;Arapa;Programas presupuestales;GESTION INTEGRAL DE RESIDUOS SOLIDOS;;;Asignación por programa presupuestal;GESTION INTEGRAL DE RESIDUOS SOLIDOS;;134901;Ambiente;Localizada en Puno;No, replica los anexos 6 y 7;;No aplica;
8;ANEXO-8-1;171;1673;Gobierno local;210204;MUNICIPALIDAD DISTRITAL DE ASILLO;Puno;;Asillo;Asillo;Programas presupuestales;GESTION INTEGRAL DE RESIDUOS SOLIDOS;;;Asignación por programa presupuestal;GESTION INTEGRAL DE RESIDUOS SOLIDOS;;266400;Ambiente;Localizada en Puno;No, replica los anexos 6 y 7;;No aplica;
8;ANEXO-8-1;171;1673;Gobierno local;210205;MUNICIPALIDAD DISTRITAL DE CAMINACA;Puno;;Caminaca;Caminaca;Programas presupuestales;GESTION INTEGRAL DE RESIDUOS SOLIDOS;;;Asignación por programa presupuestal;GESTION INTEGRAL DE RESIDUOS SOLIDOS;;36149;Ambiente;Localizada en Puno;No, replica los anexos 6 y 7;;No aplica;
8;ANEXO-8-1;171;1673;Gobierno local;210206;MUNICIPALIDAD DISTRITAL DE CHUPA;Puno;;Chupa;Chupa;Programas presupuestales;GESTION INTEGRAL DE RESIDUOS SOLIDOS;;;Asignación por programa presupuestal;GESTION INTEGRAL DE RESIDUOS SOLIDOS;;100613;Ambiente;Localizada en Puno;No, replica los anexos 6 y 7;;No aplica;
8;ANEXO-8-1;171;1673;Gobierno local;210207;MUNICIPALIDAD DISTRITAL DE JOSE DOMINGO CHOQUEHUANCA;Puno;;Jose Domingo Choquehuanca;Jose Domingo Choquehuanca;Programas presupuestales;GESTION INTEGRAL DE RESIDUOS SOLIDOS;;;Asignación por programa presupuestal;GESTION INTEGRAL DE RESIDUOS SOLIDOS;;43200;Ambiente;Localizada en Puno;No, replica los anexos 6 y 7;;No aplica;
8;ANEXO-8-1;171;1673;Gobierno local;210208;MUNICIPALIDAD DISTRITAL DE MUÑANI;Puno;;Munani;Munani;Programas presupuestales;GESTION INTEGRAL DE RESIDUOS SOLIDOS;;;Asignación por programa presupuestal;GESTION INTEGRAL DE RESIDUOS SOLIDOS;;213000;Ambiente;Localizada en Puno;No, replica los anexos 6 y 7;;No aplica;
8;ANEXO-8-1;171;1673;Gobierno local;210209;MUNICIPALIDAD DISTRITAL DE POTONI;Puno;;Potoni;Potoni;Programas presupuestales;GESTION INTEGRAL DE RESIDUOS SOLIDOS;;;Asignación por programa presupuestal;GESTION INTEGRAL DE RESIDUOS SOLIDOS;;115500;Ambiente;Localizada en Puno;No, replica los anexos 6 y 7;;No aplica;
8;ANEXO-8-1;171;1673;Gobierno local;210210;MUNICIPALIDAD DISTRITAL DE SAMAN;Puno;;Saman;Saman;Programas presupuestales;GESTION INTEGRAL DE RESIDUOS SOLIDOS;;;Asignación por programa presupuestal;GESTION INTEGRAL DE RESIDUOS SOLIDOS;;200651;Ambiente;Localizada en Puno;No, replica los anexos 6 y 7;;No aplica;
8;ANEXO-8-1;171;1673;Gobierno local;210211;MUNICIPALIDAD DISTRITAL DE SAN ANTON;Puno;;San Anton;San Anton;Programas presupuestales;GESTION INTEGRAL DE RESIDUOS SOLIDOS;;;Asignación por programa presupuestal;GESTION INTEGRAL DE RESIDUOS SOLIDOS;;130300;Ambiente;Localizada en Puno;No, replica los anexos 6 y 7;;No aplica;
8;ANEXO-8-1;171;1673;Gobierno local;210212;MUNICIPALIDAD DISTRITAL DE SAN JOSE;Puno;;San Jose;San Jose;Programas presupuestales;GESTION INTEGRAL DE RESIDUOS SOLIDOS;;;Asignación por programa presupuestal;GESTION INTEGRAL DE RESIDUOS SOLIDOS;;79000;Ambiente;Localizada en Puno;No, replica los anexos 6 y 7;;No aplica;
8;ANEXO-8-1;171;1673;Gobierno local;210213;MUNICIPALIDAD DISTRITAL DE SAN JUAN DE SALINAS;Puno;;San Juan De Salinas;San Juan De Salinas;Programas presupuestales;GESTION INTEGRAL DE RESIDUOS SOLIDOS;;;Asignación por programa presupuestal;GESTION INTEGRAL DE RESIDUOS SOLIDOS;;56300;Ambiente;Localizada en Puno;No, replica los anexos 6 y 7;;No aplica;
8;ANEXO-8-1;171;1673;Gobierno local;210214;MUNICIPALIDAD DISTRITAL DE SANTIAGO DE PUPUJA;Puno;;Santiago De Pupuja;Santiago De Pupuja;Programas presupuestales;GESTION INTEGRAL DE RESIDUOS SOLIDOS;;;Asignación por programa presupuestal;GESTION INTEGRAL DE RESIDUOS SOLIDOS;;36000;Ambiente;Localizada en Puno;No, replica los anexos 6 y 7;;No aplica;
8;ANEXO-8-1;171;1673;Gobierno local;210215;MUNICIPALIDAD DISTRITAL DE TIRAPATA;Puno;;Tirapata;Tirapata;Programas presupuestales;GESTION INTEGRAL DE RESIDUOS SOLIDOS;;;Asignación por programa presupuestal;GESTION INTEGRAL DE RESIDUOS SOLIDOS;;50469;Ambiente;Localizada en Puno;No, replica los anexos 6 y 7;;No aplica;
8;ANEXO-8-1;171;1673;Gobierno local;210301;MUNICIPALIDAD PROVINCIAL DE CARABAYA -MACUSANI;Puno;;Carabaya;Carabaya;Programas presupuestales;GESTION INTEGRAL DE RESIDUOS SOLIDOS;;;Asignación por programa presupuestal;GESTION INTEGRAL DE RESIDUOS SOLIDOS;;1304925;Ambiente;Localizada en Puno;No, replica los anexos 6 y 7;;No aplica;
8;ANEXO-8-1;171;1673;Gobierno local;210302;MUNICIPALIDAD DISTRITAL DE AJOYANI;Puno;;Ajoyani;Ajoyani;Programas presupuestales;GESTION INTEGRAL DE RESIDUOS SOLIDOS;;;Asignación por programa presupuestal;GESTION INTEGRAL DE RESIDUOS SOLIDOS;;65227;Ambiente;Localizada en Puno;No, replica los anexos 6 y 7;;No aplica;
8;ANEXO-8-1;171;1673;Gobierno local;210303;MUNICIPALIDAD DISTRITAL DE AYAPATA;Puno;;Ayapata;Ayapata;Programas presupuestales;GESTION INTEGRAL DE RESIDUOS SOLIDOS;;;Asignación por programa presupuestal;GESTION INTEGRAL DE RESIDUOS SOLIDOS;;397281;Ambiente;Localizada en Puno;No, replica los anexos 6 y 7;;No aplica;
8;ANEXO-8-1;171;1673;Gobierno local;210304;MUNICIPALIDAD DISTRITAL DE COASA;Puno;;Coasa;Coasa;Programas presupuestales;GESTION INTEGRAL DE RESIDUOS SOLIDOS;;;Asignación por programa presupuestal;GESTION INTEGRAL DE RESIDUOS SOLIDOS;;316000;Ambiente;Localizada en Puno;No, replica los anexos 6 y 7;;No aplica;
8;ANEXO-8-1;171;1673;Gobierno local;210305;MUNICIPALIDAD DISTRITAL DE CORANI;Puno;;Corani;Corani;Programas presupuestales;GESTION INTEGRAL DE RESIDUOS SOLIDOS;;;Asignación por programa presupuestal;GESTION INTEGRAL DE RESIDUOS SOLIDOS;;108522;Ambiente;Localizada en Puno;No, replica los anexos 6 y 7;;No aplica;
8;ANEXO-8-1;172;1674;Gobierno local;210306;MUNICIPALIDAD DISTRITAL DE CRUCERO;Puno;;Crucero;Crucero;Programas presupuestales;GESTION INTEGRAL DE RESIDUOS SOLIDOS;;;Asignación por programa presupuestal;GESTION INTEGRAL DE RESIDUOS SOLIDOS;;592231;Ambiente;Localizada en Puno;No, replica los anexos 6 y 7;;No aplica;
8;ANEXO-8-1;172;1674;Gobierno local;210307;MUNICIPALIDAD DISTRITAL DE ITUATA;Puno;;Ituata;Ituata;Programas presupuestales;GESTION INTEGRAL DE RESIDUOS SOLIDOS;;;Asignación por programa presupuestal;GESTION INTEGRAL DE RESIDUOS SOLIDOS;;235716;Ambiente;Localizada en Puno;No, replica los anexos 6 y 7;;No aplica;
8;ANEXO-8-1;172;1674;Gobierno local;210308;MUNICIPALIDAD DISTRITAL DE OLLACHEA;Puno;;Ollachea;Ollachea;Programas presupuestales;GESTION INTEGRAL DE RESIDUOS SOLIDOS;;;Asignación por programa presupuestal;GESTION INTEGRAL DE RESIDUOS SOLIDOS;;312129;Ambiente;Localizada en Puno;No, replica los anexos 6 y 7;;No aplica;
8;ANEXO-8-1;172;1674;Gobierno local;210309;MUNICIPALIDAD DISTRITAL DE SAN GABAN;Puno;;San Gaban;San Gaban;Programas presupuestales;GESTION INTEGRAL DE RESIDUOS SOLIDOS;;;Asignación por programa presupuestal;GESTION INTEGRAL DE RESIDUOS SOLIDOS;;325800;Ambiente;Localizada en Puno;No, replica los anexos 6 y 7;;No aplica;
8;ANEXO-8-1;172;1674;Gobierno local;210310;MUNICIPALIDAD DISTRITAL DE USICAYOS;Puno;;Usicayos;Usicayos;Programas presupuestales;GESTION INTEGRAL DE RESIDUOS SOLIDOS;;;Asignación por programa presupuestal;GESTION INTEGRAL DE RESIDUOS SOLIDOS;;284400;Ambiente;Localizada en Puno;No, replica los anexos 6 y 7;;No aplica;
8;ANEXO-8-1;172;1674;Gobierno local;210401;MUNICIPALIDAD PROVINCIAL DE CHUCUITO -JULI;Puno;;Chucuito;Chucuito;Programas presupuestales;GESTION INTEGRAL DE RESIDUOS SOLIDOS;;;Asignación por programa presupuestal;GESTION INTEGRAL DE RESIDUOS SOLIDOS;;782426;Ambiente;Localizada en Puno;No, replica los anexos 6 y 7;;No aplica;
8;ANEXO-8-1;172;1674;Gobierno local;210402;MUNICIPALIDAD DISTRITAL DE DESAGUADERO;Puno;;Desaguadero;Desaguadero;Programas presupuestales;GESTION INTEGRAL DE RESIDUOS SOLIDOS;;;Asignación por programa presupuestal;GESTION INTEGRAL DE RESIDUOS SOLIDOS;;214018;Ambiente;Localizada en Puno;No, replica los anexos 6 y 7;;No aplica;
8;ANEXO-8-1;172;1674;Gobierno local;210403;MUNICIPALIDAD DISTRITAL DE HUACULLANI;Puno;;Huacullani;Huacullani;Programas presupuestales;GESTION INTEGRAL DE RESIDUOS SOLIDOS;;;Asignación por programa presupuestal;GESTION INTEGRAL DE RESIDUOS SOLIDOS;;164384;Ambiente;Localizada en Puno;No, replica los anexos 6 y 7;;No aplica;
8;ANEXO-8-1;172;1674;Gobierno local;210404;MUNICIPALIDAD DISTRITAL DE KELLUYO;Puno;;Kelluyo;Kelluyo;Programas presupuestales;GESTION INTEGRAL DE RESIDUOS SOLIDOS;;;Asignación por programa presupuestal;GESTION INTEGRAL DE RESIDUOS SOLIDOS;;177126;Ambiente;Localizada en Puno;No, replica los anexos 6 y 7;;No aplica;
8;ANEXO-8-1;172;1674;Gobierno local;210405;MUNICIPALIDAD DISTRITAL DE PISACOMA;Puno;;Pisacoma;Pisacoma;Programas presupuestales;GESTION INTEGRAL DE RESIDUOS SOLIDOS;;;Asignación por programa presupuestal;GESTION INTEGRAL DE RESIDUOS SOLIDOS;;133860;Ambiente;Localizada en Puno;No, replica los anexos 6 y 7;;No aplica;
8;ANEXO-8-1;172;1674;Gobierno local;210406;MUNICIPALIDAD DISTRITAL DE POMATA;Puno;;Pomata;Pomata;Programas presupuestales;GESTION INTEGRAL DE RESIDUOS SOLIDOS;;;Asignación por programa presupuestal;GESTION INTEGRAL DE RESIDUOS SOLIDOS;;225436;Ambiente;Localizada en Puno;No, replica los anexos 6 y 7;;No aplica;
8;ANEXO-8-1;172;1674;Gobierno local;210407;MUNICIPALIDAD DISTRITAL DE ZEPITA;Puno;;Zepita;Zepita;Programas presupuestales;GESTION INTEGRAL DE RESIDUOS SOLIDOS;;;Asignación por programa presupuestal;GESTION INTEGRAL DE RESIDUOS SOLIDOS;;256080;Ambiente;Localizada en Puno;No, replica los anexos 6 y 7;;No aplica;
8;ANEXO-8-1;172;1674;Gobierno local;210501;MUNICIPALIDAD PROVINCIAL DE EL COLLAO -ILAVE;Puno;;El Collao;El Collao;Programas presupuestales;GESTION INTEGRAL DE RESIDUOS SOLIDOS;;;Asignación por programa presupuestal;GESTION INTEGRAL DE RESIDUOS SOLIDOS;;2143680;Ambiente;Localizada en Puno;No, replica los anexos 6 y 7;;No aplica;
8;ANEXO-8-1;172;1674;Gobierno local;210502;MUNICIPALIDAD DISTRITAL DE CAPASO;Puno;;Capaso;Capaso;Programas presupuestales;GESTION INTEGRAL DE RESIDUOS SOLIDOS;;;Asignación por programa presupuestal;GESTION INTEGRAL DE RESIDUOS SOLIDOS;;17984;Ambiente;Localizada en Puno;No, replica los anexos 6 y 7;;No aplica;
8;ANEXO-8-1;172;1674;Gobierno local;210503;MUNICIPALIDAD DISTRITAL DE PILCUYO;Puno;;Pilcuyo;Pilcuyo;Programas presupuestales;GESTION INTEGRAL DE RESIDUOS SOLIDOS;;;Asignación por programa presupuestal;GESTION INTEGRAL DE RESIDUOS SOLIDOS;;231064;Ambiente;Localizada en Puno;No, replica los anexos 6 y 7;;No aplica;
8;ANEXO-8-1;172;1674;Gobierno local;210504;MUNICIPALIDAD DISTRITAL DE SANTA ROSA;Puno;;Santa Rosa;Santa Rosa;Programas presupuestales;GESTION INTEGRAL DE RESIDUOS SOLIDOS;;;Asignación por programa presupuestal;GESTION INTEGRAL DE RESIDUOS SOLIDOS;;61344;Ambiente;Localizada en Puno;No, replica los anexos 6 y 7;;No aplica;
8;ANEXO-8-1;172;1674;Gobierno local;210505;MUNICIPALIDAD DISTRITAL DE CONDURIRI;Puno;;Conduriri;Conduriri;Programas presupuestales;GESTION INTEGRAL DE RESIDUOS SOLIDOS;;;Asignación por programa presupuestal;GESTION INTEGRAL DE RESIDUOS SOLIDOS;;34700;Ambiente;Localizada en Puno;No, replica los anexos 6 y 7;;No aplica;
8;ANEXO-8-1;172;1674;Gobierno local;210601;MUNICIPALIDAD PROVINCIAL DE HUANCANE;Puno;;Huancane;Huancane;Programas presupuestales;GESTION INTEGRAL DE RESIDUOS SOLIDOS;;;Asignación por programa presupuestal;GESTION INTEGRAL DE RESIDUOS SOLIDOS;;733553;Ambiente;Localizada en Puno;No, replica los anexos 6 y 7;;No aplica;
8;ANEXO-8-1;172;1674;Gobierno local;210602;MUNICIPALIDAD DISTRITAL DE COJATA;Puno;;Cojata;Cojata;Programas presupuestales;GESTION INTEGRAL DE RESIDUOS SOLIDOS;;;Asignación por programa presupuestal;GESTION INTEGRAL DE RESIDUOS SOLIDOS;;48000;Ambiente;Localizada en Puno;No, replica los anexos 6 y 7;;No aplica;
8;ANEXO-8-1;172;1674;Gobierno local;210603;MUNICIPALIDAD DISTRITAL DE HUATASANI;Puno;;Huatasani;Huatasani;Programas presupuestales;GESTION INTEGRAL DE RESIDUOS SOLIDOS;;;Asignación por programa presupuestal;GESTION INTEGRAL DE RESIDUOS SOLIDOS;;49014;Ambiente;Localizada en Puno;No, replica los anexos 6 y 7;;No aplica;
8;ANEXO-8-1;172;1674;Gobierno local;210605;MUNICIPALIDAD DISTRITAL DE PUSI;Puno;;Pusi;Pusi;Programas presupuestales;GESTION INTEGRAL DE RESIDUOS SOLIDOS;;;Asignación por programa presupuestal;GESTION INTEGRAL DE RESIDUOS SOLIDOS;;22875;Ambiente;Localizada en Puno;No, replica los anexos 6 y 7;;No aplica;
8;ANEXO-8-1;172;1674;Gobierno local;210606;MUNICIPALIDAD DISTRITAL DE ROSASPATA;Puno;;Rosaspata;Rosaspata;Programas presupuestales;GESTION INTEGRAL DE RESIDUOS SOLIDOS;;;Asignación por programa presupuestal;GESTION INTEGRAL DE RESIDUOS SOLIDOS;;36600;Ambiente;Localizada en Puno;No, replica los anexos 6 y 7;;No aplica;
8;ANEXO-8-1;172;1674;Gobierno local;210607;MUNICIPALIDAD DISTRITAL DE TARACO;Puno;;Taraco;Taraco;Programas presupuestales;GESTION INTEGRAL DE RESIDUOS SOLIDOS;;;Asignación por programa presupuestal;GESTION INTEGRAL DE RESIDUOS SOLIDOS;;347114;Ambiente;Localizada en Puno;No, replica los anexos 6 y 7;;No aplica;
8;ANEXO-8-1;172;1674;Gobierno local;210608;MUNICIPALIDAD DISTRITAL DE VILQUE CHICO;Puno;;Vilque Chico;Vilque Chico;Programas presupuestales;GESTION INTEGRAL DE RESIDUOS SOLIDOS;;;Asignación por programa presupuestal;GESTION INTEGRAL DE RESIDUOS SOLIDOS;;101000;Ambiente;Localizada en Puno;No, replica los anexos 6 y 7;;No aplica;
8;ANEXO-8-1;172;1674;Gobierno local;210701;MUNICIPALIDAD PROVINCIAL DE LAMPA;Puno;;Lampa;Lampa;Programas presupuestales;GESTION INTEGRAL DE RESIDUOS SOLIDOS;;;Asignación por programa presupuestal;GESTION INTEGRAL DE RESIDUOS SOLIDOS;;269418;Ambiente;Localizada en Puno;No, replica los anexos 6 y 7;;No aplica;
8;ANEXO-8-1;172;1674;Gobierno local;210702;MUNICIPALIDAD DISTRITAL DE CABANILLA;Puno;;Cabanilla;Cabanilla;Programas presupuestales;GESTION INTEGRAL DE RESIDUOS SOLIDOS;;;Asignación por programa presupuestal;GESTION INTEGRAL DE RESIDUOS SOLIDOS;;71985;Ambiente;Localizada en Puno;No, replica los anexos 6 y 7;;No aplica;
8;ANEXO-8-1;172;1674;Gobierno local;210703;MUNICIPALIDAD DISTRITAL DE CALAPUJA;Puno;;Calapuja;Calapuja;Programas presupuestales;GESTION INTEGRAL DE RESIDUOS SOLIDOS;;;Asignación por programa presupuestal;GESTION INTEGRAL DE RESIDUOS SOLIDOS;;14900;Ambiente;Localizada en Puno;No, replica los anexos 6 y 7;;No aplica;
8;ANEXO-8-1;172;1674;Gobierno local;210704;MUNICIPALIDAD DISTRITAL DE NICASIO;Puno;;Nicasio;Nicasio;Programas presupuestales;GESTION INTEGRAL DE RESIDUOS SOLIDOS;;;Asignación por programa presupuestal;GESTION INTEGRAL DE RESIDUOS SOLIDOS;;34400;Ambiente;Localizada en Puno;No, replica los anexos 6 y 7;;No aplica;
8;ANEXO-8-1;172;1674;Gobierno local;210705;MUNICIPALIDAD DISTRITAL DE OCUVIRI;Puno;;Ocuviri;Ocuviri;Programas presupuestales;GESTION INTEGRAL DE RESIDUOS SOLIDOS;;;Asignación por programa presupuestal;GESTION INTEGRAL DE RESIDUOS SOLIDOS;;151317;Ambiente;Localizada en Puno;No, replica los anexos 6 y 7;;No aplica;
8;ANEXO-8-1;172;1674;Gobierno local;210706;MUNICIPALIDAD DISTRITAL DE PALCA;Puno;;Palca;Palca;Programas presupuestales;GESTION INTEGRAL DE RESIDUOS SOLIDOS;;;Asignación por programa presupuestal;GESTION INTEGRAL DE RESIDUOS SOLIDOS;;54365;Ambiente;Localizada en Puno;No, replica los anexos 6 y 7;;No aplica;
8;ANEXO-8-1;172;1674;Gobierno local;210707;MUNICIPALIDAD DISTRITAL DE PARATIA;Puno;;Paratia;Paratia;Programas presupuestales;GESTION INTEGRAL DE RESIDUOS SOLIDOS;;;Asignación por programa presupuestal;GESTION INTEGRAL DE RESIDUOS SOLIDOS;;67500;Ambiente;Localizada en Puno;No, replica los anexos 6 y 7;;No aplica;
8;ANEXO-8-1;172;1674;Gobierno local;210708;MUNICIPALIDAD DISTRITAL DE PUCARA;Puno;;Pucara;Pucara;Programas presupuestales;GESTION INTEGRAL DE RESIDUOS SOLIDOS;;;Asignación por programa presupuestal;GESTION INTEGRAL DE RESIDUOS SOLIDOS;;46607;Ambiente;Localizada en Puno;No, replica los anexos 6 y 7;;No aplica;
8;ANEXO-8-1;172;1674;Gobierno local;210709;MUNICIPALIDAD DISTRITAL DE SANTA LUCIA;Puno;;Santa Lucia;Santa Lucia;Programas presupuestales;GESTION INTEGRAL DE RESIDUOS SOLIDOS;;;Asignación por programa presupuestal;GESTION INTEGRAL DE RESIDUOS SOLIDOS;;125977;Ambiente;Localizada en Puno;No, replica los anexos 6 y 7;;No aplica;
8;ANEXO-8-1;172;1674;Gobierno local;210710;MUNICIPALIDAD DISTRITAL DE VILAVILA;Puno;;Vilavila;Vilavila;Programas presupuestales;GESTION INTEGRAL DE RESIDUOS SOLIDOS;;;Asignación por programa presupuestal;GESTION INTEGRAL DE RESIDUOS SOLIDOS;;29280;Ambiente;Localizada en Puno;No, replica los anexos 6 y 7;;No aplica;
8;ANEXO-8-1;173;1675;Gobierno local;210801;MUNICIPALIDAD PROVINCIAL DE MELGAR -AYAVIRI;Puno;;Melgar;Melgar;Programas presupuestales;GESTION INTEGRAL DE RESIDUOS SOLIDOS;;;Asignación por programa presupuestal;GESTION INTEGRAL DE RESIDUOS SOLIDOS;;1206658;Ambiente;Localizada en Puno;No, replica los anexos 6 y 7;;No aplica;
8;ANEXO-8-1;173;1675;Gobierno local;210802;MUNICIPALIDAD DISTRITAL DE ANTAUTA;Puno;;Antauta;Antauta;Programas presupuestales;GESTION INTEGRAL DE RESIDUOS SOLIDOS;;;Asignación por programa presupuestal;GESTION INTEGRAL DE RESIDUOS SOLIDOS;;174328;Ambiente;Localizada en Puno;No, replica los anexos 6 y 7;;No aplica;
8;ANEXO-8-1;173;1675;Gobierno local;210803;MUNICIPALIDAD DISTRITAL DE CUPI;Puno;;Cupi;Cupi;Programas presupuestales;GESTION INTEGRAL DE RESIDUOS SOLIDOS;;;Asignación por programa presupuestal;GESTION INTEGRAL DE RESIDUOS SOLIDOS;;22610;Ambiente;Localizada en Puno;No, replica los anexos 6 y 7;;No aplica;
8;ANEXO-8-1;173;1675;Gobierno local;210804;MUNICIPALIDAD DISTRITAL DE LLALLI;Puno;;Llalli;Llalli;Programas presupuestales;GESTION INTEGRAL DE RESIDUOS SOLIDOS;;;Asignación por programa presupuestal;GESTION INTEGRAL DE RESIDUOS SOLIDOS;;84460;Ambiente;Localizada en Puno;No, replica los anexos 6 y 7;;No aplica;
8;ANEXO-8-1;173;1675;Gobierno local;210805;MUNICIPALIDAD DISTRITAL DE MACARI;Puno;;Macari;Macari;Programas presupuestales;GESTION INTEGRAL DE RESIDUOS SOLIDOS;;;Asignación por programa presupuestal;GESTION INTEGRAL DE RESIDUOS SOLIDOS;;113550;Ambiente;Localizada en Puno;No, replica los anexos 6 y 7;;No aplica;
8;ANEXO-8-1;173;1675;Gobierno local;210806;MUNICIPALIDAD DISTRITAL DE NUÑOA;Puno;;Nunoa;Nunoa;Programas presupuestales;GESTION INTEGRAL DE RESIDUOS SOLIDOS;;;Asignación por programa presupuestal;GESTION INTEGRAL DE RESIDUOS SOLIDOS;;379993;Ambiente;Localizada en Puno;No, replica los anexos 6 y 7;;No aplica;
8;ANEXO-8-1;173;1675;Gobierno local;210807;MUNICIPALIDAD DISTRITAL DE ORURILLO;Puno;;Orurillo;Orurillo;Programas presupuestales;GESTION INTEGRAL DE RESIDUOS SOLIDOS;;;Asignación por programa presupuestal;GESTION INTEGRAL DE RESIDUOS SOLIDOS;;163368;Ambiente;Localizada en Puno;No, replica los anexos 6 y 7;;No aplica;
8;ANEXO-8-1;173;1675;Gobierno local;210808;MUNICIPALIDAD DISTRITAL DE SANTA ROSA;Puno;;Santa Rosa;Santa Rosa;Programas presupuestales;GESTION INTEGRAL DE RESIDUOS SOLIDOS;;;Asignación por programa presupuestal;GESTION INTEGRAL DE RESIDUOS SOLIDOS;;99589;Ambiente;Localizada en Puno;No, replica los anexos 6 y 7;;No aplica;
8;ANEXO-8-1;173;1675;Gobierno local;210809;MUNICIPALIDAD DISTRITAL DE UMACHIRI;Puno;;Umachiri;Umachiri;Programas presupuestales;GESTION INTEGRAL DE RESIDUOS SOLIDOS;;;Asignación por programa presupuestal;GESTION INTEGRAL DE RESIDUOS SOLIDOS;;77000;Ambiente;Localizada en Puno;No, replica los anexos 6 y 7;;No aplica;
8;ANEXO-8-1;173;1675;Gobierno local;210901;MUNICIPALIDAD PROVINCIAL DE MOHO;Puno;;Moho;Moho;Programas presupuestales;GESTION INTEGRAL DE RESIDUOS SOLIDOS;;;Asignación por programa presupuestal;GESTION INTEGRAL DE RESIDUOS SOLIDOS;;77659;Ambiente;Localizada en Puno;No, replica los anexos 6 y 7;;No aplica;
8;ANEXO-8-1;173;1675;Gobierno local;210902;MUNICIPALIDAD DISTRITAL DE CONIMA;Puno;;Conima;Conima;Programas presupuestales;GESTION INTEGRAL DE RESIDUOS SOLIDOS;;;Asignación por programa presupuestal;GESTION INTEGRAL DE RESIDUOS SOLIDOS;;13000;Ambiente;Localizada en Puno;No, replica los anexos 6 y 7;;No aplica;
8;ANEXO-8-1;173;1675;Gobierno local;210903;MUNICIPALIDAD DISTRITAL DE HUAYRAPATA;Puno;;Huayrapata;Huayrapata;Programas presupuestales;GESTION INTEGRAL DE RESIDUOS SOLIDOS;;;Asignación por programa presupuestal;GESTION INTEGRAL DE RESIDUOS SOLIDOS;;38410;Ambiente;Localizada en Puno;No, replica los anexos 6 y 7;;No aplica;
8;ANEXO-8-1;173;1675;Gobierno local;210904;MUNICIPALIDAD DISTRITAL DE TILALI;Puno;;Tilali;Tilali;Programas presupuestales;GESTION INTEGRAL DE RESIDUOS SOLIDOS;;;Asignación por programa presupuestal;GESTION INTEGRAL DE RESIDUOS SOLIDOS;;21912;Ambiente;Localizada en Puno;No, replica los anexos 6 y 7;;No aplica;
8;ANEXO-8-1;173;1675;Gobierno local;211001;MUNICIPALIDAD PROVINCIAL DE SAN ANTONIO DE PUTINA -PUTINA;Puno;;San Antonio De Putina;San Antonio De Putina;Programas presupuestales;GESTION INTEGRAL DE RESIDUOS SOLIDOS;;;Asignación por programa presupuestal;GESTION INTEGRAL DE RESIDUOS SOLIDOS;;844347;Ambiente;Localizada en Puno;No, replica los anexos 6 y 7;;No aplica;
8;ANEXO-8-1;173;1675;Gobierno local;211002;MUNICIPALIDAD DISTRITAL DE ANANEA;Puno;;Ananea;Ananea;Programas presupuestales;GESTION INTEGRAL DE RESIDUOS SOLIDOS;;;Asignación por programa presupuestal;GESTION INTEGRAL DE RESIDUOS SOLIDOS;;663620;Ambiente;Localizada en Puno;No, replica los anexos 6 y 7;;No aplica;
8;ANEXO-8-1;173;1675;Gobierno local;211003;MUNICIPALIDAD DISTRITAL DE PEDRO VILCA APAZA;Puno;;Pedro Vilca Apaza;Pedro Vilca Apaza;Programas presupuestales;GESTION INTEGRAL DE RESIDUOS SOLIDOS;;;Asignación por programa presupuestal;GESTION INTEGRAL DE RESIDUOS SOLIDOS;;41900;Ambiente;Localizada en Puno;No, replica los anexos 6 y 7;;No aplica;
8;ANEXO-8-1;173;1675;Gobierno local;211004;MUNICIPALIDAD DISTRITAL DE QUILCAPUNCU;Puno;;Quilcapuncu;Quilcapuncu;Programas presupuestales;GESTION INTEGRAL DE RESIDUOS SOLIDOS;;;Asignación por programa presupuestal;GESTION INTEGRAL DE RESIDUOS SOLIDOS;;165148;Ambiente;Localizada en Puno;No, replica los anexos 6 y 7;;No aplica;
8;ANEXO-8-1;173;1675;Gobierno local;211005;MUNICIPALIDAD DISTRITAL DE SIMA;Puno;;Sima;Sima;Programas presupuestales;GESTION INTEGRAL DE RESIDUOS SOLIDOS;;;Asignación por programa presupuestal;GESTION INTEGRAL DE RESIDUOS SOLIDOS;;22100;Ambiente;Localizada en Puno;No, replica los anexos 6 y 7;;No aplica;
8;ANEXO-8-1;173;1675;Gobierno local;211101;MUNICIPALIDAD PROVINCIAL DE SAN ROMAN -JULIACA;Puno;;San Roman;San Roman;Programas presupuestales;GESTION INTEGRAL DE RESIDUOS SOLIDOS;;;Asignación por programa presupuestal;GESTION INTEGRAL DE RESIDUOS SOLIDOS;;14353694;Ambiente;Localizada en Puno;No, replica los anexos 6 y 7;;No aplica;
8;ANEXO-8-1;173;1675;Gobierno local;211102;MUNICIPALIDAD DISTRITAL DE CABANA;Puno;;Cabana;Cabana;Programas presupuestales;GESTION INTEGRAL DE RESIDUOS SOLIDOS;;;Asignación por programa presupuestal;GESTION INTEGRAL DE RESIDUOS SOLIDOS;;83000;Ambiente;Localizada en Puno;No, replica los anexos 6 y 7;;No aplica;
8;ANEXO-8-1;173;1675;Gobierno local;211103;MUNICIPALIDAD DISTRITAL DE CABANILLAS;Puno;;Cabanillas;Cabanillas;Programas presupuestales;GESTION INTEGRAL DE RESIDUOS SOLIDOS;;;Asignación por programa presupuestal;GESTION INTEGRAL DE RESIDUOS SOLIDOS;;98300;Ambiente;Localizada en Puno;No, replica los anexos 6 y 7;;No aplica;
8;ANEXO-8-1;173;1675;Gobierno local;211104;MUNICIPALIDAD DISTRITAL DE CARACOTO;Puno;;Caracoto;Caracoto;Programas presupuestales;GESTION INTEGRAL DE RESIDUOS SOLIDOS;;;Asignación por programa presupuestal;GESTION INTEGRAL DE RESIDUOS SOLIDOS;;136260;Ambiente;Localizada en Puno;No, replica los anexos 6 y 7;;No aplica;
8;ANEXO-8-1;173;1675;Gobierno local;211105;MUNICIPALIDAD DISTRITAL DE SAN MIGUEL;Puno;;San Miguel;San Miguel;Programas presupuestales;GESTION INTEGRAL DE RESIDUOS SOLIDOS;;;Asignación por programa presupuestal;GESTION INTEGRAL DE RESIDUOS SOLIDOS;;2665432;Ambiente;Localizada en Puno;No, replica los anexos 6 y 7;;No aplica;
8;ANEXO-8-1;173;1675;Gobierno local;211201;MUNICIPALIDAD PROVINCIAL DE SANDIA;Puno;;Sandia;Sandia;Programas presupuestales;GESTION INTEGRAL DE RESIDUOS SOLIDOS;;;Asignación por programa presupuestal;GESTION INTEGRAL DE RESIDUOS SOLIDOS;;372282;Ambiente;Localizada en Puno;No, replica los anexos 6 y 7;;No aplica;
8;ANEXO-8-1;173;1675;Gobierno local;211202;MUNICIPALIDAD DISTRITAL DE CUYOCUYO;Puno;;Cuyocuyo;Cuyocuyo;Programas presupuestales;GESTION INTEGRAL DE RESIDUOS SOLIDOS;;;Asignación por programa presupuestal;GESTION INTEGRAL DE RESIDUOS SOLIDOS;;57900;Ambiente;Localizada en Puno;No, replica los anexos 6 y 7;;No aplica;
8;ANEXO-8-1;173;1675;Gobierno local;211203;MUNICIPALIDAD DISTRITAL DE LIMBANI;Puno;;Limbani;Limbani;Programas presupuestales;GESTION INTEGRAL DE RESIDUOS SOLIDOS;;;Asignación por programa presupuestal;GESTION INTEGRAL DE RESIDUOS SOLIDOS;;47892;Ambiente;Localizada en Puno;No, replica los anexos 6 y 7;;No aplica;
8;ANEXO-8-1;173;1675;Gobierno local;211204;MUNICIPALIDAD DISTRITAL DE PATAMBUCO;Puno;;Patambuco;Patambuco;Programas presupuestales;GESTION INTEGRAL DE RESIDUOS SOLIDOS;;;Asignación por programa presupuestal;GESTION INTEGRAL DE RESIDUOS SOLIDOS;;78800;Ambiente;Localizada en Puno;No, replica los anexos 6 y 7;;No aplica;
8;ANEXO-8-1;173;1675;Gobierno local;211205;MUNICIPALIDAD DISTRITAL DE PHARA;Puno;;Phara;Phara;Programas presupuestales;GESTION INTEGRAL DE RESIDUOS SOLIDOS;;;Asignación por programa presupuestal;GESTION INTEGRAL DE RESIDUOS SOLIDOS;;65748;Ambiente;Localizada en Puno;No, replica los anexos 6 y 7;;No aplica;
8;ANEXO-8-1;173;1675;Gobierno local;211206;MUNICIPALIDAD DISTRITAL DE QUIACA;Puno;;Quiaca;Quiaca;Programas presupuestales;GESTION INTEGRAL DE RESIDUOS SOLIDOS;;;Asignación por programa presupuestal;GESTION INTEGRAL DE RESIDUOS SOLIDOS;;878751;Ambiente;Localizada en Puno;No, replica los anexos 6 y 7;;No aplica;
8;ANEXO-8-1;173;1675;Gobierno local;211207;MUNICIPALIDAD DISTRITAL DE SAN JUAN DEL ORO;Puno;;San Juan Del Oro;San Juan Del Oro;Programas presupuestales;GESTION INTEGRAL DE RESIDUOS SOLIDOS;;;Asignación por programa presupuestal;GESTION INTEGRAL DE RESIDUOS SOLIDOS;;69977;Ambiente;Localizada en Puno;No, replica los anexos 6 y 7;;No aplica;
8;ANEXO-8-1;173;1675;Gobierno local;211208;MUNICIPALIDAD DISTRITAL DE YANAHUAYA;Puno;;Yanahuaya;Yanahuaya;Programas presupuestales;GESTION INTEGRAL DE RESIDUOS SOLIDOS;;;Asignación por programa presupuestal;GESTION INTEGRAL DE RESIDUOS SOLIDOS;;34500;Ambiente;Localizada en Puno;No, replica los anexos 6 y 7;;No aplica;
8;ANEXO-8-1;173;1675;Gobierno local;211209;MUNICIPALIDAD DISTRITAL DE ALTO INAMBARI;Puno;;Alto Inambari;Alto Inambari;Programas presupuestales;GESTION INTEGRAL DE RESIDUOS SOLIDOS;;;Asignación por programa presupuestal;GESTION INTEGRAL DE RESIDUOS SOLIDOS;;104113;Ambiente;Localizada en Puno;No, replica los anexos 6 y 7;;No aplica;
8;ANEXO-8-1;173;1675;Gobierno local;211210;MUNICIPALIDAD DISTRITAL DE SAN PEDRO DE PUTINA PUNCO;Puno;;San Pedro De Putina Punco;San Pedro De Putina Punco;Programas presupuestales;GESTION INTEGRAL DE RESIDUOS SOLIDOS;;;Asignación por programa presupuestal;GESTION INTEGRAL DE RESIDUOS SOLIDOS;;142100;Ambiente;Localizada en Puno;No, replica los anexos 6 y 7;;No aplica;
8;ANEXO-8-1;173;1675;Gobierno local;211301;MUNICIPALIDAD PROVINCIAL DE YUNGUYO;Puno;;Yunguyo;Yunguyo;Programas presupuestales;GESTION INTEGRAL DE RESIDUOS SOLIDOS;;;Asignación por programa presupuestal;GESTION INTEGRAL DE RESIDUOS SOLIDOS;;803673;Ambiente;Localizada en Puno;No, replica los anexos 6 y 7;;No aplica;
8;ANEXO-8-1;174;1676;Gobierno local;211302;MUNICIPALIDAD DISTRITAL DE ANAPIA;Puno;;Anapia;Anapia;Programas presupuestales;GESTION INTEGRAL DE RESIDUOS SOLIDOS;;;Asignación por programa presupuestal;GESTION INTEGRAL DE RESIDUOS SOLIDOS;;15024;Ambiente;Localizada en Puno;No, replica los anexos 6 y 7;;No aplica;
8;ANEXO-8-1;174;1676;Gobierno local;211303;MUNICIPALIDAD DISTRITAL DE COPAN';Puno;;Copan';Copan';Programas presupuestales;GESTION INTEGRAL DE RESIDUOS SOLIDOS;;;Asignación por programa presupuestal;GESTION INTEGRAL DE RESIDUOS SOLIDOS;;31100;Ambiente;Localizada en Puno;No, replica los anexos 6 y 7;;No aplica;
8;ANEXO-8-1;174;1676;Gobierno local;211304;MUNICIPALIDAD DISTRITAL DE CUTURAPI;Puno;;Cuturapi;Cuturapi;Programas presupuestales;GESTION INTEGRAL DE RESIDUOS SOLIDOS;;;Asignación por programa presupuestal;GESTION INTEGRAL DE RESIDUOS SOLIDOS;;24960;Ambiente;Localizada en Puno;No, replica los anexos 6 y 7;;No aplica;
8;ANEXO-8-1;174;1676;Gobierno local;211305;MUNICIPALIDAD DISTRITAL DE OLLARAYA;Puno;;Ollaraya;Ollaraya;Programas presupuestales;GESTION INTEGRAL DE RESIDUOS SOLIDOS;;;Asignación por programa presupuestal;GESTION INTEGRAL DE RESIDUOS SOLIDOS;;27800;Ambiente;Localizada en Puno;No, replica los anexos 6 y 7;;No aplica;
8;ANEXO-8-1;174;1676;Gobierno local;211306;MUNICIPALIDAD DISTRITAL DE TINICACHI;Puno;;Tinicachi;Tinicachi;Programas presupuestales;GESTION INTEGRAL DE RESIDUOS SOLIDOS;;;Asignación por programa presupuestal;GESTION INTEGRAL DE RESIDUOS SOLIDOS;;13000;Ambiente;Localizada en Puno;No, replica los anexos 6 y 7;;No aplica;
8;ANEXO-8-1;174;1676;Gobierno local;211307;MUNICIPALIDAD DISTRITAL DE UNICACHI;Puno;;Unicachi;Unicachi;Programas presupuestales;GESTION INTEGRAL DE RESIDUOS SOLIDOS;;;Asignación por programa presupuestal;GESTION INTEGRAL DE RESIDUOS SOLIDOS;;6734;Ambiente;Localizada en Puno;No, replica los anexos 6 y 7;;No aplica;
8;ANEXO-8-1;186;1688;Gobierno local;210105;MUNICIPALIDAD DISTRITAL DE CAPACHICA;Puno;;Capachica;Capachica;Programas presupuestales;MEJORA DE LA SANIDAD ANIMAL;;;Asignación por programa presupuestal;MEJORA DE LA SANIDAD ANIMAL;;4950;Agropecuario y riego;Localizada en Puno;No, replica los anexos 6 y 7;;No aplica;
8;ANEXO-8-1;187;1689;Gobierno local;210106;MUNICIPALIDAD DISTRITAL DE CHUCUITO;Puno;;Chucuito;Chucuito;Programas presupuestales;MEJORA DE LA SANIDAD ANIMAL;;;Asignación por programa presupuestal;MEJORA DE LA SANIDAD ANIMAL;;17500;Agropecuario y riego;Localizada en Puno;No, replica los anexos 6 y 7;;No aplica;
8;ANEXO-8-1;187;1689;Gobierno local;210107;MUNICIPALIDAD DISTRITAL DE COATA;Puno;;Coata;Coata;Programas presupuestales;MEJORA DE LA SANIDAD ANIMAL;;;Asignación por programa presupuestal;MEJORA DE LA SANIDAD ANIMAL;;22000;Agropecuario y riego;Localizada en Puno;No, replica los anexos 6 y 7;;No aplica;
8;ANEXO-8-1;187;1689;Gobierno local;210109;MUNICIPALIDAD DISTRITAL DE MAÑAZO;Puno;;Manazo;Manazo;Programas presupuestales;MEJORA DE LA SANIDAD ANIMAL;;;Asignación por programa presupuestal;MEJORA DE LA SANIDAD ANIMAL;;77270;Agropecuario y riego;Localizada en Puno;No, replica los anexos 6 y 7;;No aplica;
8;ANEXO-8-1;187;1689;Gobierno local;210110;MUNICIPALIDAD DISTRITAL DE PAUCARCOLLA;Puno;;Paucarcolla;Paucarcolla;Programas presupuestales;MEJORA DE LA SANIDAD ANIMAL;;;Asignación por programa presupuestal;MEJORA DE LA SANIDAD ANIMAL;;5000;Agropecuario y riego;Localizada en Puno;No, replica los anexos 6 y 7;;No aplica;
8;ANEXO-8-1;187;1689;Gobierno local;210111;MUNICIPALIDAD DISTRITAL DE PICHACANI;Puno;;Pichacani;Pichacani;Programas presupuestales;MEJORA DE LA SANIDAD ANIMAL;;;Asignación por programa presupuestal;MEJORA DE LA SANIDAD ANIMAL;;7000;Agropecuario y riego;Localizada en Puno;No, replica los anexos 6 y 7;;No aplica;
8;ANEXO-8-1;187;1689;Gobierno local;210112;MUNICIPALIDAD DISTRITAL DE PLATERIA;Puno;;Plateria;Plateria;Programas presupuestales;MEJORA DE LA SANIDAD ANIMAL;;;Asignación por programa presupuestal;MEJORA DE LA SANIDAD ANIMAL;;67756;Agropecuario y riego;Localizada en Puno;No, replica los anexos 6 y 7;;No aplica;
8;ANEXO-8-1;187;1689;Gobierno local;210113;MUNICIPALIDAD DISTRITAL DE SAN ANTONIO;Puno;;San Antonio;San Antonio;Programas presupuestales;MEJORA DE LA SANIDAD ANIMAL;;;Asignación por programa presupuestal;MEJORA DE LA SANIDAD ANIMAL;;13787;Agropecuario y riego;Localizada en Puno;No, replica los anexos 6 y 7;;No aplica;
8;ANEXO-8-1;187;1689;Gobierno local;210114;MUNICIPALIDAD DISTRITAL DE TIQUILLACA;Puno;;Tiquillaca;Tiquillaca;Programas presupuestales;MEJORA DE LA SANIDAD ANIMAL;;;Asignación por programa presupuestal;MEJORA DE LA SANIDAD ANIMAL;;11700;Agropecuario y riego;Localizada en Puno;No, replica los anexos 6 y 7;;No aplica;
8;ANEXO-8-1;187;1689;Gobierno local;210115;MUNICIPALIDAD DISTRITAL DE VILQUE;Puno;;Vilque;Vilque;Programas presupuestales;MEJORA DE LA SANIDAD ANIMAL;;;Asignación por programa presupuestal;MEJORA DE LA SANIDAD ANIMAL;;14000;Agropecuario y riego;Localizada en Puno;No, replica los anexos 6 y 7;;No aplica;
8;ANEXO-8-1;187;1689;Gobierno local;210203;MUNICIPALIDAD DISTRITAL DE ARAPA;Puno;;Arapa;Arapa;Programas presupuestales;MEJORA DE LA SANIDAD ANIMAL;;;Asignación por programa presupuestal;MEJORA DE LA SANIDAD ANIMAL;;5000;Agropecuario y riego;Localizada en Puno;No, replica los anexos 6 y 7;;No aplica;
8;ANEXO-8-1;187;1689;Gobierno local;210204;MUNICIPALIDAD DISTRITAL DE ASILLO;Puno;;Asillo;Asillo;Programas presupuestales;MEJORA DE LA SANIDAD ANIMAL;;;Asignación por programa presupuestal;MEJORA DE LA SANIDAD ANIMAL;;5000;Agropecuario y riego;Localizada en Puno;No, replica los anexos 6 y 7;;No aplica;
8;ANEXO-8-1;187;1689;Gobierno local;210206;MUNICIPALIDAD DISTRITAL DE CHUPA;Puno;;Chupa;Chupa;Programas presupuestales;MEJORA DE LA SANIDAD ANIMAL;;;Asignación por programa presupuestal;MEJORA DE LA SANIDAD ANIMAL;;709568;Agropecuario y riego;Localizada en Puno;No, replica los anexos 6 y 7;;No aplica;
8;ANEXO-8-1;187;1689;Gobierno local;210207;MUNICIPALIDAD DISTRITAL DE JOSE DOMINGO CHOQUEHUANCA;Puno;;Jose Domingo Choquehuanca;Jose Domingo Choquehuanca;Programas presupuestales;MEJORA DE LA SANIDAD ANIMAL;;;Asignación por programa presupuestal;MEJORA DE LA SANIDAD ANIMAL;;79800;Agropecuario y riego;Localizada en Puno;No, replica los anexos 6 y 7;;No aplica;
8;ANEXO-8-1;187;1689;Gobierno local;210208;MUNICIPALIDAD DISTRITAL DE MUÑANI;Puno;;Munani;Munani;Programas presupuestales;MEJORA DE LA SANIDAD ANIMAL;;;Asignación por programa presupuestal;MEJORA DE LA SANIDAD ANIMAL;;45000;Agropecuario y riego;Localizada en Puno;No, replica los anexos 6 y 7;;No aplica;
8;ANEXO-8-1;187;1689;Gobierno local;210209;MUNICIPALIDAD DISTRITAL DE POTONI;Puno;;Potoni;Potoni;Programas presupuestales;MEJORA DE LA SANIDAD ANIMAL;;;Asignación por programa presupuestal;MEJORA DE LA SANIDAD ANIMAL;;106000;Agropecuario y riego;Localizada en Puno;No, replica los anexos 6 y 7;;No aplica;
8;ANEXO-8-1;187;1689;Gobierno local;210215;MUNICIPALIDAD DISTRITAL DE TIRAPATA;Puno;;Tirapata;Tirapata;Programas presupuestales;MEJORA DE LA SANIDAD ANIMAL;;;Asignación por programa presupuestal;MEJORA DE LA SANIDAD ANIMAL;;71800;Agropecuario y riego;Localizada en Puno;No, replica los anexos 6 y 7;;No aplica;
8;ANEXO-8-1;187;1689;Gobierno local;210301;MUNICIPALIDAD PROVINCIAL DE CARABAYA -MACUSANI;Puno;;Carabaya;Carabaya;Programas presupuestales;MEJORA DE LA SANIDAD ANIMAL;;;Asignación por programa presupuestal;MEJORA DE LA SANIDAD ANIMAL;;109052;Agropecuario y riego;Localizada en Puno;No, replica los anexos 6 y 7;;No aplica;
8;ANEXO-8-1;187;1689;Gobierno local;210302;MUNICIPALIDAD DISTRITAL DE AJOYANI;Puno;;Ajoyani;Ajoyani;Programas presupuestales;MEJORA DE LA SANIDAD ANIMAL;;;Asignación por programa presupuestal;MEJORA DE LA SANIDAD ANIMAL;;7862683;Agropecuario y riego;Localizada en Puno;No, replica los anexos 6 y 7;;No aplica;
8;ANEXO-8-1;187;1689;Gobierno local;210304;MUNICIPALIDAD DISTRITAL DE COASA;Puno;;Coasa;Coasa;Programas presupuestales;MEJORA DE LA SANIDAD ANIMAL;;;Asignación por programa presupuestal;MEJORA DE LA SANIDAD ANIMAL;;115500;Agropecuario y riego;Localizada en Puno;No, replica los anexos 6 y 7;;No aplica;
8;ANEXO-8-1;187;1689;Gobierno local;210306;MUNICIPALIDAD DISTRITAL DE CRUCERO;Puno;;Crucero;Crucero;Programas presupuestales;MEJORA DE LA SANIDAD ANIMAL;;;Asignación por programa presupuestal;MEJORA DE LA SANIDAD ANIMAL;;10000;Agropecuario y riego;Localizada en Puno;No, replica los anexos 6 y 7;;No aplica;
8;ANEXO-8-1;187;1689;Gobierno local;210307;MUNICIPALIDAD DISTRITAL DE ITUATA;Puno;;Ituata;Ituata;Programas presupuestales;MEJORA DE LA SANIDAD ANIMAL;;;Asignación por programa presupuestal;MEJORA DE LA SANIDAD ANIMAL;;1169930;Agropecuario y riego;Localizada en Puno;No, replica los anexos 6 y 7;;No aplica;
8;ANEXO-8-1;187;1689;Gobierno local;210310;MUNICIPALIDAD DISTRITAL DE USICAYOS;Puno;;Usicayos;Usicayos;Programas presupuestales;MEJORA DE LA SANIDAD ANIMAL;;;Asignación por programa presupuestal;MEJORA DE LA SANIDAD ANIMAL;;113200;Agropecuario y riego;Localizada en Puno;No, replica los anexos 6 y 7;;No aplica;
8;ANEXO-8-1;187;1689;Gobierno local;210401;MUNICIPALIDAD PROVINCIAL DE CHUCUITO -JULI;Puno;;Chucuito;Chucuito;Programas presupuestales;MEJORA DE LA SANIDAD ANIMAL;;;Asignación por programa presupuestal;MEJORA DE LA SANIDAD ANIMAL;;84599;Agropecuario y riego;Localizada en Puno;No, replica los anexos 6 y 7;;No aplica;
8;ANEXO-8-1;187;1689;Gobierno local;210402;MUNICIPALIDAD DISTRITAL DE DESAGUADERO;Puno;;Desaguadero;Desaguadero;Programas presupuestales;MEJORA DE LA SANIDAD ANIMAL;;;Asignación por programa presupuestal;MEJORA DE LA SANIDAD ANIMAL;;16260;Agropecuario y riego;Localizada en Puno;No, replica los anexos 6 y 7;;No aplica;
8;ANEXO-8-1;187;1689;Gobierno local;210403;MUNICIPALIDAD DISTRITAL DE HUACULLANI;Puno;;Huacullani;Huacullani;Programas presupuestales;MEJORA DE LA SANIDAD ANIMAL;;;Asignación por programa presupuestal;MEJORA DE LA SANIDAD ANIMAL;;37373;Agropecuario y riego;Localizada en Puno;No, replica los anexos 6 y 7;;No aplica;
8;ANEXO-8-1;187;1689;Gobierno local;210404;MUNICIPALIDAD DISTRITAL DE KELLUYO;Puno;;Kelluyo;Kelluyo;Programas presupuestales;MEJORA DE LA SANIDAD ANIMAL;;;Asignación por programa presupuestal;MEJORA DE LA SANIDAD ANIMAL;;2835098;Agropecuario y riego;Localizada en Puno;No, replica los anexos 6 y 7;;No aplica;
8;ANEXO-8-1;187;1689;Gobierno local;210405;MUNICIPALIDAD DISTRITAL DE PISACOMA;Puno;;Pisacoma;Pisacoma;Programas presupuestales;MEJORA DE LA SANIDAD ANIMAL;;;Asignación por programa presupuestal;MEJORA DE LA SANIDAD ANIMAL;;35000;Agropecuario y riego;Localizada en Puno;No, replica los anexos 6 y 7;;No aplica;
8;ANEXO-8-1;187;1689;Gobierno local;210406;MUNICIPALIDAD DISTRITAL DE POMATA;Puno;;Pomata;Pomata;Programas presupuestales;MEJORA DE LA SANIDAD ANIMAL;;;Asignación por programa presupuestal;MEJORA DE LA SANIDAD ANIMAL;;50001;Agropecuario y riego;Localizada en Puno;No, replica los anexos 6 y 7;;No aplica;
8;ANEXO-8-1;187;1689;Gobierno local;210407;MUNICIPALIDAD DISTRITAL DE ZEPITA;Puno;;Zepita;Zepita;Programas presupuestales;MEJORA DE LA SANIDAD ANIMAL;;;Asignación por programa presupuestal;MEJORA DE LA SANIDAD ANIMAL;;76222;Agropecuario y riego;Localizada en Puno;No, replica los anexos 6 y 7;;No aplica;
8;ANEXO-8-1;187;1689;Gobierno local;210502;MUNICIPALIDAD DISTRITAL DE CAPASO;Puno;;Capaso;Capaso;Programas presupuestales;MEJORA DE LA SANIDAD ANIMAL;;;Asignación por programa presupuestal;MEJORA DE LA SANIDAD ANIMAL;;22130;Agropecuario y riego;Localizada en Puno;No, replica los anexos 6 y 7;;No aplica;
8;ANEXO-8-1;187;1689;Gobierno local;210503;MUNICIPALIDAD DISTRITAL DE PILCUYO;Puno;;Pilcuyo;Pilcuyo;Programas presupuestales;MEJORA DE LA SANIDAD ANIMAL;;;Asignación por programa presupuestal;MEJORA DE LA SANIDAD ANIMAL;;12000;Agropecuario y riego;Localizada en Puno;No, replica los anexos 6 y 7;;No aplica;
8;ANEXO-8-1;187;1689;Gobierno local;210504;MUNICIPALIDAD DISTRITAL DE SANTA ROSA;Puno;;Santa Rosa;Santa Rosa;Programas presupuestales;MEJORA DE LA SANIDAD ANIMAL;;;Asignación por programa presupuestal;MEJORA DE LA SANIDAD ANIMAL;;55659;Agropecuario y riego;Localizada en Puno;No, replica los anexos 6 y 7;;No aplica;
8;ANEXO-8-1;187;1689;Gobierno local;210605;MUNICIPALIDAD DISTRITAL DE PUSI;Puno;;Pusi;Pusi;Programas presupuestales;MEJORA DE LA SANIDAD ANIMAL;;;Asignación por programa presupuestal;MEJORA DE LA SANIDAD ANIMAL;;7400;Agropecuario y riego;Localizada en Puno;No, replica los anexos 6 y 7;;No aplica;
8;ANEXO-8-1;187;1689;Gobierno local;210606;MUNICIPALIDAD DISTRITAL DE ROSASPATA;Puno;;Rosaspata;Rosaspata;Programas presupuestales;MEJORA DE LA SANIDAD ANIMAL;;;Asignación por programa presupuestal;MEJORA DE LA SANIDAD ANIMAL;;19000;Agropecuario y riego;Localizada en Puno;No, replica los anexos 6 y 7;;No aplica;
8;ANEXO-8-1;188;1690;Gobierno local;210701;MUNICIPALIDAD PROVINCIAL DE LAMPA;Puno;;Lampa;Lampa;Programas presupuestales;MEJORA DE LA SANIDAD ANIMAL;;;Asignación por programa presupuestal;MEJORA DE LA SANIDAD ANIMAL;;95683;Agropecuario y riego;Localizada en Puno;No, replica los anexos 6 y 7;;No aplica;
8;ANEXO-8-1;188;1690;Gobierno local;210703;MUNICIPALIDAD DISTRITAL DE CALAPUJA;Puno;;Calapuja;Calapuja;Programas presupuestales;MEJORA DE LA SANIDAD ANIMAL;;;Asignación por programa presupuestal;MEJORA DE LA SANIDAD ANIMAL;;3000;Agropecuario y riego;Localizada en Puno;No, replica los anexos 6 y 7;;No aplica;
8;ANEXO-8-1;188;1690;Gobierno local;210704;MUNICIPALIDAD DISTRITAL DE NICASIO;Puno;;Nicasio;Nicasio;Programas presupuestales;MEJORA DE LA SANIDAD ANIMAL;;;Asignación por programa presupuestal;MEJORA DE LA SANIDAD ANIMAL;;4000;Agropecuario y riego;Localizada en Puno;No, replica los anexos 6 y 7;;No aplica;
8;ANEXO-8-1;188;1690;Gobierno local;210705;MUNICIPALIDAD DISTRITAL DE OCUVIRI;Puno;;Ocuviri;Ocuviri;Programas presupuestales;MEJORA DE LA SANIDAD ANIMAL;;;Asignación por programa presupuestal;MEJORA DE LA SANIDAD ANIMAL;;2000;Agropecuario y riego;Localizada en Puno;No, replica los anexos 6 y 7;;No aplica;
8;ANEXO-8-1;188;1690;Gobierno local;210706;MUNICIPALIDAD DISTRITAL DE PALCA;Puno;;Palca;Palca;Programas presupuestales;MEJORA DE LA SANIDAD ANIMAL;;;Asignación por programa presupuestal;MEJORA DE LA SANIDAD ANIMAL;;1800;Agropecuario y riego;Localizada en Puno;No, replica los anexos 6 y 7;;No aplica;
8;ANEXO-8-1;188;1690;Gobierno local;210707;MUNICIPALIDAD DISTRITAL DE PARATIA;Puno;;Paratia;Paratia;Programas presupuestales;MEJORA DE LA SANIDAD ANIMAL;;;Asignación por programa presupuestal;MEJORA DE LA SANIDAD ANIMAL;;505186;Agropecuario y riego;Localizada en Puno;No, replica los anexos 6 y 7;;No aplica;
8;ANEXO-8-1;188;1690;Gobierno local;210709;MUNICIPALIDAD DISTRITAL DE SANTA LUCIA;Puno;;Santa Lucia;Santa Lucia;Programas presupuestales;MEJORA DE LA SANIDAD ANIMAL;;;Asignación por programa presupuestal;MEJORA DE LA SANIDAD ANIMAL;;139900;Agropecuario y riego;Localizada en Puno;No, replica los anexos 6 y 7;;No aplica;
8;ANEXO-8-1;188;1690;Gobierno local;210804;MUNICIPALIDAD DISTRITAL DE LLALLI;Puno;;Llalli;Llalli;Programas presupuestales;MEJORA DE LA SANIDAD ANIMAL;;;Asignación por programa presupuestal;MEJORA DE LA SANIDAD ANIMAL;;2000;Agropecuario y riego;Localizada en Puno;No, replica los anexos 6 y 7;;No aplica;
8;ANEXO-8-1;188;1690;Gobierno local;210903;MUNICIPALIDAD DISTRITAL DE HUAYRAPATA;Puno;;Huayrapata;Huayrapata;Programas presupuestales;MEJORA DE LA SANIDAD ANIMAL;;;Asignación por programa presupuestal;MEJORA DE LA SANIDAD ANIMAL;;8000;Agropecuario y riego;Localizada en Puno;No, replica los anexos 6 y 7;;No aplica;
8;ANEXO-8-1;188;1690;Gobierno local;211001;MUNICIPALIDAD PROVINCIAL DE SAN ANTONIO DE PUTINA -PUTINA;Puno;;San Antonio De Putina;San Antonio De Putina;Programas presupuestales;MEJORA DE LA SANIDAD ANIMAL;;;Asignación por programa presupuestal;MEJORA DE LA SANIDAD ANIMAL;;1185371;Agropecuario y riego;Localizada en Puno;No, replica los anexos 6 y 7;;No aplica;
8;ANEXO-8-1;188;1690;Gobierno local;211002;MUNICIPALIDAD DISTRITAL DE ANANEA;Puno;;Ananea;Ananea;Programas presupuestales;MEJORA DE LA SANIDAD ANIMAL;;;Asignación por programa presupuestal;MEJORA DE LA SANIDAD ANIMAL;;388721;Agropecuario y riego;Localizada en Puno;No, replica los anexos 6 y 7;;No aplica;
8;ANEXO-8-1;188;1690;Gobierno local;211004;MUNICIPALIDAD DISTRITAL DE QUILCAPUNCU;Puno;;Quilcapuncu;Quilcapuncu;Programas presupuestales;MEJORA DE LA SANIDAD ANIMAL;;;Asignación por programa presupuestal;MEJORA DE LA SANIDAD ANIMAL;;5000;Agropecuario y riego;Localizada en Puno;No, replica los anexos 6 y 7;;No aplica;
8;ANEXO-8-1;188;1690;Gobierno local;211104;MUNICIPALIDAD DISTRITAL DE CARACOTO;Puno;;Caracoto;Caracoto;Programas presupuestales;MEJORA DE LA SANIDAD ANIMAL;;;Asignación por programa presupuestal;MEJORA DE LA SANIDAD ANIMAL;;5000;Agropecuario y riego;Localizada en Puno;No, replica los anexos 6 y 7;;No aplica;
8;ANEXO-8-1;188;1690;Gobierno local;211201;MUNICIPALIDAD PROVINCIAL DE SANDIA;Puno;;Sandia;Sandia;Programas presupuestales;MEJORA DE LA SANIDAD ANIMAL;;;Asignación por programa presupuestal;MEJORA DE LA SANIDAD ANIMAL;;12300;Agropecuario y riego;Localizada en Puno;No, replica los anexos 6 y 7;;No aplica;
8;ANEXO-8-1;188;1690;Gobierno local;211210;MUNICIPALIDAD DISTRITAL DE SAN PEDRO DE PUTINA PUNCO;Puno;;San Pedro De Putina Punco;San Pedro De Putina Punco;Programas presupuestales;MEJORA DE LA SANIDAD ANIMAL;;;Asignación por programa presupuestal;MEJORA DE LA SANIDAD ANIMAL;;13700;Agropecuario y riego;Localizada en Puno;No, replica los anexos 6 y 7;;No aplica;
8;ANEXO-8-1;188;1690;Gobierno local;211301;MUNICIPALIDAD PROVINCIAL DE YUNGUYO;Puno;;Yunguyo;Yunguyo;Programas presupuestales;MEJORA DE LA SANIDAD ANIMAL;;;Asignación por programa presupuestal;MEJORA DE LA SANIDAD ANIMAL;;14000;Agropecuario y riego;Localizada en Puno;No, replica los anexos 6 y 7;;No aplica;
8;ANEXO-8-1;188;1690;Gobierno local;211302;MUNICIPALIDAD DISTRITAL DE ANAPIA;Puno;;Anapia;Anapia;Programas presupuestales;MEJORA DE LA SANIDAD ANIMAL;;;Asignación por programa presupuestal;MEJORA DE LA SANIDAD ANIMAL;;6000;Agropecuario y riego;Localizada en Puno;No, replica los anexos 6 y 7;;No aplica;
8;ANEXO-8-1;195;1697;Gobierno local;210105;MUNICIPALIDAD DISTRITAL DE CAPACHICA;Puno;;Capachica;Capachica;Programas presupuestales;MEJORA Y MANTENIMIENTO DE LA SANIDAD VEGETAL;;;Asignación por programa presupuestal;MEJORA Y MANTENIMIENTO DE LA SANIDAD VEGETAL;;1080;Agropecuario y riego;Localizada en Puno;No, replica los anexos 6 y 7;;No aplica;
8;ANEXO-8-1;195;1697;Gobierno local;210106;MUNICIPALIDAD DISTRITAL DE CHUCUITO;Puno;;Chucuito;Chucuito;Programas presupuestales;MEJORA Y MANTENIMIENTO DE LA SANIDAD VEGETAL;;;Asignación por programa presupuestal;MEJORA Y MANTENIMIENTO DE LA SANIDAD VEGETAL;;4500;Agropecuario y riego;Localizada en Puno;No, replica los anexos 6 y 7;;No aplica;
8;ANEXO-8-1;195;1697;Gobierno local;210112;MUNICIPALIDAD DISTRITAL DE PLATERIA;Puno;;Plateria;Plateria;Programas presupuestales;MEJORA Y MANTENIMIENTO DE LA SANIDAD VEGETAL;;;Asignación por programa presupuestal;MEJORA Y MANTENIMIENTO DE LA SANIDAD VEGETAL;;10508;Agropecuario y riego;Localizada en Puno;No, replica los anexos 6 y 7;;No aplica;
8;ANEXO-8-1;195;1697;Gobierno local;210303;MUNICIPALIDAD DISTRITAL DE AYAPATA;Puno;;Ayapata;Ayapata;Programas presupuestales;MEJORA Y MANTENIMIENTO DE LA SANIDAD VEGETAL;;;Asignación por programa presupuestal;MEJORA Y MANTENIMIENTO DE LA SANIDAD VEGETAL;;2276;Agropecuario y riego;Localizada en Puno;No, replica los anexos 6 y 7;;No aplica;
8;ANEXO-8-1;195;1697;Gobierno local;210306;MUNICIPALIDAD DISTRITAL DE CRUCERO;Puno;;Crucero;Crucero;Programas presupuestales;MEJORA Y MANTENIMIENTO DE LA SANIDAD VEGETAL;;;Asignación por programa presupuestal;MEJORA Y MANTENIMIENTO DE LA SANIDAD VEGETAL;;7500;Agropecuario y riego;Localizada en Puno;No, replica los anexos 6 y 7;;No aplica;
8;ANEXO-8-1;195;1697;Gobierno local;210307;MUNICIPALIDAD DISTRITAL DE ITUATA;Puno;;Ituata;Ituata;Programas presupuestales;MEJORA Y MANTENIMIENTO DE LA SANIDAD VEGETAL;;;Asignación por programa presupuestal;MEJORA Y MANTENIMIENTO DE LA SANIDAD VEGETAL;;15000;Agropecuario y riego;Localizada en Puno;No, replica los anexos 6 y 7;;No aplica;
8;ANEXO-8-1;195;1697;Gobierno local;210309;MUNICIPALIDAD DISTRITAL DE SAN GABAN;Puno;;San Gaban;San Gaban;Programas presupuestales;MEJORA Y MANTENIMIENTO DE LA SANIDAD VEGETAL;;;Asignación por programa presupuestal;MEJORA Y MANTENIMIENTO DE LA SANIDAD VEGETAL;;9500;Agropecuario y riego;Localizada en Puno;No, replica los anexos 6 y 7;;No aplica;
8;ANEXO-8-1;195;1697;Gobierno local;210401;MUNICIPALIDAD PROVINCIAL DE CHUCUITO -JULI;Puno;;Chucuito;Chucuito;Programas presupuestales;MEJORA Y MANTENIMIENTO DE LA SANIDAD VEGETAL;;;Asignación por programa presupuestal;MEJORA Y MANTENIMIENTO DE LA SANIDAD VEGETAL;;5000;Agropecuario y riego;Localizada en Puno;No, replica los anexos 6 y 7;;No aplica;
8;ANEXO-8-1;195;1697;Gobierno local;210407;MUNICIPALIDAD DISTRITAL DE ZEPITA;Puno;;Zepita;Zepita;Programas presupuestales;MEJORA Y MANTENIMIENTO DE LA SANIDAD VEGETAL;;;Asignación por programa presupuestal;MEJORA Y MANTENIMIENTO DE LA SANIDAD VEGETAL;;47500;Agropecuario y riego;Localizada en Puno;No, replica los anexos 6 y 7;;No aplica;
8;ANEXO-8-1;195;1697;Gobierno local;210601;MUNICIPALIDAD PROVINCIAL DE HUANCANE;Puno;;Huancane;Huancane;Programas presupuestales;MEJORA Y MANTENIMIENTO DE LA SANIDAD VEGETAL;;;Asignación por programa presupuestal;MEJORA Y MANTENIMIENTO DE LA SANIDAD VEGETAL;;6220;Agropecuario y riego;Localizada en Puno;No, replica los anexos 6 y 7;;No aplica;
8;ANEXO-8-1;195;1697;Gobierno local;210703;MUNICIPALIDAD DISTRITAL DE CALAPUJA;Puno;;Calapuja;Calapuja;Programas presupuestales;MEJORA Y MANTENIMIENTO DE LA SANIDAD VEGETAL;;;Asignación por programa presupuestal;MEJORA Y MANTENIMIENTO DE LA SANIDAD VEGETAL;;2000;Agropecuario y riego;Localizada en Puno;No, replica los anexos 6 y 7;;No aplica;
8;ANEXO-8-1;195;1697;Gobierno local;210903;MUNICIPALIDAD DISTRITAL DE HUAYRAPATA;Puno;;Huayrapata;Huayrapata;Programas presupuestales;MEJORA Y MANTENIMIENTO DE LA SANIDAD VEGETAL;;;Asignación por programa presupuestal;MEJORA Y MANTENIMIENTO DE LA SANIDAD VEGETAL;;4500;Agropecuario y riego;Localizada en Puno;No, replica los anexos 6 y 7;;No aplica;
8;ANEXO-8-1;195;1697;Gobierno local;211001;MUNICIPALIDAD PROVINCIAL DE SAN ANTONIO DE PUTINA -PUTINA;Puno;;San Antonio De Putina;San Antonio De Putina;Programas presupuestales;MEJORA Y MANTENIMIENTO DE LA SANIDAD VEGETAL;;;Asignación por programa presupuestal;MEJORA Y MANTENIMIENTO DE LA SANIDAD VEGETAL;;149581;Agropecuario y riego;Localizada en Puno;No, replica los anexos 6 y 7;;No aplica;
8;ANEXO-8-1;195;1697;Gobierno local;211004;MUNICIPALIDAD DISTRITAL DE QUILCAPUNCU;Puno;;Quilcapuncu;Quilcapuncu;Programas presupuestales;MEJORA Y MANTENIMIENTO DE LA SANIDAD VEGETAL;;;Asignación por programa presupuestal;MEJORA Y MANTENIMIENTO DE LA SANIDAD VEGETAL;;6500;Agropecuario y riego;Localizada en Puno;No, replica los anexos 6 y 7;;No aplica;
8;ANEXO-8-1;195;1697;Gobierno local;211201;MUNICIPALIDAD PROVINCIAL DE SANDIA;Puno;;Sandia;Sandia;Programas presupuestales;MEJORA Y MANTENIMIENTO DE LA SANIDAD VEGETAL;;;Asignación por programa presupuestal;MEJORA Y MANTENIMIENTO DE LA SANIDAD VEGETAL;;9155;Agropecuario y riego;Localizada en Puno;No, replica los anexos 6 y 7;;No aplica;
8;ANEXO-8-1;195;1697;Gobierno local;211207;MUNICIPALIDAD DISTRITAL DE SAN JUAN DEL ORO;Puno;;San Juan Del Oro;San Juan Del Oro;Programas presupuestales;MEJORA Y MANTENIMIENTO DE LA SANIDAD VEGETAL;;;Asignación por programa presupuestal;MEJORA Y MANTENIMIENTO DE LA SANIDAD VEGETAL;;1000;Agropecuario y riego;Localizada en Puno;No, replica los anexos 6 y 7;;No aplica;
8;ANEXO-8-1;195;1697;Gobierno local;211210;MUNICIPALIDAD DISTRITAL DE SAN PEDRO DE PUTINA PUNCO;Puno;;San Pedro De Putina Punco;San Pedro De Putina Punco;Programas presupuestales;MEJORA Y MANTENIMIENTO DE LA SANIDAD VEGETAL;;;Asignación por programa presupuestal;MEJORA Y MANTENIMIENTO DE LA SANIDAD VEGETAL;;266620;Agropecuario y riego;Localizada en Puno;No, replica los anexos 6 y 7;;No aplica;
8;ANEXO-8-1;195;1697;Gobierno local;211302;MUNICIPALIDAD DISTRITAL DE ANAPIA;Puno;;Anapia;Anapia;Programas presupuestales;MEJORA Y MANTENIMIENTO DE LA SANIDAD VEGETAL;;;Asignación por programa presupuestal;MEJORA Y MANTENIMIENTO DE LA SANIDAD VEGETAL;;4885;Agropecuario y riego;Localizada en Puno;No, replica los anexos 6 y 7;;No aplica;
8;ANEXO-8-1;200;1702;Gobierno local;210101;MUNICIPALIDAD PROVINCIAL DE PUNO;Puno;;Puno;Puno;Programas presupuestales;MEJORA DE LA INOCUIDAD AGROALIMENTARIA;;;Asignación por programa presupuestal;MEJORA DE LA INOCUIDAD AGROALIMENTARIA;;372808;Sin clasificar;Localizada en Puno;No, replica los anexos 6 y 7;;No aplica;
8;ANEXO-8-1;200;1702;Gobierno local;210801;MUNICIPALIDAD PROVINCIAL DE MELGAR -AYAVIRI;Puno;;Melgar;Melgar;Programas presupuestales;MEJORA DE LA INOCUIDAD AGROALIMENTARIA;;;Asignación por programa presupuestal;MEJORA DE LA INOCUIDAD AGROALIMENTARIA;;13800;Sin clasificar;Localizada en Puno;No, replica los anexos 6 y 7;;No aplica;
8;ANEXO-8-1;237;1739;Gobierno regional;458;GOBIERNO REGIONAL DEL DEPARTAMENTO DE PUNO;Puno;;;;Programas presupuestales;APROVECHAMIENTO DE LOS RECURSOS HIDRICOS PARA USO AGRARIO;;;Asignación por programa presupuestal;APROVECHAMIENTO DE LOS RECURSOS HIDRICOS PARA USO AGRARIO;;28773810;Agropecuario y riego;Localizada en Puno;No, replica los anexos 6 y 7;;No aplica;
8;ANEXO-8-1;248;1750;Gobierno local;210112;MUNICIPALIDAD DISTRITAL DE PLATERIA;Puno;;Plateria;Plateria;Programas presupuestales;APROVECHAMIENTO DE LOS RECURSOS HIDRICOS PARA USO AGRARIO;;;Asignación por programa presupuestal;APROVECHAMIENTO DE LOS RECURSOS HIDRICOS PARA USO AGRARIO;;120000;Agropecuario y riego;Localizada en Puno;No, replica los anexos 6 y 7;;No aplica;
8;ANEXO-8-1;248;1750;Gobierno local;210201;MUNICIPALIDAD PROVINCIAL DE AZANGARO;Puno;;Azangaro;Azangaro;Programas presupuestales;APROVECHAMIENTO DE LOS RECURSOS HIDRICOS PARA USO AGRARIO;;;Asignación por programa presupuestal;APROVECHAMIENTO DE LOS RECURSOS HIDRICOS PARA USO AGRARIO;;6448389;Agropecuario y riego;Localizada en Puno;No, replica los anexos 6 y 7;;No aplica;
8;ANEXO-8-1;248;1750;Gobierno local;210208;MUNICIPALIDAD DISTRITAL DE MUÑANI;Puno;;Munani;Munani;Programas presupuestales;APROVECHAMIENTO DE LOS RECURSOS HIDRICOS PARA USO AGRARIO;;;Asignación por programa presupuestal;APROVECHAMIENTO DE LOS RECURSOS HIDRICOS PARA USO AGRARIO;;600000;Agropecuario y riego;Localizada en Puno;No, replica los anexos 6 y 7;;No aplica;
8;ANEXO-8-1;248;1750;Gobierno local;210215;MUNICIPALIDAD DISTRITAL DE TIRAPATA;Puno;;Tirapata;Tirapata;Programas presupuestales;APROVECHAMIENTO DE LOS RECURSOS HIDRICOS PARA USO AGRARIO;;;Asignación por programa presupuestal;APROVECHAMIENTO DE LOS RECURSOS HIDRICOS PARA USO AGRARIO;;650000;Agropecuario y riego;Localizada en Puno;No, replica los anexos 6 y 7;;No aplica;
8;ANEXO-8-1;248;1750;Gobierno local;210306;MUNICIPALIDAD DISTRITAL DE CRUCERO;Puno;;Crucero;Crucero;Programas presupuestales;APROVECHAMIENTO DE LOS RECURSOS HIDRICOS PARA USO AGRARIO;;;Asignación por programa presupuestal;APROVECHAMIENTO DE LOS RECURSOS HIDRICOS PARA USO AGRARIO;;20000;Agropecuario y riego;Localizada en Puno;No, replica los anexos 6 y 7;;No aplica;
8;ANEXO-8-1;248;1750;Gobierno local;210801;MUNICIPALIDAD PROVINCIAL DE MELGAR -AYAVIRI;Puno;;Melgar;Melgar;Programas presupuestales;APROVECHAMIENTO DE LOS RECURSOS HIDRICOS PARA USO AGRARIO;;;Asignación por programa presupuestal;APROVECHAMIENTO DE LOS RECURSOS HIDRICOS PARA USO AGRARIO;;40541;Agropecuario y riego;Localizada en Puno;No, replica los anexos 6 y 7;;No aplica;
8;ANEXO-8-1;248;1750;Gobierno local;211004;MUNICIPALIDAD DISTRITAL DE QUILCAPUNCU;Puno;;Quilcapuncu;Quilcapuncu;Programas presupuestales;APROVECHAMIENTO DE LOS RECURSOS HIDRICOS PARA USO AGRARIO;;;Asignación por programa presupuestal;APROVECHAMIENTO DE LOS RECURSOS HIDRICOS PARA USO AGRARIO;;300000;Agropecuario y riego;Localizada en Puno;No, replica los anexos 6 y 7;;No aplica;
8;ANEXO-8-1;248;1750;Gobierno local;211104;MUNICIPALIDAD DISTRITAL DE CARACOTO;Puno;;Caracoto;Caracoto;Programas presupuestales;APROVECHAMIENTO DE LOS RECURSOS HIDRICOS PARA USO AGRARIO;;;Asignación por programa presupuestal;APROVECHAMIENTO DE LOS RECURSOS HIDRICOS PARA USO AGRARIO;;400000;Agropecuario y riego;Localizada en Puno;No, replica los anexos 6 y 7;;No aplica;
8;ANEXO-8-1;248;1750;Gobierno local;211201;MUNICIPALIDAD PROVINCIAL DE SANDIA;Puno;;Sandia;Sandia;Programas presupuestales;APROVECHAMIENTO DE LOS RECURSOS HIDRICOS PARA USO AGRARIO;;;Asignación por programa presupuestal;APROVECHAMIENTO DE LOS RECURSOS HIDRICOS PARA USO AGRARIO;;340000;Agropecuario y riego;Localizada en Puno;No, replica los anexos 6 y 7;;No aplica;
8;ANEXO-8-1;261;1763;Gobierno local;210102;MUNICIPALIDAD DISTRITAL DE ACORA;Puno;;Acora;Acora;Programas presupuestales;ACCESO Y USO DE LA ELECTRIFICACION RURAL;;;Asignación por programa presupuestal;ACCESO Y USO DE LA ELECTRIFICACION RURAL;;10000;Energía;Localizada en Puno;No, replica los anexos 6 y 7;;No aplica;
8;ANEXO-8-1;261;1763;Gobierno local;210202;MUNICIPALIDAD DISTRITAL DE ACHAYA;Puno;;Achaya;Achaya;Programas presupuestales;ACCESO Y USO DE LA ELECTRIFICACION RURAL;;;Asignación por programa presupuestal;ACCESO Y USO DE LA ELECTRIFICACION RURAL;;50000;Energía;Localizada en Puno;No, replica los anexos 6 y 7;;No aplica;
8;ANEXO-8-1;261;1763;Gobierno local;210301;MUNICIPALIDAD PROVINCIAL DE CARABAYA -MACUSANI;Puno;;Carabaya;Carabaya;Programas presupuestales;ACCESO Y USO DE LA ELECTRIFICACION RURAL;;;Asignación por programa presupuestal;ACCESO Y USO DE LA ELECTRIFICACION RURAL;;428230;Energía;Localizada en Puno;No, replica los anexos 6 y 7;;No aplica;
8;ANEXO-8-1;261;1763;Gobierno local;210309;MUNICIPALIDAD DISTRITAL DE SAN GABAN;Puno;;San Gaban;San Gaban;Programas presupuestales;ACCESO Y USO DE LA ELECTRIFICACION RURAL;;;Asignación por programa presupuestal;ACCESO Y USO DE LA ELECTRIFICACION RURAL;;30000;Energía;Localizada en Puno;No, replica los anexos 6 y 7;;No aplica;
8;ANEXO-8-1;261;1763;Gobierno local;210310;MUNICIPALIDAD DISTRITAL DE USICAYOS;Puno;;Usicayos;Usicayos;Programas presupuestales;ACCESO Y USO DE LA ELECTRIFICACION RURAL;;;Asignación por programa presupuestal;ACCESO Y USO DE LA ELECTRIFICACION RURAL;;132579;Energía;Localizada en Puno;No, replica los anexos 6 y 7;;No aplica;
8;ANEXO-8-1;261;1763;Gobierno local;211001;MUNICIPALIDAD PROVINCIAL DE SAN ANTONIO DE PUTINA -PUTINA;Puno;;San Antonio De Putina;San Antonio De Putina;Programas presupuestales;ACCESO Y USO DE LA ELECTRIFICACION RURAL;;;Asignación por programa presupuestal;ACCESO Y USO DE LA ELECTRIFICACION RURAL;;1800000;Energía;Localizada en Puno;No, replica los anexos 6 y 7;;No aplica;
8;ANEXO-8-1;261;1763;Gobierno local;211102;MUNICIPALIDAD DISTRITAL DE CABANA;Puno;;Cabana;Cabana;Programas presupuestales;ACCESO Y USO DE LA ELECTRIFICACION RURAL;;;Asignación por programa presupuestal;ACCESO Y USO DE LA ELECTRIFICACION RURAL;;100000;Energía;Localizada en Puno;No, replica los anexos 6 y 7;;No aplica;
8;ANEXO-8-1;261;1763;Gobierno local;211201;MUNICIPALIDAD PROVINCIAL DE SANDIA;Puno;;Sandia;Sandia;Programas presupuestales;ACCESO Y USO DE LA ELECTRIFICACION RURAL;;;Asignación por programa presupuestal;ACCESO Y USO DE LA ELECTRIFICACION RURAL;;170000;Energía;Localizada en Puno;No, replica los anexos 6 y 7;;No aplica;
8;ANEXO-8-1;267;1769;Gobierno regional;458;GOBIERNO REGIONAL DEL DEPARTAMENTO DE PUNO;Puno;;;;Programas presupuestales;PREVENCION Y TRATAMIENTO DEL CONSUMO DE DROGAS;;;Asignación por programa presupuestal;PREVENCION Y TRATAMIENTO DEL CONSUMO DE DROGAS;;659416;Salud;Localizada en Puno;No, replica los anexos 6 y 7;;No aplica;
8;ANEXO-8-1;267;1769;Gobierno local;210301;MUNICIPALIDAD PROVINCIAL DE CARABAYA -MACUSANI;Puno;;Carabaya;Carabaya;Programas presupuestales;PREVENCION Y TRATAMIENTO DEL CONSUMO DE DROGAS;;;Asignación por programa presupuestal;PREVENCION Y TRATAMIENTO DEL CONSUMO DE DROGAS;;5000;Salud;Localizada en Puno;No, replica los anexos 6 y 7;;No aplica;
8;ANEXO-8-1;306;1808;Gobierno regional;458;GOBIERNO REGIONAL DEL DEPARTAMENTO DE PUNO;Puno;;;;Programas presupuestales;REDUCCION DE VULNERABILIDAD Y ATENCION DE EMERGENCIAS POR DESASTRES;;;Asignación por programa presupuestal;REDUCCION DE VULNERABILIDAD Y ATENCION DE EMERGENCIAS POR DESASTRES;;23832493;Gestión del riesgo de desastres;Localizada en Puno;No, replica los anexos 6 y 7;;No aplica;
8;ANEXO-8-2;32;1849;Gobierno local;210101;MUNICIPALIDAD PROVINCIAL DE PUNO;Puno;;Puno;Puno;Programas presupuestales;REDUCCION DE VULNERABILIDAD Y ATENCION DE EMERGENCIAS POR DESASTRES;;;Asignación por programa presupuestal;REDUCCION DE VULNERABILIDAD Y ATENCION DE EMERGENCIAS POR DESASTRES;;835390;Gestión del riesgo de desastres;Localizada en Puno;No, replica los anexos 6 y 7;;No aplica;
8;ANEXO-8-2;32;1849;Gobierno local;210102;MUNICIPALIDAD DISTRITAL DE ACORA;Puno;;Acora;Acora;Programas presupuestales;REDUCCION DE VULNERABILIDAD Y ATENCION DE EMERGENCIAS POR DESASTRES;;;Asignación por programa presupuestal;REDUCCION DE VULNERABILIDAD Y ATENCION DE EMERGENCIAS POR DESASTRES;;125962;Gestión del riesgo de desastres;Localizada en Puno;No, replica los anexos 6 y 7;;No aplica;
8;ANEXO-8-2;32;1849;Gobierno local;210103;MUNICIPALIDAD DISTRITAL DE AMANTANI;Puno;;Amantani;Amantani;Programas presupuestales;REDUCCION DE VULNERABILIDAD Y ATENCION DE EMERGENCIAS POR DESASTRES;;;Asignación por programa presupuestal;REDUCCION DE VULNERABILIDAD Y ATENCION DE EMERGENCIAS POR DESASTRES;;9900;Gestión del riesgo de desastres;Localizada en Puno;No, replica los anexos 6 y 7;;No aplica;
8;ANEXO-8-2;32;1849;Gobierno local;210104;MUNICIPALIDAD DISTRITAL DE ATUNCOLLA;Puno;;Atuncolla;Atuncolla;Programas presupuestales;REDUCCION DE VULNERABILIDAD Y ATENCION DE EMERGENCIAS POR DESASTRES;;;Asignación por programa presupuestal;REDUCCION DE VULNERABILIDAD Y ATENCION DE EMERGENCIAS POR DESASTRES;;29000;Gestión del riesgo de desastres;Localizada en Puno;No, replica los anexos 6 y 7;;No aplica;
8;ANEXO-8-2;32;1849;Gobierno local;210105;MUNICIPALIDAD DISTRITAL DE CAPACHICA;Puno;;Capachica;Capachica;Programas presupuestales;REDUCCION DE VULNERABILIDAD Y ATENCION DE EMERGENCIAS POR DESASTRES;;;Asignación por programa presupuestal;REDUCCION DE VULNERABILIDAD Y ATENCION DE EMERGENCIAS POR DESASTRES;;24970;Gestión del riesgo de desastres;Localizada en Puno;No, replica los anexos 6 y 7;;No aplica;
8;ANEXO-8-2;32;1849;Gobierno local;210106;MUNICIPALIDAD DISTRITAL DE CHUCUITO;Puno;;Chucuito;Chucuito;Programas presupuestales;REDUCCION DE VULNERABILIDAD Y ATENCION DE EMERGENCIAS POR DESASTRES;;;Asignación por programa presupuestal;REDUCCION DE VULNERABILIDAD Y ATENCION DE EMERGENCIAS POR DESASTRES;;16905;Gestión del riesgo de desastres;Localizada en Puno;No, replica los anexos 6 y 7;;No aplica;
8;ANEXO-8-2;32;1849;Gobierno local;210107;MUNICIPALIDAD DISTRITAL DE COATA;Puno;;Coata;Coata;Programas presupuestales;REDUCCION DE VULNERABILIDAD Y ATENCION DE EMERGENCIAS POR DESASTRES;;;Asignación por programa presupuestal;REDUCCION DE VULNERABILIDAD Y ATENCION DE EMERGENCIAS POR DESASTRES;;41400;Gestión del riesgo de desastres;Localizada en Puno;No, replica los anexos 6 y 7;;No aplica;
8;ANEXO-8-2;32;1849;Gobierno local;210108;MUNICIPALIDAD DISTRITAL DE HUATA;Puno;;Huata;Huata;Programas presupuestales;REDUCCION DE VULNERABILIDAD Y ATENCION DE EMERGENCIAS POR DESASTRES;;;Asignación por programa presupuestal;REDUCCION DE VULNERABILIDAD Y ATENCION DE EMERGENCIAS POR DESASTRES;;30760;Gestión del riesgo de desastres;Localizada en Puno;No, replica los anexos 6 y 7;;No aplica;
8;ANEXO-8-2;32;1849;Gobierno local;210109;MUNICIPALIDAD DISTRITAL DE MAÑAZO;Puno;;Manazo;Manazo;Programas presupuestales;REDUCCION DE VULNERABILIDAD Y ATENCION DE EMERGENCIAS POR DESASTRES;;;Asignación por programa presupuestal;REDUCCION DE VULNERABILIDAD Y ATENCION DE EMERGENCIAS POR DESASTRES;;9141;Gestión del riesgo de desastres;Localizada en Puno;No, replica los anexos 6 y 7;;No aplica;
8;ANEXO-8-2;32;1849;Gobierno local;210110;MUNICIPALIDAD DISTRITAL DE PAUCARCOLLA;Puno;;Paucarcolla;Paucarcolla;Programas presupuestales;REDUCCION DE VULNERABILIDAD Y ATENCION DE EMERGENCIAS POR DESASTRES;;;Asignación por programa presupuestal;REDUCCION DE VULNERABILIDAD Y ATENCION DE EMERGENCIAS POR DESASTRES;;29982;Gestión del riesgo de desastres;Localizada en Puno;No, replica los anexos 6 y 7;;No aplica;
8;ANEXO-8-2;32;1849;Gobierno local;210111;MUNICIPALIDAD DISTRITAL DE PICHACANI;Puno;;Pichacani;Pichacani;Programas presupuestales;REDUCCION DE VULNERABILIDAD Y ATENCION DE EMERGENCIAS POR DESASTRES;;;Asignación por programa presupuestal;REDUCCION DE VULNERABILIDAD Y ATENCION DE EMERGENCIAS POR DESASTRES;;41800;Gestión del riesgo de desastres;Localizada en Puno;No, replica los anexos 6 y 7;;No aplica;
8;ANEXO-8-2;32;1849;Gobierno local;210112;MUNICIPALIDAD DISTRITAL DE PLATERIA;Puno;;Plateria;Plateria;Programas presupuestales;REDUCCION DE VULNERABILIDAD Y ATENCION DE EMERGENCIAS POR DESASTRES;;;Asignación por programa presupuestal;REDUCCION DE VULNERABILIDAD Y ATENCION DE EMERGENCIAS POR DESASTRES;;35700;Gestión del riesgo de desastres;Localizada en Puno;No, replica los anexos 6 y 7;;No aplica;
8;ANEXO-8-2;32;1849;Gobierno local;210113;MUNICIPALIDAD DISTRITAL DE SAN ANTONIO;Puno;;San Antonio;San Antonio;Programas presupuestales;REDUCCION DE VULNERABILIDAD Y ATENCION DE EMERGENCIAS POR DESASTRES;;;Asignación por programa presupuestal;REDUCCION DE VULNERABILIDAD Y ATENCION DE EMERGENCIAS POR DESASTRES;;45000;Gestión del riesgo de desastres;Localizada en Puno;No, replica los anexos 6 y 7;;No aplica;
8;ANEXO-8-2;32;1849;Gobierno local;210114;MUNICIPALIDAD DISTRITAL DE TIQUILLACA;Puno;;Tiquillaca;Tiquillaca;Programas presupuestales;REDUCCION DE VULNERABILIDAD Y ATENCION DE EMERGENCIAS POR DESASTRES;;;Asignación por programa presupuestal;REDUCCION DE VULNERABILIDAD Y ATENCION DE EMERGENCIAS POR DESASTRES;;10000;Gestión del riesgo de desastres;Localizada en Puno;No, replica los anexos 6 y 7;;No aplica;
8;ANEXO-8-2;32;1849;Gobierno local;210115;MUNICIPALIDAD DISTRITAL DE VILQUE;Puno;;Vilque;Vilque;Programas presupuestales;REDUCCION DE VULNERABILIDAD Y ATENCION DE EMERGENCIAS POR DESASTRES;;;Asignación por programa presupuestal;REDUCCION DE VULNERABILIDAD Y ATENCION DE EMERGENCIAS POR DESASTRES;;32000;Gestión del riesgo de desastres;Localizada en Puno;No, replica los anexos 6 y 7;;No aplica;
8;ANEXO-8-2;32;1849;Gobierno local;210201;MUNICIPALIDAD PROVINCIAL DE AZANGARO;Puno;;Azangaro;Azangaro;Programas presupuestales;REDUCCION DE VULNERABILIDAD Y ATENCION DE EMERGENCIAS POR DESASTRES;;;Asignación por programa presupuestal;REDUCCION DE VULNERABILIDAD Y ATENCION DE EMERGENCIAS POR DESASTRES;;196264;Gestión del riesgo de desastres;Localizada en Puno;No, replica los anexos 6 y 7;;No aplica;
8;ANEXO-8-2;33;1850;Gobierno local;210202;MUNICIPALIDAD DISTRITAL DE ACHAYA;Puno;;Achaya;Achaya;Programas presupuestales;REDUCCION DE VULNERABILIDAD Y ATENCION DE EMERGENCIAS POR DESASTRES;;;Asignación por programa presupuestal;REDUCCION DE VULNERABILIDAD Y ATENCION DE EMERGENCIAS POR DESASTRES;;22731;Gestión del riesgo de desastres;Localizada en Puno;No, replica los anexos 6 y 7;;No aplica;
8;ANEXO-8-2;33;1850;Gobierno local;210203;MUNICIPALIDAD DISTRITAL DE ARAPA;Puno;;Arapa;Arapa;Programas presupuestales;REDUCCION DE VULNERABILIDAD Y ATENCION DE EMERGENCIAS POR DESASTRES;;;Asignación por programa presupuestal;REDUCCION DE VULNERABILIDAD Y ATENCION DE EMERGENCIAS POR DESASTRES;;42750;Gestión del riesgo de desastres;Localizada en Puno;No, replica los anexos 6 y 7;;No aplica;
8;ANEXO-8-2;33;1850;Gobierno local;210204;MUNICIPALIDAD DISTRITAL DE ASILLO;Puno;;Asillo;Asillo;Programas presupuestales;REDUCCION DE VULNERABILIDAD Y ATENCION DE EMERGENCIAS POR DESASTRES;;;Asignación por programa presupuestal;REDUCCION DE VULNERABILIDAD Y ATENCION DE EMERGENCIAS POR DESASTRES;;62451;Gestión del riesgo de desastres;Localizada en Puno;No, replica los anexos 6 y 7;;No aplica;
8;ANEXO-8-2;33;1850;Gobierno local;210205;MUNICIPALIDAD DISTRITAL DE CAMINACA;Puno;;Caminaca;Caminaca;Programas presupuestales;REDUCCION DE VULNERABILIDAD Y ATENCION DE EMERGENCIAS POR DESASTRES;;;Asignación por programa presupuestal;REDUCCION DE VULNERABILIDAD Y ATENCION DE EMERGENCIAS POR DESASTRES;;17100;Gestión del riesgo de desastres;Localizada en Puno;No, replica los anexos 6 y 7;;No aplica;
8;ANEXO-8-2;33;1850;Gobierno local;210206;MUNICIPALIDAD DISTRITAL DE CHUPA;Puno;;Chupa;Chupa;Programas presupuestales;REDUCCION DE VULNERABILIDAD Y ATENCION DE EMERGENCIAS POR DESASTRES;;;Asignación por programa presupuestal;REDUCCION DE VULNERABILIDAD Y ATENCION DE EMERGENCIAS POR DESASTRES;;30950;Gestión del riesgo de desastres;Localizada en Puno;No, replica los anexos 6 y 7;;No aplica;
8;ANEXO-8-2;33;1850;Gobierno local;210207;MUNICIPALIDAD DISTRITAL DE JOSE DOMINGO CHOQUEHUANCA;Puno;;Jose Domingo Choquehuanca;Jose Domingo Choquehuanca;Programas presupuestales;REDUCCION DE VULNERABILIDAD Y ATENCION DE EMERGENCIAS POR DESASTRES;;;Asignación por programa presupuestal;REDUCCION DE VULNERABILIDAD Y ATENCION DE EMERGENCIAS POR DESASTRES;;14000;Gestión del riesgo de desastres;Localizada en Puno;No, replica los anexos 6 y 7;;No aplica;
8;ANEXO-8-2;33;1850;Gobierno local;210208;MUNICIPALIDAD DISTRITAL DE MUÑANI;Puno;;Munani;Munani;Programas presupuestales;REDUCCION DE VULNERABILIDAD Y ATENCION DE EMERGENCIAS POR DESASTRES;;;Asignación por programa presupuestal;REDUCCION DE VULNERABILIDAD Y ATENCION DE EMERGENCIAS POR DESASTRES;;93800;Gestión del riesgo de desastres;Localizada en Puno;No, replica los anexos 6 y 7;;No aplica;
8;ANEXO-8-2;33;1850;Gobierno local;210209;MUNICIPALIDAD DISTRITAL DE POTONI;Puno;;Potoni;Potoni;Programas presupuestales;REDUCCION DE VULNERABILIDAD Y ATENCION DE EMERGENCIAS POR DESASTRES;;;Asignación por programa presupuestal;REDUCCION DE VULNERABILIDAD Y ATENCION DE EMERGENCIAS POR DESASTRES;;24000;Gestión del riesgo de desastres;Localizada en Puno;No, replica los anexos 6 y 7;;No aplica;
8;ANEXO-8-2;33;1850;Gobierno local;210210;MUNICIPALIDAD DISTRITAL DE SAMAN;Puno;;Saman;Saman;Programas presupuestales;REDUCCION DE VULNERABILIDAD Y ATENCION DE EMERGENCIAS POR DESASTRES;;;Asignación por programa presupuestal;REDUCCION DE VULNERABILIDAD Y ATENCION DE EMERGENCIAS POR DESASTRES;;130468;Gestión del riesgo de desastres;Localizada en Puno;No, replica los anexos 6 y 7;;No aplica;
8;ANEXO-8-2;33;1850;Gobierno local;210211;MUNICIPALIDAD DISTRITAL DE SAN ANTON;Puno;;San Anton;San Anton;Programas presupuestales;REDUCCION DE VULNERABILIDAD Y ATENCION DE EMERGENCIAS POR DESASTRES;;;Asignación por programa presupuestal;REDUCCION DE VULNERABILIDAD Y ATENCION DE EMERGENCIAS POR DESASTRES;;50500;Gestión del riesgo de desastres;Localizada en Puno;No, replica los anexos 6 y 7;;No aplica;
8;ANEXO-8-2;33;1850;Gobierno local;210212;MUNICIPALIDAD DISTRITAL DE SAN JOSE;Puno;;San Jose;San Jose;Programas presupuestales;REDUCCION DE VULNERABILIDAD Y ATENCION DE EMERGENCIAS POR DESASTRES;;;Asignación por programa presupuestal;REDUCCION DE VULNERABILIDAD Y ATENCION DE EMERGENCIAS POR DESASTRES;;20000;Gestión del riesgo de desastres;Localizada en Puno;No, replica los anexos 6 y 7;;No aplica;
8;ANEXO-8-2;33;1850;Gobierno local;210213;MUNICIPALIDAD DISTRITAL DE SAN JUAN DE SALINAS;Puno;;San Juan De Salinas;San Juan De Salinas;Programas presupuestales;REDUCCION DE VULNERABILIDAD Y ATENCION DE EMERGENCIAS POR DESASTRES;;;Asignación por programa presupuestal;REDUCCION DE VULNERABILIDAD Y ATENCION DE EMERGENCIAS POR DESASTRES;;38750;Gestión del riesgo de desastres;Localizada en Puno;No, replica los anexos 6 y 7;;No aplica;
8;ANEXO-8-2;33;1850;Gobierno local;210214;MUNICIPALIDAD DISTRITAL DE SANTIAGO DE PUPUJA;Puno;;Santiago De Pupuja;Santiago De Pupuja;Programas presupuestales;REDUCCION DE VULNERABILIDAD Y ATENCION DE EMERGENCIAS POR DESASTRES;;;Asignación por programa presupuestal;REDUCCION DE VULNERABILIDAD Y ATENCION DE EMERGENCIAS POR DESASTRES;;31640;Gestión del riesgo de desastres;Localizada en Puno;No, replica los anexos 6 y 7;;No aplica;
8;ANEXO-8-2;33;1850;Gobierno local;210215;MUNICIPALIDAD DISTRITAL DE TIRAPATA;Puno;;Tirapata;Tirapata;Programas presupuestales;REDUCCION DE VULNERABILIDAD Y ATENCION DE EMERGENCIAS POR DESASTRES;;;Asignación por programa presupuestal;REDUCCION DE VULNERABILIDAD Y ATENCION DE EMERGENCIAS POR DESASTRES;;14900;Gestión del riesgo de desastres;Localizada en Puno;No, replica los anexos 6 y 7;;No aplica;
8;ANEXO-8-2;33;1850;Gobierno local;210301;MUNICIPALIDAD PROVINCIAL DE CARABAYA -MACUSANI;Puno;;Carabaya;Carabaya;Programas presupuestales;REDUCCION DE VULNERABILIDAD Y ATENCION DE EMERGENCIAS POR DESASTRES;;;Asignación por programa presupuestal;REDUCCION DE VULNERABILIDAD Y ATENCION DE EMERGENCIAS POR DESASTRES;;174617;Gestión del riesgo de desastres;Localizada en Puno;No, replica los anexos 6 y 7;;No aplica;
8;ANEXO-8-2;33;1850;Gobierno local;210302;MUNICIPALIDAD DISTRITAL DE AJOYANI;Puno;;Ajoyani;Ajoyani;Programas presupuestales;REDUCCION DE VULNERABILIDAD Y ATENCION DE EMERGENCIAS POR DESASTRES;;;Asignación por programa presupuestal;REDUCCION DE VULNERABILIDAD Y ATENCION DE EMERGENCIAS POR DESASTRES;;58913;Gestión del riesgo de desastres;Localizada en Puno;No, replica los anexos 6 y 7;;No aplica;
8;ANEXO-8-2;33;1850;Gobierno local;210303;MUNICIPALIDAD DISTRITAL DE AYAPATA;Puno;;Ayapata;Ayapata;Programas presupuestales;REDUCCION DE VULNERABILIDAD Y ATENCION DE EMERGENCIAS POR DESASTRES;;;Asignación por programa presupuestal;REDUCCION DE VULNERABILIDAD Y ATENCION DE EMERGENCIAS POR DESASTRES;;200000;Gestión del riesgo de desastres;Localizada en Puno;No, replica los anexos 6 y 7;;No aplica;
8;ANEXO-8-2;33;1850;Gobierno local;210304;MUNICIPALIDAD DISTRITAL DE COASA;Puno;;Coasa;Coasa;Programas presupuestales;REDUCCION DE VULNERABILIDAD Y ATENCION DE EMERGENCIAS POR DESASTRES;;;Asignación por programa presupuestal;REDUCCION DE VULNERABILIDAD Y ATENCION DE EMERGENCIAS POR DESASTRES;;50000;Gestión del riesgo de desastres;Localizada en Puno;No, replica los anexos 6 y 7;;No aplica;
8;ANEXO-8-2;33;1850;Gobierno local;210305;MUNICIPALIDAD DISTRITAL DE CORANI;Puno;;Corani;Corani;Programas presupuestales;REDUCCION DE VULNERABILIDAD Y ATENCION DE EMERGENCIAS POR DESASTRES;;;Asignación por programa presupuestal;REDUCCION DE VULNERABILIDAD Y ATENCION DE EMERGENCIAS POR DESASTRES;;14704;Gestión del riesgo de desastres;Localizada en Puno;No, replica los anexos 6 y 7;;No aplica;
8;ANEXO-8-2;33;1850;Gobierno local;210306;MUNICIPALIDAD DISTRITAL DE CRUCERO;Puno;;Crucero;Crucero;Programas presupuestales;REDUCCION DE VULNERABILIDAD Y ATENCION DE EMERGENCIAS POR DESASTRES;;;Asignación por programa presupuestal;REDUCCION DE VULNERABILIDAD Y ATENCION DE EMERGENCIAS POR DESASTRES;;68796;Gestión del riesgo de desastres;Localizada en Puno;No, replica los anexos 6 y 7;;No aplica;
8;ANEXO-8-2;33;1850;Gobierno local;210307;MUNICIPALIDAD DISTRITAL DE ITUATA;Puno;;Ituata;Ituata;Programas presupuestales;REDUCCION DE VULNERABILIDAD Y ATENCION DE EMERGENCIAS POR DESASTRES;;;Asignación por programa presupuestal;REDUCCION DE VULNERABILIDAD Y ATENCION DE EMERGENCIAS POR DESASTRES;;44940;Gestión del riesgo de desastres;Localizada en Puno;No, replica los anexos 6 y 7;;No aplica;
8;ANEXO-8-2;33;1850;Gobierno local;210308;MUNICIPALIDAD DISTRITAL DE OLLACHEA;Puno;;Ollachea;Ollachea;Programas presupuestales;REDUCCION DE VULNERABILIDAD Y ATENCION DE EMERGENCIAS POR DESASTRES;;;Asignación por programa presupuestal;REDUCCION DE VULNERABILIDAD Y ATENCION DE EMERGENCIAS POR DESASTRES;;33760;Gestión del riesgo de desastres;Localizada en Puno;No, replica los anexos 6 y 7;;No aplica;
8;ANEXO-8-2;33;1850;Gobierno local;210309;MUNICIPALIDAD DISTRITAL DE SAN GABAN;Puno;;San Gaban;San Gaban;Programas presupuestales;REDUCCION DE VULNERABILIDAD Y ATENCION DE EMERGENCIAS POR DESASTRES;;;Asignación por programa presupuestal;REDUCCION DE VULNERABILIDAD Y ATENCION DE EMERGENCIAS POR DESASTRES;;94508;Gestión del riesgo de desastres;Localizada en Puno;No, replica los anexos 6 y 7;;No aplica;
8;ANEXO-8-2;33;1850;Gobierno local;210310;MUNICIPALIDAD DISTRITAL DE USICAYOS;Puno;;Usicayos;Usicayos;Programas presupuestales;REDUCCION DE VULNERABILIDAD Y ATENCION DE EMERGENCIAS POR DESASTRES;;;Asignación por programa presupuestal;REDUCCION DE VULNERABILIDAD Y ATENCION DE EMERGENCIAS POR DESASTRES;;106300;Gestión del riesgo de desastres;Localizada en Puno;No, replica los anexos 6 y 7;;No aplica;
8;ANEXO-8-2;33;1850;Gobierno local;210401;MUNICIPALIDAD PROVINCIAL DE CHUCUITO -JULI;Puno;;Chucuito;Chucuito;Programas presupuestales;REDUCCION DE VULNERABILIDAD Y ATENCION DE EMERGENCIAS POR DESASTRES;;;Asignación por programa presupuestal;REDUCCION DE VULNERABILIDAD Y ATENCION DE EMERGENCIAS POR DESASTRES;;134103;Gestión del riesgo de desastres;Localizada en Puno;No, replica los anexos 6 y 7;;No aplica;
8;ANEXO-8-2;33;1850;Gobierno local;210402;MUNICIPALIDAD DISTRITAL DE DESAGUADERO;Puno;;Desaguadero;Desaguadero;Programas presupuestales;REDUCCION DE VULNERABILIDAD Y ATENCION DE EMERGENCIAS POR DESASTRES;;;Asignación por programa presupuestal;REDUCCION DE VULNERABILIDAD Y ATENCION DE EMERGENCIAS POR DESASTRES;;72000;Gestión del riesgo de desastres;Localizada en Puno;No, replica los anexos 6 y 7;;No aplica;
8;ANEXO-8-2;33;1850;Gobierno local;210403;MUNICIPALIDAD DISTRITAL DE HUACULLANI;Puno;;Huacullani;Huacullani;Programas presupuestales;REDUCCION DE VULNERABILIDAD Y ATENCION DE EMERGENCIAS POR DESASTRES;;;Asignación por programa presupuestal;REDUCCION DE VULNERABILIDAD Y ATENCION DE EMERGENCIAS POR DESASTRES;;89108;Gestión del riesgo de desastres;Localizada en Puno;No, replica los anexos 6 y 7;;No aplica;
8;ANEXO-8-2;33;1850;Gobierno local;210404;MUNICIPALIDAD DISTRITAL DE KELLUYO;Puno;;Kelluyo;Kelluyo;Programas presupuestales;REDUCCION DE VULNERABILIDAD Y ATENCION DE EMERGENCIAS POR DESASTRES;;;Asignación por programa presupuestal;REDUCCION DE VULNERABILIDAD Y ATENCION DE EMERGENCIAS POR DESASTRES;;50896;Gestión del riesgo de desastres;Localizada en Puno;No, replica los anexos 6 y 7;;No aplica;
8;ANEXO-8-2;33;1850;Gobierno local;210405;MUNICIPALIDAD DISTRITAL DE PISACOMA;Puno;;Pisacoma;Pisacoma;Programas presupuestales;REDUCCION DE VULNERABILIDAD Y ATENCION DE EMERGENCIAS POR DESASTRES;;;Asignación por programa presupuestal;REDUCCION DE VULNERABILIDAD Y ATENCION DE EMERGENCIAS POR DESASTRES;;46158;Gestión del riesgo de desastres;Localizada en Puno;No, replica los anexos 6 y 7;;No aplica;
8;ANEXO-8-2;33;1850;Gobierno local;210406;MUNICIPALIDAD DISTRITAL DE POMATA;Puno;;Pomata;Pomata;Programas presupuestales;REDUCCION DE VULNERABILIDAD Y ATENCION DE EMERGENCIAS POR DESASTRES;;;Asignación por programa presupuestal;REDUCCION DE VULNERABILIDAD Y ATENCION DE EMERGENCIAS POR DESASTRES;;52832;Gestión del riesgo de desastres;Localizada en Puno;No, replica los anexos 6 y 7;;No aplica;
8;ANEXO-8-2;33;1850;Gobierno local;210407;MUNICIPALIDAD DISTRITAL DE ZEPITA;Puno;;Zepita;Zepita;Programas presupuestales;REDUCCION DE VULNERABILIDAD Y ATENCION DE EMERGENCIAS POR DESASTRES;;;Asignación por programa presupuestal;REDUCCION DE VULNERABILIDAD Y ATENCION DE EMERGENCIAS POR DESASTRES;;109420;Gestión del riesgo de desastres;Localizada en Puno;No, replica los anexos 6 y 7;;No aplica;
8;ANEXO-8-2;33;1850;Gobierno local;210501;MUNICIPALIDAD PROVINCIAL DE EL COLLAO -ILAVE;Puno;;El Collao;El Collao;Programas presupuestales;REDUCCION DE VULNERABILIDAD Y ATENCION DE EMERGENCIAS POR DESASTRES;;;Asignación por programa presupuestal;REDUCCION DE VULNERABILIDAD Y ATENCION DE EMERGENCIAS POR DESASTRES;;118650;Gestión del riesgo de desastres;Localizada en Puno;No, replica los anexos 6 y 7;;No aplica;
8;ANEXO-8-2;33;1850;Gobierno local;210502;MUNICIPALIDAD DISTRITAL DE CAPASO;Puno;;Capaso;Capaso;Programas presupuestales;REDUCCION DE VULNERABILIDAD Y ATENCION DE EMERGENCIAS POR DESASTRES;;;Asignación por programa presupuestal;REDUCCION DE VULNERABILIDAD Y ATENCION DE EMERGENCIAS POR DESASTRES;;32000;Gestión del riesgo de desastres;Localizada en Puno;No, replica los anexos 6 y 7;;No aplica;
8;ANEXO-8-2;33;1850;Gobierno local;210503;MUNICIPALIDAD DISTRITAL DE PILCUYO;Puno;;Pilcuyo;Pilcuyo;Programas presupuestales;REDUCCION DE VULNERABILIDAD Y ATENCION DE EMERGENCIAS POR DESASTRES;;;Asignación por programa presupuestal;REDUCCION DE VULNERABILIDAD Y ATENCION DE EMERGENCIAS POR DESASTRES;;84466;Gestión del riesgo de desastres;Localizada en Puno;No, replica los anexos 6 y 7;;No aplica;
8;ANEXO-8-2;34;1851;Gobierno local;210504;MUNICIPALIDAD DISTRITAL DE SANTA ROSA;Puno;;Santa Rosa;Santa Rosa;Programas presupuestales;REDUCCION DE VULNERABILIDAD Y ATENCION DE EMERGENCIAS POR DESASTRES;;;Asignación por programa presupuestal;REDUCCION DE VULNERABILIDAD Y ATENCION DE EMERGENCIAS POR DESASTRES;;53900;Gestión del riesgo de desastres;Localizada en Puno;No, replica los anexos 6 y 7;;No aplica;
8;ANEXO-8-2;34;1851;Gobierno local;210505;MUNICIPALIDAD DISTRITAL DE CONDURIRI;Puno;;Conduriri;Conduriri;Programas presupuestales;REDUCCION DE VULNERABILIDAD Y ATENCION DE EMERGENCIAS POR DESASTRES;;;Asignación por programa presupuestal;REDUCCION DE VULNERABILIDAD Y ATENCION DE EMERGENCIAS POR DESASTRES;;48000;Gestión del riesgo de desastres;Localizada en Puno;No, replica los anexos 6 y 7;;No aplica;
8;ANEXO-8-2;34;1851;Gobierno local;210601;MUNICIPALIDAD PROVINCIAL DE HUANCANE;Puno;;Huancane;Huancane;Programas presupuestales;REDUCCION DE VULNERABILIDAD Y ATENCION DE EMERGENCIAS POR DESASTRES;;;Asignación por programa presupuestal;REDUCCION DE VULNERABILIDAD Y ATENCION DE EMERGENCIAS POR DESASTRES;;303934;Gestión del riesgo de desastres;Localizada en Puno;No, replica los anexos 6 y 7;;No aplica;
8;ANEXO-8-2;34;1851;Gobierno local;210602;MUNICIPALIDAD DISTRITAL DE COJATA;Puno;;Cojata;Cojata;Programas presupuestales;REDUCCION DE VULNERABILIDAD Y ATENCION DE EMERGENCIAS POR DESASTRES;;;Asignación por programa presupuestal;REDUCCION DE VULNERABILIDAD Y ATENCION DE EMERGENCIAS POR DESASTRES;;15000;Gestión del riesgo de desastres;Localizada en Puno;No, replica los anexos 6 y 7;;No aplica;
8;ANEXO-8-2;34;1851;Gobierno local;210603;MUNICIPALIDAD DISTRITAL DE HUATASANI;Puno;;Huatasani;Huatasani;Programas presupuestales;REDUCCION DE VULNERABILIDAD Y ATENCION DE EMERGENCIAS POR DESASTRES;;;Asignación por programa presupuestal;REDUCCION DE VULNERABILIDAD Y ATENCION DE EMERGENCIAS POR DESASTRES;;18000;Gestión del riesgo de desastres;Localizada en Puno;No, replica los anexos 6 y 7;;No aplica;
8;ANEXO-8-2;34;1851;Gobierno local;210604;MUNICIPALIDAD DISTRITAL DE INCHUPALLA;Puno;;Inchupalla;Inchupalla;Programas presupuestales;REDUCCION DE VULNERABILIDAD Y ATENCION DE EMERGENCIAS POR DESASTRES;;;Asignación por programa presupuestal;REDUCCION DE VULNERABILIDAD Y ATENCION DE EMERGENCIAS POR DESASTRES;;10500;Gestión del riesgo de desastres;Localizada en Puno;No, replica los anexos 6 y 7;;No aplica;
8;ANEXO-8-2;34;1851;Gobierno local;210605;MUNICIPALIDAD DISTRITAL DE PUSI;Puno;;Pusi;Pusi;Programas presupuestales;REDUCCION DE VULNERABILIDAD Y ATENCION DE EMERGENCIAS POR DESASTRES;;;Asignación por programa presupuestal;REDUCCION DE VULNERABILIDAD Y ATENCION DE EMERGENCIAS POR DESASTRES;;18946;Gestión del riesgo de desastres;Localizada en Puno;No, replica los anexos 6 y 7;;No aplica;
8;ANEXO-8-2;34;1851;Gobierno local;210606;MUNICIPALIDAD DISTRITAL DE ROSASPATA;Puno;;Rosaspata;Rosaspata;Programas presupuestales;REDUCCION DE VULNERABILIDAD Y ATENCION DE EMERGENCIAS POR DESASTRES;;;Asignación por programa presupuestal;REDUCCION DE VULNERABILIDAD Y ATENCION DE EMERGENCIAS POR DESASTRES;;35095;Gestión del riesgo de desastres;Localizada en Puno;No, replica los anexos 6 y 7;;No aplica;
8;ANEXO-8-2;34;1851;Gobierno local;210607;MUNICIPALIDAD DISTRITAL DE TARACO;Puno;;Taraco;Taraco;Programas presupuestales;REDUCCION DE VULNERABILIDAD Y ATENCION DE EMERGENCIAS POR DESASTRES;;;Asignación por programa presupuestal;REDUCCION DE VULNERABILIDAD Y ATENCION DE EMERGENCIAS POR DESASTRES;;67200;Gestión del riesgo de desastres;Localizada en Puno;No, replica los anexos 6 y 7;;No aplica;
8;ANEXO-8-2;34;1851;Gobierno local;210608;MUNICIPALIDAD DISTRITAL DE VILQUE CHICO;Puno;;Vilque Chico;Vilque Chico;Programas presupuestales;REDUCCION DE VULNERABILIDAD Y ATENCION DE EMERGENCIAS POR DESASTRES;;;Asignación por programa presupuestal;REDUCCION DE VULNERABILIDAD Y ATENCION DE EMERGENCIAS POR DESASTRES;;55000;Gestión del riesgo de desastres;Localizada en Puno;No, replica los anexos 6 y 7;;No aplica;
8;ANEXO-8-2;34;1851;Gobierno local;210701;MUNICIPALIDAD PROVINCIAL DE LAMPA;Puno;;Lampa;Lampa;Programas presupuestales;REDUCCION DE VULNERABILIDAD Y ATENCION DE EMERGENCIAS POR DESASTRES;;;Asignación por programa presupuestal;REDUCCION DE VULNERABILIDAD Y ATENCION DE EMERGENCIAS POR DESASTRES;;247709;Gestión del riesgo de desastres;Localizada en Puno;No, replica los anexos 6 y 7;;No aplica;
8;ANEXO-8-2;34;1851;Gobierno local;210702;MUNICIPALIDAD DISTRITAL DE CABANILLA;Puno;;Cabanilla;Cabanilla;Programas presupuestales;REDUCCION DE VULNERABILIDAD Y ATENCION DE EMERGENCIAS POR DESASTRES;;;Asignación por programa presupuestal;REDUCCION DE VULNERABILIDAD Y ATENCION DE EMERGENCIAS POR DESASTRES;;44206;Gestión del riesgo de desastres;Localizada en Puno;No, replica los anexos 6 y 7;;No aplica;
8;ANEXO-8-2;34;1851;Gobierno local;210703;MUNICIPALIDAD DISTRITAL DE CALAPUJA;Puno;;Calapuja;Calapuja;Programas presupuestales;REDUCCION DE VULNERABILIDAD Y ATENCION DE EMERGENCIAS POR DESASTRES;;;Asignación por programa presupuestal;REDUCCION DE VULNERABILIDAD Y ATENCION DE EMERGENCIAS POR DESASTRES;;13000;Gestión del riesgo de desastres;Localizada en Puno;No, replica los anexos 6 y 7;;No aplica;
8;ANEXO-8-2;34;1851;Gobierno local;210704;MUNICIPALIDAD DISTRITAL DE NICASIO;Puno;;Nicasio;Nicasio;Programas presupuestales;REDUCCION DE VULNERABILIDAD Y ATENCION DE EMERGENCIAS POR DESASTRES;;;Asignación por programa presupuestal;REDUCCION DE VULNERABILIDAD Y ATENCION DE EMERGENCIAS POR DESASTRES;;38200;Gestión del riesgo de desastres;Localizada en Puno;No, replica los anexos 6 y 7;;No aplica;
8;ANEXO-8-2;34;1851;Gobierno local;210705;MUNICIPALIDAD DISTRITAL DE OCUVIRI;Puno;;Ocuviri;Ocuviri;Programas presupuestales;REDUCCION DE VULNERABILIDAD Y ATENCION DE EMERGENCIAS POR DESASTRES;;;Asignación por programa presupuestal;REDUCCION DE VULNERABILIDAD Y ATENCION DE EMERGENCIAS POR DESASTRES;;52470;Gestión del riesgo de desastres;Localizada en Puno;No, replica los anexos 6 y 7;;No aplica;
8;ANEXO-8-2;34;1851;Gobierno local;210706;MUNICIPALIDAD DISTRITAL DE PALCA;Puno;;Palca;Palca;Programas presupuestales;REDUCCION DE VULNERABILIDAD Y ATENCION DE EMERGENCIAS POR DESASTRES;;;Asignación por programa presupuestal;REDUCCION DE VULNERABILIDAD Y ATENCION DE EMERGENCIAS POR DESASTRES;;29026;Gestión del riesgo de desastres;Localizada en Puno;No, replica los anexos 6 y 7;;No aplica;
8;ANEXO-8-2;34;1851;Gobierno local;210707;MUNICIPALIDAD DISTRITAL DE PARATIA;Puno;;Paratia;Paratia;Programas presupuestales;REDUCCION DE VULNERABILIDAD Y ATENCION DE EMERGENCIAS POR DESASTRES;;;Asignación por programa presupuestal;REDUCCION DE VULNERABILIDAD Y ATENCION DE EMERGENCIAS POR DESASTRES;;60500;Gestión del riesgo de desastres;Localizada en Puno;No, replica los anexos 6 y 7;;No aplica;
8;ANEXO-8-2;34;1851;Gobierno local;210708;MUNICIPALIDAD DISTRITAL DE PUCARA;Puno;;Pucara;Pucara;Programas presupuestales;REDUCCION DE VULNERABILIDAD Y ATENCION DE EMERGENCIAS POR DESASTRES;;;Asignación por programa presupuestal;REDUCCION DE VULNERABILIDAD Y ATENCION DE EMERGENCIAS POR DESASTRES;;49175;Gestión del riesgo de desastres;Localizada en Puno;No, replica los anexos 6 y 7;;No aplica;
8;ANEXO-8-2;34;1851;Gobierno local;210709;MUNICIPALIDAD DISTRITAL DE SANTA LUCIA;Puno;;Santa Lucia;Santa Lucia;Programas presupuestales;REDUCCION DE VULNERABILIDAD Y ATENCION DE EMERGENCIAS POR DESASTRES;;;Asignación por programa presupuestal;REDUCCION DE VULNERABILIDAD Y ATENCION DE EMERGENCIAS POR DESASTRES;;83200;Gestión del riesgo de desastres;Localizada en Puno;No, replica los anexos 6 y 7;;No aplica;
8;ANEXO-8-2;34;1851;Gobierno local;210710;MUNICIPALIDAD DISTRITAL DE VILAVILA;Puno;;Vilavila;Vilavila;Programas presupuestales;REDUCCION DE VULNERABILIDAD Y ATENCION DE EMERGENCIAS POR DESASTRES;;;Asignación por programa presupuestal;REDUCCION DE VULNERABILIDAD Y ATENCION DE EMERGENCIAS POR DESASTRES;;21000;Gestión del riesgo de desastres;Localizada en Puno;No, replica los anexos 6 y 7;;No aplica;
8;ANEXO-8-2;34;1851;Gobierno local;210801;MUNICIPALIDAD PROVINCIAL DE MELGAR -AYAVIRI;Puno;;Melgar;Melgar;Programas presupuestales;REDUCCION DE VULNERABILIDAD Y ATENCION DE EMERGENCIAS POR DESASTRES;;;Asignación por programa presupuestal;REDUCCION DE VULNERABILIDAD Y ATENCION DE EMERGENCIAS POR DESASTRES;;157833;Gestión del riesgo de desastres;Localizada en Puno;No, replica los anexos 6 y 7;;No aplica;
8;ANEXO-8-2;34;1851;Gobierno local;210802;MUNICIPALIDAD DISTRITAL DE ANTAUTA;Puno;;Antauta;Antauta;Programas presupuestales;REDUCCION DE VULNERABILIDAD Y ATENCION DE EMERGENCIAS POR DESASTRES;;;Asignación por programa presupuestal;REDUCCION DE VULNERABILIDAD Y ATENCION DE EMERGENCIAS POR DESASTRES;;69534;Gestión del riesgo de desastres;Localizada en Puno;No, replica los anexos 6 y 7;;No aplica;
8;ANEXO-8-2;34;1851;Gobierno local;210803;MUNICIPALIDAD DISTRITAL DE CUPI;Puno;;Cupi;Cupi;Programas presupuestales;REDUCCION DE VULNERABILIDAD Y ATENCION DE EMERGENCIAS POR DESASTRES;;;Asignación por programa presupuestal;REDUCCION DE VULNERABILIDAD Y ATENCION DE EMERGENCIAS POR DESASTRES;;24600;Gestión del riesgo de desastres;Localizada en Puno;No, replica los anexos 6 y 7;;No aplica;
8;ANEXO-8-2;34;1851;Gobierno local;210804;MUNICIPALIDAD DISTRITAL DE LLALLI;Puno;;Llalli;Llalli;Programas presupuestales;REDUCCION DE VULNERABILIDAD Y ATENCION DE EMERGENCIAS POR DESASTRES;;;Asignación por programa presupuestal;REDUCCION DE VULNERABILIDAD Y ATENCION DE EMERGENCIAS POR DESASTRES;;33600;Gestión del riesgo de desastres;Localizada en Puno;No, replica los anexos 6 y 7;;No aplica;
8;ANEXO-8-2;34;1851;Gobierno local;210805;MUNICIPALIDAD DISTRITAL DE MACARI;Puno;;Macari;Macari;Programas presupuestales;REDUCCION DE VULNERABILIDAD Y ATENCION DE EMERGENCIAS POR DESASTRES;;;Asignación por programa presupuestal;REDUCCION DE VULNERABILIDAD Y ATENCION DE EMERGENCIAS POR DESASTRES;;48700;Gestión del riesgo de desastres;Localizada en Puno;No, replica los anexos 6 y 7;;No aplica;
8;ANEXO-8-2;34;1851;Gobierno local;210806;MUNICIPALIDAD DISTRITAL DE NUÑOA;Puno;;Nunoa;Nunoa;Programas presupuestales;REDUCCION DE VULNERABILIDAD Y ATENCION DE EMERGENCIAS POR DESASTRES;;;Asignación por programa presupuestal;REDUCCION DE VULNERABILIDAD Y ATENCION DE EMERGENCIAS POR DESASTRES;;99841;Gestión del riesgo de desastres;Localizada en Puno;No, replica los anexos 6 y 7;;No aplica;
8;ANEXO-8-2;34;1851;Gobierno local;210807;MUNICIPALIDAD DISTRITAL DE ORURILLO;Puno;;Orurillo;Orurillo;Programas presupuestales;REDUCCION DE VULNERABILIDAD Y ATENCION DE EMERGENCIAS POR DESASTRES;;;Asignación por programa presupuestal;REDUCCION DE VULNERABILIDAD Y ATENCION DE EMERGENCIAS POR DESASTRES;;38600;Gestión del riesgo de desastres;Localizada en Puno;No, replica los anexos 6 y 7;;No aplica;
8;ANEXO-8-2;34;1851;Gobierno local;210808;MUNICIPALIDAD DISTRITAL DE SANTA ROSA;Puno;;Santa Rosa;Santa Rosa;Programas presupuestales;REDUCCION DE VULNERABILIDAD Y ATENCION DE EMERGENCIAS POR DESASTRES;;;Asignación por programa presupuestal;REDUCCION DE VULNERABILIDAD Y ATENCION DE EMERGENCIAS POR DESASTRES;;80390;Gestión del riesgo de desastres;Localizada en Puno;No, replica los anexos 6 y 7;;No aplica;
8;ANEXO-8-2;34;1851;Gobierno local;210809;MUNICIPALIDAD DISTRITAL DE UMACHIRI;Puno;;Umachiri;Umachiri;Programas presupuestales;REDUCCION DE VULNERABILIDAD Y ATENCION DE EMERGENCIAS POR DESASTRES;;;Asignación por programa presupuestal;REDUCCION DE VULNERABILIDAD Y ATENCION DE EMERGENCIAS POR DESASTRES;;31000;Gestión del riesgo de desastres;Localizada en Puno;No, replica los anexos 6 y 7;;No aplica;
8;ANEXO-8-2;34;1851;Gobierno local;210901;MUNICIPALIDAD PROVINCIAL DE MOHO;Puno;;Moho;Moho;Programas presupuestales;REDUCCION DE VULNERABILIDAD Y ATENCION DE EMERGENCIAS POR DESASTRES;;;Asignación por programa presupuestal;REDUCCION DE VULNERABILIDAD Y ATENCION DE EMERGENCIAS POR DESASTRES;;72864;Gestión del riesgo de desastres;Localizada en Puno;No, replica los anexos 6 y 7;;No aplica;
8;ANEXO-8-2;34;1851;Gobierno local;210902;MUNICIPALIDAD DISTRITAL DE CONIMA;Puno;;Conima;Conima;Programas presupuestales;REDUCCION DE VULNERABILIDAD Y ATENCION DE EMERGENCIAS POR DESASTRES;;;Asignación por programa presupuestal;REDUCCION DE VULNERABILIDAD Y ATENCION DE EMERGENCIAS POR DESASTRES;;15800;Gestión del riesgo de desastres;Localizada en Puno;No, replica los anexos 6 y 7;;No aplica;
8;ANEXO-8-2;34;1851;Gobierno local;210903;MUNICIPALIDAD DISTRITAL DE HUAYRAPATA;Puno;;Huayrapata;Huayrapata;Programas presupuestales;REDUCCION DE VULNERABILIDAD Y ATENCION DE EMERGENCIAS POR DESASTRES;;;Asignación por programa presupuestal;REDUCCION DE VULNERABILIDAD Y ATENCION DE EMERGENCIAS POR DESASTRES;;9000;Gestión del riesgo de desastres;Localizada en Puno;No, replica los anexos 6 y 7;;No aplica;
8;ANEXO-8-2;34;1851;Gobierno local;210904;MUNICIPALIDAD DISTRITAL DE TILALI;Puno;;Tilali;Tilali;Programas presupuestales;REDUCCION DE VULNERABILIDAD Y ATENCION DE EMERGENCIAS POR DESASTRES;;;Asignación por programa presupuestal;REDUCCION DE VULNERABILIDAD Y ATENCION DE EMERGENCIAS POR DESASTRES;;14000;Gestión del riesgo de desastres;Localizada en Puno;No, replica los anexos 6 y 7;;No aplica;
8;ANEXO-8-2;34;1851;Gobierno local;211001;MUNICIPALIDAD PROVINCIAL DE SAN ANTONIO DE PUTINA -PUTINA;Puno;;San Antonio De Putina;San Antonio De Putina;Programas presupuestales;REDUCCION DE VULNERABILIDAD Y ATENCION DE EMERGENCIAS POR DESASTRES;;;Asignación por programa presupuestal;REDUCCION DE VULNERABILIDAD Y ATENCION DE EMERGENCIAS POR DESASTRES;;177877;Gestión del riesgo de desastres;Localizada en Puno;No, replica los anexos 6 y 7;;No aplica;
8;ANEXO-8-2;35;1852;Gobierno local;211002;MUNICIPALIDAD DISTRITAL DE ANANEA;Puno;;Ananea;Ananea;Programas presupuestales;REDUCCION DE VULNERABILIDAD Y ATENCION DE EMERGENCIAS POR DESASTRES;;;Asignación por programa presupuestal;REDUCCION DE VULNERABILIDAD Y ATENCION DE EMERGENCIAS POR DESASTRES;;175868;Gestión del riesgo de desastres;Localizada en Puno;No, replica los anexos 6 y 7;;No aplica;
8;ANEXO-8-2;35;1852;Gobierno local;211003;MUNICIPALIDAD DISTRITAL DE PEDRO VILCA APAZA;Puno;;Pedro Vilca Apaza;Pedro Vilca Apaza;Programas presupuestales;REDUCCION DE VULNERABILIDAD Y ATENCION DE EMERGENCIAS POR DESASTRES;;;Asignación por programa presupuestal;REDUCCION DE VULNERABILIDAD Y ATENCION DE EMERGENCIAS POR DESASTRES;;31500;Gestión del riesgo de desastres;Localizada en Puno;No, replica los anexos 6 y 7;;No aplica;
8;ANEXO-8-2;35;1852;Gobierno local;211004;MUNICIPALIDAD DISTRITAL DE QUILCAPUNCU;Puno;;Quilcapuncu;Quilcapuncu;Programas presupuestales;REDUCCION DE VULNERABILIDAD Y ATENCION DE EMERGENCIAS POR DESASTRES;;;Asignación por programa presupuestal;REDUCCION DE VULNERABILIDAD Y ATENCION DE EMERGENCIAS POR DESASTRES;;28400;Gestión del riesgo de desastres;Localizada en Puno;No, replica los anexos 6 y 7;;No aplica;
8;ANEXO-8-2;35;1852;Gobierno local;211005;MUNICIPALIDAD DISTRITAL DE SIMA;Puno;;Sima;Sima;Programas presupuestales;REDUCCION DE VULNERABILIDAD Y ATENCION DE EMERGENCIAS POR DESASTRES;;;Asignación por programa presupuestal;REDUCCION DE VULNERABILIDAD Y ATENCION DE EMERGENCIAS POR DESASTRES;;13500;Gestión del riesgo de desastres;Localizada en Puno;No, replica los anexos 6 y 7;;No aplica;
8;ANEXO-8-2;35;1852;Gobierno local;211101;MUNICIPALIDAD PROVINCIAL DE SAN ROMAN -JULIACA;Puno;;San Roman;San Roman;Programas presupuestales;REDUCCION DE VULNERABILIDAD Y ATENCION DE EMERGENCIAS POR DESASTRES;;;Asignación por programa presupuestal;REDUCCION DE VULNERABILIDAD Y ATENCION DE EMERGENCIAS POR DESASTRES;;462238;Gestión del riesgo de desastres;Localizada en Puno;No, replica los anexos 6 y 7;;No aplica;
8;ANEXO-8-2;35;1852;Gobierno local;211102;MUNICIPALIDAD DISTRITAL DE CABANA;Puno;;Cabana;Cabana;Programas presupuestales;REDUCCION DE VULNERABILIDAD Y ATENCION DE EMERGENCIAS POR DESASTRES;;;Asignación por programa presupuestal;REDUCCION DE VULNERABILIDAD Y ATENCION DE EMERGENCIAS POR DESASTRES;;35000;Gestión del riesgo de desastres;Localizada en Puno;No, replica los anexos 6 y 7;;No aplica;
8;ANEXO-8-2;35;1852;Gobierno local;211103;MUNICIPALIDAD DISTRITAL DE CABANILLAS;Puno;;Cabanillas;Cabanillas;Programas presupuestales;REDUCCION DE VULNERABILIDAD Y ATENCION DE EMERGENCIAS POR DESASTRES;;;Asignación por programa presupuestal;REDUCCION DE VULNERABILIDAD Y ATENCION DE EMERGENCIAS POR DESASTRES;;134300;Gestión del riesgo de desastres;Localizada en Puno;No, replica los anexos 6 y 7;;No aplica;
8;ANEXO-8-2;35;1852;Gobierno local;211104;MUNICIPALIDAD DISTRITAL DE CARACOTO;Puno;;Caracoto;Caracoto;Programas presupuestales;REDUCCION DE VULNERABILIDAD Y ATENCION DE EMERGENCIAS POR DESASTRES;;;Asignación por programa presupuestal;REDUCCION DE VULNERABILIDAD Y ATENCION DE EMERGENCIAS POR DESASTRES;;79400;Gestión del riesgo de desastres;Localizada en Puno;No, replica los anexos 6 y 7;;No aplica;
8;ANEXO-8-2;35;1852;Gobierno local;211105;MUNICIPALIDAD DISTRITAL DE SAN MIGUEL;Puno;;San Miguel;San Miguel;Programas presupuestales;REDUCCION DE VULNERABILIDAD Y ATENCION DE EMERGENCIAS POR DESASTRES;;;Asignación por programa presupuestal;REDUCCION DE VULNERABILIDAD Y ATENCION DE EMERGENCIAS POR DESASTRES;;254600;Gestión del riesgo de desastres;Localizada en Puno;No, replica los anexos 6 y 7;;No aplica;
8;ANEXO-8-2;35;1852;Gobierno local;211201;MUNICIPALIDAD PROVINCIAL DE SANDIA;Puno;;Sandia;Sandia;Programas presupuestales;REDUCCION DE VULNERABILIDAD Y ATENCION DE EMERGENCIAS POR DESASTRES;;;Asignación por programa presupuestal;REDUCCION DE VULNERABILIDAD Y ATENCION DE EMERGENCIAS POR DESASTRES;;1021969;Gestión del riesgo de desastres;Localizada en Puno;No, replica los anexos 6 y 7;;No aplica;
8;ANEXO-8-2;35;1852;Gobierno local;211202;MUNICIPALIDAD DISTRITAL DE CUYOCUYO;Puno;;Cuyocuyo;Cuyocuyo;Programas presupuestales;REDUCCION DE VULNERABILIDAD Y ATENCION DE EMERGENCIAS POR DESASTRES;;;Asignación por programa presupuestal;REDUCCION DE VULNERABILIDAD Y ATENCION DE EMERGENCIAS POR DESASTRES;;67000;Gestión del riesgo de desastres;Localizada en Puno;No, replica los anexos 6 y 7;;No aplica;
8;ANEXO-8-2;35;1852;Gobierno local;211203;MUNICIPALIDAD DISTRITAL DE LIMBANI;Puno;;Limbani;Limbani;Programas presupuestales;REDUCCION DE VULNERABILIDAD Y ATENCION DE EMERGENCIAS POR DESASTRES;;;Asignación por programa presupuestal;REDUCCION DE VULNERABILIDAD Y ATENCION DE EMERGENCIAS POR DESASTRES;;54710;Gestión del riesgo de desastres;Localizada en Puno;No, replica los anexos 6 y 7;;No aplica;
8;ANEXO-8-2;35;1852;Gobierno local;211204;MUNICIPALIDAD DISTRITAL DE PATAMBUCO;Puno;;Patambuco;Patambuco;Programas presupuestales;REDUCCION DE VULNERABILIDAD Y ATENCION DE EMERGENCIAS POR DESASTRES;;;Asignación por programa presupuestal;REDUCCION DE VULNERABILIDAD Y ATENCION DE EMERGENCIAS POR DESASTRES;;56075;Gestión del riesgo de desastres;Localizada en Puno;No, replica los anexos 6 y 7;;No aplica;
8;ANEXO-8-2;35;1852;Gobierno local;211205;MUNICIPALIDAD DISTRITAL DE PHARA;Puno;;Phara;Phara;Programas presupuestales;REDUCCION DE VULNERABILIDAD Y ATENCION DE EMERGENCIAS POR DESASTRES;;;Asignación por programa presupuestal;REDUCCION DE VULNERABILIDAD Y ATENCION DE EMERGENCIAS POR DESASTRES;;47000;Gestión del riesgo de desastres;Localizada en Puno;No, replica los anexos 6 y 7;;No aplica;
8;ANEXO-8-2;35;1852;Gobierno local;211206;MUNICIPALIDAD DISTRITAL DE QUIACA;Puno;;Quiaca;Quiaca;Programas presupuestales;REDUCCION DE VULNERABILIDAD Y ATENCION DE EMERGENCIAS POR DESASTRES;;;Asignación por programa presupuestal;REDUCCION DE VULNERABILIDAD Y ATENCION DE EMERGENCIAS POR DESASTRES;;10000;Gestión del riesgo de desastres;Localizada en Puno;No, replica los anexos 6 y 7;;No aplica;
8;ANEXO-8-2;35;1852;Gobierno local;211207;MUNICIPALIDAD DISTRITAL DE SAN JUAN DEL ORO;Puno;;San Juan Del Oro;San Juan Del Oro;Programas presupuestales;REDUCCION DE VULNERABILIDAD Y ATENCION DE EMERGENCIAS POR DESASTRES;;;Asignación por programa presupuestal;REDUCCION DE VULNERABILIDAD Y ATENCION DE EMERGENCIAS POR DESASTRES;;8500;Gestión del riesgo de desastres;Localizada en Puno;No, replica los anexos 6 y 7;;No aplica;
8;ANEXO-8-2;35;1852;Gobierno local;211208;MUNICIPALIDAD DISTRITAL DE YANAHUAYA;Puno;;Yanahuaya;Yanahuaya;Programas presupuestales;REDUCCION DE VULNERABILIDAD Y ATENCION DE EMERGENCIAS POR DESASTRES;;;Asignación por programa presupuestal;REDUCCION DE VULNERABILIDAD Y ATENCION DE EMERGENCIAS POR DESASTRES;;10000;Gestión del riesgo de desastres;Localizada en Puno;No, replica los anexos 6 y 7;;No aplica;
8;ANEXO-8-2;35;1852;Gobierno local;211209;MUNICIPALIDAD DISTRITAL DE ALTO INAMBARI;Puno;;Alto Inambari;Alto Inambari;Programas presupuestales;REDUCCION DE VULNERABILIDAD Y ATENCION DE EMERGENCIAS POR DESASTRES;;;Asignación por programa presupuestal;REDUCCION DE VULNERABILIDAD Y ATENCION DE EMERGENCIAS POR DESASTRES;;83824;Gestión del riesgo de desastres;Localizada en Puno;No, replica los anexos 6 y 7;;No aplica;
8;ANEXO-8-2;35;1852;Gobierno local;211210;MUNICIPALIDAD DISTRITAL DE SAN PEDRO DE PUTINA PUNCO;Puno;;San Pedro De Putina Punco;San Pedro De Putina Punco;Programas presupuestales;REDUCCION DE VULNERABILIDAD Y ATENCION DE EMERGENCIAS POR DESASTRES;;;Asignación por programa presupuestal;REDUCCION DE VULNERABILIDAD Y ATENCION DE EMERGENCIAS POR DESASTRES;;63945;Gestión del riesgo de desastres;Localizada en Puno;No, replica los anexos 6 y 7;;No aplica;
8;ANEXO-8-2;35;1852;Gobierno local;211301;MUNICIPALIDAD PROVINCIAL DE YUNGUYO;Puno;;Yunguyo;Yunguyo;Programas presupuestales;REDUCCION DE VULNERABILIDAD Y ATENCION DE EMERGENCIAS POR DESASTRES;;;Asignación por programa presupuestal;REDUCCION DE VULNERABILIDAD Y ATENCION DE EMERGENCIAS POR DESASTRES;;145751;Gestión del riesgo de desastres;Localizada en Puno;No, replica los anexos 6 y 7;;No aplica;
8;ANEXO-8-2;35;1852;Gobierno local;211302;MUNICIPALIDAD DISTRITAL DE ANAPIA;Puno;;Anapia;Anapia;Programas presupuestales;REDUCCION DE VULNERABILIDAD Y ATENCION DE EMERGENCIAS POR DESASTRES;;;Asignación por programa presupuestal;REDUCCION DE VULNERABILIDAD Y ATENCION DE EMERGENCIAS POR DESASTRES;;7412;Gestión del riesgo de desastres;Localizada en Puno;No, replica los anexos 6 y 7;;No aplica;
8;ANEXO-8-2;35;1852;Gobierno local;211303;MUNICIPALIDAD DISTRITAL DE COPAN';Puno;;Copan';Copan';Programas presupuestales;REDUCCION DE VULNERABILIDAD Y ATENCION DE EMERGENCIAS POR DESASTRES;;;Asignación por programa presupuestal;REDUCCION DE VULNERABILIDAD Y ATENCION DE EMERGENCIAS POR DESASTRES;;30500;Gestión del riesgo de desastres;Localizada en Puno;No, replica los anexos 6 y 7;;No aplica;
8;ANEXO-8-2;35;1852;Gobierno local;211304;MUNICIPALIDAD DISTRITAL DE CUTURAPI;Puno;;Cuturapi;Cuturapi;Programas presupuestales;REDUCCION DE VULNERABILIDAD Y ATENCION DE EMERGENCIAS POR DESASTRES;;;Asignación por programa presupuestal;REDUCCION DE VULNERABILIDAD Y ATENCION DE EMERGENCIAS POR DESASTRES;;12900;Gestión del riesgo de desastres;Localizada en Puno;No, replica los anexos 6 y 7;;No aplica;
8;ANEXO-8-2;35;1852;Gobierno local;211305;MUNICIPALIDAD DISTRITAL DE OLLARAYA;Puno;;Ollaraya;Ollaraya;Programas presupuestales;REDUCCION DE VULNERABILIDAD Y ATENCION DE EMERGENCIAS POR DESASTRES;;;Asignación por programa presupuestal;REDUCCION DE VULNERABILIDAD Y ATENCION DE EMERGENCIAS POR DESASTRES;;6500;Gestión del riesgo de desastres;Localizada en Puno;No, replica los anexos 6 y 7;;No aplica;
8;ANEXO-8-2;35;1852;Gobierno local;211306;MUNICIPALIDAD DISTRITAL DE TINICACHI;Puno;;Tinicachi;Tinicachi;Programas presupuestales;REDUCCION DE VULNERABILIDAD Y ATENCION DE EMERGENCIAS POR DESASTRES;;;Asignación por programa presupuestal;REDUCCION DE VULNERABILIDAD Y ATENCION DE EMERGENCIAS POR DESASTRES;;12000;Gestión del riesgo de desastres;Localizada en Puno;No, replica los anexos 6 y 7;;No aplica;
8;ANEXO-8-2;35;1852;Gobierno local;211307;MUNICIPALIDAD DISTRITAL DE UNICACHI;Puno;;Unicachi;Unicachi;Programas presupuestales;REDUCCION DE VULNERABILIDAD Y ATENCION DE EMERGENCIAS POR DESASTRES;;;Asignación por programa presupuestal;REDUCCION DE VULNERABILIDAD Y ATENCION DE EMERGENCIAS POR DESASTRES;;7660;Gestión del riesgo de desastres;Localizada en Puno;No, replica los anexos 6 y 7;;No aplica;
8;ANEXO-8-2;63;1880;Gobierno local;210104;MUNICIPALIDAD DISTRITAL DE ATUNCOLLA;Puno;;Atuncolla;Atuncolla;Programas presupuestales;PROGRAMA NACIONAL DE SANEAMIENTO URBANO;;;Asignación por programa presupuestal;PROGRAMA NACIONAL DE SANEAMIENTO URBANO;;100000;Saneamiento;Localizada en Puno;No, replica los anexos 6 y 7;;No aplica;
8;ANEXO-8-2;63;1880;Gobierno local;210111;MUNICIPALIDAD DISTRITAL DE PICHACANI;Puno;;Pichacani;Pichacani;Programas presupuestales;PROGRAMA NACIONAL DE SANEAMIENTO URBANO;;;Asignación por programa presupuestal;PROGRAMA NACIONAL DE SANEAMIENTO URBANO;;600000;Saneamiento;Localizada en Puno;No, replica los anexos 6 y 7;;No aplica;
8;ANEXO-8-2;63;1880;Gobierno local;210206;MUNICIPALIDAD DISTRITAL DE CHUPA;Puno;;Chupa;Chupa;Programas presupuestales;PROGRAMA NACIONAL DE SANEAMIENTO URBANO;;;Asignación por programa presupuestal;PROGRAMA NACIONAL DE SANEAMIENTO URBANO;;68000;Saneamiento;Localizada en Puno;No, replica los anexos 6 y 7;;No aplica;
8;ANEXO-8-2;63;1880;Gobierno local;210301;MUNICIPALIDAD PROVINCIAL DE CARABAYA -MACUSANI;Puno;;Carabaya;Carabaya;Programas presupuestales;PROGRAMA NACIONAL DE SANEAMIENTO URBANO;;;Asignación por programa presupuestal;PROGRAMA NACIONAL DE SANEAMIENTO URBANO;;122720;Saneamiento;Localizada en Puno;No, replica los anexos 6 y 7;;No aplica;
8;ANEXO-8-2;63;1880;Gobierno local;210308;MUNICIPALIDAD DISTRITAL DE OLLACHEA;Puno;;Ollachea;Ollachea;Programas presupuestales;PROGRAMA NACIONAL DE SANEAMIENTO URBANO;;;Asignación por programa presupuestal;PROGRAMA NACIONAL DE SANEAMIENTO URBANO;;1800000;Saneamiento;Localizada en Puno;No, replica los anexos 6 y 7;;No aplica;
8;ANEXO-8-2;63;1880;Gobierno local;210309;MUNICIPALIDAD DISTRITAL DE SAN GABAN;Puno;;San Gaban;San Gaban;Programas presupuestales;PROGRAMA NACIONAL DE SANEAMIENTO URBANO;;;Asignación por programa presupuestal;PROGRAMA NACIONAL DE SANEAMIENTO URBANO;;240000;Saneamiento;Localizada en Puno;No, replica los anexos 6 y 7;;No aplica;
8;ANEXO-8-2;63;1880;Gobierno local;210401;MUNICIPALIDAD PROVINCIAL DE CHUCUITO -JULI;Puno;;Chucuito;Chucuito;Programas presupuestales;PROGRAMA NACIONAL DE SANEAMIENTO URBANO;;;Asignación por programa presupuestal;PROGRAMA NACIONAL DE SANEAMIENTO URBANO;;1770106;Saneamiento;Localizada en Puno;No, replica los anexos 6 y 7;;No aplica;
8;ANEXO-8-2;63;1880;Gobierno local;210704;MUNICIPALIDAD DISTRITAL DE NICASIO;Puno;;Nicasio;Nicasio;Programas presupuestales;PROGRAMA NACIONAL DE SANEAMIENTO URBANO;;;Asignación por programa presupuestal;PROGRAMA NACIONAL DE SANEAMIENTO URBANO;;69538;Saneamiento;Localizada en Puno;No, replica los anexos 6 y 7;;No aplica;
8;ANEXO-8-2;118;1935;Gobierno regional;458;GOBIERNO REGIONAL DEL DEPARTAMENTO DE PUNO;Puno;;;;Programas presupuestales;PROGRAMA NACIONAL DE SANEAMIENTO RURAL;;;Asignación por programa presupuestal;PROGRAMA NACIONAL DE SANEAMIENTO RURAL;;673742;Saneamiento;Localizada en Puno;No, replica los anexos 6 y 7;;No aplica;
8;ANEXO-8-2;161;1070;Gobierno local;210101;MUNICIPALIDAD PROVINCIAL DE PUNO;Puno;;Puno;Puno;Programas presupuestales;PROGRAMA NACIONAL DE SANEAMIENTO RURAL;;;Asignación por programa presupuestal;PROGRAMA NACIONAL DE SANEAMIENTO RURAL;;219202;Saneamiento;Localizada en Puno;No, replica los anexos 6 y 7;;No aplica;
8;ANEXO-8-2;161;1070;Gobierno local;210102;MUNICIPALIDAD DISTRITAL DE ACORA;Puno;;Acora;Acora;Programas presupuestales;PROGRAMA NACIONAL DE SANEAMIENTO RURAL;;;Asignación por programa presupuestal;PROGRAMA NACIONAL DE SANEAMIENTO RURAL;;116270;Saneamiento;Localizada en Puno;No, replica los anexos 6 y 7;;No aplica;
8;ANEXO-8-2;161;1070;Gobierno local;210103;MUNICIPALIDAD DISTRITAL DE AMANTANI;Puno;;Amantani;Amantani;Programas presupuestales;PROGRAMA NACIONAL DE SANEAMIENTO RURAL;;;Asignación por programa presupuestal;PROGRAMA NACIONAL DE SANEAMIENTO RURAL;;36500;Saneamiento;Localizada en Puno;No, replica los anexos 6 y 7;;No aplica;
8;ANEXO-8-2;161;1070;Gobierno local;210104;MUNICIPALIDAD DISTRITAL DE ATUNCOLLA;Puno;;Atuncolla;Atuncolla;Programas presupuestales;PROGRAMA NACIONAL DE SANEAMIENTO RURAL;;;Asignación por programa presupuestal;PROGRAMA NACIONAL DE SANEAMIENTO RURAL;;488503;Saneamiento;Localizada en Puno;No, replica los anexos 6 y 7;;No aplica;
8;ANEXO-8-2;161;1070;Gobierno local;210105;MUNICIPALIDAD DISTRITAL DE CAPACHICA;Puno;;Capachica;Capachica;Programas presupuestales;PROGRAMA NACIONAL DE SANEAMIENTO RURAL;;;Asignación por programa presupuestal;PROGRAMA NACIONAL DE SANEAMIENTO RURAL;;384161;Saneamiento;Localizada en Puno;No, replica los anexos 6 y 7;;No aplica;
8;ANEXO-8-2;161;1070;Gobierno local;210106;MUNICIPALIDAD DISTRITAL DE CHUCUITO;Puno;;Chucuito;Chucuito;Programas presupuestales;PROGRAMA NACIONAL DE SANEAMIENTO RURAL;;;Asignación por programa presupuestal;PROGRAMA NACIONAL DE SANEAMIENTO RURAL;;29963;Saneamiento;Localizada en Puno;No, replica los anexos 6 y 7;;No aplica;
8;ANEXO-8-2;161;1070;Gobierno local;210107;MUNICIPALIDAD DISTRITAL DE COATA;Puno;;Coata;Coata;Programas presupuestales;PROGRAMA NACIONAL DE SANEAMIENTO RURAL;;;Asignación por programa presupuestal;PROGRAMA NACIONAL DE SANEAMIENTO RURAL;;581500;Saneamiento;Localizada en Puno;No, replica los anexos 6 y 7;;No aplica;
8;ANEXO-8-2;161;1070;Gobierno local;210108;MUNICIPALIDAD DISTRITAL DE HUATA;Puno;;Huata;Huata;Programas presupuestales;PROGRAMA NACIONAL DE SANEAMIENTO RURAL;;;Asignación por programa presupuestal;PROGRAMA NACIONAL DE SANEAMIENTO RURAL;;55000;Saneamiento;Localizada en Puno;No, replica los anexos 6 y 7;;No aplica;
8;ANEXO-8-2;161;1070;Gobierno local;210109;MUNICIPALIDAD DISTRITAL DE MAÑAZO;Puno;;Manazo;Manazo;Programas presupuestales;PROGRAMA NACIONAL DE SANEAMIENTO RURAL;;;Asignación por programa presupuestal;PROGRAMA NACIONAL DE SANEAMIENTO RURAL;;56849;Saneamiento;Localizada en Puno;No, replica los anexos 6 y 7;;No aplica;
8;ANEXO-8-2;161;1070;Gobierno local;210110;MUNICIPALIDAD DISTRITAL DE PAUCARCOLLA;Puno;;Paucarcolla;Paucarcolla;Programas presupuestales;PROGRAMA NACIONAL DE SANEAMIENTO RURAL;;;Asignación por programa presupuestal;PROGRAMA NACIONAL DE SANEAMIENTO RURAL;;43996;Saneamiento;Localizada en Puno;No, replica los anexos 6 y 7;;No aplica;
8;ANEXO-8-2;161;1070;Gobierno local;210111;MUNICIPALIDAD DISTRITAL DE PICHACANI;Puno;;Pichacani;Pichacani;Programas presupuestales;PROGRAMA NACIONAL DE SANEAMIENTO RURAL;;;Asignación por programa presupuestal;PROGRAMA NACIONAL DE SANEAMIENTO RURAL;;157820;Saneamiento;Localizada en Puno;No, replica los anexos 6 y 7;;No aplica;
8;ANEXO-8-2;161;1070;Gobierno local;210112;MUNICIPALIDAD DISTRITAL DE PLATERIA;Puno;;Plateria;Plateria;Programas presupuestales;PROGRAMA NACIONAL DE SANEAMIENTO RURAL;;;Asignación por programa presupuestal;PROGRAMA NACIONAL DE SANEAMIENTO RURAL;;541545;Saneamiento;Localizada en Puno;No, replica los anexos 6 y 7;;No aplica;
8;ANEXO-8-2;161;1070;Gobierno local;210113;MUNICIPALIDAD DISTRITAL DE SAN ANTONIO;Puno;;San Antonio;San Antonio;Programas presupuestales;PROGRAMA NACIONAL DE SANEAMIENTO RURAL;;;Asignación por programa presupuestal;PROGRAMA NACIONAL DE SANEAMIENTO RURAL;;24000;Saneamiento;Localizada en Puno;No, replica los anexos 6 y 7;;No aplica;
8;ANEXO-8-2;161;1070;Gobierno local;210114;MUNICIPALIDAD DISTRITAL DE TIQUILLACA;Puno;;Tiquillaca;Tiquillaca;Programas presupuestales;PROGRAMA NACIONAL DE SANEAMIENTO RURAL;;;Asignación por programa presupuestal;PROGRAMA NACIONAL DE SANEAMIENTO RURAL;;235260;Saneamiento;Localizada en Puno;No, replica los anexos 6 y 7;;No aplica;
8;ANEXO-8-2;161;1070;Gobierno local;210115;MUNICIPALIDAD DISTRITAL DE VILQUE;Puno;;Vilque;Vilque;Programas presupuestales;PROGRAMA NACIONAL DE SANEAMIENTO RURAL;;;Asignación por programa presupuestal;PROGRAMA NACIONAL DE SANEAMIENTO RURAL;;16000;Saneamiento;Localizada en Puno;No, replica los anexos 6 y 7;;No aplica;
8;ANEXO-8-2;161;1070;Gobierno local;210201;MUNICIPALIDAD PROVINCIAL DE AZANGARO;Puno;;Azangaro;Azangaro;Programas presupuestales;PROGRAMA NACIONAL DE SANEAMIENTO RURAL;;;Asignación por programa presupuestal;PROGRAMA NACIONAL DE SANEAMIENTO RURAL;;5385528;Saneamiento;Localizada en Puno;No, replica los anexos 6 y 7;;No aplica;
8;ANEXO-8-2;162;1979;Gobierno local;210202;MUNICIPALIDAD DISTRITAL DE ACHAYA;Puno;;Achaya;Achaya;Programas presupuestales;PROGRAMA NACIONAL DE SANEAMIENTO RURAL;;;Asignación por programa presupuestal;PROGRAMA NACIONAL DE SANEAMIENTO RURAL;;69600;Saneamiento;Localizada en Puno;No, replica los anexos 6 y 7;;No aplica;
8;ANEXO-8-2;162;1979;Gobierno local;210203;MUNICIPALIDAD DISTRITAL DE ARAPA;Puno;;Arapa;Arapa;Programas presupuestales;PROGRAMA NACIONAL DE SANEAMIENTO RURAL;;;Asignación por programa presupuestal;PROGRAMA NACIONAL DE SANEAMIENTO RURAL;;842084;Saneamiento;Localizada en Puno;No, replica los anexos 6 y 7;;No aplica;
8;ANEXO-8-2;162;1979;Gobierno local;210204;MUNICIPALIDAD DISTRITAL DE ASILLO;Puno;;Asillo;Asillo;Programas presupuestales;PROGRAMA NACIONAL DE SANEAMIENTO RURAL;;;Asignación por programa presupuestal;PROGRAMA NACIONAL DE SANEAMIENTO RURAL;;147101;Saneamiento;Localizada en Puno;No, replica los anexos 6 y 7;;No aplica;
8;ANEXO-8-2;162;1979;Gobierno local;210205;MUNICIPALIDAD DISTRITAL DE CAMINACA;Puno;;Caminaca;Caminaca;Programas presupuestales;PROGRAMA NACIONAL DE SANEAMIENTO RURAL;;;Asignación por programa presupuestal;PROGRAMA NACIONAL DE SANEAMIENTO RURAL;;57708;Saneamiento;Localizada en Puno;No, replica los anexos 6 y 7;;No aplica;
8;ANEXO-8-2;162;1979;Gobierno local;210206;MUNICIPALIDAD DISTRITAL DE CHUPA;Puno;;Chupa;Chupa;Programas presupuestales;PROGRAMA NACIONAL DE SANEAMIENTO RURAL;;;Asignación por programa presupuestal;PROGRAMA NACIONAL DE SANEAMIENTO RURAL;;846153;Saneamiento;Localizada en Puno;No, replica los anexos 6 y 7;;No aplica;
8;ANEXO-8-2;162;1979;Gobierno local;210207;MUNICIPALIDAD DISTRITAL DE JOSE DOMINGO CHOQUEHUANCA;Puno;;Jose Domingo Choquehuanca;Jose Domingo Choquehuanca;Programas presupuestales;PROGRAMA NACIONAL DE SANEAMIENTO RURAL;;;Asignación por programa presupuestal;PROGRAMA NACIONAL DE SANEAMIENTO RURAL;;27300;Saneamiento;Localizada en Puno;No, replica los anexos 6 y 7;;No aplica;
8;ANEXO-8-2;162;1979;Gobierno local;210208;MUNICIPALIDAD DISTRITAL DE MUÑANI;Puno;;Munani;Munani;Programas presupuestales;PROGRAMA NACIONAL DE SANEAMIENTO RURAL;;;Asignación por programa presupuestal;PROGRAMA NACIONAL DE SANEAMIENTO RURAL;;151800;Saneamiento;Localizada en Puno;No, replica los anexos 6 y 7;;No aplica;
8;ANEXO-8-2;162;1979;Gobierno local;210209;MUNICIPALIDAD DISTRITAL DE POTONI;Puno;;Potoni;Potoni;Programas presupuestales;PROGRAMA NACIONAL DE SANEAMIENTO RURAL;;;Asignación por programa presupuestal;PROGRAMA NACIONAL DE SANEAMIENTO RURAL;;57700;Saneamiento;Localizada en Puno;No, replica los anexos 6 y 7;;No aplica;
8;ANEXO-8-2;162;1979;Gobierno local;210210;MUNICIPALIDAD DISTRITAL DE SAMAN;Puno;;Saman;Saman;Programas presupuestales;PROGRAMA NACIONAL DE SANEAMIENTO RURAL;;;Asignación por programa presupuestal;PROGRAMA NACIONAL DE SANEAMIENTO RURAL;;136188;Saneamiento;Localizada en Puno;No, replica los anexos 6 y 7;;No aplica;
8;ANEXO-8-2;162;1979;Gobierno local;210211;MUNICIPALIDAD DISTRITAL DE SAN ANTON;Puno;;San Anton;San Anton;Programas presupuestales;PROGRAMA NACIONAL DE SANEAMIENTO RURAL;;;Asignación por programa presupuestal;PROGRAMA NACIONAL DE SANEAMIENTO RURAL;;273000;Saneamiento;Localizada en Puno;No, replica los anexos 6 y 7;;No aplica;
8;ANEXO-8-2;162;1979;Gobierno local;210212;MUNICIPALIDAD DISTRITAL DE SAN JOSE;Puno;;San Jose;San Jose;Programas presupuestales;PROGRAMA NACIONAL DE SANEAMIENTO RURAL;;;Asignación por programa presupuestal;PROGRAMA NACIONAL DE SANEAMIENTO RURAL;;274600;Saneamiento;Localizada en Puno;No, replica los anexos 6 y 7;;No aplica;
8;ANEXO-8-2;162;1979;Gobierno local;210213;MUNICIPALIDAD DISTRITAL DE SAN JUAN DE SALINAS;Puno;;San Juan De Salinas;San Juan De Salinas;Programas presupuestales;PROGRAMA NACIONAL DE SANEAMIENTO RURAL;;;Asignación por programa presupuestal;PROGRAMA NACIONAL DE SANEAMIENTO RURAL;;69400;Saneamiento;Localizada en Puno;No, replica los anexos 6 y 7;;No aplica;
8;ANEXO-8-2;162;1979;Gobierno local;210214;MUNICIPALIDAD DISTRITAL DE SANTIAGO DE PUPUJA;Puno;;Santiago De Pupuja;Santiago De Pupuja;Programas presupuestales;PROGRAMA NACIONAL DE SANEAMIENTO RURAL;;;Asignación por programa presupuestal;PROGRAMA NACIONAL DE SANEAMIENTO RURAL;;728248;Saneamiento;Localizada en Puno;No, replica los anexos 6 y 7;;No aplica;
8;ANEXO-8-2;162;1979;Gobierno local;210215;MUNICIPALIDAD DISTRITAL DE TIRAPATA;Puno;;Tirapata;Tirapata;Programas presupuestales;PROGRAMA NACIONAL DE SANEAMIENTO RURAL;;;Asignación por programa presupuestal;PROGRAMA NACIONAL DE SANEAMIENTO RURAL;;27000;Saneamiento;Localizada en Puno;No, replica los anexos 6 y 7;;No aplica;
8;ANEXO-8-2;162;1979;Gobierno local;210301;MUNICIPALIDAD PROVINCIAL DE CARABAYA -MACUSANI;Puno;;Carabaya;Carabaya;Programas presupuestales;PROGRAMA NACIONAL DE SANEAMIENTO RURAL;;;Asignación por programa presupuestal;PROGRAMA NACIONAL DE SANEAMIENTO RURAL;;5442621;Saneamiento;Localizada en Puno;No, replica los anexos 6 y 7;;No aplica;
8;ANEXO-8-2;162;1979;Gobierno local;210302;MUNICIPALIDAD DISTRITAL DE AJOYANI;Puno;;Ajoyani;Ajoyani;Programas presupuestales;PROGRAMA NACIONAL DE SANEAMIENTO RURAL;;;Asignación por programa presupuestal;PROGRAMA NACIONAL DE SANEAMIENTO RURAL;;46800;Saneamiento;Localizada en Puno;No, replica los anexos 6 y 7;;No aplica;
8;ANEXO-8-2;162;1979;Gobierno local;210303;MUNICIPALIDAD DISTRITAL DE AYAPATA;Puno;;Ayapata;Ayapata;Programas presupuestales;PROGRAMA NACIONAL DE SANEAMIENTO RURAL;;;Asignación por programa presupuestal;PROGRAMA NACIONAL DE SANEAMIENTO RURAL;;169391;Saneamiento;Localizada en Puno;No, replica los anexos 6 y 7;;No aplica;
8;ANEXO-8-2;162;1979;Gobierno local;210304;MUNICIPALIDAD DISTRITAL DE COASA;Puno;;Coasa;Coasa;Programas presupuestales;PROGRAMA NACIONAL DE SANEAMIENTO RURAL;;;Asignación por programa presupuestal;PROGRAMA NACIONAL DE SANEAMIENTO RURAL;;177010;Saneamiento;Localizada en Puno;No, replica los anexos 6 y 7;;No aplica;
8;ANEXO-8-2;162;1979;Gobierno local;210305;MUNICIPALIDAD DISTRITAL DE CORANI;Puno;;Corani;Corani;Programas presupuestales;PROGRAMA NACIONAL DE SANEAMIENTO RURAL;;;Asignación por programa presupuestal;PROGRAMA NACIONAL DE SANEAMIENTO RURAL;;73311;Saneamiento;Localizada en Puno;No, replica los anexos 6 y 7;;No aplica;
8;ANEXO-8-2;162;1979;Gobierno local;210306;MUNICIPALIDAD DISTRITAL DE CRUCERO;Puno;;Crucero;Crucero;Programas presupuestales;PROGRAMA NACIONAL DE SANEAMIENTO RURAL;;;Asignación por programa presupuestal;PROGRAMA NACIONAL DE SANEAMIENTO RURAL;;152710;Saneamiento;Localizada en Puno;No, replica los anexos 6 y 7;;No aplica;
8;ANEXO-8-2;162;1979;Gobierno local;210307;MUNICIPALIDAD DISTRITAL DE ITUATA;Puno;;Ituata;Ituata;Programas presupuestales;PROGRAMA NACIONAL DE SANEAMIENTO RURAL;;;Asignación por programa presupuestal;PROGRAMA NACIONAL DE SANEAMIENTO RURAL;;158260;Saneamiento;Localizada en Puno;No, replica los anexos 6 y 7;;No aplica;
8;ANEXO-8-2;162;1979;Gobierno local;210308;MUNICIPALIDAD DISTRITAL DE OLLACHEA;Puno;;Ollachea;Ollachea;Programas presupuestales;PROGRAMA NACIONAL DE SANEAMIENTO RURAL;;;Asignación por programa presupuestal;PROGRAMA NACIONAL DE SANEAMIENTO RURAL;;80326;Saneamiento;Localizada en Puno;No, replica los anexos 6 y 7;;No aplica;
8;ANEXO-8-2;162;1979;Gobierno local;210309;MUNICIPALIDAD DISTRITAL DE SAN GABAN;Puno;;San Gaban;San Gaban;Programas presupuestales;PROGRAMA NACIONAL DE SANEAMIENTO RURAL;;;Asignación por programa presupuestal;PROGRAMA NACIONAL DE SANEAMIENTO RURAL;;1142152;Saneamiento;Localizada en Puno;No, replica los anexos 6 y 7;;No aplica;
8;ANEXO-8-2;162;1979;Gobierno local;210310;MUNICIPALIDAD DISTRITAL DE USICAYOS;Puno;;Usicayos;Usicayos;Programas presupuestales;PROGRAMA NACIONAL DE SANEAMIENTO RURAL;;;Asignación por programa presupuestal;PROGRAMA NACIONAL DE SANEAMIENTO RURAL;;3837428;Saneamiento;Localizada en Puno;No, replica los anexos 6 y 7;;No aplica;
8;ANEXO-8-2;162;1979;Gobierno local;210401;MUNICIPALIDAD PROVINCIAL DE CHUCUITO -JULI;Puno;;Chucuito;Chucuito;Programas presupuestales;PROGRAMA NACIONAL DE SANEAMIENTO RURAL;;;Asignación por programa presupuestal;PROGRAMA NACIONAL DE SANEAMIENTO RURAL;;150345;Saneamiento;Localizada en Puno;No, replica los anexos 6 y 7;;No aplica;
8;ANEXO-8-2;162;1979;Gobierno local;210402;MUNICIPALIDAD DISTRITAL DE DESAGUADERO;Puno;;Desaguadero;Desaguadero;Programas presupuestales;PROGRAMA NACIONAL DE SANEAMIENTO RURAL;;;Asignación por programa presupuestal;PROGRAMA NACIONAL DE SANEAMIENTO RURAL;;1723913;Saneamiento;Localizada en Puno;No, replica los anexos 6 y 7;;No aplica;
8;ANEXO-8-2;162;1979;Gobierno local;210403;MUNICIPALIDAD DISTRITAL DE HUACULLANI;Puno;;Huacullani;Huacullani;Programas presupuestales;PROGRAMA NACIONAL DE SANEAMIENTO RURAL;;;Asignación por programa presupuestal;PROGRAMA NACIONAL DE SANEAMIENTO RURAL;;90712;Saneamiento;Localizada en Puno;No, replica los anexos 6 y 7;;No aplica;
8;ANEXO-8-2;162;1979;Gobierno local;210404;MUNICIPALIDAD DISTRITAL DE KELLUYO;Puno;;Kelluyo;Kelluyo;Programas presupuestales;PROGRAMA NACIONAL DE SANEAMIENTO RURAL;;;Asignación por programa presupuestal;PROGRAMA NACIONAL DE SANEAMIENTO RURAL;;87836;Saneamiento;Localizada en Puno;No, replica los anexos 6 y 7;;No aplica;
8;ANEXO-8-2;162;1979;Gobierno local;210405;MUNICIPALIDAD DISTRITAL DE PISACOMA;Puno;;Pisacoma;Pisacoma;Programas presupuestales;PROGRAMA NACIONAL DE SANEAMIENTO RURAL;;;Asignación por programa presupuestal;PROGRAMA NACIONAL DE SANEAMIENTO RURAL;;97912;Saneamiento;Localizada en Puno;No, replica los anexos 6 y 7;;No aplica;
8;ANEXO-8-2;162;1979;Gobierno local;210406;MUNICIPALIDAD DISTRITAL DE POMATA;Puno;;Pomata;Pomata;Programas presupuestales;PROGRAMA NACIONAL DE SANEAMIENTO RURAL;;;Asignación por programa presupuestal;PROGRAMA NACIONAL DE SANEAMIENTO RURAL;;55390;Saneamiento;Localizada en Puno;No, replica los anexos 6 y 7;;No aplica;
8;ANEXO-8-2;162;1979;Gobierno local;210407;MUNICIPALIDAD DISTRITAL DE ZEPITA;Puno;;Zepita;Zepita;Programas presupuestales;PROGRAMA NACIONAL DE SANEAMIENTO RURAL;;;Asignación por programa presupuestal;PROGRAMA NACIONAL DE SANEAMIENTO RURAL;;665383;Saneamiento;Localizada en Puno;No, replica los anexos 6 y 7;;No aplica;
8;ANEXO-8-2;162;1979;Gobierno local;210501;MUNICIPALIDAD PROVINCIAL DE EL COLLAO -ILAVE;Puno;;El Collao;El Collao;Programas presupuestales;PROGRAMA NACIONAL DE SANEAMIENTO RURAL;;;Asignación por programa presupuestal;PROGRAMA NACIONAL DE SANEAMIENTO RURAL;;2531762;Saneamiento;Localizada en Puno;No, replica los anexos 6 y 7;;No aplica;
8;ANEXO-8-2;162;1979;Gobierno local;210502;MUNICIPALIDAD DISTRITAL DE CAPASO;Puno;;Capaso;Capaso;Programas presupuestales;PROGRAMA NACIONAL DE SANEAMIENTO RURAL;;;Asignación por programa presupuestal;PROGRAMA NACIONAL DE SANEAMIENTO RURAL;;12300;Saneamiento;Localizada en Puno;No, replica los anexos 6 y 7;;No aplica;
8;ANEXO-8-2;162;1979;Gobierno local;210503;MUNICIPALIDAD DISTRITAL DE PILCUYO;Puno;;Pilcuyo;Pilcuyo;Programas presupuestales;PROGRAMA NACIONAL DE SANEAMIENTO RURAL;;;Asignación por programa presupuestal;PROGRAMA NACIONAL DE SANEAMIENTO RURAL;;344690;Saneamiento;Localizada en Puno;No, replica los anexos 6 y 7;;No aplica;
8;ANEXO-8-2;163;1980;Gobierno local;210504;MUNICIPALIDAD DISTRITAL DE SANTA ROSA;Puno;;Santa Rosa;Santa Rosa;Programas presupuestales;PROGRAMA NACIONAL DE SANEAMIENTO RURAL;;;Asignación por programa presupuestal;PROGRAMA NACIONAL DE SANEAMIENTO RURAL;;79790;Saneamiento;Localizada en Puno;No, replica los anexos 6 y 7;;No aplica;
8;ANEXO-8-2;163;1980;Gobierno local;210505;MUNICIPALIDAD DISTRITAL DE CONDURIRI;Puno;;Conduriri;Conduriri;Programas presupuestales;PROGRAMA NACIONAL DE SANEAMIENTO RURAL;;;Asignación por programa presupuestal;PROGRAMA NACIONAL DE SANEAMIENTO RURAL;;40250;Saneamiento;Localizada en Puno;No, replica los anexos 6 y 7;;No aplica;
8;ANEXO-8-2;163;1980;Gobierno local;210601;MUNICIPALIDAD PROVINCIAL DE HUANCANE;Puno;;Huancane;Huancane;Programas presupuestales;PROGRAMA NACIONAL DE SANEAMIENTO RURAL;;;Asignación por programa presupuestal;PROGRAMA NACIONAL DE SANEAMIENTO RURAL;;2417948;Saneamiento;Localizada en Puno;No, replica los anexos 6 y 7;;No aplica;
8;ANEXO-8-2;163;1980;Gobierno local;210602;MUNICIPALIDAD DISTRITAL DE COJATA;Puno;;Cojata;Cojata;Programas presupuestales;PROGRAMA NACIONAL DE SANEAMIENTO RURAL;;;Asignación por programa presupuestal;PROGRAMA NACIONAL DE SANEAMIENTO RURAL;;84100;Saneamiento;Localizada en Puno;No, replica los anexos 6 y 7;;No aplica;
8;ANEXO-8-2;163;1980;Gobierno local;210603;MUNICIPALIDAD DISTRITAL DE HUATASANI;Puno;;Huatasani;Huatasani;Programas presupuestales;PROGRAMA NACIONAL DE SANEAMIENTO RURAL;;;Asignación por programa presupuestal;PROGRAMA NACIONAL DE SANEAMIENTO RURAL;;48600;Saneamiento;Localizada en Puno;No, replica los anexos 6 y 7;;No aplica;
8;ANEXO-8-2;163;1980;Gobierno local;210604;MUNICIPALIDAD DISTRITAL DE INCHUPALLA;Puno;;Inchupalla;Inchupalla;Programas presupuestales;PROGRAMA NACIONAL DE SANEAMIENTO RURAL;;;Asignación por programa presupuestal;PROGRAMA NACIONAL DE SANEAMIENTO RURAL;;130124;Saneamiento;Localizada en Puno;No, replica los anexos 6 y 7;;No aplica;
8;ANEXO-8-2;163;1980;Gobierno local;210605;MUNICIPALIDAD DISTRITAL DE PUSI;Puno;;Pusi;Pusi;Programas presupuestales;PROGRAMA NACIONAL DE SANEAMIENTO RURAL;;;Asignación por programa presupuestal;PROGRAMA NACIONAL DE SANEAMIENTO RURAL;;32900;Saneamiento;Localizada en Puno;No, replica los anexos 6 y 7;;No aplica;
8;ANEXO-8-2;163;1980;Gobierno local;210606;MUNICIPALIDAD DISTRITAL DE ROSASPATA;Puno;;Rosaspata;Rosaspata;Programas presupuestales;PROGRAMA NACIONAL DE SANEAMIENTO RURAL;;;Asignación por programa presupuestal;PROGRAMA NACIONAL DE SANEAMIENTO RURAL;;49336;Saneamiento;Localizada en Puno;No, replica los anexos 6 y 7;;No aplica;
8;ANEXO-8-2;163;1980;Gobierno local;210607;MUNICIPALIDAD DISTRITAL DE TARACO;Puno;;Taraco;Taraco;Programas presupuestales;PROGRAMA NACIONAL DE SANEAMIENTO RURAL;;;Asignación por programa presupuestal;PROGRAMA NACIONAL DE SANEAMIENTO RURAL;;186180;Saneamiento;Localizada en Puno;No, replica los anexos 6 y 7;;No aplica;
8;ANEXO-8-2;163;1980;Gobierno local;210608;MUNICIPALIDAD DISTRITAL DE VILQUE CHICO;Puno;;Vilque Chico;Vilque Chico;Programas presupuestales;PROGRAMA NACIONAL DE SANEAMIENTO RURAL;;;Asignación por programa presupuestal;PROGRAMA NACIONAL DE SANEAMIENTO RURAL;;454000;Saneamiento;Localizada en Puno;No, replica los anexos 6 y 7;;No aplica;
8;ANEXO-8-2;163;1980;Gobierno local;210701;MUNICIPALIDAD PROVINCIAL DE LAMPA;Puno;;Lampa;Lampa;Programas presupuestales;PROGRAMA NACIONAL DE SANEAMIENTO RURAL;;;Asignación por programa presupuestal;PROGRAMA NACIONAL DE SANEAMIENTO RURAL;;76117;Saneamiento;Localizada en Puno;No, replica los anexos 6 y 7;;No aplica;
8;ANEXO-8-2;163;1980;Gobierno local;210702;MUNICIPALIDAD DISTRITAL DE CABANILLA;Puno;;Cabanilla;Cabanilla;Programas presupuestales;PROGRAMA NACIONAL DE SANEAMIENTO RURAL;;;Asignación por programa presupuestal;PROGRAMA NACIONAL DE SANEAMIENTO RURAL;;465737;Saneamiento;Localizada en Puno;No, replica los anexos 6 y 7;;No aplica;
8;ANEXO-8-2;163;1980;Gobierno local;210703;MUNICIPALIDAD DISTRITAL DE CALAPUJA;Puno;;Calapuja;Calapuja;Programas presupuestales;PROGRAMA NACIONAL DE SANEAMIENTO RURAL;;;Asignación por programa presupuestal;PROGRAMA NACIONAL DE SANEAMIENTO RURAL;;32870;Saneamiento;Localizada en Puno;No, replica los anexos 6 y 7;;No aplica;
8;ANEXO-8-2;163;1980;Gobierno local;210704;MUNICIPALIDAD DISTRITAL DE NICASIO;Puno;;Nicasio;Nicasio;Programas presupuestales;PROGRAMA NACIONAL DE SANEAMIENTO RURAL;;;Asignación por programa presupuestal;PROGRAMA NACIONAL DE SANEAMIENTO RURAL;;51400;Saneamiento;Localizada en Puno;No, replica los anexos 6 y 7;;No aplica;
8;ANEXO-8-2;163;1980;Gobierno local;210705;MUNICIPALIDAD DISTRITAL DE OCUVIRI;Puno;;Ocuviri;Ocuviri;Programas presupuestales;PROGRAMA NACIONAL DE SANEAMIENTO RURAL;;;Asignación por programa presupuestal;PROGRAMA NACIONAL DE SANEAMIENTO RURAL;;58920;Saneamiento;Localizada en Puno;No, replica los anexos 6 y 7;;No aplica;
8;ANEXO-8-2;163;1980;Gobierno local;210706;MUNICIPALIDAD DISTRITAL DE PALCA;Puno;;Palca;Palca;Programas presupuestales;PROGRAMA NACIONAL DE SANEAMIENTO RURAL;;;Asignación por programa presupuestal;PROGRAMA NACIONAL DE SANEAMIENTO RURAL;;27221;Saneamiento;Localizada en Puno;No, replica los anexos 6 y 7;;No aplica;
8;ANEXO-8-2;163;1980;Gobierno local;210707;MUNICIPALIDAD DISTRITAL DE PARATIA;Puno;;Paratia;Paratia;Programas presupuestales;PROGRAMA NACIONAL DE SANEAMIENTO RURAL;;;Asignación por programa presupuestal;PROGRAMA NACIONAL DE SANEAMIENTO RURAL;;26000;Saneamiento;Localizada en Puno;No, replica los anexos 6 y 7;;No aplica;
8;ANEXO-8-2;163;1980;Gobierno local;210708;MUNICIPALIDAD DISTRITAL DE PUCARA;Puno;;Pucara;Pucara;Programas presupuestales;PROGRAMA NACIONAL DE SANEAMIENTO RURAL;;;Asignación por programa presupuestal;PROGRAMA NACIONAL DE SANEAMIENTO RURAL;;820421;Saneamiento;Localizada en Puno;No, replica los anexos 6 y 7;;No aplica;
8;ANEXO-8-2;163;1980;Gobierno local;210709;MUNICIPALIDAD DISTRITAL DE SANTA LUCIA;Puno;;Santa Lucia;Santa Lucia;Programas presupuestales;PROGRAMA NACIONAL DE SANEAMIENTO RURAL;;;Asignación por programa presupuestal;PROGRAMA NACIONAL DE SANEAMIENTO RURAL;;121489;Saneamiento;Localizada en Puno;No, replica los anexos 6 y 7;;No aplica;
8;ANEXO-8-2;163;1980;Gobierno local;210710;MUNICIPALIDAD DISTRITAL DE VILAVILA;Puno;;Vilavila;Vilavila;Programas presupuestales;PROGRAMA NACIONAL DE SANEAMIENTO RURAL;;;Asignación por programa presupuestal;PROGRAMA NACIONAL DE SANEAMIENTO RURAL;;33600;Saneamiento;Localizada en Puno;No, replica los anexos 6 y 7;;No aplica;
8;ANEXO-8-2;163;1980;Gobierno local;210801;MUNICIPALIDAD PROVINCIAL DE MELGAR -AYAVIRI;Puno;;Melgar;Melgar;Programas presupuestales;PROGRAMA NACIONAL DE SANEAMIENTO RURAL;;;Asignación por programa presupuestal;PROGRAMA NACIONAL DE SANEAMIENTO RURAL;;157544;Saneamiento;Localizada en Puno;No, replica los anexos 6 y 7;;No aplica;
8;ANEXO-8-2;163;1980;Gobierno local;210802;MUNICIPALIDAD DISTRITAL DE ANTAUTA;Puno;;Antauta;Antauta;Programas presupuestales;PROGRAMA NACIONAL DE SANEAMIENTO RURAL;;;Asignación por programa presupuestal;PROGRAMA NACIONAL DE SANEAMIENTO RURAL;;28200;Saneamiento;Localizada en Puno;No, replica los anexos 6 y 7;;No aplica;
8;ANEXO-8-2;163;1980;Gobierno local;210803;MUNICIPALIDAD DISTRITAL DE CUPI;Puno;;Cupi;Cupi;Programas presupuestales;PROGRAMA NACIONAL DE SANEAMIENTO RURAL;;;Asignación por programa presupuestal;PROGRAMA NACIONAL DE SANEAMIENTO RURAL;;195877;Saneamiento;Localizada en Puno;No, replica los anexos 6 y 7;;No aplica;
8;ANEXO-8-2;163;1980;Gobierno local;210804;MUNICIPALIDAD DISTRITAL DE LLALLI;Puno;;Llalli;Llalli;Programas presupuestales;PROGRAMA NACIONAL DE SANEAMIENTO RURAL;;;Asignación por programa presupuestal;PROGRAMA NACIONAL DE SANEAMIENTO RURAL;;54780;Saneamiento;Localizada en Puno;No, replica los anexos 6 y 7;;No aplica;
8;ANEXO-8-2;163;1980;Gobierno local;210805;MUNICIPALIDAD DISTRITAL DE MACARI;Puno;;Macari;Macari;Programas presupuestales;PROGRAMA NACIONAL DE SANEAMIENTO RURAL;;;Asignación por programa presupuestal;PROGRAMA NACIONAL DE SANEAMIENTO RURAL;;1063385;Saneamiento;Localizada en Puno;No, replica los anexos 6 y 7;;No aplica;
8;ANEXO-8-2;163;1980;Gobierno local;210806;MUNICIPALIDAD DISTRITAL DE NUÑOA;Puno;;Nunoa;Nunoa;Programas presupuestales;PROGRAMA NACIONAL DE SANEAMIENTO RURAL;;;Asignación por programa presupuestal;PROGRAMA NACIONAL DE SANEAMIENTO RURAL;;103601;Saneamiento;Localizada en Puno;No, replica los anexos 6 y 7;;No aplica;
8;ANEXO-8-2;163;1980;Gobierno local;210807;MUNICIPALIDAD DISTRITAL DE ORURILLO;Puno;;Orurillo;Orurillo;Programas presupuestales;PROGRAMA NACIONAL DE SANEAMIENTO RURAL;;;Asignación por programa presupuestal;PROGRAMA NACIONAL DE SANEAMIENTO RURAL;;33800;Saneamiento;Localizada en Puno;No, replica los anexos 6 y 7;;No aplica;
8;ANEXO-8-2;163;1980;Gobierno local;210808;MUNICIPALIDAD DISTRITAL DE SANTA ROSA;Puno;;Santa Rosa;Santa Rosa;Programas presupuestales;PROGRAMA NACIONAL DE SANEAMIENTO RURAL;;;Asignación por programa presupuestal;PROGRAMA NACIONAL DE SANEAMIENTO RURAL;;133209;Saneamiento;Localizada en Puno;No, replica los anexos 6 y 7;;No aplica;
8;ANEXO-8-2;163;1980;Gobierno local;210809;MUNICIPALIDAD DISTRITAL DE UMACHIRI;Puno;;Umachiri;Umachiri;Programas presupuestales;PROGRAMA NACIONAL DE SANEAMIENTO RURAL;;;Asignación por programa presupuestal;PROGRAMA NACIONAL DE SANEAMIENTO RURAL;;104900;Saneamiento;Localizada en Puno;No, replica los anexos 6 y 7;;No aplica;
8;ANEXO-8-2;163;1980;Gobierno local;210901;MUNICIPALIDAD PROVINCIAL DE MOHO;Puno;;Moho;Moho;Programas presupuestales;PROGRAMA NACIONAL DE SANEAMIENTO RURAL;;;Asignación por programa presupuestal;PROGRAMA NACIONAL DE SANEAMIENTO RURAL;;95770;Saneamiento;Localizada en Puno;No, replica los anexos 6 y 7;;No aplica;
8;ANEXO-8-2;163;1980;Gobierno local;210902;MUNICIPALIDAD DISTRITAL DE CONIMA;Puno;;Conima;Conima;Programas presupuestales;PROGRAMA NACIONAL DE SANEAMIENTO RURAL;;;Asignación por programa presupuestal;PROGRAMA NACIONAL DE SANEAMIENTO RURAL;;5000;Saneamiento;Localizada en Puno;No, replica los anexos 6 y 7;;No aplica;
8;ANEXO-8-2;163;1980;Gobierno local;210903;MUNICIPALIDAD DISTRITAL DE HUAYRAPATA;Puno;;Huayrapata;Huayrapata;Programas presupuestales;PROGRAMA NACIONAL DE SANEAMIENTO RURAL;;;Asignación por programa presupuestal;PROGRAMA NACIONAL DE SANEAMIENTO RURAL;;19000;Saneamiento;Localizada en Puno;No, replica los anexos 6 y 7;;No aplica;
8;ANEXO-8-2;163;1980;Gobierno local;210904;MUNICIPALIDAD DISTRITAL DE TILALI;Puno;;Tilali;Tilali;Programas presupuestales;PROGRAMA NACIONAL DE SANEAMIENTO RURAL;;;Asignación por programa presupuestal;PROGRAMA NACIONAL DE SANEAMIENTO RURAL;;25420;Saneamiento;Localizada en Puno;No, replica los anexos 6 y 7;;No aplica;
8;ANEXO-8-2;163;1980;Gobierno local;211001;MUNICIPALIDAD PROVINCIAL DE SAN ANTONIO DE PUTINA -PUTINA;Puno;;San Antonio De Putina;San Antonio De Putina;Programas presupuestales;PROGRAMA NACIONAL DE SANEAMIENTO RURAL;;;Asignación por programa presupuestal;PROGRAMA NACIONAL DE SANEAMIENTO RURAL;;198374;Saneamiento;Localizada en Puno;No, replica los anexos 6 y 7;;No aplica;
8;ANEXO-8-2;164;1981;Gobierno local;211002;MUNICIPALIDAD DISTRITAL DE ANANEA;Puno;;Ananea;Ananea;Programas presupuestales;PROGRAMA NACIONAL DE SANEAMIENTO RURAL;;;Asignación por programa presupuestal;PROGRAMA NACIONAL DE SANEAMIENTO RURAL;;320466;Saneamiento;Localizada en Puno;No, replica los anexos 6 y 7;;No aplica;
8;ANEXO-8-2;164;1981;Gobierno local;211003;MUNICIPALIDAD DISTRITAL DE PEDRO VILCA APAZA;Puno;;Pedro Vilca Apaza;Pedro Vilca Apaza;Programas presupuestales;PROGRAMA NACIONAL DE SANEAMIENTO RURAL;;;Asignación por programa presupuestal;PROGRAMA NACIONAL DE SANEAMIENTO RURAL;;43900;Saneamiento;Localizada en Puno;No, replica los anexos 6 y 7;;No aplica;
8;ANEXO-8-2;164;1981;Gobierno local;211004;MUNICIPALIDAD DISTRITAL DE QUILCAPUNCU;Puno;;Quilcapuncu;Quilcapuncu;Programas presupuestales;PROGRAMA NACIONAL DE SANEAMIENTO RURAL;;;Asignación por programa presupuestal;PROGRAMA NACIONAL DE SANEAMIENTO RURAL;;86700;Saneamiento;Localizada en Puno;No, replica los anexos 6 y 7;;No aplica;
8;ANEXO-8-2;164;1981;Gobierno local;211005;MUNICIPALIDAD DISTRITAL DE SIMA;Puno;;Sima;Sima;Programas presupuestales;PROGRAMA NACIONAL DE SANEAMIENTO RURAL;;;Asignación por programa presupuestal;PROGRAMA NACIONAL DE SANEAMIENTO RURAL;;65100;Saneamiento;Localizada en Puno;No, replica los anexos 6 y 7;;No aplica;
8;ANEXO-8-2;164;1981;Gobierno local;211101;MUNICIPALIDAD PROVINCIAL DE SAN ROMAN -JULIACA;Puno;;San Roman;San Roman;Programas presupuestales;PROGRAMA NACIONAL DE SANEAMIENTO RURAL;;;Asignación por programa presupuestal;PROGRAMA NACIONAL DE SANEAMIENTO RURAL;;43060;Saneamiento;Localizada en Puno;No, replica los anexos 6 y 7;;No aplica;
8;ANEXO-8-2;164;1981;Gobierno local;211102;MUNICIPALIDAD DISTRITAL DE CABANA;Puno;;Cabana;Cabana;Programas presupuestales;PROGRAMA NACIONAL DE SANEAMIENTO RURAL;;;Asignación por programa presupuestal;PROGRAMA NACIONAL DE SANEAMIENTO RURAL;;31600;Saneamiento;Localizada en Puno;No, replica los anexos 6 y 7;;No aplica;
8;ANEXO-8-2;164;1981;Gobierno local;211103;MUNICIPALIDAD DISTRITAL DE CABANILLAS;Puno;;Cabanillas;Cabanillas;Programas presupuestales;PROGRAMA NACIONAL DE SANEAMIENTO RURAL;;;Asignación por programa presupuestal;PROGRAMA NACIONAL DE SANEAMIENTO RURAL;;127100;Saneamiento;Localizada en Puno;No, replica los anexos 6 y 7;;No aplica;
8;ANEXO-8-2;164;1981;Gobierno local;211104;MUNICIPALIDAD DISTRITAL DE CARACOTO;Puno;;Caracoto;Caracoto;Programas presupuestales;PROGRAMA NACIONAL DE SANEAMIENTO RURAL;;;Asignación por programa presupuestal;PROGRAMA NACIONAL DE SANEAMIENTO RURAL;;71654;Saneamiento;Localizada en Puno;No, replica los anexos 6 y 7;;No aplica;
8;ANEXO-8-2;164;1981;Gobierno local;211105;MUNICIPALIDAD DISTRITAL DE SAN MIGUEL;Puno;;San Miguel;San Miguel;Programas presupuestales;PROGRAMA NACIONAL DE SANEAMIENTO RURAL;;;Asignación por programa presupuestal;PROGRAMA NACIONAL DE SANEAMIENTO RURAL;;8000;Saneamiento;Localizada en Puno;No, replica los anexos 6 y 7;;No aplica;
8;ANEXO-8-2;164;1981;Gobierno local;211201;MUNICIPALIDAD PROVINCIAL DE SANDIA;Puno;;Sandia;Sandia;Programas presupuestales;PROGRAMA NACIONAL DE SANEAMIENTO RURAL;;;Asignación por programa presupuestal;PROGRAMA NACIONAL DE SANEAMIENTO RURAL;;3022331;Saneamiento;Localizada en Puno;No, replica los anexos 6 y 7;;No aplica;
8;ANEXO-8-2;164;1981;Gobierno local;211202;MUNICIPALIDAD DISTRITAL DE CUYOCUYO;Puno;;Cuyocuyo;Cuyocuyo;Programas presupuestales;PROGRAMA NACIONAL DE SANEAMIENTO RURAL;;;Asignación por programa presupuestal;PROGRAMA NACIONAL DE SANEAMIENTO RURAL;;51700;Saneamiento;Localizada en Puno;No, replica los anexos 6 y 7;;No aplica;
8;ANEXO-8-2;164;1981;Gobierno local;211203;MUNICIPALIDAD DISTRITAL DE LIMBANI;Puno;;Limbani;Limbani;Programas presupuestales;PROGRAMA NACIONAL DE SANEAMIENTO RURAL;;;Asignación por programa presupuestal;PROGRAMA NACIONAL DE SANEAMIENTO RURAL;;53750;Saneamiento;Localizada en Puno;No, replica los anexos 6 y 7;;No aplica;
8;ANEXO-8-2;164;1981;Gobierno local;211204;MUNICIPALIDAD DISTRITAL DE PATAMBUCO;Puno;;Patambuco;Patambuco;Programas presupuestales;PROGRAMA NACIONAL DE SANEAMIENTO RURAL;;;Asignación por programa presupuestal;PROGRAMA NACIONAL DE SANEAMIENTO RURAL;;36800;Saneamiento;Localizada en Puno;No, replica los anexos 6 y 7;;No aplica;
8;ANEXO-8-2;164;1981;Gobierno local;211205;MUNICIPALIDAD DISTRITAL DE PHARA;Puno;;Phara;Phara;Programas presupuestales;PROGRAMA NACIONAL DE SANEAMIENTO RURAL;;;Asignación por programa presupuestal;PROGRAMA NACIONAL DE SANEAMIENTO RURAL;;114310;Saneamiento;Localizada en Puno;No, replica los anexos 6 y 7;;No aplica;
8;ANEXO-8-2;164;1981;Gobierno local;211206;MUNICIPALIDAD DISTRITAL DE QUIACA;Puno;;Quiaca;Quiaca;Programas presupuestales;PROGRAMA NACIONAL DE SANEAMIENTO RURAL;;;Asignación por programa presupuestal;PROGRAMA NACIONAL DE SANEAMIENTO RURAL;;72140;Saneamiento;Localizada en Puno;No, replica los anexos 6 y 7;;No aplica;
8;ANEXO-8-2;164;1981;Gobierno local;211207;MUNICIPALIDAD DISTRITAL DE SAN JUAN DEL ORO;Puno;;San Juan Del Oro;San Juan Del Oro;Programas presupuestales;PROGRAMA NACIONAL DE SANEAMIENTO RURAL;;;Asignación por programa presupuestal;PROGRAMA NACIONAL DE SANEAMIENTO RURAL;;16359;Saneamiento;Localizada en Puno;No, replica los anexos 6 y 7;;No aplica;
8;ANEXO-8-2;164;1981;Gobierno local;211208;MUNICIPALIDAD DISTRITAL DE YANAHUAYA;Puno;;Yanahuaya;Yanahuaya;Programas presupuestales;PROGRAMA NACIONAL DE SANEAMIENTO RURAL;;;Asignación por programa presupuestal;PROGRAMA NACIONAL DE SANEAMIENTO RURAL;;46700;Saneamiento;Localizada en Puno;No, replica los anexos 6 y 7;;No aplica;
8;ANEXO-8-2;164;1981;Gobierno local;211209;MUNICIPALIDAD DISTRITAL DE ALTO INAMBARI;Puno;;Alto Inambari;Alto Inambari;Programas presupuestales;PROGRAMA NACIONAL DE SANEAMIENTO RURAL;;;Asignación por programa presupuestal;PROGRAMA NACIONAL DE SANEAMIENTO RURAL;;79897;Saneamiento;Localizada en Puno;No, replica los anexos 6 y 7;;No aplica;
8;ANEXO-8-2;164;1981;Gobierno local;211210;MUNICIPALIDAD DISTRITAL DE SAN PEDRO DE PUTINA PUNCO;Puno;;San Pedro De Putina Punco;San Pedro De Putina Punco;Programas presupuestales;PROGRAMA NACIONAL DE SANEAMIENTO RURAL;;;Asignación por programa presupuestal;PROGRAMA NACIONAL DE SANEAMIENTO RURAL;;685611;Saneamiento;Localizada en Puno;No, replica los anexos 6 y 7;;No aplica;
8;ANEXO-8-2;164;1981;Gobierno local;211301;MUNICIPALIDAD PROVINCIAL DE YUNGUYO;Puno;;Yunguyo;Yunguyo;Programas presupuestales;PROGRAMA NACIONAL DE SANEAMIENTO RURAL;;;Asignación por programa presupuestal;PROGRAMA NACIONAL DE SANEAMIENTO RURAL;;89080;Saneamiento;Localizada en Puno;No, replica los anexos 6 y 7;;No aplica;
8;ANEXO-8-2;164;1981;Gobierno local;211302;MUNICIPALIDAD DISTRITAL DE ANAPIA;Puno;;Anapia;Anapia;Programas presupuestales;PROGRAMA NACIONAL DE SANEAMIENTO RURAL;;;Asignación por programa presupuestal;PROGRAMA NACIONAL DE SANEAMIENTO RURAL;;1504;Saneamiento;Localizada en Puno;No, replica los anexos 6 y 7;;No aplica;
8;ANEXO-8-2;164;1981;Gobierno local;211303;MUNICIPALIDAD DISTRITAL DE COPAN';Puno;;Copan';Copan';Programas presupuestales;PROGRAMA NACIONAL DE SANEAMIENTO RURAL;;;Asignación por programa presupuestal;PROGRAMA NACIONAL DE SANEAMIENTO RURAL;;47350;Saneamiento;Localizada en Puno;No, replica los anexos 6 y 7;;No aplica;
8;ANEXO-8-2;164;1981;Gobierno local;211304;MUNICIPALIDAD DISTRITAL DE CUTURAPI;Puno;;Cuturapi;Cuturapi;Programas presupuestales;PROGRAMA NACIONAL DE SANEAMIENTO RURAL;;;Asignación por programa presupuestal;PROGRAMA NACIONAL DE SANEAMIENTO RURAL;;13700;Saneamiento;Localizada en Puno;No, replica los anexos 6 y 7;;No aplica;
8;ANEXO-8-2;164;1981;Gobierno local;211305;MUNICIPALIDAD DISTRITAL DE OLLARAYA;Puno;;Ollaraya;Ollaraya;Programas presupuestales;PROGRAMA NACIONAL DE SANEAMIENTO RURAL;;;Asignación por programa presupuestal;PROGRAMA NACIONAL DE SANEAMIENTO RURAL;;246859;Saneamiento;Localizada en Puno;No, replica los anexos 6 y 7;;No aplica;
8;ANEXO-8-2;164;1981;Gobierno local;211306;MUNICIPALIDAD DISTRITAL DE TINICACHI;Puno;;Tinicachi;Tinicachi;Programas presupuestales;PROGRAMA NACIONAL DE SANEAMIENTO RURAL;;;Asignación por programa presupuestal;PROGRAMA NACIONAL DE SANEAMIENTO RURAL;;13500;Saneamiento;Localizada en Puno;No, replica los anexos 6 y 7;;No aplica;
8;ANEXO-8-2;164;1981;Gobierno local;211307;MUNICIPALIDAD DISTRITAL DE UNICACHI;Puno;;Unicachi;Unicachi;Programas presupuestales;PROGRAMA NACIONAL DE SANEAMIENTO RURAL;;;Asignación por programa presupuestal;PROGRAMA NACIONAL DE SANEAMIENTO RURAL;;35900;Saneamiento;Localizada en Puno;No, replica los anexos 6 y 7;;No aplica;
8;ANEXO-8-2;171;1988;Gobierno regional;458;GOBIERNO REGIONAL DEL DEPARTAMENTO DE PUNO;Puno;;;;Programas presupuestales;INCREMENTO DE LA COMPETIVIDAD DEL SECTOR ARTESANIA;;;Asignación por programa presupuestal;INCREMENTO DE LA COMPETIVIDAD DEL SECTOR ARTESANIA;;55933;Turismo y comercio;Localizada en Puno;No, replica los anexos 6 y 7;;No aplica;
8;ANEXO-8-2;171;1988;Gobierno local;210112;MUNICIPALIDAD DISTRITAL DE PLATERIA;Puno;;Plateria;Plateria;Programas presupuestales;INCREMENTO DE LA COMPETIVIDAD DEL SECTOR ARTESANIA;;;Asignación por programa presupuestal;INCREMENTO DE LA COMPETIVIDAD DEL SECTOR ARTESANIA;;10000;Turismo y comercio;Localizada en Puno;No, replica los anexos 6 y 7;;No aplica;
8;ANEXO-8-2;171;1988;Gobierno local;210201;MUNICIPALIDAD PROVINCIAL DE AZANGARO;Puno;;Azangaro;Azangaro;Programas presupuestales;INCREMENTO DE LA COMPETIVIDAD DEL SECTOR ARTESANIA;;;Asignación por programa presupuestal;INCREMENTO DE LA COMPETIVIDAD DEL SECTOR ARTESANIA;;5800;Turismo y comercio;Localizada en Puno;No, replica los anexos 6 y 7;;No aplica;
8;ANEXO-8-2;172;1989;Gobierno local;210310;MUNICIPALIDAD DISTRITAL DE USICAYOS;Puno;;Usicayos;Usicayos;Programas presupuestales;INCREMENTO DE LA COMPETIVIDAD DEL SECTOR ARTESANIA;;;Asignación por programa presupuestal;INCREMENTO DE LA COMPETIVIDAD DEL SECTOR ARTESANIA;;3000;Turismo y comercio;Localizada en Puno;No, replica los anexos 6 y 7;;No aplica;
8;ANEXO-8-2;172;1989;Gobierno local;210407;MUNICIPALIDAD DISTRITAL DE ZEPITA;Puno;;Zepita;Zepita;Programas presupuestales;INCREMENTO DE LA COMPETIVIDAD DEL SECTOR ARTESANIA;;;Asignación por programa presupuestal;INCREMENTO DE LA COMPETIVIDAD DEL SECTOR ARTESANIA;;10000;Turismo y comercio;Localizada en Puno;No, replica los anexos 6 y 7;;No aplica;
8;ANEXO-8-2;172;1989;Gobierno local;210707;MUNICIPALIDAD DISTRITAL DE PARATIA;Puno;;Paratia;Paratia;Programas presupuestales;INCREMENTO DE LA COMPETIVIDAD DEL SECTOR ARTESANIA;;;Asignación por programa presupuestal;INCREMENTO DE LA COMPETIVIDAD DEL SECTOR ARTESANIA;;21400;Turismo y comercio;Localizada en Puno;No, replica los anexos 6 y 7;;No aplica;
8;ANEXO-8-2;172;1989;Gobierno local;210708;MUNICIPALIDAD DISTRITAL DE PUCARA;Puno;;Pucara;Pucara;Programas presupuestales;INCREMENTO DE LA COMPETIVIDAD DEL SECTOR ARTESANIA;;;Asignación por programa presupuestal;INCREMENTO DE LA COMPETIVIDAD DEL SECTOR ARTESANIA;;20500;Turismo y comercio;Localizada en Puno;No, replica los anexos 6 y 7;;No aplica;
8;ANEXO-8-2;216;2033;Gobierno regional;458;GOBIERNO REGIONAL DEL DEPARTAMENTO DE PUNO;Puno;;;;Programas presupuestales;LOGROS DE APRENDIZAJE DE ESTUDIANTES DE LA EDUCACION BASICA REGULAR;;;Asignación por programa presupuestal;LOGROS DE APRENDIZAJE DE ESTUDIANTES DE LA EDUCACION BASICA REGULAR;;1430119399;Educación;Localizada en Puno;No, replica los anexos 6 y 7;;No aplica;
8;ANEXO-8-2;225;2042;Gobierno local;210101;MUNICIPALIDAD PROVINCIAL DE PUNO;Puno;;Puno;Puno;Programas presupuestales;LOGROS DE APRENDIZAJE DE ESTUDIANTES DE LA EDUCACION BASICA REGULAR;;;Asignación por programa presupuestal;LOGROS DE APRENDIZAJE DE ESTUDIANTES DE LA EDUCACION BASICA REGULAR;;100000;Educación;Localizada en Puno;No, replica los anexos 6 y 7;;No aplica;
8;ANEXO-8-2;225;2042;Gobierno local;210102;MUNICIPALIDAD DISTRITAL DE ACORA;Puno;;Acora;Acora;Programas presupuestales;LOGROS DE APRENDIZAJE DE ESTUDIANTES DE LA EDUCACION BASICA REGULAR;;;Asignación por programa presupuestal;LOGROS DE APRENDIZAJE DE ESTUDIANTES DE LA EDUCACION BASICA REGULAR;;900000;Educación;Localizada en Puno;No, replica los anexos 6 y 7;;No aplica;
8;ANEXO-8-2;225;2042;Gobierno local;210103;MUNICIPALIDAD DISTRITAL DE AMANTANI;Puno;;Amantani;Amantani;Programas presupuestales;LOGROS DE APRENDIZAJE DE ESTUDIANTES DE LA EDUCACION BASICA REGULAR;;;Asignación por programa presupuestal;LOGROS DE APRENDIZAJE DE ESTUDIANTES DE LA EDUCACION BASICA REGULAR;;236458;Educación;Localizada en Puno;No, replica los anexos 6 y 7;;No aplica;
8;ANEXO-8-2;225;2042;Gobierno local;210105;MUNICIPALIDAD DISTRITAL DE CAPACHICA;Puno;;Capachica;Capachica;Programas presupuestales;LOGROS DE APRENDIZAJE DE ESTUDIANTES DE LA EDUCACION BASICA REGULAR;;;Asignación por programa presupuestal;LOGROS DE APRENDIZAJE DE ESTUDIANTES DE LA EDUCACION BASICA REGULAR;;639651;Educación;Localizada en Puno;No, replica los anexos 6 y 7;;No aplica;
8;ANEXO-8-2;225;2042;Gobierno local;210110;MUNICIPALIDAD DISTRITAL DE PAUCARCOLLA;Puno;;Paucarcolla;Paucarcolla;Programas presupuestales;LOGROS DE APRENDIZAJE DE ESTUDIANTES DE LA EDUCACION BASICA REGULAR;;;Asignación por programa presupuestal;LOGROS DE APRENDIZAJE DE ESTUDIANTES DE LA EDUCACION BASICA REGULAR;;200000;Educación;Localizada en Puno;No, replica los anexos 6 y 7;;No aplica;
8;ANEXO-8-2;225;2042;Gobierno local;210112;MUNICIPALIDAD DISTRITAL DE PLATERIA;Puno;;Plateria;Plateria;Programas presupuestales;LOGROS DE APRENDIZAJE DE ESTUDIANTES DE LA EDUCACION BASICA REGULAR;;;Asignación por programa presupuestal;LOGROS DE APRENDIZAJE DE ESTUDIANTES DE LA EDUCACION BASICA REGULAR;;250000;Educación;Localizada en Puno;No, replica los anexos 6 y 7;;No aplica;
8;ANEXO-8-2;225;2042;Gobierno local;210201;MUNICIPALIDAD PROVINCIAL DE AZANGARO;Puno;;Azangaro;Azangaro;Programas presupuestales;LOGROS DE APRENDIZAJE DE ESTUDIANTES DE LA EDUCACION BASICA REGULAR;;;Asignación por programa presupuestal;LOGROS DE APRENDIZAJE DE ESTUDIANTES DE LA EDUCACION BASICA REGULAR;;551720;Educación;Localizada en Puno;No, replica los anexos 6 y 7;;No aplica;
8;ANEXO-8-2;226;2043;Gobierno local;210202;MUNICIPALIDAD DISTRITAL DE ACHAYA;Puno;;Achaya;Achaya;Programas presupuestales;LOGROS DE APRENDIZAJE DE ESTUDIANTES DE LA EDUCACION BASICA REGULAR;;;Asignación por programa presupuestal;LOGROS DE APRENDIZAJE DE ESTUDIANTES DE LA EDUCACION BASICA REGULAR;;150000;Educación;Localizada en Puno;No, replica los anexos 6 y 7;;No aplica;
8;ANEXO-8-2;226;2043;Gobierno local;210203;MUNICIPALIDAD DISTRITAL DE ARAPA;Puno;;Arapa;Arapa;Programas presupuestales;LOGROS DE APRENDIZAJE DE ESTUDIANTES DE LA EDUCACION BASICA REGULAR;;;Asignación por programa presupuestal;LOGROS DE APRENDIZAJE DE ESTUDIANTES DE LA EDUCACION BASICA REGULAR;;213842;Educación;Localizada en Puno;No, replica los anexos 6 y 7;;No aplica;
8;ANEXO-8-2;226;2043;Gobierno local;210204;MUNICIPALIDAD DISTRITAL DE ASILLO;Puno;;Asillo;Asillo;Programas presupuestales;LOGROS DE APRENDIZAJE DE ESTUDIANTES DE LA EDUCACION BASICA REGULAR;;;Asignación por programa presupuestal;LOGROS DE APRENDIZAJE DE ESTUDIANTES DE LA EDUCACION BASICA REGULAR;;500000;Educación;Localizada en Puno;No, replica los anexos 6 y 7;;No aplica;
8;ANEXO-8-2;226;2043;Gobierno local;210207;MUNICIPALIDAD DISTRITAL DE JOSE DOMINGO CHOQUEHUANCA;Puno;;Jose Domingo Choquehuanca;Jose Domingo Choquehuanca;Programas presupuestales;LOGROS DE APRENDIZAJE DE ESTUDIANTES DE LA EDUCACION BASICA REGULAR;;;Asignación por programa presupuestal;LOGROS DE APRENDIZAJE DE ESTUDIANTES DE LA EDUCACION BASICA REGULAR;;771307;Educación;Localizada en Puno;No, replica los anexos 6 y 7;;No aplica;
8;ANEXO-8-2;226;2043;Gobierno local;210208;MUNICIPALIDAD DISTRITAL DE MUÑANI;Puno;;Munani;Munani;Programas presupuestales;LOGROS DE APRENDIZAJE DE ESTUDIANTES DE LA EDUCACION BASICA REGULAR;;;Asignación por programa presupuestal;LOGROS DE APRENDIZAJE DE ESTUDIANTES DE LA EDUCACION BASICA REGULAR;;200000;Educación;Localizada en Puno;No, replica los anexos 6 y 7;;No aplica;
8;ANEXO-8-2;226;2043;Gobierno local;210211;MUNICIPALIDAD DISTRITAL DE SAN ANTON;Puno;;San Anton;San Anton;Programas presupuestales;LOGROS DE APRENDIZAJE DE ESTUDIANTES DE LA EDUCACION BASICA REGULAR;;;Asignación por programa presupuestal;LOGROS DE APRENDIZAJE DE ESTUDIANTES DE LA EDUCACION BASICA REGULAR;;1405845;Educación;Localizada en Puno;No, replica los anexos 6 y 7;;No aplica;
8;ANEXO-8-2;226;2043;Gobierno local;210302;MUNICIPALIDAD DISTRITAL DE AJOYANI;Puno;;Ajoyani;Ajoyani;Programas presupuestales;LOGROS DE APRENDIZAJE DE ESTUDIANTES DE LA EDUCACION BASICA REGULAR;;;Asignación por programa presupuestal;LOGROS DE APRENDIZAJE DE ESTUDIANTES DE LA EDUCACION BASICA REGULAR;;4000000;Educación;Localizada en Puno;No, replica los anexos 6 y 7;;No aplica;
8;ANEXO-8-2;226;2043;Gobierno local;210304;MUNICIPALIDAD DISTRITAL DE COASA;Puno;;Coasa;Coasa;Programas presupuestales;LOGROS DE APRENDIZAJE DE ESTUDIANTES DE LA EDUCACION BASICA REGULAR;;;Asignación por programa presupuestal;LOGROS DE APRENDIZAJE DE ESTUDIANTES DE LA EDUCACION BASICA REGULAR;;200000;Educación;Localizada en Puno;No, replica los anexos 6 y 7;;No aplica;
8;ANEXO-8-2;226;2043;Gobierno local;210305;MUNICIPALIDAD DISTRITAL DE CORANI;Puno;;Corani;Corani;Programas presupuestales;LOGROS DE APRENDIZAJE DE ESTUDIANTES DE LA EDUCACION BASICA REGULAR;;;Asignación por programa presupuestal;LOGROS DE APRENDIZAJE DE ESTUDIANTES DE LA EDUCACION BASICA REGULAR;;3105043;Educación;Localizada en Puno;No, replica los anexos 6 y 7;;No aplica;
8;ANEXO-8-2;226;2043;Gobierno local;210306;MUNICIPALIDAD DISTRITAL DE CRUCERO;Puno;;Crucero;Crucero;Programas presupuestales;LOGROS DE APRENDIZAJE DE ESTUDIANTES DE LA EDUCACION BASICA REGULAR;;;Asignación por programa presupuestal;LOGROS DE APRENDIZAJE DE ESTUDIANTES DE LA EDUCACION BASICA REGULAR;;1050617;Educación;Localizada en Puno;No, replica los anexos 6 y 7;;No aplica;
8;ANEXO-8-2;226;2043;Gobierno local;210309;MUNICIPALIDAD DISTRITAL DE SAN GABAN;Puno;;San Gaban;San Gaban;Programas presupuestales;LOGROS DE APRENDIZAJE DE ESTUDIANTES DE LA EDUCACION BASICA REGULAR;;;Asignación por programa presupuestal;LOGROS DE APRENDIZAJE DE ESTUDIANTES DE LA EDUCACION BASICA REGULAR;;6116185;Educación;Localizada en Puno;No, replica los anexos 6 y 7;;No aplica;
8;ANEXO-8-2;226;2043;Gobierno local;210310;MUNICIPALIDAD DISTRITAL DE USICAYOS;Puno;;Usicayos;Usicayos;Programas presupuestales;LOGROS DE APRENDIZAJE DE ESTUDIANTES DE LA EDUCACION BASICA REGULAR;;;Asignación por programa presupuestal;LOGROS DE APRENDIZAJE DE ESTUDIANTES DE LA EDUCACION BASICA REGULAR;;2000000;Educación;Localizada en Puno;No, replica los anexos 6 y 7;;No aplica;
8;ANEXO-8-2;226;2043;Gobierno local;210402;MUNICIPALIDAD DISTRITAL DE DESAGUADERO;Puno;;Desaguadero;Desaguadero;Programas presupuestales;LOGROS DE APRENDIZAJE DE ESTUDIANTES DE LA EDUCACION BASICA REGULAR;;;Asignación por programa presupuestal;LOGROS DE APRENDIZAJE DE ESTUDIANTES DE LA EDUCACION BASICA REGULAR;;750000;Educación;Localizada en Puno;No, replica los anexos 6 y 7;;No aplica;
8;ANEXO-8-2;226;2043;Gobierno local;210407;MUNICIPALIDAD DISTRITAL DE ZEPITA;Puno;;Zepita;Zepita;Programas presupuestales;LOGROS DE APRENDIZAJE DE ESTUDIANTES DE LA EDUCACION BASICA REGULAR;;;Asignación por programa presupuestal;LOGROS DE APRENDIZAJE DE ESTUDIANTES DE LA EDUCACION BASICA REGULAR;;2549864;Educación;Localizada en Puno;No, replica los anexos 6 y 7;;No aplica;
8;ANEXO-8-2;226;2043;Gobierno local;210601;MUNICIPALIDAD PROVINCIAL DE HUANCANE;Puno;;Huancane;Huancane;Programas presupuestales;LOGROS DE APRENDIZAJE DE ESTUDIANTES DE LA EDUCACION BASICA REGULAR;;;Asignación por programa presupuestal;LOGROS DE APRENDIZAJE DE ESTUDIANTES DE LA EDUCACION BASICA REGULAR;;1611750;Educación;Localizada en Puno;No, replica los anexos 6 y 7;;No aplica;
8;ANEXO-8-2;226;2043;Gobierno local;210602;MUNICIPALIDAD DISTRITAL DE COJATA;Puno;;Cojata;Cojata;Programas presupuestales;LOGROS DE APRENDIZAJE DE ESTUDIANTES DE LA EDUCACION BASICA REGULAR;;;Asignación por programa presupuestal;LOGROS DE APRENDIZAJE DE ESTUDIANTES DE LA EDUCACION BASICA REGULAR;;129999;Educación;Localizada en Puno;No, replica los anexos 6 y 7;;No aplica;
8;ANEXO-8-2;226;2043;Gobierno local;210608;MUNICIPALIDAD DISTRITAL DE VILQUE CHICO;Puno;;Vilque Chico;Vilque Chico;Programas presupuestales;LOGROS DE APRENDIZAJE DE ESTUDIANTES DE LA EDUCACION BASICA REGULAR;;;Asignación por programa presupuestal;LOGROS DE APRENDIZAJE DE ESTUDIANTES DE LA EDUCACION BASICA REGULAR;;350513;Educación;Localizada en Puno;No, replica los anexos 6 y 7;;No aplica;
8;ANEXO-8-2;226;2043;Gobierno local;210701;MUNICIPALIDAD PROVINCIAL DE LAMPA;Puno;;Lampa;Lampa;Programas presupuestales;LOGROS DE APRENDIZAJE DE ESTUDIANTES DE LA EDUCACION BASICA REGULAR;;;Asignación por programa presupuestal;LOGROS DE APRENDIZAJE DE ESTUDIANTES DE LA EDUCACION BASICA REGULAR;;737805;Educación;Localizada en Puno;No, replica los anexos 6 y 7;;No aplica;
8;ANEXO-8-2;226;2043;Gobierno local;210802;MUNICIPALIDAD DISTRITAL DE ANTAUTA;Puno;;Antauta;Antauta;Programas presupuestales;LOGROS DE APRENDIZAJE DE ESTUDIANTES DE LA EDUCACION BASICA REGULAR;;;Asignación por programa presupuestal;LOGROS DE APRENDIZAJE DE ESTUDIANTES DE LA EDUCACION BASICA REGULAR;;21013912;Educación;Localizada en Puno;No, replica los anexos 6 y 7;;No aplica;
8;ANEXO-8-2;226;2043;Gobierno local;210804;MUNICIPALIDAD DISTRITAL DE LLALLI;Puno;;Llalli;Llalli;Programas presupuestales;LOGROS DE APRENDIZAJE DE ESTUDIANTES DE LA EDUCACION BASICA REGULAR;;;Asignación por programa presupuestal;LOGROS DE APRENDIZAJE DE ESTUDIANTES DE LA EDUCACION BASICA REGULAR;;373754;Educación;Localizada en Puno;No, replica los anexos 6 y 7;;No aplica;
8;ANEXO-8-2;226;2043;Gobierno local;210805;MUNICIPALIDAD DISTRITAL DE MACARI;Puno;;Macari;Macari;Programas presupuestales;LOGROS DE APRENDIZAJE DE ESTUDIANTES DE LA EDUCACION BASICA REGULAR;;;Asignación por programa presupuestal;LOGROS DE APRENDIZAJE DE ESTUDIANTES DE LA EDUCACION BASICA REGULAR;;718102;Educación;Localizada en Puno;No, replica los anexos 6 y 7;;No aplica;
8;ANEXO-8-2;226;2043;Gobierno local;210808;MUNICIPALIDAD DISTRITAL DE SANTA ROSA;Puno;;Santa Rosa;Santa Rosa;Programas presupuestales;LOGROS DE APRENDIZAJE DE ESTUDIANTES DE LA EDUCACION BASICA REGULAR;;;Asignación por programa presupuestal;LOGROS DE APRENDIZAJE DE ESTUDIANTES DE LA EDUCACION BASICA REGULAR;;320000;Educación;Localizada en Puno;No, replica los anexos 6 y 7;;No aplica;
8;ANEXO-8-2;226;2043;Gobierno local;210902;MUNICIPALIDAD DISTRITAL DE CONIMA;Puno;;Conima;Conima;Programas presupuestales;LOGROS DE APRENDIZAJE DE ESTUDIANTES DE LA EDUCACION BASICA REGULAR;;;Asignación por programa presupuestal;LOGROS DE APRENDIZAJE DE ESTUDIANTES DE LA EDUCACION BASICA REGULAR;;330000;Educación;Localizada en Puno;No, replica los anexos 6 y 7;;No aplica;
8;ANEXO-8-2;226;2043;Gobierno local;210904;MUNICIPALIDAD DISTRITAL DE TILALI;Puno;;Tilali;Tilali;Programas presupuestales;LOGROS DE APRENDIZAJE DE ESTUDIANTES DE LA EDUCACION BASICA REGULAR;;;Asignación por programa presupuestal;LOGROS DE APRENDIZAJE DE ESTUDIANTES DE LA EDUCACION BASICA REGULAR;;282648;Educación;Localizada en Puno;No, replica los anexos 6 y 7;;No aplica;
8;ANEXO-8-2;226;2043;Gobierno local;211001;MUNICIPALIDAD PROVINCIAL DE SAN ANTONIO DE PUTINA -PUTINA;Puno;;San Antonio De Putina;San Antonio De Putina;Programas presupuestales;LOGROS DE APRENDIZAJE DE ESTUDIANTES DE LA EDUCACION BASICA REGULAR;;;Asignación por programa presupuestal;LOGROS DE APRENDIZAJE DE ESTUDIANTES DE LA EDUCACION BASICA REGULAR;;500000;Educación;Localizada en Puno;No, replica los anexos 6 y 7;;No aplica;
8;ANEXO-8-2;226;2043;Gobierno local;211101;MUNICIPALIDAD PROVINCIAL DE SAN ROMAN -JULIACA;Puno;;San Roman;San Roman;Programas presupuestales;LOGROS DE APRENDIZAJE DE ESTUDIANTES DE LA EDUCACION BASICA REGULAR;;;Asignación por programa presupuestal;LOGROS DE APRENDIZAJE DE ESTUDIANTES DE LA EDUCACION BASICA REGULAR;;6500000;Educación;Localizada en Puno;No, replica los anexos 6 y 7;;No aplica;
8;ANEXO-8-2;226;2043;Gobierno local;211102;MUNICIPALIDAD DISTRITAL DE CABANA;Puno;;Cabana;Cabana;Programas presupuestales;LOGROS DE APRENDIZAJE DE ESTUDIANTES DE LA EDUCACION BASICA REGULAR;;;Asignación por programa presupuestal;LOGROS DE APRENDIZAJE DE ESTUDIANTES DE LA EDUCACION BASICA REGULAR;;1323915;Educación;Localizada en Puno;No, replica los anexos 6 y 7;;No aplica;
8;ANEXO-8-2;226;2043;Gobierno local;211201;MUNICIPALIDAD PROVINCIAL DE SANDIA;Puno;;Sandia;Sandia;Programas presupuestales;LOGROS DE APRENDIZAJE DE ESTUDIANTES DE LA EDUCACION BASICA REGULAR;;;Asignación por programa presupuestal;LOGROS DE APRENDIZAJE DE ESTUDIANTES DE LA EDUCACION BASICA REGULAR;;1760517;Educación;Localizada en Puno;No, replica los anexos 6 y 7;;No aplica;
8;ANEXO-8-2;226;2043;Gobierno local;211208;MUNICIPALIDAD DISTRITAL DE YANAHUAYA;Puno;;Yanahuaya;Yanahuaya;Programas presupuestales;LOGROS DE APRENDIZAJE DE ESTUDIANTES DE LA EDUCACION BASICA REGULAR;;;Asignación por programa presupuestal;LOGROS DE APRENDIZAJE DE ESTUDIANTES DE LA EDUCACION BASICA REGULAR;;826406;Educación;Localizada en Puno;No, replica los anexos 6 y 7;;No aplica;
8;ANEXO-8-2;226;2043;Gobierno local;211209;MUNICIPALIDAD DISTRITAL DE ALTO INAMBARI;Puno;;Alto Inambari;Alto Inambari;Programas presupuestales;LOGROS DE APRENDIZAJE DE ESTUDIANTES DE LA EDUCACION BASICA REGULAR;;;Asignación por programa presupuestal;LOGROS DE APRENDIZAJE DE ESTUDIANTES DE LA EDUCACION BASICA REGULAR;;10000;Educación;Localizada en Puno;No, replica los anexos 6 y 7;;No aplica;
8;ANEXO-8-2;226;2043;Gobierno local;211210;MUNICIPALIDAD DISTRITAL DE SAN PEDRO DE PUTINA PUNCO;Puno;;San Pedro De Putina Punco;San Pedro De Putina Punco;Programas presupuestales;LOGROS DE APRENDIZAJE DE ESTUDIANTES DE LA EDUCACION BASICA REGULAR;;;Asignación por programa presupuestal;LOGROS DE APRENDIZAJE DE ESTUDIANTES DE LA EDUCACION BASICA REGULAR;;1489782;Educación;Localizada en Puno;No, replica los anexos 6 y 7;;No aplica;
8;ANEXO-8-2;229;2046;Gobierno regional;458;GOBIERNO REGIONAL DEL DEPARTAMENTO DE PUNO;Puno;;;;Programas presupuestales;DESARROLLO PRODUCTIVO DE LAS EMPRESAS;;;Asignación por programa presupuestal;DESARROLLO PRODUCTIVO DE LAS EMPRESAS;;38028;Turismo y comercio;Localizada en Puno;No, replica los anexos 6 y 7;;No aplica;
8;ANEXO-8-2;232;2049;Gobierno regional;458;GOBIERNO REGIONAL DEL DEPARTAMENTO DE PUNO;Puno;;;;Programas presupuestales;ORDENAMIENTO Y DESARROLLO DE LA ACUICULTURA;;;Asignación por programa presupuestal;ORDENAMIENTO Y DESARROLLO DE LA ACUICULTURA;;38845;Pesca;Localizada en Puno;No, replica los anexos 6 y 7;;No aplica;
8;ANEXO-8-2;234;2051;Gobierno regional;458;GOBIERNO REGIONAL DEL DEPARTAMENTO DE PUNO;Puno;;;;Programas presupuestales;FORTALECIMIENTO DE LA PESCA ARTESANAL;;;Asignación por programa presupuestal;FORTALECIMIENTO DE LA PESCA ARTESANAL;;6988005;Sin clasificar;Localizada en Puno;No, replica los anexos 6 y 7;;No aplica;
8;ANEXO-8-2;236;2053;Gobierno local;210407;MUNICIPALIDAD DISTRITAL DE ZEPITA;Puno;;Zepita;Zepita;Programas presupuestales;GESTION DE LA CALIDAD DEL AIRE;;;Asignación por programa presupuestal;GESTION DE LA CALIDAD DEL AIRE;;8000;Sin clasificar;Localizada en Puno;No, replica los anexos 6 y 7;;No aplica;
8;ANEXO-8-2;263;2080;Gobierno regional;458;GOBIERNO REGIONAL DEL DEPARTAMENTO DE PUNO;Puno;;;;Programas presupuestales;INCREMENTO DE LA PRACTICA DE ACTIVIDADES FISICAS, DEPORTIVAS Y RECREATIVAS EN LA POBLACION PERUANA;;;Asignación por programa presupuestal;INCREMENTO DE LA PRACTICA DE ACTIVIDADES FISICAS, DEPORTIVAS Y RECREATIVAS EN LA POBLACION PERUANA;;28303110;Cultura y deporte;Localizada en Puno;No, replica los anexos 6 y 7;;No aplica;
8;ANEXO-8-2;274;2091;Gobierno local;210101;MUNICIPALIDAD PROVINCIAL DE PUNO;Puno;;Puno;Puno;Programas presupuestales;INCREMENTO DE LA PRACTICA DE ACTIVIDADES FISICAS, DEPORTIVAS Y RECREATIVAS EN LA POBLACID N PERUANA;;;Asignación por programa presupuestal;INCREMENTO DE LA PRACTICA DE ACTIVIDADES FISICAS, DEPORTIVAS Y RECREATIVAS EN LA POBLACID N PERUANA;;614350;Cultura y deporte;Localizada en Puno;No, replica los anexos 6 y 7;;No aplica;
8;ANEXO-8-2;274;2091;Gobierno local;210102;MUNICIPALIDAD DISTRITAL DE ACORA;Puno;;Acora;Acora;Programas presupuestales;INCREMENTO DE LA PRACTICA DE ACTIVIDADES FISICAS, DEPORTIVAS Y RECREATIVAS EN LA POBLACID N PERUANA;;;Asignación por programa presupuestal;INCREMENTO DE LA PRACTICA DE ACTIVIDADES FISICAS, DEPORTIVAS Y RECREATIVAS EN LA POBLACID N PERUANA;;677000;Cultura y deporte;Localizada en Puno;No, replica los anexos 6 y 7;;No aplica;
8;ANEXO-8-2;274;2091;Gobierno local;210103;MUNICIPALIDAD DISTRITAL DE AMANTANI;Puno;;Amantani;Amantani;Programas presupuestales;INCREMENTO DE LA PRACTICA DE ACTIVIDADES FISICAS, DEPORTIVAS Y RECREATIVAS EN LA POBLACID N PERUANA;;;Asignación por programa presupuestal;INCREMENTO DE LA PRACTICA DE ACTIVIDADES FISICAS, DEPORTIVAS Y RECREATIVAS EN LA POBLACID N PERUANA;;11500;Cultura y deporte;Localizada en Puno;No, replica los anexos 6 y 7;;No aplica;
8;ANEXO-8-2;274;2091;Gobierno local;210104;MUNICIPALIDAD DISTRITAL DE ATUNCOLLA;Puno;;Atuncolla;Atuncolla;Programas presupuestales;INCREMENTO DE LA PRACTICA DE ACTIVIDADES FISICAS, DEPORTIVAS Y RECREATIVAS EN LA POBLACID N PERUANA;;;Asignación por programa presupuestal;INCREMENTO DE LA PRACTICA DE ACTIVIDADES FISICAS, DEPORTIVAS Y RECREATIVAS EN LA POBLACID N PERUANA;;25000;Cultura y deporte;Localizada en Puno;No, replica los anexos 6 y 7;;No aplica;
8;ANEXO-8-2;274;2091;Gobierno local;210107;MUNICIPALIDAD DISTRITAL DE COATA;Puno;;Coata;Coata;Programas presupuestales;INCREMENTO DE LA PRACTICA DE ACTIVIDADES FISICAS, DEPORTIVAS Y RECREATIVAS EN LA POBLACID N PERUANA;;;Asignación por programa presupuestal;INCREMENTO DE LA PRACTICA DE ACTIVIDADES FISICAS, DEPORTIVAS Y RECREATIVAS EN LA POBLACID N PERUANA;;710982;Cultura y deporte;Localizada en Puno;No, replica los anexos 6 y 7;;No aplica;
8;ANEXO-8-2;274;2091;Gobierno local;210108;MUNICIPALIDAD DISTRITAL DE HUATA;Puno;;Huata;Huata;Programas presupuestales;INCREMENTO DE LA PRACTICA DE ACTIVIDADES FISICAS, DEPORTIVAS Y RECREATIVAS EN LA POBLACID N PERUANA;;;Asignación por programa presupuestal;INCREMENTO DE LA PRACTICA DE ACTIVIDADES FISICAS, DEPORTIVAS Y RECREATIVAS EN LA POBLACID N PERUANA;;263000;Cultura y deporte;Localizada en Puno;No, replica los anexos 6 y 7;;No aplica;
8;ANEXO-8-2;274;2091;Gobierno local;210109;MUNICIPALIDAD DISTRITAL DE MAÑAZO;Puno;;Manazo;Manazo;Programas presupuestales;INCREMENTO DE LA PRACTICA DE ACTIVIDADES FISICAS, DEPORTIVAS Y RECREATIVAS EN LA POBLACID N PERUANA;;;Asignación por programa presupuestal;INCREMENTO DE LA PRACTICA DE ACTIVIDADES FISICAS, DEPORTIVAS Y RECREATIVAS EN LA POBLACID N PERUANA;;8348;Cultura y deporte;Localizada en Puno;No, replica los anexos 6 y 7;;No aplica;
8;ANEXO-8-2;274;2091;Gobierno local;210110;MUNICIPALIDAD DISTRITAL DE PAUCARCOLLA;Puno;;Paucarcolla;Paucarcolla;Programas presupuestales;INCREMENTO DE LA PRACTICA DE ACTIVIDADES FISICAS, DEPORTIVAS Y RECREATIVAS EN LA POBLACID N PERUANA;;;Asignación por programa presupuestal;INCREMENTO DE LA PRACTICA DE ACTIVIDADES FISICAS, DEPORTIVAS Y RECREATIVAS EN LA POBLACID N PERUANA;;35000;Cultura y deporte;Localizada en Puno;No, replica los anexos 6 y 7;;No aplica;
8;ANEXO-8-2;274;2091;Gobierno local;210111;MUNICIPALIDAD DISTRITAL DE PICHACANI;Puno;;Pichacani;Pichacani;Programas presupuestales;INCREMENTO DE LA PRACTICA DE ACTIVIDADES FISICAS, DEPORTIVAS Y RECREATIVAS EN LA POBLACID N PERUANA;;;Asignación por programa presupuestal;INCREMENTO DE LA PRACTICA DE ACTIVIDADES FISICAS, DEPORTIVAS Y RECREATIVAS EN LA POBLACID N PERUANA;;16000;Cultura y deporte;Localizada en Puno;No, replica los anexos 6 y 7;;No aplica;
8;ANEXO-8-2;275;2092;Gobierno local;210112;MUNICIPALIDAD DISTRITAL DE PLATERIA;Puno;;Plateria;Plateria;Programas presupuestales;INCREMENTO DE LA PRACTICA DE ACTIVIDADES FISICAS, DEPORTIVAS Y RECREATIVAS EN LA POBLACION PERUANA;;;Asignación por programa presupuestal;INCREMENTO DE LA PRACTICA DE ACTIVIDADES FISICAS, DEPORTIVAS Y RECREATIVAS EN LA POBLACION PERUANA;;604000;Cultura y deporte;Localizada en Puno;No, replica los anexos 6 y 7;;No aplica;
8;ANEXO-8-2;275;2092;Gobierno local;210113;MUNICIPALIDAD DISTRITAL DE SAN ANTONIO;Puno;;San Antonio;San Antonio;Programas presupuestales;INCREMENTO DE LA PRACTICA DE ACTIVIDADES FISICAS, DEPORTIVAS Y RECREATIVAS EN LA POBLACION PERUANA;;;Asignación por programa presupuestal;INCREMENTO DE LA PRACTICA DE ACTIVIDADES FISICAS, DEPORTIVAS Y RECREATIVAS EN LA POBLACION PERUANA;;28000;Cultura y deporte;Localizada en Puno;No, replica los anexos 6 y 7;;No aplica;
8;ANEXO-8-2;275;2092;Gobierno local;210114;MUNICIPALIDAD DISTRITAL DE TIQUILLACA;Puno;;Tiquillaca;Tiquillaca;Programas presupuestales;INCREMENTO DE LA PRACTICA DE ACTIVIDADES FISICAS, DEPORTIVAS Y RECREATIVAS EN LA POBLACION PERUANA;;;Asignación por programa presupuestal;INCREMENTO DE LA PRACTICA DE ACTIVIDADES FISICAS, DEPORTIVAS Y RECREATIVAS EN LA POBLACION PERUANA;;6000;Cultura y deporte;Localizada en Puno;No, replica los anexos 6 y 7;;No aplica;
8;ANEXO-8-2;275;2092;Gobierno local;210115;MUNICIPALIDAD DISTRITAL DE VILQUE;Puno;;Vilque;Vilque;Programas presupuestales;INCREMENTO DE LA PRACTICA DE ACTIVIDADES FISICAS, DEPORTIVAS Y RECREATIVAS EN LA POBLACION PERUANA;;;Asignación por programa presupuestal;INCREMENTO DE LA PRACTICA DE ACTIVIDADES FISICAS, DEPORTIVAS Y RECREATIVAS EN LA POBLACION PERUANA;;13000;Cultura y deporte;Localizada en Puno;No, replica los anexos 6 y 7;;No aplica;
8;ANEXO-8-2;275;2092;Gobierno local;210201;MUNICIPALIDAD PROVINCIAL DE AZANGARO;Puno;;Azangaro;Azangaro;Programas presupuestales;INCREMENTO DE LA PRACTICA DE ACTIVIDADES FISICAS, DEPORTIVAS Y RECREATIVAS EN LA POBLACION PERUANA;;;Asignación por programa presupuestal;INCREMENTO DE LA PRACTICA DE ACTIVIDADES FISICAS, DEPORTIVAS Y RECREATIVAS EN LA POBLACION PERUANA;;133539;Cultura y deporte;Localizada en Puno;No, replica los anexos 6 y 7;;No aplica;
8;ANEXO-8-2;275;2092;Gobierno local;210203;MUNICIPALIDAD DISTRITAL DE ARAPA;Puno;;Arapa;Arapa;Programas presupuestales;INCREMENTO DE LA PRACTICA DE ACTIVIDADES FISICAS, DEPORTIVAS Y RECREATIVAS EN LA POBLACION PERUANA;;;Asignación por programa presupuestal;INCREMENTO DE LA PRACTICA DE ACTIVIDADES FISICAS, DEPORTIVAS Y RECREATIVAS EN LA POBLACION PERUANA;;66769;Cultura y deporte;Localizada en Puno;No, replica los anexos 6 y 7;;No aplica;
8;ANEXO-8-2;275;2092;Gobierno local;210204;MUNICIPALIDAD DISTRITAL DE ASILLO;Puno;;Asillo;Asillo;Programas presupuestales;INCREMENTO DE LA PRACTICA DE ACTIVIDADES FISICAS, DEPORTIVAS Y RECREATIVAS EN LA POBLACION PERUANA;;;Asignación por programa presupuestal;INCREMENTO DE LA PRACTICA DE ACTIVIDADES FISICAS, DEPORTIVAS Y RECREATIVAS EN LA POBLACION PERUANA;;2145068;Cultura y deporte;Localizada en Puno;No, replica los anexos 6 y 7;;No aplica;
8;ANEXO-8-2;275;2092;Gobierno local;210205;MUNICIPALIDAD DISTRITAL DE CAMINACA;Puno;;Caminaca;Caminaca;Programas presupuestales;INCREMENTO DE LA PRACTICA DE ACTIVIDADES FISICAS, DEPORTIVAS Y RECREATIVAS EN LA POBLACION PERUANA;;;Asignación por programa presupuestal;INCREMENTO DE LA PRACTICA DE ACTIVIDADES FISICAS, DEPORTIVAS Y RECREATIVAS EN LA POBLACION PERUANA;;30800;Cultura y deporte;Localizada en Puno;No, replica los anexos 6 y 7;;No aplica;
8;ANEXO-8-2;275;2092;Gobierno local;210206;MUNICIPALIDAD DISTRITAL DE CHUPA;Puno;;Chupa;Chupa;Programas presupuestales;INCREMENTO DE LA PRACTICA DE ACTIVIDADES FISICAS, DEPORTIVAS Y RECREATIVAS EN LA POBLACION PERUANA;;;Asignación por programa presupuestal;INCREMENTO DE LA PRACTICA DE ACTIVIDADES FISICAS, DEPORTIVAS Y RECREATIVAS EN LA POBLACION PERUANA;;35000;Cultura y deporte;Localizada en Puno;No, replica los anexos 6 y 7;;No aplica;
8;ANEXO-8-2;275;2092;Gobierno local;210207;MUNICIPALIDAD DISTRITAL DE JOSE DOMINGO CHOQUEHUANCA;Puno;;Jose Domingo Choquehuanca;Jose Domingo Choquehuanca;Programas presupuestales;INCREMENTO DE LA PRACTICA DE ACTIVIDADES FISICAS, DEPORTIVAS Y RECREATIVAS EN LA POBLACION PERUANA;;;Asignación por programa presupuestal;INCREMENTO DE LA PRACTICA DE ACTIVIDADES FISICAS, DEPORTIVAS Y RECREATIVAS EN LA POBLACION PERUANA;;44000;Cultura y deporte;Localizada en Puno;No, replica los anexos 6 y 7;;No aplica;
8;ANEXO-8-2;275;2092;Gobierno local;210210;MUNICIPALIDAD DISTRITAL DE SAMAN;Puno;;Saman;Saman;Programas presupuestales;INCREMENTO DE LA PRACTICA DE ACTIVIDADES FISICAS, DEPORTIVAS Y RECREATIVAS EN LA POBLACION PERUANA;;;Asignación por programa presupuestal;INCREMENTO DE LA PRACTICA DE ACTIVIDADES FISICAS, DEPORTIVAS Y RECREATIVAS EN LA POBLACION PERUANA;;1045000;Cultura y deporte;Localizada en Puno;No, replica los anexos 6 y 7;;No aplica;
8;ANEXO-8-2;275;2092;Gobierno local;210211;MUNICIPALIDAD DISTRITAL DE SAN ANTON;Puno;;San Anton;San Anton;Programas presupuestales;INCREMENTO DE LA PRACTICA DE ACTIVIDADES FISICAS, DEPORTIVAS Y RECREATIVAS EN LA POBLACION PERUANA;;;Asignación por programa presupuestal;INCREMENTO DE LA PRACTICA DE ACTIVIDADES FISICAS, DEPORTIVAS Y RECREATIVAS EN LA POBLACION PERUANA;;52500;Cultura y deporte;Localizada en Puno;No, replica los anexos 6 y 7;;No aplica;
8;ANEXO-8-2;275;2092;Gobierno local;210212;MUNICIPALIDAD DISTRITAL DE SAN JOSE;Puno;;San Jose;San Jose;Programas presupuestales;INCREMENTO DE LA PRACTICA DE ACTIVIDADES FISICAS, DEPORTIVAS Y RECREATIVAS EN LA POBLACION PERUANA;;;Asignación por programa presupuestal;INCREMENTO DE LA PRACTICA DE ACTIVIDADES FISICAS, DEPORTIVAS Y RECREATIVAS EN LA POBLACION PERUANA;;150000;Cultura y deporte;Localizada en Puno;No, replica los anexos 6 y 7;;No aplica;
8;ANEXO-8-2;275;2092;Gobierno local;210213;MUNICIPALIDAD DISTRITAL DE SAN JUAN DE SALINAS;Puno;;San Juan De Salinas;San Juan De Salinas;Programas presupuestales;INCREMENTO DE LA PRACTICA DE ACTIVIDADES FISICAS, DEPORTIVAS Y RECREATIVAS EN LA POBLACION PERUANA;;;Asignación por programa presupuestal;INCREMENTO DE LA PRACTICA DE ACTIVIDADES FISICAS, DEPORTIVAS Y RECREATIVAS EN LA POBLACION PERUANA;;26000;Cultura y deporte;Localizada en Puno;No, replica los anexos 6 y 7;;No aplica;
8;ANEXO-8-2;275;2092;Gobierno local;210215;MUNICIPALIDAD DISTRITAL DE TIRAPATA;Puno;;Tirapata;Tirapata;Programas presupuestales;INCREMENTO DE LA PRACTICA DE ACTIVIDADES FISICAS, DEPORTIVAS Y RECREATIVAS EN LA POBLACION PERUANA;;;Asignación por programa presupuestal;INCREMENTO DE LA PRACTICA DE ACTIVIDADES FISICAS, DEPORTIVAS Y RECREATIVAS EN LA POBLACION PERUANA;;202535;Cultura y deporte;Localizada en Puno;No, replica los anexos 6 y 7;;No aplica;
8;ANEXO-8-2;275;2092;Gobierno local;210301;MUNICIPALIDAD PROVINCIAL DE CARABAYA -MACUSANI;Puno;;Carabaya;Carabaya;Programas presupuestales;INCREMENTO DE LA PRACTICA DE ACTIVIDADES FISICAS, DEPORTIVAS Y RECREATIVAS EN LA POBLACION PERUANA;;;Asignación por programa presupuestal;INCREMENTO DE LA PRACTICA DE ACTIVIDADES FISICAS, DEPORTIVAS Y RECREATIVAS EN LA POBLACION PERUANA;;164202;Cultura y deporte;Localizada en Puno;No, replica los anexos 6 y 7;;No aplica;
8;ANEXO-8-2;275;2092;Gobierno local;210302;MUNICIPALIDAD DISTRITAL DE AJOYANI;Puno;;Ajoyani;Ajoyani;Programas presupuestales;INCREMENTO DE LA PRACTICA DE ACTIVIDADES FISICAS, DEPORTIVAS Y RECREATIVAS EN LA POBLACION PERUANA;;;Asignación por programa presupuestal;INCREMENTO DE LA PRACTICA DE ACTIVIDADES FISICAS, DEPORTIVAS Y RECREATIVAS EN LA POBLACION PERUANA;;6560;Cultura y deporte;Localizada en Puno;No, replica los anexos 6 y 7;;No aplica;
8;ANEXO-8-2;275;2092;Gobierno local;210304;MUNICIPALIDAD DISTRITAL DE COASA;Puno;;Coasa;Coasa;Programas presupuestales;INCREMENTO DE LA PRACTICA DE ACTIVIDADES FISICAS, DEPORTIVAS Y RECREATIVAS EN LA POBLACION PERUANA;;;Asignación por programa presupuestal;INCREMENTO DE LA PRACTICA DE ACTIVIDADES FISICAS, DEPORTIVAS Y RECREATIVAS EN LA POBLACION PERUANA;;399167;Cultura y deporte;Localizada en Puno;No, replica los anexos 6 y 7;;No aplica;
8;ANEXO-8-2;275;2092;Gobierno local;210305;MUNICIPALIDAD DISTRITAL DE CORANI;Puno;;Corani;Corani;Programas presupuestales;INCREMENTO DE LA PRACTICA DE ACTIVIDADES FISICAS, DEPORTIVAS Y RECREATIVAS EN LA POBLACION PERUANA;;;Asignación por programa presupuestal;INCREMENTO DE LA PRACTICA DE ACTIVIDADES FISICAS, DEPORTIVAS Y RECREATIVAS EN LA POBLACION PERUANA;;78782;Cultura y deporte;Localizada en Puno;No, replica los anexos 6 y 7;;No aplica;
8;ANEXO-8-2;275;2092;Gobierno local;210306;MUNICIPALIDAD DISTRITAL DE CRUCERO;Puno;;Crucero;Crucero;Programas presupuestales;INCREMENTO DE LA PRACTICA DE ACTIVIDADES FISICAS, DEPORTIVAS Y RECREATIVAS EN LA POBLACION PERUANA;;;Asignación por programa presupuestal;INCREMENTO DE LA PRACTICA DE ACTIVIDADES FISICAS, DEPORTIVAS Y RECREATIVAS EN LA POBLACION PERUANA;;59200;Cultura y deporte;Localizada en Puno;No, replica los anexos 6 y 7;;No aplica;
8;ANEXO-8-2;275;2092;Gobierno local;210307;MUNICIPALIDAD DISTRITAL DE ITUATA;Puno;;Ituata;Ituata;Programas presupuestales;INCREMENTO DE LA PRACTICA DE ACTIVIDADES FISICAS, DEPORTIVAS Y RECREATIVAS EN LA POBLACION PERUANA;;;Asignación por programa presupuestal;INCREMENTO DE LA PRACTICA DE ACTIVIDADES FISICAS, DEPORTIVAS Y RECREATIVAS EN LA POBLACION PERUANA;;1526005;Cultura y deporte;Localizada en Puno;No, replica los anexos 6 y 7;;No aplica;
8;ANEXO-8-2;275;2092;Gobierno local;210309;MUNICIPALIDAD DISTRITAL DE SAN GABAN;Puno;;San Gaban;San Gaban;Programas presupuestales;INCREMENTO DE LA PRACTICA DE ACTIVIDADES FISICAS, DEPORTIVAS Y RECREATIVAS EN LA POBLACION PERUANA;;;Asignación por programa presupuestal;INCREMENTO DE LA PRACTICA DE ACTIVIDADES FISICAS, DEPORTIVAS Y RECREATIVAS EN LA POBLACION PERUANA;;1216324;Cultura y deporte;Localizada en Puno;No, replica los anexos 6 y 7;;No aplica;
8;ANEXO-8-2;275;2092;Gobierno local;210310;MUNICIPALIDAD DISTRITAL DE USICAYOS;Puno;;Usicayos;Usicayos;Programas presupuestales;INCREMENTO DE LA PRACTICA DE ACTIVIDADES FISICAS, DEPORTIVAS Y RECREATIVAS EN LA POBLACION PERUANA;;;Asignación por programa presupuestal;INCREMENTO DE LA PRACTICA DE ACTIVIDADES FISICAS, DEPORTIVAS Y RECREATIVAS EN LA POBLACION PERUANA;;45000;Cultura y deporte;Localizada en Puno;No, replica los anexos 6 y 7;;No aplica;
8;ANEXO-8-2;275;2092;Gobierno local;210401;MUNICIPALIDAD PROVINCIAL DE CHUCUITO -JULI;Puno;;Chucuito;Chucuito;Programas presupuestales;INCREMENTO DE LA PRACTICA DE ACTIVIDADES FISICAS, DEPORTIVAS Y RECREATIVAS EN LA POBLACION PERUANA;;;Asignación por programa presupuestal;INCREMENTO DE LA PRACTICA DE ACTIVIDADES FISICAS, DEPORTIVAS Y RECREATIVAS EN LA POBLACION PERUANA;;274989;Cultura y deporte;Localizada en Puno;No, replica los anexos 6 y 7;;No aplica;
8;ANEXO-8-2;275;2092;Gobierno local;210402;MUNICIPALIDAD DISTRITAL DE DESAGUADERO;Puno;;Desaguadero;Desaguadero;Programas presupuestales;INCREMENTO DE LA PRACTICA DE ACTIVIDADES FISICAS, DEPORTIVAS Y RECREATIVAS EN LA POBLACION PERUANA;;;Asignación por programa presupuestal;INCREMENTO DE LA PRACTICA DE ACTIVIDADES FISICAS, DEPORTIVAS Y RECREATIVAS EN LA POBLACION PERUANA;;30000;Cultura y deporte;Localizada en Puno;No, replica los anexos 6 y 7;;No aplica;
8;ANEXO-8-2;275;2092;Gobierno local;210403;MUNICIPALIDAD DISTRITAL DE HUACULLANI;Puno;;Huacullani;Huacullani;Programas presupuestales;INCREMENTO DE LA PRACTICA DE ACTIVIDADES FISICAS, DEPORTIVAS Y RECREATIVAS EN LA POBLACION PERUANA;;;Asignación por programa presupuestal;INCREMENTO DE LA PRACTICA DE ACTIVIDADES FISICAS, DEPORTIVAS Y RECREATIVAS EN LA POBLACION PERUANA;;138500;Cultura y deporte;Localizada en Puno;No, replica los anexos 6 y 7;;No aplica;
8;ANEXO-8-2;275;2092;Gobierno local;210404;MUNICIPALIDAD DISTRITAL DE KELLUYO;Puno;;Kelluyo;Kelluyo;Programas presupuestales;INCREMENTO DE LA PRACTICA DE ACTIVIDADES FISICAS, DEPORTIVAS Y RECREATIVAS EN LA POBLACION PERUANA;;;Asignación por programa presupuestal;INCREMENTO DE LA PRACTICA DE ACTIVIDADES FISICAS, DEPORTIVAS Y RECREATIVAS EN LA POBLACION PERUANA;;150000;Cultura y deporte;Localizada en Puno;No, replica los anexos 6 y 7;;No aplica;
8;ANEXO-8-2;275;2092;Gobierno local;210405;MUNICIPALIDAD DISTRITAL DE PISACOMA;Puno;;Pisacoma;Pisacoma;Programas presupuestales;INCREMENTO DE LA PRACTICA DE ACTIVIDADES FISICAS, DEPORTIVAS Y RECREATIVAS EN LA POBLACION PERUANA;;;Asignación por programa presupuestal;INCREMENTO DE LA PRACTICA DE ACTIVIDADES FISICAS, DEPORTIVAS Y RECREATIVAS EN LA POBLACION PERUANA;;92104;Cultura y deporte;Localizada en Puno;No, replica los anexos 6 y 7;;No aplica;
8;ANEXO-8-2;275;2092;Gobierno local;210406;MUNICIPALIDAD DISTRITAL DE POMATA;Puno;;Pomata;Pomata;Programas presupuestales;INCREMENTO DE LA PRACTICA DE ACTIVIDADES FISICAS, DEPORTIVAS Y RECREATIVAS EN LA POBLACION PERUANA;;;Asignación por programa presupuestal;INCREMENTO DE LA PRACTICA DE ACTIVIDADES FISICAS, DEPORTIVAS Y RECREATIVAS EN LA POBLACION PERUANA;;262983;Cultura y deporte;Localizada en Puno;No, replica los anexos 6 y 7;;No aplica;
8;ANEXO-8-2;275;2092;Gobierno local;210407;MUNICIPALIDAD DISTRITAL DE ZEPITA;Puno;;Zepita;Zepita;Programas presupuestales;INCREMENTO DE LA PRACTICA DE ACTIVIDADES FISICAS, DEPORTIVAS Y RECREATIVAS EN LA POBLACION PERUANA;;;Asignación por programa presupuestal;INCREMENTO DE LA PRACTICA DE ACTIVIDADES FISICAS, DEPORTIVAS Y RECREATIVAS EN LA POBLACION PERUANA;;85610;Cultura y deporte;Localizada en Puno;No, replica los anexos 6 y 7;;No aplica;
8;ANEXO-8-2;275;2092;Gobierno local;210501;MUNICIPALIDAD PROVINCIAL DE EL COLLAO -ILAVE;Puno;;El Collao;El Collao;Programas presupuestales;INCREMENTO DE LA PRACTICA DE ACTIVIDADES FISICAS, DEPORTIVAS Y RECREATIVAS EN LA POBLACION PERUANA;;;Asignación por programa presupuestal;INCREMENTO DE LA PRACTICA DE ACTIVIDADES FISICAS, DEPORTIVAS Y RECREATIVAS EN LA POBLACION PERUANA;;305831;Cultura y deporte;Localizada en Puno;No, replica los anexos 6 y 7;;No aplica;
8;ANEXO-8-2;275;2092;Gobierno local;210502;MUNICIPALIDAD DISTRITAL DE CAPASO;Puno;;Capaso;Capaso;Programas presupuestales;INCREMENTO DE LA PRACTICA DE ACTIVIDADES FISICAS, DEPORTIVAS Y RECREATIVAS EN LA POBLACION PERUANA;;;Asignación por programa presupuestal;INCREMENTO DE LA PRACTICA DE ACTIVIDADES FISICAS, DEPORTIVAS Y RECREATIVAS EN LA POBLACION PERUANA;;15000;Cultura y deporte;Localizada en Puno;No, replica los anexos 6 y 7;;No aplica;
8;ANEXO-8-2;275;2092;Gobierno local;210503;MUNICIPALIDAD DISTRITAL DE PILCUYO;Puno;;Pilcuyo;Pilcuyo;Programas presupuestales;INCREMENTO DE LA PRACTICA DE ACTIVIDADES FISICAS, DEPORTIVAS Y RECREATIVAS EN LA POBLACION PERUANA;;;Asignación por programa presupuestal;INCREMENTO DE LA PRACTICA DE ACTIVIDADES FISICAS, DEPORTIVAS Y RECREATIVAS EN LA POBLACION PERUANA;;217800;Cultura y deporte;Localizada en Puno;No, replica los anexos 6 y 7;;No aplica;
8;ANEXO-8-2;275;2092;Gobierno local;210504;MUNICIPALIDAD DISTRITAL DE SANTA ROSA;Puno;;Santa Rosa;Santa Rosa;Programas presupuestales;INCREMENTO DE LA PRACTICA DE ACTIVIDADES FISICAS, DEPORTIVAS Y RECREATIVAS EN LA POBLACION PERUANA;;;Asignación por programa presupuestal;INCREMENTO DE LA PRACTICA DE ACTIVIDADES FISICAS, DEPORTIVAS Y RECREATIVAS EN LA POBLACION PERUANA;;41300;Cultura y deporte;Localizada en Puno;No, replica los anexos 6 y 7;;No aplica;
8;ANEXO-8-2;276;2093;Gobierno local;210505;MUNICIPALIDAD DISTRITAL DE CONDURIRI;Puno;;Conduriri;Conduriri;Programas presupuestales;INCREMENTO DE LA PRACTICA DE ACTIVIDADES FISICAS, DEPORTIVAS Y RECREATIVAS EN LA POBLACION PERUANA;;;Asignación por programa presupuestal;INCREMENTO DE LA PRACTICA DE ACTIVIDADES FISICAS, DEPORTIVAS Y RECREATIVAS EN LA POBLACION PERUANA;;45600;Cultura y deporte;Localizada en Puno;No, replica los anexos 6 y 7;;No aplica;
8;ANEXO-8-2;276;2093;Gobierno local;210601;MUNICIPALIDAD PROVINCIAL DE HUANCANE;Puno;;Huancane;Huancane;Programas presupuestales;INCREMENTO DE LA PRACTICA DE ACTIVIDADES FISICAS, DEPORTIVAS Y RECREATIVAS EN LA POBLACION PERUANA;;;Asignación por programa presupuestal;INCREMENTO DE LA PRACTICA DE ACTIVIDADES FISICAS, DEPORTIVAS Y RECREATIVAS EN LA POBLACION PERUANA;;1332868;Cultura y deporte;Localizada en Puno;No, replica los anexos 6 y 7;;No aplica;
8;ANEXO-8-2;276;2093;Gobierno local;210602;MUNICIPALIDAD DISTRITAL DE COJATA;Puno;;Cojata;Cojata;Programas presupuestales;INCREMENTO DE LA PRACTICA DE ACTIVIDADES FISICAS, DEPORTIVAS Y RECREATIVAS EN LA POBLACION PERUANA;;;Asignación por programa presupuestal;INCREMENTO DE LA PRACTICA DE ACTIVIDADES FISICAS, DEPORTIVAS Y RECREATIVAS EN LA POBLACION PERUANA;;15000;Cultura y deporte;Localizada en Puno;No, replica los anexos 6 y 7;;No aplica;
8;ANEXO-8-2;276;2093;Gobierno local;210603;MUNICIPALIDAD DISTRITAL DE HUATASANI;Puno;;Huatasani;Huatasani;Programas presupuestales;INCREMENTO DE LA PRACTICA DE ACTIVIDADES FISICAS, DEPORTIVAS Y RECREATIVAS EN LA POBLACION PERUANA;;;Asignación por programa presupuestal;INCREMENTO DE LA PRACTICA DE ACTIVIDADES FISICAS, DEPORTIVAS Y RECREATIVAS EN LA POBLACION PERUANA;;14000;Cultura y deporte;Localizada en Puno;No, replica los anexos 6 y 7;;No aplica;
8;ANEXO-8-2;276;2093;Gobierno local;210606;MUNICIPALIDAD DISTRITAL DE ROSASPATA;Puno;;Rosaspata;Rosaspata;Programas presupuestales;INCREMENTO DE LA PRACTICA DE ACTIVIDADES FISICAS, DEPORTIVAS Y RECREATIVAS EN LA POBLACION PERUANA;;;Asignación por programa presupuestal;INCREMENTO DE LA PRACTICA DE ACTIVIDADES FISICAS, DEPORTIVAS Y RECREATIVAS EN LA POBLACION PERUANA;;16440;Cultura y deporte;Localizada en Puno;No, replica los anexos 6 y 7;;No aplica;
8;ANEXO-8-2;276;2093;Gobierno local;210607;MUNICIPALIDAD DISTRITAL DE TARACO;Puno;;Taraco;Taraco;Programas presupuestales;INCREMENTO DE LA PRACTICA DE ACTIVIDADES FISICAS, DEPORTIVAS Y RECREATIVAS EN LA POBLACION PERUANA;;;Asignación por programa presupuestal;INCREMENTO DE LA PRACTICA DE ACTIVIDADES FISICAS, DEPORTIVAS Y RECREATIVAS EN LA POBLACION PERUANA;;152000;Cultura y deporte;Localizada en Puno;No, replica los anexos 6 y 7;;No aplica;
8;ANEXO-8-2;276;2093;Gobierno local;210608;MUNICIPALIDAD DISTRITAL DE VILQUE CHICO;Puno;;Vilque Chico;Vilque Chico;Programas presupuestales;INCREMENTO DE LA PRACTICA DE ACTIVIDADES FISICAS, DEPORTIVAS Y RECREATIVAS EN LA POBLACION PERUANA;;;Asignación por programa presupuestal;INCREMENTO DE LA PRACTICA DE ACTIVIDADES FISICAS, DEPORTIVAS Y RECREATIVAS EN LA POBLACION PERUANA;;42000;Cultura y deporte;Localizada en Puno;No, replica los anexos 6 y 7;;No aplica;
8;ANEXO-8-2;276;2093;Gobierno local;210701;MUNICIPALIDAD PROVINCIAL DE LAMPA;Puno;;Lampa;Lampa;Programas presupuestales;INCREMENTO DE LA PRACTICA DE ACTIVIDADES FISICAS, DEPORTIVAS Y RECREATIVAS EN LA POBLACION PERUANA;;;Asignación por programa presupuestal;INCREMENTO DE LA PRACTICA DE ACTIVIDADES FISICAS, DEPORTIVAS Y RECREATIVAS EN LA POBLACION PERUANA;;373251;Cultura y deporte;Localizada en Puno;No, replica los anexos 6 y 7;;No aplica;
8;ANEXO-8-2;276;2093;Gobierno local;210702;MUNICIPALIDAD DISTRITAL DE CABANILLA;Puno;;Cabanilla;Cabanilla;Programas presupuestales;INCREMENTO DE LA PRACTICA DE ACTIVIDADES FISICAS, DEPORTIVAS Y RECREATIVAS EN LA POBLACION PERUANA;;;Asignación por programa presupuestal;INCREMENTO DE LA PRACTICA DE ACTIVIDADES FISICAS, DEPORTIVAS Y RECREATIVAS EN LA POBLACION PERUANA;;687592;Cultura y deporte;Localizada en Puno;No, replica los anexos 6 y 7;;No aplica;
8;ANEXO-8-2;276;2093;Gobierno local;210703;MUNICIPALIDAD DISTRITAL DE CALAPUJA;Puno;;Calapuja;Calapuja;Programas presupuestales;INCREMENTO DE LA PRACTICA DE ACTIVIDADES FISICAS, DEPORTIVAS Y RECREATIVAS EN LA POBLACION PERUANA;;;Asignación por programa presupuestal;INCREMENTO DE LA PRACTICA DE ACTIVIDADES FISICAS, DEPORTIVAS Y RECREATIVAS EN LA POBLACION PERUANA;;356195;Cultura y deporte;Localizada en Puno;No, replica los anexos 6 y 7;;No aplica;
8;ANEXO-8-2;276;2093;Gobierno local;210704;MUNICIPALIDAD DISTRITAL DE NICASIO;Puno;;Nicasio;Nicasio;Programas presupuestales;INCREMENTO DE LA PRACTICA DE ACTIVIDADES FISICAS, DEPORTIVAS Y RECREATIVAS EN LA POBLACION PERUANA;;;Asignación por programa presupuestal;INCREMENTO DE LA PRACTICA DE ACTIVIDADES FISICAS, DEPORTIVAS Y RECREATIVAS EN LA POBLACION PERUANA;;65000;Cultura y deporte;Localizada en Puno;No, replica los anexos 6 y 7;;No aplica;
8;ANEXO-8-2;276;2093;Gobierno local;210705;MUNICIPALIDAD DISTRITAL DE OCUVIRI;Puno;;Ocuviri;Ocuviri;Programas presupuestales;INCREMENTO DE LA PRACTICA DE ACTIVIDADES FISICAS, DEPORTIVAS Y RECREATIVAS EN LA POBLACION PERUANA;;;Asignación por programa presupuestal;INCREMENTO DE LA PRACTICA DE ACTIVIDADES FISICAS, DEPORTIVAS Y RECREATIVAS EN LA POBLACION PERUANA;;961616;Cultura y deporte;Localizada en Puno;No, replica los anexos 6 y 7;;No aplica;
8;ANEXO-8-2;276;2093;Gobierno local;210706;MUNICIPALIDAD DISTRITAL DE PALCA;Puno;;Palca;Palca;Programas presupuestales;INCREMENTO DE LA PRACTICA DE ACTIVIDADES FISICAS, DEPORTIVAS Y RECREATIVAS EN LA POBLACION PERUANA;;;Asignación por programa presupuestal;INCREMENTO DE LA PRACTICA DE ACTIVIDADES FISICAS, DEPORTIVAS Y RECREATIVAS EN LA POBLACION PERUANA;;35638;Cultura y deporte;Localizada en Puno;No, replica los anexos 6 y 7;;No aplica;
8;ANEXO-8-2;276;2093;Gobierno local;210707;MUNICIPALIDAD DISTRITAL DE PARATIA;Puno;;Paratia;Paratia;Programas presupuestales;INCREMENTO DE LA PRACTICA DE ACTIVIDADES FISICAS, DEPORTIVAS Y RECREATIVAS EN LA POBLACION PERUANA;;;Asignación por programa presupuestal;INCREMENTO DE LA PRACTICA DE ACTIVIDADES FISICAS, DEPORTIVAS Y RECREATIVAS EN LA POBLACION PERUANA;;27300;Cultura y deporte;Localizada en Puno;No, replica los anexos 6 y 7;;No aplica;
8;ANEXO-8-2;276;2093;Gobierno local;210708;MUNICIPALIDAD DISTRITAL DE PUCARA;Puno;;Pucara;Pucara;Programas presupuestales;INCREMENTO DE LA PRACTICA DE ACTIVIDADES FISICAS, DEPORTIVAS Y RECREATIVAS EN LA POBLACION PERUANA;;;Asignación por programa presupuestal;INCREMENTO DE LA PRACTICA DE ACTIVIDADES FISICAS, DEPORTIVAS Y RECREATIVAS EN LA POBLACION PERUANA;;4250;Cultura y deporte;Localizada en Puno;No, replica los anexos 6 y 7;;No aplica;
8;ANEXO-8-2;276;2093;Gobierno local;210709;MUNICIPALIDAD DISTRITAL DE SANTA LUCIA;Puno;;Santa Lucia;Santa Lucia;Programas presupuestales;INCREMENTO DE LA PRACTICA DE ACTIVIDADES FISICAS, DEPORTIVAS Y RECREATIVAS EN LA POBLACION PERUANA;;;Asignación por programa presupuestal;INCREMENTO DE LA PRACTICA DE ACTIVIDADES FISICAS, DEPORTIVAS Y RECREATIVAS EN LA POBLACION PERUANA;;55200;Cultura y deporte;Localizada en Puno;No, replica los anexos 6 y 7;;No aplica;
8;ANEXO-8-2;276;2093;Gobierno local;210710;MUNICIPALIDAD DISTRITAL DE VILAVILA;Puno;;Vilavila;Vilavila;Programas presupuestales;INCREMENTO DE LA PRACTICA DE ACTIVIDADES FISICAS, DEPORTIVAS Y RECREATIVAS EN LA POBLACION PERUANA;;;Asignación por programa presupuestal;INCREMENTO DE LA PRACTICA DE ACTIVIDADES FISICAS, DEPORTIVAS Y RECREATIVAS EN LA POBLACION PERUANA;;16000;Cultura y deporte;Localizada en Puno;No, replica los anexos 6 y 7;;No aplica;
8;ANEXO-8-2;276;2093;Gobierno local;210801;MUNICIPALIDAD PROVINCIAL DE MELGAR -AYAVIRI;Puno;;Melgar;Melgar;Programas presupuestales;INCREMENTO DE LA PRACTICA DE ACTIVIDADES FISICAS, DEPORTIVAS Y RECREATIVAS EN LA POBLACION PERUANA;;;Asignación por programa presupuestal;INCREMENTO DE LA PRACTICA DE ACTIVIDADES FISICAS, DEPORTIVAS Y RECREATIVAS EN LA POBLACION PERUANA;;487281;Cultura y deporte;Localizada en Puno;No, replica los anexos 6 y 7;;No aplica;
8;ANEXO-8-2;276;2093;Gobierno local;210803;MUNICIPALIDAD DISTRITAL DE CUPI;Puno;;Cupi;Cupi;Programas presupuestales;INCREMENTO DE LA PRACTICA DE ACTIVIDADES FISICAS, DEPORTIVAS Y RECREATIVAS EN LA POBLACION PERUANA;;;Asignación por programa presupuestal;INCREMENTO DE LA PRACTICA DE ACTIVIDADES FISICAS, DEPORTIVAS Y RECREATIVAS EN LA POBLACION PERUANA;;2000;Cultura y deporte;Localizada en Puno;No, replica los anexos 6 y 7;;No aplica;
8;ANEXO-8-2;276;2093;Gobierno local;210804;MUNICIPALIDAD DISTRITAL DE LLALLI;Puno;;Llalli;Llalli;Programas presupuestales;INCREMENTO DE LA PRACTICA DE ACTIVIDADES FISICAS, DEPORTIVAS Y RECREATIVAS EN LA POBLACION PERUANA;;;Asignación por programa presupuestal;INCREMENTO DE LA PRACTICA DE ACTIVIDADES FISICAS, DEPORTIVAS Y RECREATIVAS EN LA POBLACION PERUANA;;207630;Cultura y deporte;Localizada en Puno;No, replica los anexos 6 y 7;;No aplica;
8;ANEXO-8-2;276;2093;Gobierno local;210805;MUNICIPALIDAD DISTRITAL DE MACARI;Puno;;Macari;Macari;Programas presupuestales;INCREMENTO DE LA PRACTICA DE ACTIVIDADES FISICAS, DEPORTIVAS Y RECREATIVAS EN LA POBLACION PERUANA;;;Asignación por programa presupuestal;INCREMENTO DE LA PRACTICA DE ACTIVIDADES FISICAS, DEPORTIVAS Y RECREATIVAS EN LA POBLACION PERUANA;;51690;Cultura y deporte;Localizada en Puno;No, replica los anexos 6 y 7;;No aplica;
8;ANEXO-8-2;276;2093;Gobierno local;210807;MUNICIPALIDAD DISTRITAL DE ORURILLO;Puno;;Orurillo;Orurillo;Programas presupuestales;INCREMENTO DE LA PRACTICA DE ACTIVIDADES FISICAS, DEPORTIVAS Y RECREATIVAS EN LA POBLACION PERUANA;;;Asignación por programa presupuestal;INCREMENTO DE LA PRACTICA DE ACTIVIDADES FISICAS, DEPORTIVAS Y RECREATIVAS EN LA POBLACION PERUANA;;19000;Cultura y deporte;Localizada en Puno;No, replica los anexos 6 y 7;;No aplica;
8;ANEXO-8-2;276;2093;Gobierno local;210808;MUNICIPALIDAD DISTRITAL DE SANTA ROSA;Puno;;Santa Rosa;Santa Rosa;Programas presupuestales;INCREMENTO DE LA PRACTICA DE ACTIVIDADES FISICAS, DEPORTIVAS Y RECREATIVAS EN LA POBLACION PERUANA;;;Asignación por programa presupuestal;INCREMENTO DE LA PRACTICA DE ACTIVIDADES FISICAS, DEPORTIVAS Y RECREATIVAS EN LA POBLACION PERUANA;;32136;Cultura y deporte;Localizada en Puno;No, replica los anexos 6 y 7;;No aplica;
8;ANEXO-8-2;276;2093;Gobierno local;210809;MUNICIPALIDAD DISTRITAL DE UMACHIRI;Puno;;Umachiri;Umachiri;Programas presupuestales;INCREMENTO DE LA PRACTICA DE ACTIVIDADES FISICAS, DEPORTIVAS Y RECREATIVAS EN LA POBLACION PERUANA;;;Asignación por programa presupuestal;INCREMENTO DE LA PRACTICA DE ACTIVIDADES FISICAS, DEPORTIVAS Y RECREATIVAS EN LA POBLACION PERUANA;;35900;Cultura y deporte;Localizada en Puno;No, replica los anexos 6 y 7;;No aplica;
8;ANEXO-8-2;276;2093;Gobierno local;210901;MUNICIPALIDAD PROVINCIAL DE MOHO;Puno;;Moho;Moho;Programas presupuestales;INCREMENTO DE LA PRACTICA DE ACTIVIDADES FISICAS, DEPORTIVAS Y RECREATIVAS EN LA POBLACION PERUANA;;;Asignación por programa presupuestal;INCREMENTO DE LA PRACTICA DE ACTIVIDADES FISICAS, DEPORTIVAS Y RECREATIVAS EN LA POBLACION PERUANA;;47325;Cultura y deporte;Localizada en Puno;No, replica los anexos 6 y 7;;No aplica;
8;ANEXO-8-2;276;2093;Gobierno local;210902;MUNICIPALIDAD DISTRITAL DE CONIMA;Puno;;Conima;Conima;Programas presupuestales;INCREMENTO DE LA PRACTICA DE ACTIVIDADES FISICAS, DEPORTIVAS Y RECREATIVAS EN LA POBLACION PERUANA;;;Asignación por programa presupuestal;INCREMENTO DE LA PRACTICA DE ACTIVIDADES FISICAS, DEPORTIVAS Y RECREATIVAS EN LA POBLACION PERUANA;;15000;Cultura y deporte;Localizada en Puno;No, replica los anexos 6 y 7;;No aplica;
8;ANEXO-8-2;276;2093;Gobierno local;210904;MUNICIPALIDAD DISTRITAL DE TILALI;Puno;;Tilali;Tilali;Programas presupuestales;INCREMENTO DE LA PRACTICA DE ACTIVIDADES FISICAS, DEPORTIVAS Y RECREATIVAS EN LA POBLACION PERUANA;;;Asignación por programa presupuestal;INCREMENTO DE LA PRACTICA DE ACTIVIDADES FISICAS, DEPORTIVAS Y RECREATIVAS EN LA POBLACION PERUANA;;8000;Cultura y deporte;Localizada en Puno;No, replica los anexos 6 y 7;;No aplica;
8;ANEXO-8-2;276;2093;Gobierno local;211001;MUNICIPALIDAD PROVINCIAL DE SAN ANTONIO DE PUTINA -PUTINA;Puno;;San Antonio De Putina;San Antonio De Putina;Programas presupuestales;INCREMENTO DE LA PRACTICA DE ACTIVIDADES FISICAS, DEPORTIVAS Y RECREATIVAS EN LA POBLACION PERUANA;;;Asignación por programa presupuestal;INCREMENTO DE LA PRACTICA DE ACTIVIDADES FISICAS, DEPORTIVAS Y RECREATIVAS EN LA POBLACION PERUANA;;139202;Cultura y deporte;Localizada en Puno;No, replica los anexos 6 y 7;;No aplica;
8;ANEXO-8-2;276;2093;Gobierno local;211003;MUNICIPALIDAD DISTRITAL DE PEDRO VILCA APAZA;Puno;;Pedro Vilca Apaza;Pedro Vilca Apaza;Programas presupuestales;INCREMENTO DE LA PRACTICA DE ACTIVIDADES FISICAS, DEPORTIVAS Y RECREATIVAS EN LA POBLACION PERUANA;;;Asignación por programa presupuestal;INCREMENTO DE LA PRACTICA DE ACTIVIDADES FISICAS, DEPORTIVAS Y RECREATIVAS EN LA POBLACION PERUANA;;20400;Cultura y deporte;Localizada en Puno;No, replica los anexos 6 y 7;;No aplica;
8;ANEXO-8-2;276;2093;Gobierno local;211004;MUNICIPALIDAD DISTRITAL DE QUILCAPUNCU;Puno;;Quilcapuncu;Quilcapuncu;Programas presupuestales;INCREMENTO DE LA PRACTICA DE ACTIVIDADES FISICAS, DEPORTIVAS Y RECREATIVAS EN LA POBLACION PERUANA;;;Asignación por programa presupuestal;INCREMENTO DE LA PRACTICA DE ACTIVIDADES FISICAS, DEPORTIVAS Y RECREATIVAS EN LA POBLACION PERUANA;;29000;Cultura y deporte;Localizada en Puno;No, replica los anexos 6 y 7;;No aplica;
8;ANEXO-8-2;276;2093;Gobierno local;211005;MUNICIPALIDAD DISTRITAL DE SIMA;Puno;;Sima;Sima;Programas presupuestales;INCREMENTO DE LA PRACTICA DE ACTIVIDADES FISICAS, DEPORTIVAS Y RECREATIVAS EN LA POBLACION PERUANA;;;Asignación por programa presupuestal;INCREMENTO DE LA PRACTICA DE ACTIVIDADES FISICAS, DEPORTIVAS Y RECREATIVAS EN LA POBLACION PERUANA;;57500;Cultura y deporte;Localizada en Puno;No, replica los anexos 6 y 7;;No aplica;
8;ANEXO-8-2;276;2093;Gobierno local;211101;MUNICIPALIDAD PROVINCIAL DE SAN ROMAN -JULIACA;Puno;;San Roman;San Roman;Programas presupuestales;INCREMENTO DE LA PRACTICA DE ACTIVIDADES FISICAS, DEPORTIVAS Y RECREATIVAS EN LA POBLACION PERUANA;;;Asignación por programa presupuestal;INCREMENTO DE LA PRACTICA DE ACTIVIDADES FISICAS, DEPORTIVAS Y RECREATIVAS EN LA POBLACION PERUANA;;3676230;Cultura y deporte;Localizada en Puno;No, replica los anexos 6 y 7;;No aplica;
8;ANEXO-8-2;276;2093;Gobierno local;211102;MUNICIPALIDAD DISTRITAL DE CABANA;Puno;;Cabana;Cabana;Programas presupuestales;INCREMENTO DE LA PRACTICA DE ACTIVIDADES FISICAS, DEPORTIVAS Y RECREATIVAS EN LA POBLACION PERUANA;;;Asignación por programa presupuestal;INCREMENTO DE LA PRACTICA DE ACTIVIDADES FISICAS, DEPORTIVAS Y RECREATIVAS EN LA POBLACION PERUANA;;35000;Cultura y deporte;Localizada en Puno;No, replica los anexos 6 y 7;;No aplica;
8;ANEXO-8-2;276;2093;Gobierno local;211103;MUNICIPALIDAD DISTRITAL DE CABANILLAS;Puno;;Cabanillas;Cabanillas;Programas presupuestales;INCREMENTO DE LA PRACTICA DE ACTIVIDADES FISICAS, DEPORTIVAS Y RECREATIVAS EN LA POBLACION PERUANA;;;Asignación por programa presupuestal;INCREMENTO DE LA PRACTICA DE ACTIVIDADES FISICAS, DEPORTIVAS Y RECREATIVAS EN LA POBLACION PERUANA;;44900;Cultura y deporte;Localizada en Puno;No, replica los anexos 6 y 7;;No aplica;
8;ANEXO-8-2;277;2094;Gobierno local;211104;MUNICIPALIDAD DISTRITAL DE CARACOTO;Puno;;Caracoto;Caracoto;Programas presupuestales;INCREMENTO DE LA PRACTICA DE ACTIVIDADES FISICAS, DEPORTIVAS Y RECREATIVAS EN LA POBLACION PERUANA;;;Asignación por programa presupuestal;INCREMENTO DE LA PRACTICA DE ACTIVIDADES FISICAS, DEPORTIVAS Y RECREATIVAS EN LA POBLACION PERUANA;;500000;Cultura y deporte;Localizada en Puno;No, replica los anexos 6 y 7;;No aplica;
8;ANEXO-8-2;277;2094;Gobierno local;211105;MUNICIPALIDAD DISTRITAL DE SAN MIGUEL;Puno;;San Miguel;San Miguel;Programas presupuestales;INCREMENTO DE LA PRACTICA DE ACTIVIDADES FISICAS, DEPORTIVAS Y RECREATIVAS EN LA POBLACION PERUANA;;;Asignación por programa presupuestal;INCREMENTO DE LA PRACTICA DE ACTIVIDADES FISICAS, DEPORTIVAS Y RECREATIVAS EN LA POBLACION PERUANA;;85004;Cultura y deporte;Localizada en Puno;No, replica los anexos 6 y 7;;No aplica;
8;ANEXO-8-2;277;2094;Gobierno local;211201;MUNICIPALIDAD PROVINCIAL DE SANDIA;Puno;;Sandia;Sandia;Programas presupuestales;INCREMENTO DE LA PRACTICA DE ACTIVIDADES FISICAS, DEPORTIVAS Y RECREATIVAS EN LA POBLACION PERUANA;;;Asignación por programa presupuestal;INCREMENTO DE LA PRACTICA DE ACTIVIDADES FISICAS, DEPORTIVAS Y RECREATIVAS EN LA POBLACION PERUANA;;1642344;Cultura y deporte;Localizada en Puno;No, replica los anexos 6 y 7;;No aplica;
8;ANEXO-8-2;277;2094;Gobierno local;211202;MUNICIPALIDAD DISTRITAL DE CUYOCUYO;Puno;;Cuyocuyo;Cuyocuyo;Programas presupuestales;INCREMENTO DE LA PRACTICA DE ACTIVIDADES FISICAS, DEPORTIVAS Y RECREATIVAS EN LA POBLACION PERUANA;;;Asignación por programa presupuestal;INCREMENTO DE LA PRACTICA DE ACTIVIDADES FISICAS, DEPORTIVAS Y RECREATIVAS EN LA POBLACION PERUANA;;1206526;Cultura y deporte;Localizada en Puno;No, replica los anexos 6 y 7;;No aplica;
8;ANEXO-8-2;277;2094;Gobierno local;211206;MUNICIPALIDAD DISTRITAL DE QUIACA;Puno;;Quiaca;Quiaca;Programas presupuestales;INCREMENTO DE LA PRACTICA DE ACTIVIDADES FISICAS, DEPORTIVAS Y RECREATIVAS EN LA POBLACION PERUANA;;;Asignación por programa presupuestal;INCREMENTO DE LA PRACTICA DE ACTIVIDADES FISICAS, DEPORTIVAS Y RECREATIVAS EN LA POBLACION PERUANA;;5000;Cultura y deporte;Localizada en Puno;No, replica los anexos 6 y 7;;No aplica;
8;ANEXO-8-2;277;2094;Gobierno local;211207;MUNICIPALIDAD DISTRITAL DE SAN JUAN DEL ORO;Puno;;San Juan Del Oro;San Juan Del Oro;Programas presupuestales;INCREMENTO DE LA PRACTICA DE ACTIVIDADES FISICAS, DEPORTIVAS Y RECREATIVAS EN LA POBLACION PERUANA;;;Asignación por programa presupuestal;INCREMENTO DE LA PRACTICA DE ACTIVIDADES FISICAS, DEPORTIVAS Y RECREATIVAS EN LA POBLACION PERUANA;;4000;Cultura y deporte;Localizada en Puno;No, replica los anexos 6 y 7;;No aplica;
8;ANEXO-8-2;277;2094;Gobierno local;211208;MUNICIPALIDAD DISTRITAL DE YANAHUAYA;Puno;;Yanahuaya;Yanahuaya;Programas presupuestales;INCREMENTO DE LA PRACTICA DE ACTIVIDADES FISICAS, DEPORTIVAS Y RECREATIVAS EN LA POBLACION PERUANA;;;Asignación por programa presupuestal;INCREMENTO DE LA PRACTICA DE ACTIVIDADES FISICAS, DEPORTIVAS Y RECREATIVAS EN LA POBLACION PERUANA;;8700;Cultura y deporte;Localizada en Puno;No, replica los anexos 6 y 7;;No aplica;
8;ANEXO-8-2;277;2094;Gobierno local;211209;MUNICIPALIDAD DISTRITAL DE ALTO INAMBARI;Puno;;Alto Inambari;Alto Inambari;Programas presupuestales;INCREMENTO DE LA PRACTICA DE ACTIVIDADES FISICAS, DEPORTIVAS Y RECREATIVAS EN LA POBLACION PERUANA;;;Asignación por programa presupuestal;INCREMENTO DE LA PRACTICA DE ACTIVIDADES FISICAS, DEPORTIVAS Y RECREATIVAS EN LA POBLACION PERUANA;;48000;Cultura y deporte;Localizada en Puno;No, replica los anexos 6 y 7;;No aplica;
8;ANEXO-8-2;277;2094;Gobierno local;211210;MUNICIPALIDAD DISTRITAL DE SAN PEDRO DE PUTINA PUNCO;Puno;;San Pedro De Putina Punco;San Pedro De Putina Punco;Programas presupuestales;INCREMENTO DE LA PRACTICA DE ACTIVIDADES FISICAS, DEPORTIVAS Y RECREATIVAS EN LA POBLACION PERUANA;;;Asignación por programa presupuestal;INCREMENTO DE LA PRACTICA DE ACTIVIDADES FISICAS, DEPORTIVAS Y RECREATIVAS EN LA POBLACION PERUANA;;550497;Cultura y deporte;Localizada en Puno;No, replica los anexos 6 y 7;;No aplica;
8;ANEXO-8-2;277;2094;Gobierno local;211301;MUNICIPALIDAD PROVINCIAL DE YUNGUYO;Puno;;Yunguyo;Yunguyo;Programas presupuestales;INCREMENTO DE LA PRACTICA DE ACTIVIDADES FISICAS, DEPORTIVAS Y RECREATIVAS EN LA POBLACION PERUANA;;;Asignación por programa presupuestal;INCREMENTO DE LA PRACTICA DE ACTIVIDADES FISICAS, DEPORTIVAS Y RECREATIVAS EN LA POBLACION PERUANA;;991949;Cultura y deporte;Localizada en Puno;No, replica los anexos 6 y 7;;No aplica;
8;ANEXO-8-2;277;2094;Gobierno local;211302;MUNICIPALIDAD DISTRITAL DE ANAPIA;Puno;;Anapia;Anapia;Programas presupuestales;INCREMENTO DE LA PRACTICA DE ACTIVIDADES FISICAS, DEPORTIVAS Y RECREATIVAS EN LA POBLACION PERUANA;;;Asignación por programa presupuestal;INCREMENTO DE LA PRACTICA DE ACTIVIDADES FISICAS, DEPORTIVAS Y RECREATIVAS EN LA POBLACION PERUANA;;17700;Cultura y deporte;Localizada en Puno;No, replica los anexos 6 y 7;;No aplica;
8;ANEXO-8-2;277;2094;Gobierno local;211303;MUNICIPALIDAD DISTRITAL DE COPAN';Puno;;Copan';Copan';Programas presupuestales;INCREMENTO DE LA PRACTICA DE ACTIVIDADES FISICAS, DEPORTIVAS Y RECREATIVAS EN LA POBLACION PERUANA;;;Asignación por programa presupuestal;INCREMENTO DE LA PRACTICA DE ACTIVIDADES FISICAS, DEPORTIVAS Y RECREATIVAS EN LA POBLACION PERUANA;;52000;Cultura y deporte;Localizada en Puno;No, replica los anexos 6 y 7;;No aplica;
8;ANEXO-8-2;277;2094;Gobierno local;211304;MUNICIPALIDAD DISTRITAL DE CUTURAPI;Puno;;Cuturapi;Cuturapi;Programas presupuestales;INCREMENTO DE LA PRACTICA DE ACTIVIDADES FISICAS, DEPORTIVAS Y RECREATIVAS EN LA POBLACION PERUANA;;;Asignación por programa presupuestal;INCREMENTO DE LA PRACTICA DE ACTIVIDADES FISICAS, DEPORTIVAS Y RECREATIVAS EN LA POBLACION PERUANA;;7500;Cultura y deporte;Localizada en Puno;No, replica los anexos 6 y 7;;No aplica;
8;ANEXO-8-2;277;2094;Gobierno local;211305;MUNICIPALIDAD DISTRITAL DE OLLARAYA;Puno;;Ollaraya;Ollaraya;Programas presupuestales;INCREMENTO DE LA PRACTICA DE ACTIVIDADES FISICAS, DEPORTIVAS Y RECREATIVAS EN LA POBLACION PERUANA;;;Asignación por programa presupuestal;INCREMENTO DE LA PRACTICA DE ACTIVIDADES FISICAS, DEPORTIVAS Y RECREATIVAS EN LA POBLACION PERUANA;;38000;Cultura y deporte;Localizada en Puno;No, replica los anexos 6 y 7;;No aplica;
8;ANEXO-8-2;277;2094;Gobierno local;211306;MUNICIPALIDAD DISTRITAL DE TINICACHI;Puno;;Tinicachi;Tinicachi;Programas presupuestales;INCREMENTO DE LA PRACTICA DE ACTIVIDADES FISICAS, DEPORTIVAS Y RECREATIVAS EN LA POBLACION PERUANA;;;Asignación por programa presupuestal;INCREMENTO DE LA PRACTICA DE ACTIVIDADES FISICAS, DEPORTIVAS Y RECREATIVAS EN LA POBLACION PERUANA;;15000;Cultura y deporte;Localizada en Puno;No, replica los anexos 6 y 7;;No aplica;
8;ANEXO-8-2;277;2094;Gobierno local;211307;MUNICIPALIDAD DISTRITAL DE UNICACHI;Puno;;Unicachi;Unicachi;Programas presupuestales;INCREMENTO DE LA PRACTICA DE ACTIVIDADES FISICAS, DEPORTIVAS Y RECREATIVAS EN LA POBLACION PERUANA;;;Asignación por programa presupuestal;INCREMENTO DE LA PRACTICA DE ACTIVIDADES FISICAS, DEPORTIVAS Y RECREATIVAS EN LA POBLACION PERUANA;;113500;Cultura y deporte;Localizada en Puno;No, replica los anexos 6 y 7;;No aplica;
8;ANEXO-8-2;280;2097;Gobierno regional;458;GOBIERNO REGIONAL DEL DEPARTAMENTO DE PUNO;Puno;;;;Programas presupuestales;FORTALECIMIENTO DE LAS CONDICIONES LABORALES;;;Asignación por programa presupuestal;FORTALECIMIENTO DE LAS CONDICIONES LABORALES;;1543103;Trabajo;Localizada en Puno;No, replica los anexos 6 y 7;;No aplica;
8;ANEXO-8-2;284;2101;Gobierno regional;458;GOBIERNO REGIONAL DEL DEPARTAMENTO DE PUNO;Puno;;;;Programas presupuestales;REDUCCION DE LA MORTALIDAD POR EMERGENCIAS Y URGENCIAS MEDICAS;;;Asignación por programa presupuestal;REDUCCION DE LA MORTALIDAD POR EMERGENCIAS Y URGENCIAS MEDICAS;;6260663;Salud;Localizada en Puno;No, replica los anexos 6 y 7;;No aplica;
8;ANEXO-8-2;286;2103;Gobierno regional;458;GOBIERNO REGIONAL DEL DEPARTAMENTO DE PUNO;Puno;;;;Programas presupuestales;INCLUSION DE NIÑOS, NIÑAS Y JOVENES CON DISCAPACIDAD EN LA EDUCACION BASICA Y TECNICO PRODUCTIVA;;;Asignación por programa presupuestal;INCLUSION DE NIÑOS, NIÑAS Y JOVENES CON DISCAPACIDAD EN LA EDUCACION BASICA Y TECNICO PRODUCTIVA;;8536613;Educación;Localizada en Puno;No, replica los anexos 6 y 7;;No aplica;
8;ANEXO-8-2;289;2106;Gobierno regional;458;GOBIERNO REGIONAL DEL DEPARTAMENTO DE PUNO;Puno;;;;Programas presupuestales;MEJORA DE LA FORMACION EN CARRERAS DOCENTES EN INSTITUTOS DE EDUCACION SUPERIOR NO UNIVERSITARIA;;;Asignación por programa presupuestal;MEJORA DE LA FORMACION EN CARRERAS DOCENTES EN INSTITUTOS DE EDUCACION SUPERIOR NO UNIVERSITARIA;;23324802;Educación;Localizada en Puno;No, replica los anexos 6 y 7;;No aplica;
8;ANEXO-8-2;294;2111;Gobierno local;210301;MUNICIPALIDAD PROVINCIAL DE CARABAYA -MACUSANI;Puno;;Carabaya;Carabaya;Programas presupuestales;NUESTRAS CIUDADES;;;Asignación por programa presupuestal;NUESTRAS CIUDADES;;78787;Vivienda y desarrollo urbano;Localizada en Puno;No, replica los anexos 6 y 7;;No aplica;
8;ANEXO-8-2;294;2111;Gobierno local;210601;MUNICIPALIDAD PROVINCIAL DE HUANCANE;Puno;;Huancane;Huancane;Programas presupuestales;NUESTRAS CIUDADES;;;Asignación por programa presupuestal;NUESTRAS CIUDADES;;716176;Vivienda y desarrollo urbano;Localizada en Puno;No, replica los anexos 6 y 7;;No aplica;
8;ANEXO-8-2;294;2111;Gobierno local;211105;MUNICIPALIDAD DISTRITAL DE SAN MIGUEL;Puno;;San Miguel;San Miguel;Programas presupuestales;NUESTRAS CIUDADES;;;Asignación por programa presupuestal;NUESTRAS CIUDADES;;2632153;Vivienda y desarrollo urbano;Localizada en Puno;No, replica los anexos 6 y 7;;No aplica;
8;ANEXO-8-2;301;2118;Gobierno regional;458;GOBIERNO REGIONAL DEL DEPARTAMENTO DE PUNO;Puno;;;;Programas presupuestales;PROGRAMA NACIONAL DE ALIMENTACION ESCOLAR;;;Asignación por programa presupuestal;PROGRAMA NACIONAL DE ALIMENTACION ESCOLAR;;103117;Sin clasificar;Localizada en Puno;No, replica los anexos 6 y 7;;No aplica;
8;ANEXO-8-2;304;2121;Gobierno regional;458;GOBIERNO REGIONAL DEL DEPARTAMENTO DE PUNO;Puno;;;;Programas presupuestales;ATENCION OPORTUNA DE NIÑAS, NIÑOS Y ADOLESCENTES EN PRESUNTO ESTADO DE ABANDONO;;;Asignación por programa presupuestal;ATENCION OPORTUNA DE NIÑAS, NIÑOS Y ADOLESCENTES EN PRESUNTO ESTADO DE ABANDONO;;1772806;Protección social;Localizada en Puno;No, replica los anexos 6 y 7;;No aplica;
8;ANEXO-8-2;314;2131;Gobierno local;210101;MUNICIPALIDAD PROVINCIAL DE PUNO;Puno;;Puno;Puno;Programas presupuestales;ATENCION OPORTUNA DE NIÑAS, NIÑOS Y ADOLESCENTES EN PRESUNTO ESTADO DE ABANDONO;;;Asignación por programa presupuestal;ATENCION OPORTUNA DE NIÑAS, NIÑOS Y ADOLESCENTES EN PRESUNTO ESTADO DE ABANDONO;;318573;Protección social;Localizada en Puno;No, replica los anexos 6 y 7;;No aplica;
8;ANEXO-8-2;314;2131;Gobierno local;210201;MUNICIPALIDAD PROVINCIAL DE AZANGARO;Puno;;Azangaro;Azangaro;Programas presupuestales;ATENCION OPORTUNA DE NIÑAS, NIÑOS Y ADOLESCENTES EN PRESUNTO ESTADO DE ABANDONO;;;Asignación por programa presupuestal;ATENCION OPORTUNA DE NIÑAS, NIÑOS Y ADOLESCENTES EN PRESUNTO ESTADO DE ABANDONO;;153151;Protección social;Localizada en Puno;No, replica los anexos 6 y 7;;No aplica;
8;ANEXO-8-2;314;2131;Gobierno local;210304;MUNICIPALIDAD DISTRITAL DE COASA;Puno;;Coasa;Coasa;Programas presupuestales;ATENCION OPORTUNA DE NIÑAS, NIÑOS Y ADOLESCENTES EN PRESUNTO ESTADO DE ABANDONO;;;Asignación por programa presupuestal;ATENCION OPORTUNA DE NIÑAS, NIÑOS Y ADOLESCENTES EN PRESUNTO ESTADO DE ABANDONO;;30000;Protección social;Localizada en Puno;No, replica los anexos 6 y 7;;No aplica;
8;ANEXO-8-2;314;2131;Gobierno local;210306;MUNICIPALIDAD DISTRITAL DE CRUCERO;Puno;;Crucero;Crucero;Programas presupuestales;ATENCION OPORTUNA DE NIÑAS, NIÑOS Y ADOLESCENTES EN PRESUNTO ESTADO DE ABANDONO;;;Asignación por programa presupuestal;ATENCION OPORTUNA DE NIÑAS, NIÑOS Y ADOLESCENTES EN PRESUNTO ESTADO DE ABANDONO;;78430;Protección social;Localizada en Puno;No, replica los anexos 6 y 7;;No aplica;
8;ANEXO-8-2;314;2131;Gobierno local;210407;MUNICIPALIDAD DISTRITAL DE ZEPITA;Puno;;Zepita;Zepita;Programas presupuestales;ATENCION OPORTUNA DE NIÑAS, NIÑOS Y ADOLESCENTES EN PRESUNTO ESTADO DE ABANDONO;;;Asignación por programa presupuestal;ATENCION OPORTUNA DE NIÑAS, NIÑOS Y ADOLESCENTES EN PRESUNTO ESTADO DE ABANDONO;;42730;Protección social;Localizada en Puno;No, replica los anexos 6 y 7;;No aplica;
8;ANEXO-8-2;314;2131;Gobierno local;210608;MUNICIPALIDAD DISTRITAL DE VILQUE CHICO;Puno;;Vilque Chico;Vilque Chico;Programas presupuestales;ATENCION OPORTUNA DE NIÑAS, NIÑOS Y ADOLESCENTES EN PRESUNTO ESTADO DE ABANDONO;;;Asignación por programa presupuestal;ATENCION OPORTUNA DE NIÑAS, NIÑOS Y ADOLESCENTES EN PRESUNTO ESTADO DE ABANDONO;;16500;Protección social;Localizada en Puno;No, replica los anexos 6 y 7;;No aplica;
8;ANEXO-8-2;314;2131;Gobierno local;210801;MUNICIPALIDAD PROVINCIAL DE MELGAR -AYAVIRI;Puno;;Melgar;Melgar;Programas presupuestales;ATENCION OPORTUNA DE NIÑAS, NIÑOS Y ADOLESCENTES EN PRESUNTO ESTADO DE ABANDONO;;;Asignación por programa presupuestal;ATENCION OPORTUNA DE NIÑAS, NIÑOS Y ADOLESCENTES EN PRESUNTO ESTADO DE ABANDONO;;166732;Protección social;Localizada en Puno;No, replica los anexos 6 y 7;;No aplica;
8;ANEXO-8-2;314;2131;Gobierno local;210805;MUNICIPALIDAD DISTRITAL DE MACARI;Puno;;Macari;Macari;Programas presupuestales;ATENCION OPORTUNA DE NIÑAS, NIÑOS Y ADOLESCENTES EN PRESUNTO ESTADO DE ABANDONO;;;Asignación por programa presupuestal;ATENCION OPORTUNA DE NIÑAS, NIÑOS Y ADOLESCENTES EN PRESUNTO ESTADO DE ABANDONO;;51734;Protección social;Localizada en Puno;No, replica los anexos 6 y 7;;No aplica;
8;ANEXO-8-2;315;2132;Gobierno local;210806;MUNICIPALIDAD DISTRITAL DE NUÑOA;Puno;;Nunoa;Nunoa;Programas presupuestales;ATENCION OPORTUNA DE NIÑAS, NIÑOS Y ADOLESCENTES EN PRESUNTO ESTADO DE ABANDONO;;;Asignación por programa presupuestal;ATENCION OPORTUNA DE NIÑAS, NIÑOS Y ADOLESCENTES EN PRESUNTO ESTADO DE ABANDONO;;65196;Protección social;Localizada en Puno;No, replica los anexos 6 y 7;;No aplica;
8;ANEXO-8-2;315;2132;Gobierno local;210901;MUNICIPALIDAD PROVINCIAL DE MOHO;Puno;;Moho;Moho;Programas presupuestales;ATENCION OPORTUNA DE NIÑAS, NIÑOS Y ADOLESCENTES EN PRESUNTO ESTADO DE ABANDONO;;;Asignación por programa presupuestal;ATENCION OPORTUNA DE NIÑAS, NIÑOS Y ADOLESCENTES EN PRESUNTO ESTADO DE ABANDONO;;20629;Protección social;Localizada en Puno;No, replica los anexos 6 y 7;;No aplica;
8;ANEXO-8-2;315;2132;Gobierno local;211002;MUNICIPALIDAD DISTRITAL DE ANANEA;Puno;;Ananea;Ananea;Programas presupuestales;ATENCION OPORTUNA DE NIÑAS, NIÑOS Y ADOLESCENTES EN PRESUNTO ESTADO DE ABANDONO;;;Asignación por programa presupuestal;ATENCION OPORTUNA DE NIÑAS, NIÑOS Y ADOLESCENTES EN PRESUNTO ESTADO DE ABANDONO;;62411;Protección social;Localizada en Puno;No, replica los anexos 6 y 7;;No aplica;
8;ANEXO-8-2;315;2132;Gobierno local;211201;MUNICIPALIDAD PROVINCIAL DE SANDIA;Puno;;Sandia;Sandia;Programas presupuestales;ATENCION OPORTUNA DE NIÑAS, NIÑOS Y ADOLESCENTES EN PRESUNTO ESTADO DE ABANDONO;;;Asignación por programa presupuestal;ATENCION OPORTUNA DE NIÑAS, NIÑOS Y ADOLESCENTES EN PRESUNTO ESTADO DE ABANDONO;;46644;Protección social;Localizada en Puno;No, replica los anexos 6 y 7;;No aplica;
8;ANEXO-8-2;315;2132;Gobierno local;211202;MUNICIPALIDAD DISTRITAL DE CUYOCUYO;Puno;;Cuyocuyo;Cuyocuyo;Programas presupuestales;ATENCION OPORTUNA DE NIÑAS, NIÑOS Y ADOLESCENTES EN PRESUNTO ESTADO DE ABANDONO;;;Asignación por programa presupuestal;ATENCION OPORTUNA DE NIÑAS, NIÑOS Y ADOLESCENTES EN PRESUNTO ESTADO DE ABANDONO;;10000;Protección social;Localizada en Puno;No, replica los anexos 6 y 7;;No aplica;
