anexo;archivo_pdf;pagina_pdf;pagina_impresa;nivel_gobierno;codigo_pliego;pliego;departamento;provincia;distrito;categoria_presupuestal;producto;codigo_partida;tipo_partida;concepto;fuente_financiamiento;monto_soles;sector;alcance_territorial;nota;cuadra_el_pliego;diferencia_del_pliego
6;ANEXO-6-1;57;547;Gobierno regional;443;GOBIERNO REGIONAL DEL DEPARTAMENTO DE AREQUIPA;Arequipa;;;Programas presupuestales;3000001 ACCIONES COMUNES;5000085;Actividad;MONITOREO, SUPERVISION, EVALUACION Y CONTROL METAXENICAS Y ZOONOSIS;;740048;Salud;Localizada en Arequipa;;Sí;0
6;ANEXO-6-1;57;547;Gobierno regional;443;GOBIERNO REGIONAL DEL DEPARTAMENTO DE AREQUIPA;Arequipa;;;Programas presupuestales;3000001 ACCIONES COMUNES;5000276;Actividad;GESTION DEL PROGRAMA;;5187558;Planeamiento y gestión administrativa;Localizada en Arequipa;;Sí;0
6;ANEXO-6-1;57;547;Gobierno regional;443;GOBIERNO REGIONAL DEL DEPARTAMENTO DE AREQUIPA;Arequipa;;;Programas presupuestales;3000001 ACCIONES COMUNES;5002829;Actividad;DESARROLLO DE NORMAS Y GUIAS TECNICAS EN ATENCION PRE HOSPITALARIA Y EMERGENCIAS;;500;Salud;Localizada en Arequipa;;Sí;0
6;ANEXO-6-1;57;547;Gobierno regional;443;GOBIERNO REGIONAL DEL DEPARTAMENTO DE AREQUIPA;Arequipa;;;Programas presupuestales;3000001 ACCIONES COMUNES;5004279;Actividad;MONITOREO,SUPERVISION Y EVALUACION DE PRODUCTOS Y ACTIVIDADES EN GESTION DE RIESGO DE DESASTRES;;477309;Gestión del riesgo de desastres;Localizada en Arequipa;;Sí;0
6;ANEXO-6-1;57;547;Gobierno regional;443;GOBIERNO REGIONAL DEL DEPARTAMENTO DE AREQUIPA;Arequipa;;;Programas presupuestales;3000001 ACCIONES COMUNES;5004280;Actividad;DESARROLLO DE INSTRUMENTOS ESTRATEGICOS PARA LA GESTION DEL RIESGO DE DESASTRES;;1381657;Gestión del riesgo de desastres;Localizada en Arequipa;;Sí;0
6;ANEXO-6-1;57;547;Gobierno regional;443;GOBIERNO REGIONAL DEL DEPARTAMENTO DE AREQUIPA;Arequipa;;;Programas presupuestales;3000001 ACCIONES COMUNES;5004389;Actividad;DESARROLLO DE NORMAS Y GUIAS TECNICAS EN SALUD MATERNO NEONATAL;;21166;Salud;Localizada en Arequipa;;Sí;0
6;ANEXO-6-1;57;547;Gobierno regional;443;GOBIERNO REGIONAL DEL DEPARTAMENTO DE AREQUIPA;Arequipa;;;Programas presupuestales;3000001 ACCIONES COMUNES;5004424;Actividad;VIGILANCIA, INVESTIGACION Y TECNOLOGIAS EN NUTRICION;;1437315;Educación;Localizada en Arequipa;;Sí;0
6;ANEXO-6-1;57;547;Gobierno regional;443;GOBIERNO REGIONAL DEL DEPARTAMENTO DE AREQUIPA;Arequipa;;;Programas presupuestales;3000001 ACCIONES COMUNES;5004425;Actividad;DESARROLLO DE NORMAS Y GUIAS TECNICAS EN NUTRICION;;95795;Salud;Localizada en Arequipa;;Sí;0
6;ANEXO-6-1;57;547;Gobierno regional;443;GOBIERNO REGIONAL DEL DEPARTAMENTO DE AREQUIPA;Arequipa;;;Programas presupuestales;3000001 ACCIONES COMUNES;5004426;Actividad;MONITOREO, SUPERVISION, EVALUACION Y CONTROL DEL PROGRAMA ARTICULADO NUTRICIONAL;;662250;Salud;Localizada en Arequipa;;Sí;0
6;ANEXO-6-1;57;547;Gobierno regional;443;GOBIERNO REGIONAL DEL DEPARTAMENTO DE AREQUIPA;Arequipa;;;Programas presupuestales;3000001 ACCIONES COMUNES;5004430;Actividad;MONITOREO, SUPERVISION, EVALUACION Y CONTROL DE LA SALUD MATERNO NEONATAL;;18911347;Salud;Localizada en Arequipa;;Sí;0
6;ANEXO-6-1;57;547;Gobierno regional;443;GOBIERNO REGIONAL DEL DEPARTAMENTO DE AREQUIPA;Arequipa;;;Programas presupuestales;3000001 ACCIONES COMUNES;5004433;Actividad;MONITOREO, SUPERVISION, EVALUACION Y CONTROL DE VIH/SIDA - TUBERCULOSIS;;2330015;Salud;Localizada en Arequipa;;Sí;0
6;ANEXO-6-1;57;547;Gobierno regional;443;GOBIERNO REGIONAL DEL DEPARTAMENTO DE AREQUIPA;Arequipa;;;Programas presupuestales;3000001 ACCIONES COMUNES;5004434;Actividad;DESARROLLO DE NORMAS Y GUIAS TECNICAS VIH/SIDA Y TUBERCULOSIS;;6100;Salud;Localizada en Arequipa;;Sí;0
6;ANEXO-6-1;57;547;Gobierno regional;443;GOBIERNO REGIONAL DEL DEPARTAMENTO DE AREQUIPA;Arequipa;;;Programas presupuestales;3000001 ACCIONES COMUNES;5004441;Actividad;MONITOREO, SUPERVISION, EVALUACION Y CONTROL DE PREVENCION Y CONTROL DEL CANCER;;213757;Salud;Localizada en Arequipa;;Sí;0
6;ANEXO-6-1;57;547;Gobierno regional;443;GOBIERNO REGIONAL DEL DEPARTAMENTO DE AREQUIPA;Arequipa;;;Programas presupuestales;3000001 ACCIONES COMUNES;5004442;Actividad;DESARROLLO DE NORMAS Y GUIAS TECNICAS EN PREVENCION Y CONTROL DEL CANCER;;8000;Salud;Localizada en Arequipa;;Sí;0
6;ANEXO-6-1;57;547;Gobierno regional;443;GOBIERNO REGIONAL DEL DEPARTAMENTO DE AREQUIPA;Arequipa;;;Programas presupuestales;3000001 ACCIONES COMUNES;5004451;Actividad;DESARROLLO DE NORMAS Y GULAS TECNICAS EN METAXENICAS Y ZOONOSIS;;6600;Salud;Localizada en Arequipa;;Sí;0
6;ANEXO-6-1;57;547;Gobierno regional;443;GOBIERNO REGIONAL DEL DEPARTAMENTO DE AREQUIPA;Arequipa;;;Programas presupuestales;3000001 ACCIONES COMUNES;5004452;Actividad;MONITOREO, SUPERVISION, EVALUACION Y CONTROL DE ENFERMEDADES NO TRANSMISIBLES;;4054734;Salud;Localizada en Arequipa;;Sí;0
6;ANEXO-6-1;57;547;Gobierno regional;443;GOBIERNO REGIONAL DEL DEPARTAMENTO DE AREQUIPA;Arequipa;;;Programas presupuestales;3000001 ACCIONES COMUNES;5004453;Actividad;DESARROLLO DE NORMAS Y GUIAS TECNICAS EN ENFERMEDADES NO TRANSMISIBLES;;10300;Salud;Localizada en Arequipa;;Sí;0
6;ANEXO-6-1;57;547;Gobierno regional;443;GOBIERNO REGIONAL DEL DEPARTAMENTO DE AREQUIPA;Arequipa;;;Programas presupuestales;3000001 ACCIONES COMUNES;5005138;Actividad;MONITOREO, SUPERVISION Y EVALUACION DEL PROGRAMA PRESUPUESTAL;;2780;Planeamiento y gestión administrativa;Localizada en Arequipa;;Sí;0
6;ANEXO-6-1;57;547;Gobierno regional;443;GOBIERNO REGIONAL DEL DEPARTAMENTO DE AREQUIPA;Arequipa;;;Programas presupuestales;3000001 ACCIONES COMUNES;5005139;Actividad;ASISTENCIA TECNICA Y CAPACITACION;;500;Planeamiento y gestión administrativa;Localizada en Arequipa;;Sí;0
6;ANEXO-6-1;57;547;Gobierno regional;443;GOBIERNO REGIONAL DEL DEPARTAMENTO DE AREQUIPA;Arequipa;;;Programas presupuestales;3000001 ACCIONES COMUNES;5005145;Actividad;MONITOREO, SUPERVISION, EVALUACION Y CONTROL DEL PROGRAMA PRESUPUESTAL;;8220;Planeamiento y gestión administrativa;Localizada en Arequipa;;Sí;0
6;ANEXO-6-1;57;547;Gobierno regional;443;GOBIERNO REGIONAL DEL DEPARTAMENTO DE AREQUIPA;Arequipa;;;Programas presupuestales;3000001 ACCIONES COMUNES;5005183;Actividad;MONITOREO, SUPERVISION, EVALUACION Y CONTROL DEL PROGRAMA EN SALUD MENTAL;;342249;Salud;Localizada en Arequipa;;Sí;0
6;ANEXO-6-1;57;547;Gobierno regional;443;GOBIERNO REGIONAL DEL DEPARTAMENTO DE AREQUIPA;Arequipa;;;Programas presupuestales;3000001 ACCIONES COMUNES;5005184;Actividad;DESARROLLO DE NORMAS Y GUIAS TECNICAS PARA EL ABORDAJE DE TRASTORNOS MENTALES Y PROBLEMAS DE PSICOSOCIALES;;2280;Salud;Localizada en Arequipa;;Sí;0
6;ANEXO-6-1;57;547;Gobierno regional;443;GOBIERNO REGIONAL DEL DEPARTAMENTO DE AREQUIPA;Arequipa;;;Programas presupuestales;3000001 ACCIONES COMUNES;5005185;Actividad;ACOMPAÑAMIENTO CLINICO PSICOSOCIAL;;756188;Salud;Localizada en Arequipa;;Sí;0
6;ANEXO-6-1;57;547;Gobierno regional;443;GOBIERNO REGIONAL DEL DEPARTAMENTO DE AREQUIPA;Arequipa;;;Programas presupuestales;3000001 ACCIONES COMUNES;5005609;Actividad;ASISTENCIA TECNICA Y ACOMPAÑAMIENTO EN GESTION DEL RIESGO DE DESASTRES;;3600;Gestión del riesgo de desastres;Localizada en Arequipa;;Sí;0
6;ANEXO-6-1;57;547;Gobierno regional;443;GOBIERNO REGIONAL DEL DEPARTAMENTO DE AREQUIPA;Arequipa;;;Programas presupuestales;3000002 POBLACION INFORMADA SOBRE SALUD SEXUAL, SALUD REPRODUCTIVA Y METODOS DE PLANIFICACION FAMILIAR;5000059;Actividad;BRINDAR INFORMACION SOBRE SALUD SEXUAL, SALUD REPRODUCTIVA Y METODOS DE PLANIFICACION FAMILIAR;;168650;Salud;Localizada en Arequipa;;Sí;0
6;ANEXO-6-1;57;547;Gobierno regional;443;GOBIERNO REGIONAL DEL DEPARTAMENTO DE AREQUIPA;Arequipa;;;Programas presupuestales;3000004 MUJER TAMIZADA EN CANCER DE CUELLO UTERINO;5006002;Actividad;TAMIZAJE CON PAPANICOLAOU PARA DETECCION DE CANCER DE CUELLO UTERINO;;7195030;Salud;Localizada en Arequipa;;Sí;0
6;ANEXO-6-1;57;547;Gobierno regional;443;GOBIERNO REGIONAL DEL DEPARTAMENTO DE AREQUIPA;Arequipa;;;Programas presupuestales;3000004 MUJER TAMIZADA EN CANCER DE CUELLO UTERINO;5006003;Actividad;TAMIZAJE CON INSPECCION VISUAL CON ACIDO ACETICO PARA DETECCION DE CANCER DE CUELLO UTERINO;;2291185;Salud;Localizada en Arequipa;;Sí;0
6;ANEXO-6-1;57;547;Gobierno regional;443;GOBIERNO REGIONAL DEL DEPARTAMENTO DE AREQUIPA;Arequipa;;;Programas presupuestales;3000004 MUJER TAMIZADA EN CANCER DE CUELLO UTERINO;5006004;Actividad;DETECCION MOLECULAR DE VIRUS PAPILOMA HUMANO;;953266;Salud;Localizada en Arequipa;;Sí;0
6;ANEXO-6-1;57;547;Gobierno regional;443;GOBIERNO REGIONAL DEL DEPARTAMENTO DE AREQUIPA;Arequipa;;;Programas presupuestales;3000005 ADOLESCENTES ACCEDEN A SERVICIOS DE SALUD PARA PREVENCION DEL EMBARAZO;5000058;Actividad;BRINDAR SERVICIOS DE SALUD PARA PREVENCION DEL EMBARAZO A ADOLESCENTES;;255071;Salud;Localizada en Arequipa;;Sí;0
6;ANEXO-6-1;58;548;Gobierno regional;443;GOBIERNO REGIONAL DEL DEPARTAMENTO DE AREQUIPA;Arequipa;;;Programas presupuestales;3000011 TAMIZAJE Y DIAGNOSTICO DE PACIENTES CON CATARATAS;5000109;Actividad;EVALUACION DE TAMIZAJE Y DIAGNOSTICO DE PACIENTES CON CATARATAS;;1689109;Salud;Localizada en Arequipa;;Sí;0
6;ANEXO-6-1;58;548;Gobierno regional;443;GOBIERNO REGIONAL DEL DEPARTAMENTO DE AREQUIPA;Arequipa;;;Programas presupuestales;3000012 TRATAMIENTO Y CONTROL DE PACIENTES CON CATARATAS;5000110;Actividad;BRINDAR TRATAMIENTO A PACIENTES CON DIAGNOSTICO DE CATARATAS;;966320;Salud;Localizada en Arequipa;;Sí;0
6;ANEXO-6-1;58;548;Gobierno regional;443;GOBIERNO REGIONAL DEL DEPARTAMENTO DE AREQUIPA;Arequipa;;;Programas presupuestales;3000013 TAMIZAJE Y DIAGNOSTICO DE PACIENTES CON ERRORES REFRACTIVOS;5000111;Actividad;EXAMENES DE TAMIZAJE Y DIAGNOSTICO DE PERSONAS CON ERRORES REFRACTIVOS;;801402;Salud;Localizada en Arequipa;;Sí;0
6;ANEXO-6-1;58;548;Gobierno regional;443;GOBIERNO REGIONAL DEL DEPARTAMENTO DE AREQUIPA;Arequipa;;;Programas presupuestales;3000014 TRATAMIENTO Y CONTROL DE PACIENTES CON ERRORES REFRACTIVOS;5000112;Actividad;BRINDAR TRATAMIENTO A PACIENTES CON DIAGNOSTICO DE ERRORES REFRACTIVOS;;202116;Salud;Localizada en Arequipa;;Sí;0
6;ANEXO-6-1;58;548;Gobierno regional;443;GOBIERNO REGIONAL DEL DEPARTAMENTO DE AREQUIPA;Arequipa;;;Programas presupuestales;3000015 VALORACION CLINICA Y TAMIZAJE LABORATORIAL DE ENFERMEDADES CRONICAS NO TRANSMISIBLES;5000113;Actividad;EVALUACION CLINICA Y TAMIZAJE LABORATORIAL DE PERSONAS CON RIESGO DE PADECER ENFERMEDADES CRONICAS NO TRANSMISIBLES;;8964693;Salud;Localizada en Arequipa;;Sí;0
6;ANEXO-6-1;58;548;Gobierno regional;443;GOBIERNO REGIONAL DEL DEPARTAMENTO DE AREQUIPA;Arequipa;;;Programas presupuestales;3000016 TRATAMIENTO Y CONTROL DE PERSONAS CON HIPERTENSION ARTERIAL;5000114;Actividad;BRINDAR TRATAMIENTO A PERSONAS CON DIAGNOSTICO DE HIPERTENSION ARTERIAL;;5481307;Salud;Localizada en Arequipa;;Sí;0
6;ANEXO-6-1;58;548;Gobierno regional;443;GOBIERNO REGIONAL DEL DEPARTAMENTO DE AREQUIPA;Arequipa;;;Programas presupuestales;3000017 TRATAMIENTO Y CONTROL DE PERSONAS CON DIABETES;5000115;Actividad;BRINDAR TRATAMIENTO A PERSONAS CON DIAGNOSTICO DE DIABETES MELLITUS;;5542752;Salud;Localizada en Arequipa;;Sí;0
6;ANEXO-6-1;58;548;Gobierno regional;443;GOBIERNO REGIONAL DEL DEPARTAMENTO DE AREQUIPA;Arequipa;;;Programas presupuestales;3000065 ACTORES DE LA CADENA AGROALIMENTARIA APLICANDO BUENAS PRACTICAS DE PRODUCCION, HIGIENE, PROCESAMIENTO, ALMACENAMIENTO Y DISTRIBUCION;5001311;Actividad;VIGILANCIA SANITARIA DE ALIMENTOS AGROPECUARIOS PRIMARIOS Y PIENSOS;;34100;Agropecuario y riego;Localizada en Arequipa;;Sí;0
6;ANEXO-6-1;58;548;Gobierno regional;443;GOBIERNO REGIONAL DEL DEPARTAMENTO DE AREQUIPA;Arequipa;;;Programas presupuestales;3000132 CAMINO DEPARTAMENTAL CON MANTENIMIENTO VIAL;5001447;Actividad;MANTENIMIENTO PERIODICO DE LA RED VIAL DEPARTAMENTAL PAVIMENTADA;;7705347;Transporte;Localizada en Arequipa;;Sí;0
6;ANEXO-6-1;58;548;Gobierno regional;443;GOBIERNO REGIONAL DEL DEPARTAMENTO DE AREQUIPA;Arequipa;;;Programas presupuestales;3000132 CAMINO DEPARTAMENTAL CON MANTENIMIENTO VIAL;5001448;Actividad;MANTENIMIENTO RUTINARIO DE LA RED VIAL DEPARTAMENTAL PAVIMENTADA;;7736016;Transporte;Localizada en Arequipa;;Sí;0
6;ANEXO-6-1;58;548;Gobierno regional;443;GOBIERNO REGIONAL DEL DEPARTAMENTO DE AREQUIPA;Arequipa;;;Programas presupuestales;3000132 CAMINO DEPARTAMENTAL CON MANTENIMIENTO VIAL;5001449;Actividad;MANTENIMIENTO RUTINARIO DE LA RED VIAL DEPARTAMENTAL NO PAVIMENTADA;;1558637;Transporte;Localizada en Arequipa;;Sí;0
6;ANEXO-6-1;58;548;Gobierno regional;443;GOBIERNO REGIONAL DEL DEPARTAMENTO DE AREQUIPA;Arequipa;;;Programas presupuestales;3000143 USUARIO DE LA VIA CON MAYOR CONOCIMIENTO DE SEGURIDAD VIAL;5001487;Actividad;CAPACITACION EN SEGURIDAD VIAL A CONDUCTORES INFRACTORES;;244689;Transporte;Localizada en Arequipa;;Sí;0
6;ANEXO-6-1;58;548;Gobierno regional;443;GOBIERNO REGIONAL DEL DEPARTAMENTO DE AREQUIPA;Arequipa;;;Programas presupuestales;3000361 FAMILIAS SALUDABLES CON CONOCIMIENTO DE LA PREVENCION DEL CANCER DE CUELLO UTERINO, MAMA, ESTOMAGO, PROSTATA, PULMON COLON, RECTO, HIGADO, LEUCEMIA, LINFOMA, PIEL Y OTROS;5005998;Actividad;CAPACITACION A ACTORES SOCIALES PARA LA PROMOCION DE PRACTICAS Y ENTORNOS SALUDABLES PARA LA PREVENCION DEL CANCER EN FAMILIAS;;561302;Salud;Localizada en Arequipa;;Sí;0
6;ANEXO-6-1;58;548;Gobierno regional;443;GOBIERNO REGIONAL DEL DEPARTAMENTO DE AREQUIPA;Arequipa;;;Programas presupuestales;3000365 ATENCION DEL CANCER DE CUELLO UTERINO PARA EL ESTADIAJE Y TRATAMIENTO;5006012;Actividad;DIAGNOSTICO DEL CANCER DE CUELLO UTERINO;;229365;Salud;Localizada en Arequipa;;Sí;0
6;ANEXO-6-1;58;548;Gobierno regional;443;GOBIERNO REGIONAL DEL DEPARTAMENTO DE AREQUIPA;Arequipa;;;Programas presupuestales;3000365 ATENCION DEL CANCER DE CUELLO UTERINO PARA EL ESTADIAJE Y TRATAMIENTO;5006013;Actividad;TRATAMIENTO DEL CANCER DE CUELLO UTERINO;;1161262;Salud;Localizada en Arequipa;;Sí;0
6;ANEXO-6-1;58;548;Gobierno regional;443;GOBIERNO REGIONAL DEL DEPARTAMENTO DE AREQUIPA;Arequipa;;;Programas presupuestales;3000366 ATENCION DEL CANCER DE MAMA PARA EL ESTADIAJE Y TRATAMIENTO;5006014;Actividad;DIAGNOSTICO DEL CANCER DE MAMA;;4085731;Salud;Localizada en Arequipa;;Sí;0
6;ANEXO-6-1;58;548;Gobierno regional;443;GOBIERNO REGIONAL DEL DEPARTAMENTO DE AREQUIPA;Arequipa;;;Programas presupuestales;3000366 ATENCION DEL CANCER DE MAMA PARA EL ESTADIAJE Y TRATAMIENTO;5006015;Actividad;TRATAMIENTO DEL CANCER DE MAMA;;1435990;Salud;Localizada en Arequipa;;Sí;0
6;ANEXO-6-1;58;548;Gobierno regional;443;GOBIERNO REGIONAL DEL DEPARTAMENTO DE AREQUIPA;Arequipa;;;Programas presupuestales;3000367 ATENCION DEL CANCER DE ESTOMAGO PARA EL ESTADIAJE Y TRATAMIENTO;5006016;Actividad;DIAGNOSTICO DEL CANCER DE ESTOMAGO;;750114;Salud;Localizada en Arequipa;;Sí;0
6;ANEXO-6-1;59;549;Gobierno regional;443;GOBIERNO REGIONAL DEL DEPARTAMENTO DE AREQUIPA;Arequipa;;;Programas presupuestales;3000367 ATENCION DEL CANCER DE ESTOMAGO PARA EL ESTADIAJE Y TRATAMIENTO;5006017;Actividad;TRATAMIENTO DEL CANCER DE ESTOMAGO;;222781;Salud;Localizada en Arequipa;;Sí;0
6;ANEXO-6-1;59;549;Gobierno regional;443;GOBIERNO REGIONAL DEL DEPARTAMENTO DE AREQUIPA;Arequipa;;;Programas presupuestales;3000368 ATENCION DEL CANCER DE PROSTATA PARA EL DIAGNOSTICO, ESTADIAJE Y TRATAMIENTO;5006018;Actividad;DIAGNOSTICO DEL CANCER DE PROSTATA;;116270;Salud;Localizada en Arequipa;;Sí;0
6;ANEXO-6-1;59;549;Gobierno regional;443;GOBIERNO REGIONAL DEL DEPARTAMENTO DE AREQUIPA;Arequipa;;;Programas presupuestales;3000368 ATENCION DEL CANCER DE PROSTATA PARA EL DIAGNOSTICO, ESTADIAJE Y TRATAMIENTO;5006019;Actividad;TRATAMIENTO DEL CANCER DE PROSTATA;;151030;Salud;Localizada en Arequipa;;Sí;0
6;ANEXO-6-1;59;549;Gobierno regional;443;GOBIERNO REGIONAL DEL DEPARTAMENTO DE AREQUIPA;Arequipa;;;Programas presupuestales;3000369 ATENCION DEL CANCER DE PULMON QUE INCLUYE: DIAGNOSTICO, ESTADIAJE Y TRATAMIENTO;5006020;Actividad;DIAGNOSTICO DEL CANCER DE PULMON;;303973;Salud;Localizada en Arequipa;;Sí;0
6;ANEXO-6-1;59;549;Gobierno regional;443;GOBIERNO REGIONAL DEL DEPARTAMENTO DE AREQUIPA;Arequipa;;;Programas presupuestales;3000369 ATENCION DEL CANCER DE PULMON QUE INCLUYE: DIAGNOSTICO, ESTADIAJE Y TRATAMIENTO;5006021;Actividad;TRATAMIENTO DEL CANCER DE PULMON;;28880;Salud;Localizada en Arequipa;;Sí;0
6;ANEXO-6-1;59;549;Gobierno regional;443;GOBIERNO REGIONAL DEL DEPARTAMENTO DE AREQUIPA;Arequipa;;;Programas presupuestales;3000370 ATENCION DEL CANCER DE COLON Y RECTO QUE INCLUYE: DIAGNOSTICO, ESTADIAJE Y TRATAMIENTO;5006022;Actividad;DIAGNOSTICO DEL CANCER DE COLON Y RECTO;;6803;Salud;Localizada en Arequipa;;Sí;0
6;ANEXO-6-1;59;549;Gobierno regional;443;GOBIERNO REGIONAL DEL DEPARTAMENTO DE AREQUIPA;Arequipa;;;Programas presupuestales;3000370 ATENCION DEL CANCER DE COLON Y RECTO QUE INCLUYE: DIAGNOSTICO, ESTADIAJE Y TRATAMIENTO;5006023;Actividad;TRATAMIENTO DEL CANCER DE COLON Y RECTO;;572217;Salud;Localizada en Arequipa;;Sí;0
6;ANEXO-6-1;59;549;Gobierno regional;443;GOBIERNO REGIONAL DEL DEPARTAMENTO DE AREQUIPA;Arequipa;;;Programas presupuestales;3000371 ATENCION DEL CANCER DE HIGADO QUE INCLUYE: DIAGNOSTICO, ESTADIAJE Y TRATAMIENTO;5006024;Actividad;DIAGNOSTICO DEL CANCER DE HIGADO;;3632;Salud;Localizada en Arequipa;;Sí;0
6;ANEXO-6-1;59;549;Gobierno regional;443;GOBIERNO REGIONAL DEL DEPARTAMENTO DE AREQUIPA;Arequipa;;;Programas presupuestales;3000371 ATENCION DEL CANCER DE HIGADO QUE INCLUYE: DIAGNOSTICO, ESTADIAJE Y TRATAMIENTO;5006025;Actividad;TRATAMIENTO DEL CANCER DE HIGADO;;2913;Salud;Localizada en Arequipa;;Sí;0
6;ANEXO-6-1;59;549;Gobierno regional;443;GOBIERNO REGIONAL DEL DEPARTAMENTO DE AREQUIPA;Arequipa;;;Programas presupuestales;3000372 ATENCION DE LA LEUCEMIA QUE INCLUYE: DIAGNOSTICO Y TRATAMIENTO;5006026;Actividad;DIAGNOSTICO DE LEUCEMIA;;238760;Salud;Localizada en Arequipa;;Sí;0
6;ANEXO-6-1;59;549;Gobierno regional;443;GOBIERNO REGIONAL DEL DEPARTAMENTO DE AREQUIPA;Arequipa;;;Programas presupuestales;3000373 ATENCION DE LA LINFOMA QUE INCLUYE: DIAGNOSTICO Y TRATAMIENTO;5006028;Actividad;DIAGNOSTICO DE LINFOMA;;356082;Salud;Localizada en Arequipa;;Sí;0
6;ANEXO-6-1;59;549;Gobierno regional;443;GOBIERNO REGIONAL DEL DEPARTAMENTO DE AREQUIPA;Arequipa;;;Programas presupuestales;3000373 ATENCION DE LA LINFOMA QUE INCLUYE: DIAGNOSTICO Y TRATAMIENTO;5006029;Actividad;TRATAMIENTO DE LINFOMA;;2700;Salud;Localizada en Arequipa;;Sí;0
6;ANEXO-6-1;59;549;Gobierno regional;443;GOBIERNO REGIONAL DEL DEPARTAMENTO DE AREQUIPA;Arequipa;;;Programas presupuestales;3000374 ATENCION DEL CANCER DE PIEL NO MELANOMAS QUE INCLUYE: DIAGNOSTICO, ESTADIAJE Y TRATAMIENTO;5006030;Actividad;DIAGNOSTICO DEL CANCER DE PIEL NO MELANOMA;;157424;Salud;Localizada en Arequipa;;Sí;0
6;ANEXO-6-1;59;549;Gobierno regional;443;GOBIERNO REGIONAL DEL DEPARTAMENTO DE AREQUIPA;Arequipa;;;Programas presupuestales;3000380 PRODUCTORES AGRICOLAS CON MENOR PRESENCIA DE PLAGAS PRIORIZADAS;5000189;Actividad;CONTROL Y/0 ERRADICACION DE PLAGAS PRIORIZADAS;;48520;Agropecuario y riego;Localizada en Arequipa;;Sí;0
6;ANEXO-6-1;59;549;Gobierno regional;443;GOBIERNO REGIONAL DEL DEPARTAMENTO DE AREQUIPA;Arequipa;;;Programas presupuestales;3000385 INSTITUCIONES EDUCATIVAS CON CONDICIONES PARA EL CUMPLIMIENTO DE HORAS LECTIVAS NORMADAS;5005628;Actividad;CONTRATACION OPORTUNA Y PAGO DEL PERSONAL DOCENTE Y PROMOTORAS DE LAS INSTITUCIONES EDUCATIVAS DE EDUCACION BASICA REGULAR;;869403725;Educación;Localizada en Arequipa;;Sí;0
6;ANEXO-6-1;59;549;Gobierno regional;443;GOBIERNO REGIONAL DEL DEPARTAMENTO DE AREQUIPA;Arequipa;;;Programas presupuestales;3000385 INSTITUCIONES EDUCATIVAS CON CONDICIONES PARA EL CUMPLIMIENTO DE HORAS LECTIVAS NORMADAS;5005629;Actividad;CONTRATACION OPORTUNA Y PAGO DEL PERSONAL ADMINISTRATIVO Y DE APOYO DE LAS INSTITUCIONES EDUCATIVAS DE EDUCACION BASICA REGULAR;;75176958;Educación;Localizada en Arequipa;;Sí;0
6;ANEXO-6-1;59;549;Gobierno regional;443;GOBIERNO REGIONAL DEL DEPARTAMENTO DE AREQUIPA;Arequipa;;;Programas presupuestales;3000385 INSTITUCIONES EDUCATIVAS CON CONDICIONES PARA EL CUMPLIMIENTO DE HORAS LECTIVAS NORMADAS;5005943;Actividad;MANTENIMIENTO Y OPERACION DE LOCALES ESCOLARES DE INSTITUCIONES EDUCATIVAS DE EDUCACION BASICA REGULAR CON CONDICIONES ADECUADAS PARA SU FUNCIONAMIENTO;;18968117;Educación;Localizada en Arequipa;;Sí;0
6;ANEXO-6-1;59;549;Gobierno regional;443;GOBIERNO REGIONAL DEL DEPARTAMENTO DE AREQUIPA;Arequipa;;;Programas presupuestales;3000386 DOCENTES PREPARADOS IMPLEMENTAN EL CURRICULO;5005631;Actividad;GESTION DEL CURRICULO;;679220;Educación;Localizada en Arequipa;;Sí;0
6;ANEXO-6-1;59;549;Gobierno regional;443;GOBIERNO REGIONAL DEL DEPARTAMENTO DE AREQUIPA;Arequipa;;;Programas presupuestales;3000386 DOCENTES PREPARADOS IMPLEMENTAN EL CURRICULO;5005639;Actividad;REFUERZO ESCOLAR A ESTUDIANTES Y DOCENTES DE INSTITUCIONES EDUCATIVAS DE EDUCACION BASICA REGULAR;;41202;Educación;Localizada en Arequipa;;Sí;0
6;ANEXO-6-1;59;549;Gobierno regional;443;GOBIERNO REGIONAL DEL DEPARTAMENTO DE AREQUIPA;Arequipa;;;Programas presupuestales;3000387 ESTUDIANTES DE EDUCACION BASICA REGULAR CUENTAN CON MATERIALES EDUCATIVOS NECESARIOS PARA EL LOGRO DE LOS ESTANDARES DE APRENDIZAJES;5005642;Actividad;DOTACION DE MATERIAL Y RECURSOS EDUCATIVOS PARA ESTUDIANTES DE EDUCACION BASICA REGULAR;;303095;Educación;Localizada en Arequipa;;Sí;0
6;ANEXO-6-1;59;549;Gobierno regional;443;GOBIERNO REGIONAL DEL DEPARTAMENTO DE AREQUIPA;Arequipa;;;Programas presupuestales;3000387 ESTUDIANTES DE EDUCACION BASICA REGULAR CUENTAN CON MATERIALES EDUCATIVOS NECESARIOS PARA EL LOGRO DE LOS ESTANDARES DE APRENDIZAJES;5005643;Actividad;DOTACION DE MATERIAL Y RECURSOS EDUCATIVOS PARA ESTUDIANTES DE EDUCACION INTERCULTURAL BILINGÜE;;33336;Educación;Localizada en Arequipa;;Sí;0
6;ANEXO-6-1;60;550;Gobierno regional;443;GOBIERNO REGIONAL DEL DEPARTAMENTO DE AREQUIPA;Arequipa;;;Programas presupuestales;3000387 ESTUDIANTES DE EDUCACION BASICA REGULAR CUENTAN CON MATERIALES EDUCATIVOS NECESARIOS PARA EL LOGRO DE LOS ESTANDARES DE APRENDIZAJES;5005644;Actividad;DOTACION DE MATERIAL Y RECURSOS EDUCATIVOS PARA DOCENTES Y AULAS DE EDUCACION BASICA REGULAR;;143800;Educación;Localizada en Arequipa;;Sí;0
6;ANEXO-6-1;60;550;Gobierno regional;443;GOBIERNO REGIONAL DEL DEPARTAMENTO DE AREQUIPA;Arequipa;;;Programas presupuestales;3000387 ESTUDIANTES DE EDUCACION BASICA REGULAR CUENTAN CON MATERIALES EDUCATIVOS NECESARIOS PARA EL LOGRO DE LOS ESTANDARES DE APRENDIZAJES;5005645;Actividad;DOTACION DE MATERIAL Y RECURSOS EDUCATIVOS PARA DOCENTES Y AULAS DE EDUCACION INTERCULTURAL BILINGÜE;;26778;Educación;Localizada en Arequipa;;Sí;0
6;ANEXO-6-1;60;550;Gobierno regional;443;GOBIERNO REGIONAL DEL DEPARTAMENTO DE AREQUIPA;Arequipa;;;Programas presupuestales;3000387 ESTUDIANTES DE EDUCACION BASICA REGULAR CUENTAN CON MATERIALES EDUCATIVOS NECESARIOS PARA EL LOGRO DE LOS ESTANDARES DE APRENDIZAJES;5005647;Actividad;DOTACION DE MATERIAL Y RECURSOS EDUCATIVOS PARA INSTITUCIONES EDUCATIVAS DE EDUCACION BASICA REGULAR;;42883;Educación;Localizada en Arequipa;;Sí;0
6;ANEXO-6-1;60;550;Gobierno regional;443;GOBIERNO REGIONAL DEL DEPARTAMENTO DE AREQUIPA;Arequipa;;;Programas presupuestales;3000477 TRANSPORTISTA QUE PRESTA SERVICIO DE TRANSPORTE TERRESTRE Y ENTIDADES COMPLEMENTARIAS AUTORIZADOS;5003412;Actividad;OTORGAMIENTO DE AUTORIZACION PARA EL SERVICIO DE TRANSPORTE REGIONAL TERRESTRE DE PERSONAS;;127514;Transporte;Localizada en Arequipa;;Sí;0
6;ANEXO-6-1;60;550;Gobierno regional;443;GOBIERNO REGIONAL DEL DEPARTAMENTO DE AREQUIPA;Arequipa;;;Programas presupuestales;3000478 SERVICIOS DE TRANSPORTE TERRESTRE Y COMPLEMENTARIOS FISCALIZADOS;5003418;Actividad;FISCALIZACION AL SERVICIO DE TRANSPORTE TERRESTRE DE PERSONAS;;103165;Transporte;Localizada en Arequipa;;Sí;0
6;ANEXO-6-1;60;550;Gobierno regional;443;GOBIERNO REGIONAL DEL DEPARTAMENTO DE AREQUIPA;Arequipa;;;Programas presupuestales;3000479 PERSONA AUTORIZADA PARA CONDUCIR VEHICULOS AUTOMOTORES;5003427;Actividad;EMISION DE LICENCIAS DE CONDUCIR DE CLASE A;;1180380;Transporte;Localizada en Arequipa;;Sí;0
6;ANEXO-6-1;60;550;Gobierno regional;443;GOBIERNO REGIONAL DEL DEPARTAMENTO DE AREQUIPA;Arequipa;;;Programas presupuestales;3000523 PRODUCTOR PECUARIO CON MENOR PRESENCIA DE ENFERMEDADES EN SUS ANIMALES POR EL CONTROL SANITARIO;5004169;Actividad;PREVENCION, CONTROL Y ERRADICACION DE ENFERMEDADES EN LOS ANIMALES;;46600;Salud;Localizada en Arequipa;;Sí;0
6;ANEXO-6-1;60;550;Gobierno regional;443;GOBIERNO REGIONAL DEL DEPARTAMENTO DE AREQUIPA;Arequipa;;;Programas presupuestales;3000534 CONDUCTORES Y TRABAJADORES DE EMPRESAS RECIBEN SERVICIOS DE CAPACITACION Y ASISTENCIA TECNICA;5005078;Actividad;CAPACITACION Y ASISTENCIA TECNICA EN GESTION EMPRESARIAL, COMERCIAL Y FINANCIERA A MIPYME;;10000;Sin clasificar;Localizada en Arequipa;;Sí;0
6;ANEXO-6-1;60;550;Gobierno regional;443;GOBIERNO REGIONAL DEL DEPARTAMENTO DE AREQUIPA;Arequipa;;;Programas presupuestales;3000535 EMPRESAS ACCEDEN A SERVICIOS DE ARTICULACION EMPRESARIAL Y ACCESO A MERCADOS;5005082;Actividad;PROMOCION Y FORTALECIMIENTO DE INICIATIVAS DE CLUSTER;;10000;Sin clasificar;Localizada en Arequipa;;Sí;0
6;ANEXO-6-1;60;550;Gobierno regional;443;GOBIERNO REGIONAL DEL DEPARTAMENTO DE AREQUIPA;Arequipa;;;Programas presupuestales;3000535 EMPRESAS ACCEDEN A SERVICIOS DE ARTICULACION EMPRESARIAL Y ACCESO A MERCADOS;5005083;Actividad;PROMOCION Y ASESORIA PARA LA CONEXION CON MERCADOS;;12000;Sin clasificar;Localizada en Arequipa;;Sí;0
6;ANEXO-6-1;60;550;Gobierno regional;443;GOBIERNO REGIONAL DEL DEPARTAMENTO DE AREQUIPA;Arequipa;;;Programas presupuestales;3000538 ACUICULTORES ACCEDEN A SERVICIOS PARA EL FOMENTO DE LAS INVERSIONES Y EL ORDENAMIENTO DE LA ACUICULTURA;5005073;Actividad;PROMOCION, ADMINISTRACION Y EVALUACION DEL DESARROLLO ACUICOLA;;65000;Pesca;Localizada en Arequipa;;Sí;0
6;ANEXO-6-1;60;550;Gobierno regional;443;GOBIERNO REGIONAL DEL DEPARTAMENTO DE AREQUIPA;Arequipa;;;Programas presupuestales;3000546 INSTITUCIONES DE EDUCACION SUPERIOR PEDAGOGICA CON CONDICIONES BASICAS PARA EL FUNCIONAMIENTO.;5005906;Actividad;CONTRATACION OPORTUNA Y PAGO DE PERSONAL DOCENTE;;9398177;Educación;Localizada en Arequipa;;Sí;0
6;ANEXO-6-1;60;550;Gobierno regional;443;GOBIERNO REGIONAL DEL DEPARTAMENTO DE AREQUIPA;Arequipa;;;Programas presupuestales;3000546 INSTITUCIONES DE EDUCACION SUPERIOR PEDAGOGICA CON CONDICIONES BASICAS PARA EL FUNCIONAMIENTO.;5005907;Actividad;CONTRATACION OPORTUNA Y PAGO DE PERSONAL ADMINISTRATIVO Y DE APOYO;;2205504;Educación;Localizada en Arequipa;;Sí;0
6;ANEXO-6-1;60;550;Gobierno regional;443;GOBIERNO REGIONAL DEL DEPARTAMENTO DE AREQUIPA;Arequipa;;;Programas presupuestales;3000546 INSTITUCIONES DE EDUCACION SUPERIOR PEDAGOGICA CON CONDICIONES BASICAS PARA EL FUNCIONAMIENTO.;5005908;Actividad;PROVISION DE SERVICIOS BASICOS Y MANTENIMIENTO DE EQUIPAMIENTO E INFRAESTRUCTURA;;172165;Educación;Localizada en Arequipa;;Sí;0
6;ANEXO-6-1;60;550;Gobierno regional;443;GOBIERNO REGIONAL DEL DEPARTAMENTO DE AREQUIPA;Arequipa;;;Programas presupuestales;3000546 INSTITUCIONES DE EDUCACION SUPERIOR PEDAGOGICA CON CONDICIONES BASICAS PARA EL FUNCIONAMIENTO.;5005909;Actividad;GESTION Y DOTACION DE MATERIALES Y RECURSOS EDUCATIVOS;;1601355;Educación;Localizada en Arequipa;;Sí;0
6;ANEXO-6-1;60;550;Gobierno regional;443;GOBIERNO REGIONAL DEL DEPARTAMENTO DE AREQUIPA;Arequipa;;;Programas presupuestales;3000577 PERSONAS INTERMEDIADAS PARA SU INSERCION LABORAL;5006247;Actividad;ATENCION DE SERVICIOS DE INTERMEDIACION LABORAL;;101000;Sin clasificar;Localizada en Arequipa;;Sí;0
6;ANEXO-6-1;60;550;Gobierno regional;443;GOBIERNO REGIONAL DEL DEPARTAMENTO DE AREQUIPA;Arequipa;;;Programas presupuestales;3000608 SERVICIOS DE CUIDADO DIURNO ACCEDEN A CONTROL DE CALIDAD NUTRICIONAL DE LOS ALIMENTOS;5004427;Actividad;CONTROL DE CALIDAD NUTRICIONAL DE LOS ALIMENTOS;;947989;Salud;Localizada en Arequipa;;Sí;0
6;ANEXO-6-1;60;550;Gobierno regional;443;GOBIERNO REGIONAL DEL DEPARTAMENTO DE AREQUIPA;Arequipa;;;Programas presupuestales;3000612 SINTOMATICOS RESPIRATORIOS CON DESPISTAJE DE TUBERCULOSIS;5004436;Actividad;DESPISTAJE DE TUBERCULOSIS EN SINTOMATICOS RESPIRATORIOS;;6837257;Salud;Localizada en Arequipa;;Sí;0
6;ANEXO-6-1;60;550;Gobierno regional;443;GOBIERNO REGIONAL DEL DEPARTAMENTO DE AREQUIPA;Arequipa;;;Programas presupuestales;3000613 PERSONAS EN CONTACTO DE CASOS DE TUBERCULOSIS CON CONTROL Y TRATAMIENTO PREVENTIVO (GENERAL, INDIGENA, PRIVADA DE SU LIBERTAD);5006396;Actividad;CONTROL DE CONTACTOS DE CASOS DE TUBERCULOSIS;;4500;Salud;Localizada en Arequipa;;Sí;0
6;ANEXO-6-1;61;551;Gobierno regional;443;GOBIERNO REGIONAL DEL DEPARTAMENTO DE AREQUIPA;Arequipa;;;Programas presupuestales;3000614 PERSONAS CON DIAGNOSTICO DE TUBERCULOSIS;5004438;Actividad;DIAGNOSTICO DE CASOS DE TUBERCULOSIS;;3312810;Salud;Localizada en Arequipa;;Sí;0
6;ANEXO-6-1;61;551;Gobierno regional;443;GOBIERNO REGIONAL DEL DEPARTAMENTO DE AREQUIPA;Arequipa;;;Programas presupuestales;3000615 PERSONAS PRIVADAS DE SU LIBERTAD TRATADAS;5004439;Actividad;TRATAMIENTO DE CASOS DE PERSONAS PRIVADAS DE SU LIBERTAD;;500;Justicia;Localizada en Arequipa;;Sí;0
6;ANEXO-6-1;61;551;Gobierno regional;443;GOBIERNO REGIONAL DEL DEPARTAMENTO DE AREQUIPA;Arequipa;;;Programas presupuestales;3000616 PACIENTES CON COMORBILIDAD CON DESPISTAJE Y DIAGNOSTICO DE TUBERCULOSIS;5004440;Actividad;DESPISTAJE Y DIAGNOSTICO DE TUBERCULOSIS PARA PACIENTES CON COMORBILIDAD;;1528685;Salud;Localizada en Arequipa;;Sí;0
6;ANEXO-6-1;61;551;Gobierno regional;443;GOBIERNO REGIONAL DEL DEPARTAMENTO DE AREQUIPA;Arequipa;;;Programas presupuestales;3000630 PRODUCTORES AGROPECUARIOS ADOPTAN PAQUETES TECNOLOGICOS ADECUADOS;5006065;Actividad;ASISTENCIA TECNICA Y CAPACITACION A PRODUCTORES EN SISTEMA DE GESTION DE LA CALIDAD;;500;Agropecuario y riego;Localizada en Arequipa;;Sí;0
6;ANEXO-6-1;61;551;Gobierno regional;443;GOBIERNO REGIONAL DEL DEPARTAMENTO DE AREQUIPA;Arequipa;;;Programas presupuestales;3000633 PRODUCTORES AGROPECUARIOS RECIBEN Y ACCEDEN ADECUADAMENTE SERVICIOS DE INFORMACION AGRARIA;5004496;Actividad;GENERACION Y ADMINISTRACION DEL SISTEMA DE INFORMACION DE MERCADOS;;54301;Agropecuario y riego;Localizada en Arequipa;;Sí;0
6;ANEXO-6-1;61;551;Gobierno regional;443;GOBIERNO REGIONAL DEL DEPARTAMENTO DE AREQUIPA;Arequipa;;;Programas presupuestales;3000635 PERSONAS CUENTAN CON ORIENTACION Y ASISTENCIA TECNICA EN MATERIA DE NORMATIVIDAD LABORAL Y BUENAS PRACTICAS LABORALES;5004946;Actividad;ABSOLUCION DE CONSULTAS EN MATERIAS LABORALES;;613563;Trabajo;Localizada en Arequipa;;Sí;0
6;ANEXO-6-1;61;551;Gobierno regional;443;GOBIERNO REGIONAL DEL DEPARTAMENTO DE AREQUIPA;Arequipa;;;Programas presupuestales;3000635 PERSONAS CUENTAN CON ORIENTACION Y ASISTENCIA TECNICA EN MATERIA DE NORMATIVIDAD LABORAL Y BUENAS PRACTICAS LABORALES;5005589;Actividad;CAPACITACION Y DIFUSION DE LA NORMATIVA LABORAL A TRAVES DE MEDIOS DE DIFUSION MASIVA;;87701;Trabajo;Localizada en Arequipa;;Sí;0
6;ANEXO-6-1;61;551;Gobierno regional;443;GOBIERNO REGIONAL DEL DEPARTAMENTO DE AREQUIPA;Arequipa;;;Programas presupuestales;3000635 PERSONAS CUENTAN CON ORIENTACION Y ASISTENCIA TECNICA EN MATERIA DE NORMATIVIDAD LABORAL Y BUENAS PRACTICAS LABORALES;5005590;Actividad;CAPACITACION Y SENSIBILIZACION EN MATERIA DE TRABAJO FORZOSO, TRATA DE PERSONAS Y OTROS GRUPOS VULNERABLES;;41000;Trabajo;Localizada en Arequipa;;Sí;0
6;ANEXO-6-1;61;551;Gobierno regional;443;GOBIERNO REGIONAL DEL DEPARTAMENTO DE AREQUIPA;Arequipa;;;Programas presupuestales;3000635 PERSONAS CUENTAN CON ORIENTACION Y ASISTENCIA TECNICA EN MATERIA DE NORMATIVIDAD LABORAL Y BUENAS PRACTICAS LABORALES;5006205;Actividad;FORMALIZACION DE LA FUERZA LABORAL;;6000;Trabajo;Localizada en Arequipa;;Sí;0
6;ANEXO-6-1;61;551;Gobierno regional;443;GOBIERNO REGIONAL DEL DEPARTAMENTO DE AREQUIPA;Arequipa;;;Programas presupuestales;3000664 AGENTES DE LOS DESTINOS TURISTICOS CUENTAN CON SERVICIOS PARA DESARROLLAR UNA OFERTA TURISTICA COMPETITIVA;5005046;Actividad;REGULACION Y SUPERVISION DE LOS PRESTADORES DE SERVICIOS TURISTICOS;;25000;Turismo y comercio;Localizada en Arequipa;;Sí;0
6;ANEXO-6-1;61;551;Gobierno regional;443;GOBIERNO REGIONAL DEL DEPARTAMENTO DE AREQUIPA;Arequipa;;;Programas presupuestales;3000665 DESTINOS TURISTICOS CON SERVICIOS DE PROMOCION DE LA OFERTA TURISTICA;5005050;Actividad;PROMOCION INTERNA DE LOS DESTINOS TURISTICOS;;113100;Turismo y comercio;Localizada en Arequipa;;Sí;0
6;ANEXO-6-1;61;551;Gobierno regional;443;GOBIERNO REGIONAL DEL DEPARTAMENTO DE AREQUIPA;Arequipa;;;Programas presupuestales;3000672 PERSONA QUE ACCEDE AL ESTABLECIMIENTO DE SALUD Y RECIBE TRATAMIENTO OPORTUNO PARA TUBERCULOSIS Y SUS COMPLICACIONES;5006272;Actividad;BRINDAR TRATAMIENTO OPORTUNO PARA TUBERCULOSIS;;3196399;Salud;Localizada en Arequipa;;Sí;0
6;ANEXO-6-1;61;551;Gobierno regional;443;GOBIERNO REGIONAL DEL DEPARTAMENTO DE AREQUIPA;Arequipa;;;Programas presupuestales;3000672 PERSONA QUE ACCEDE AL ESTABLECIMIENTO DE SALUD Y RECIBE TRATAMIENTO OPORTUNO PARA TUBERCULOSIS Y SUS COMPLICACIONES;5006273;Actividad;MANEJO DE LAS COMPLICACIONES DE TUBERCULOSIS;;1816046;Salud;Localizada en Arequipa;;Sí;0
6;ANEXO-6-1;61;551;Gobierno regional;443;GOBIERNO REGIONAL DEL DEPARTAMENTO DE AREQUIPA;Arequipa;;;Programas presupuestales;3000680 ATENCION ESTOMATOLOGICA PREVENTIVA;5006275;Actividad;ATENCION ESTOMATOLOGICA PREVENTIVA BASICA;;4230662;Salud;Localizada en Arequipa;;Sí;0
6;ANEXO-6-1;61;551;Gobierno regional;443;GOBIERNO REGIONAL DEL DEPARTAMENTO DE AREQUIPA;Arequipa;;;Programas presupuestales;3000681 ATENCION ESTOMATOLOGICA RECUPERATIVA;5006276;Actividad;ATENCION ESTOMATOLOGICA RECUPERATIVA BASICA;;3828508;Salud;Localizada en Arequipa;;Sí;0
6;ANEXO-6-1;61;551;Gobierno regional;443;GOBIERNO REGIONAL DEL DEPARTAMENTO DE AREQUIPA;Arequipa;;;Programas presupuestales;3000682 ATENCION ESTOMATOLOGICA ESPECIALIZADA;5000106;Actividad;ATENCION ESTOMATOLOGICA ESPECIALIZADA BASICA;;1321209;Salud;Localizada en Arequipa;;Sí;0
6;ANEXO-6-1;61;551;Gobierno regional;443;GOBIERNO REGIONAL DEL DEPARTAMENTO DE AREQUIPA;Arequipa;;;Programas presupuestales;3000685 DESPACHO DE LA UNIDAD MOVIL Y COORDINACION DE LA REFERENCIA;5005140;Actividad;COORDINACION Y SEGUIMIENTO DE LA REFERENCIA;;705797;Salud;Localizada en Arequipa;;Sí;0
6;ANEXO-6-1;61;551;Gobierno regional;443;GOBIERNO REGIONAL DEL DEPARTAMENTO DE AREQUIPA;Arequipa;;;Programas presupuestales;3000686 ATENCION DE LA EMERGENCIA O URGENCIA EN ESTABLECIMIENTO DE SALUD;5002824;Actividad;ATENCION AMBULATORIA DE URGENCIAS (PRIORIDAD III 0 IV) EN MODULOS HOSPITALARIOS DIFERENCIADOS AUTORIZADOS;;679066;Salud;Localizada en Arequipa;;Sí;0
6;ANEXO-6-1;61;551;Gobierno regional;443;GOBIERNO REGIONAL DEL DEPARTAMENTO DE AREQUIPA;Arequipa;;;Programas presupuestales;3000686 ATENCION DE LA EMERGENCIA O URGENCIA EN ESTABLECIMIENTO DE SALUD;5005901;Actividad;ATENCION DE TRIAJE;;2014402;Salud;Localizada en Arequipa;;Sí;0
6;ANEXO-6-1;62;552;Gobierno regional;443;GOBIERNO REGIONAL DEL DEPARTAMENTO DE AREQUIPA;Arequipa;;;Programas presupuestales;3000686 ATENCION DE LA EMERGENCIA O URGENCIA EN ESTABLECIMIENTO DE SALUD;5005902;Actividad;ATENCION DE LA EMERGENCIA Y URGENCIA BASICA;;6661227;Salud;Localizada en Arequipa;;Sí;0
6;ANEXO-6-1;62;552;Gobierno regional;443;GOBIERNO REGIONAL DEL DEPARTAMENTO DE AREQUIPA;Arequipa;;;Programas presupuestales;3000686 ATENCION DE LA EMERGENCIA O URGENCIA EN ESTABLECIMIENTO DE SALUD;5005903;Actividad;ATENCION DE LA EMERGENCIA Y URGENCIA ESPECIALIZADA;;17223460;Salud;Localizada en Arequipa;;Sí;0
6;ANEXO-6-1;62;552;Gobierno regional;443;GOBIERNO REGIONAL DEL DEPARTAMENTO DE AREQUIPA;Arequipa;;;Programas presupuestales;3000686 ATENCION DE LA EMERGENCIA O URGENCIA EN ESTABLECIMIENTO DE SALUD;5005904;Actividad;ATENCION DE LA EMERGENCIA DE CUIDADOS INTENSIVOS;;2599776;Salud;Localizada en Arequipa;;Sí;0
6;ANEXO-6-1;62;552;Gobierno regional;443;GOBIERNO REGIONAL DEL DEPARTAMENTO DE AREQUIPA;Arequipa;;;Programas presupuestales;3000686 ATENCION DE LA EMERGENCIA O URGENCIA EN ESTABLECIMIENTO DE SALUD;5005905;Actividad;ATENCION DE LA EMERGENCIA QUIRURGICA;;2461355;Salud;Localizada en Arequipa;;Sí;0
6;ANEXO-6-1;62;552;Gobierno regional;443;GOBIERNO REGIONAL DEL DEPARTAMENTO DE AREQUIPA;Arequipa;;;Programas presupuestales;3000688 PERSONAS CON DISCAPACIDAD RECIBEN ATENCION DE REHABILITACION EN ESTABLECIMIENTOS DE SALUD;5005150;Actividad;ATENCION DE REHABILITACION PARA PERSONAS CON DISCAPACIDAD FISICA;;1534495;Salud;Localizada en Arequipa;;Sí;0
6;ANEXO-6-1;62;552;Gobierno regional;443;GOBIERNO REGIONAL DEL DEPARTAMENTO DE AREQUIPA;Arequipa;;;Programas presupuestales;3000688 PERSONAS CON DISCAPACIDAD RECIBEN ATENCION DE REHABILITACION EN ESTABLECIMIENTOS DE SALUD;5005151;Actividad;ATENCION DE REHABILITACION PARA PERSONAS CON DISCAPACIDAD SENSORIAL;;1778;Salud;Localizada en Arequipa;;Sí;0
6;ANEXO-6-1;62;552;Gobierno regional;443;GOBIERNO REGIONAL DEL DEPARTAMENTO DE AREQUIPA;Arequipa;;;Programas presupuestales;3000688 PERSONAS CON DISCAPACIDAD RECIBEN ATENCION DE REHABILITACION EN ESTABLECIMIENTOS DE SALUD;5005152;Actividad;ATENCION DE REHABILITACION PARA PERSONAS CON DISCAPACIDAD MENTAL;;4220;Salud;Localizada en Arequipa;;Sí;0
6;ANEXO-6-1;62;552;Gobierno regional;443;GOBIERNO REGIONAL DEL DEPARTAMENTO DE AREQUIPA;Arequipa;;;Programas presupuestales;3000689 PERSONA CON DISCAPACIDAD CERTIFICADA EN ESTABLECIMIENTOS DE SALUD;5005153;Actividad;CERTIFICACION DE DISCAPACIDAD;;2000;Salud;Localizada en Arequipa;;Sí;0
6;ANEXO-6-1;62;552;Gobierno regional;443;GOBIERNO REGIONAL DEL DEPARTAMENTO DE AREQUIPA;Arequipa;;;Programas presupuestales;3000689 PERSONA CON DISCAPACIDAD CERTIFICADA EN ESTABLECIMIENTOS DE SALUD;5005154;Actividad;CERTIFICACION DE INCAPACIDAD PARA EL TRABAJO;;220214;Salud;Localizada en Arequipa;;Sí;0
6;ANEXO-6-1;62;552;Gobierno regional;443;GOBIERNO REGIONAL DEL DEPARTAMENTO DE AREQUIPA;Arequipa;;;Programas presupuestales;3000690 PERSONAS CON DISCAPACIDAD RECIBEN SERVICIOS DE REHABILITACION BASADA EN LA COMUNIDAD;5005155;Actividad;CAPACITACION A AGENTES COMUNITARIOS EN REHABILITACION BASADA EN LA COMUNIDAD;;4683386;Salud;Localizada en Arequipa;;Sí;0
6;ANEXO-6-1;62;552;Gobierno regional;443;GOBIERNO REGIONAL DEL DEPARTAMENTO DE AREQUIPA;Arequipa;;;Programas presupuestales;3000690 PERSONAS CON DISCAPACIDAD RECIBEN SERVICIOS DE REHABILITACION BASADA EN LA COMUNIDAD;5005924;Actividad;VISITAS A LAS FAMILIAS PARA REHABILITACION BASADA EN LA COMUNIDAD;;2040393;Salud;Localizada en Arequipa;;Sí;0
6;ANEXO-6-1;62;552;Gobierno regional;443;GOBIERNO REGIONAL DEL DEPARTAMENTO DE AREQUIPA;Arequipa;;;Programas presupuestales;3000691 SERVICIOS DE ATENCION DE TUBERCULOSIS CON MEDIDAS DE CONTROL DE INFECCIONES Y BIOSEGURIDAD EN EL PERSONAL DE SALUD;5005157;Actividad;MEDIDAS DE CONTROL DE INFECCIONES Y BIOSEGURIDAD EN LOS SERVICIOS DE ATENCION DE TUBERCULOSIS;;559997;Salud;Localizada en Arequipa;;Sí;0
6;ANEXO-6-1;62;552;Gobierno regional;443;GOBIERNO REGIONAL DEL DEPARTAMENTO DE AREQUIPA;Arequipa;;;Programas presupuestales;3000698 PERSONAS CON TRASTORNOS MENTALES Y PROBLEMAS PSICOSOCIALES DETECTADAS;5005188;Actividad;TAMIZAJE DE PERSONAS CON TRASTORNOS MENTALES Y PROBLEMAS PSICOSOCIALES;;3156385;Salud;Localizada en Arequipa;;Sí;0
6;ANEXO-6-1;62;552;Gobierno regional;443;GOBIERNO REGIONAL DEL DEPARTAMENTO DE AREQUIPA;Arequipa;;;Programas presupuestales;3000698 PERSONAS CON TRASTORNOS MENTALES Y PROBLEMAS PSICOSOCIALES DETECTADAS;5006280;Actividad;TAMIZAJE DE NIÑOS Y NIÑAS DE O A 17 AÑOS CON DEFICIT EN SUS HABILIDADES SOCIALES, TRASTORNOS MENTALES Y DEL COMPORTAMIENTO Y/0 PROBLEMAS PSICOSOCIALES PROPIOS DE LA INFANCIA Y LA ADOLESCENCIA;;163047;Salud;Localizada en Arequipa;;Sí;0
6;ANEXO-6-1;62;552;Gobierno regional;443;GOBIERNO REGIONAL DEL DEPARTAMENTO DE AREQUIPA;Arequipa;;;Programas presupuestales;3000699 POBLACION CON PROBLEMAS PSICOSOCIALES QUE RECIBEN ATENCION OPORTUNA Y DE CALIDAD;5005189;Actividad;TRATAMIENTO DE PERSONAS CON PROBLEMAS PSICOSOCIALES;;3003728;Salud;Localizada en Arequipa;;Sí;0
6;ANEXO-6-1;62;552;Gobierno regional;443;GOBIERNO REGIONAL DEL DEPARTAMENTO DE AREQUIPA;Arequipa;;;Programas presupuestales;3000699 POBLACION CON PROBLEMAS PSICOSOCIALES QUE RECIBEN ATENCION OPORTUNA Y DE CALIDAD;5006281;Actividad;TRATAMIENTO AMBULATORIO DE NIÑOS Y NIÑAS DE O A 17 AÑOS CON TRASTORNOS MENTALES Y DEL COMPORTAMIENTO Y/0 PROBLEMAS PSICOSOCIALES PROPIOS DE LA INFANCIA Y LA ADOLESCENCIA;;604496;Salud;Localizada en Arequipa;;Sí;0
6;ANEXO-6-1;62;552;Gobierno regional;443;GOBIERNO REGIONAL DEL DEPARTAMENTO DE AREQUIPA;Arequipa;;;Programas presupuestales;3000700 PERSONAS CON TRASTORNOS AFECTIVOS Y DE ANSIEDAD TRATADAS OPORTUNAMENTE;5005190;Actividad;TRATAMIENTO AMBULATORIO DE PERSONAS CON TRASTORNOS AFECTIVOS (DEPRESION Y CONDUCTA SUICIDA) Y DE ANSIEDAD;;8798855;Salud;Localizada en Arequipa;;Sí;0
6;ANEXO-6-1;62;552;Gobierno regional;443;GOBIERNO REGIONAL DEL DEPARTAMENTO DE AREQUIPA;Arequipa;;;Programas presupuestales;3000700 PERSONAS CON TRASTORNOS AFECTIVOS Y DE ANSIEDAD TRATADAS OPORTUNAMENTE;5005191;Actividad;TRATAMIENTO CON INTERNAMIENTO DE PERSONAS CON TRASTORNOS AFECTIVOS Y DE ANSIEDAD;;1179554;Salud;Localizada en Arequipa;;Sí;0
6;ANEXO-6-1;62;552;Gobierno regional;443;GOBIERNO REGIONAL DEL DEPARTAMENTO DE AREQUIPA;Arequipa;;;Programas presupuestales;3000702 PERSONAS CON TRASTORNOS Y SINDROMES PSICOTICOS TRATADAS OPORTUNAMENTE;5005195;Actividad;TRATAMIENTO AMBULATORIO DE PERSONAS CON SINDROME O TRASTORNO PSICOTICO;;3447129;Salud;Localizada en Arequipa;;Sí;0
6;ANEXO-6-1;62;552;Gobierno regional;443;GOBIERNO REGIONAL DEL DEPARTAMENTO DE AREQUIPA;Arequipa;;;Programas presupuestales;3000702 PERSONAS CON TRASTORNOS Y SINDROMES PSICOTICOS TRATADAS OPORTUNAMENTE;5005196;Actividad;TRATAMIENTO CON INTERNAMIENTO DE PERSONAS CON SINDROME O TRASTORNO PSICOTICO;;1902887;Salud;Localizada en Arequipa;;Sí;0
6;ANEXO-6-1;62;552;Gobierno regional;443;GOBIERNO REGIONAL DEL DEPARTAMENTO DE AREQUIPA;Arequipa;;;Programas presupuestales;3000702 PERSONAS CON TRASTORNOS Y SINDROMES PSICOTICOS TRATADAS OPORTUNAMENTE;5005197;Actividad;REHABILITACION PSICOSOCIAL DE PERSONAS CON SINDROME O TRASTORNO ESQUIZOFRENICO;;256910;Salud;Localizada en Arequipa;;Sí;0
6;ANEXO-6-1;62;552;Gobierno regional;443;GOBIERNO REGIONAL DEL DEPARTAMENTO DE AREQUIPA;Arequipa;;;Programas presupuestales;3000706 FAMILIAS CON CONOCIMIENTOS DE PRACTICAS SALUDABLES PARA PREVENIR LOS TRASTORNOS MENTALES Y PROBLEMAS PSICOSOCIALES;5006071;Actividad;CAPACITACION A ACTORES SOCIALES QUE PROMUEVEN LA CONVIVENCIA SALUDABLE;;85173;Salud;Localizada en Arequipa;;Sí;0
6;ANEXO-6-1;63;663;Gobierno regional;443;GOBIERNO REGIONAL DEL DEPARTAMENTO DE AREQUIPA;Arequipa;;;Programas presupuestales;3000734 CAPACIDAD INSTALADA PARA LA PREPARACION Y RESPUESTA FRENTE A EMERGENCIAS Y DESASTRES;5005560;Actividad;DESARROLLO DE SIMULACROS EN GESTION REACTIVA;;111806;Gestión del riesgo de desastres;Localizada en Arequipa;;Sí;0
6;ANEXO-6-1;63;663;Gobierno regional;443;GOBIERNO REGIONAL DEL DEPARTAMENTO DE AREQUIPA;Arequipa;;;Programas presupuestales;3000734 CAPACIDAD INSTALADA PARA LA PREPARACION Y RESPUESTA FRENTE A EMERGENCIAS Y DESASTRES;5005561;Actividad;IMPLEMENTACION DE BRIGADAS PARA LA ATENCION FRENTE A EMERGENCIAS Y DESASTRES;;201070;Sin clasificar;Localizada en Arequipa;;Sí;0
6;ANEXO-6-1;63;663;Gobierno regional;443;GOBIERNO REGIONAL DEL DEPARTAMENTO DE AREQUIPA;Arequipa;;;Programas presupuestales;3000734 CAPACIDAD INSTALADA PARA LA PREPARACION Y RESPUESTA FRENTE A EMERGENCIAS Y DESASTRES;5005610;Actividad;ADMINISTRACION Y ALMACENAMIENTO DE INFRAESTRUCTURA MOVIL PARA LA ASISTENCIA FRENTE A EMERGENCIAS Y DESASTRES;;187957;Gestión del riesgo de desastres;Localizada en Arequipa;;Sí;0
6;ANEXO-6-1;63;663;Gobierno regional;443;GOBIERNO REGIONAL DEL DEPARTAMENTO DE AREQUIPA;Arequipa;;;Programas presupuestales;3000734 CAPACIDAD INSTALADA PARA LA PREPARACION Y RESPUESTA FRENTE A EMERGENCIAS Y DESASTRES;5005611;Actividad;ADMINISTRACION Y ALMACENAMIENTO DE KITS PARA LA ASISTENCIA FRENTE A EMERGENCIAS Y DESASTRES;;2058826;Gestión del riesgo de desastres;Localizada en Arequipa;;Sí;0
6;ANEXO-6-1;63;663;Gobierno regional;443;GOBIERNO REGIONAL DEL DEPARTAMENTO DE AREQUIPA;Arequipa;;;Programas presupuestales;3000734 CAPACIDAD INSTALADA PARA LA PREPARACION Y RESPUESTA FRENTE A EMERGENCIAS Y DESASTRES;5005612;Actividad;DESARROLLO DE LOS CENTROS Y ESPACIOS DE MONITOREO DE EMERGENCIAS Y DESASTRES;;446718;Gestión del riesgo de desastres;Localizada en Arequipa;;Sí;0
6;ANEXO-6-1;63;663;Gobierno regional;443;GOBIERNO REGIONAL DEL DEPARTAMENTO DE AREQUIPA;Arequipa;;;Programas presupuestales;3000735 DESARROLLO DE MEDIDAS DE INTERVENCION PARA LA PROTECCION FISICA FRENTE A PELIGROS;5005564;Actividad;MANTENIMIENTO DE CAUCES, DRENAJES Y ESTRUCTURAS DE SEGURIDAD FISICA FRENTE A PELIGROS;;100000;Sin clasificar;Localizada en Arequipa;;Sí;0
6;ANEXO-6-1;63;663;Gobierno regional;443;GOBIERNO REGIONAL DEL DEPARTAMENTO DE AREQUIPA;Arequipa;;;Programas presupuestales;3000737 ESTUDIOS PARA LA ESTIMACION DEL RIESGO DE DESASTRES;5005571;Actividad;DESARROLLO DE ESTUDIOS PARA ESTABLECER EL RIESGO A NIVEL TERRITORIAL;;128000;Gestión del riesgo de desastres;Localizada en Arequipa;;Sí;0
6;ANEXO-6-1;63;663;Gobierno regional;443;GOBIERNO REGIONAL DEL DEPARTAMENTO DE AREQUIPA;Arequipa;;;Programas presupuestales;3000738 PERSONAS CON FORMACION Y CONOCIMIENTO EN GESTION DEL RIESGO DE DESASTRES Y ADAPTACION AL CAMBIO CLIMATICO;5005580;Actividad;FORMACION Y CAPACITACION EN MATERIA DE GESTION DE RIESGO DE DESASTRES Y ADAPTACION AL CAMBIO CLIMATICO;;569112;Gestión del riesgo de desastres;Localizada en Arequipa;;Sí;0
6;ANEXO-6-1;63;663;Gobierno regional;443;GOBIERNO REGIONAL DEL DEPARTAMENTO DE AREQUIPA;Arequipa;;;Programas presupuestales;3000739 POBLACION CON PRACTICAS SEGURAS PARA LA RESILIENCIA;5005581;Actividad;DESARROLLO DE CAMPAÑAS COMUNICACIONALES PARA LA GESTION DEL RIESGO DE DESASTRES;;83840;Gestión del riesgo de desastres;Localizada en Arequipa;;Sí;0
6;ANEXO-6-1;63;663;Gobierno regional;443;GOBIERNO REGIONAL DEL DEPARTAMENTO DE AREQUIPA;Arequipa;;;Programas presupuestales;3000739 POBLACION CON PRACTICAS SEGURAS PARA LA RESILIENCIA;5005583;Actividad;ORGANIZACION Y ENTRENAMIENTO DE COMUNIDADES EN HABILIDADES FRENTE AL RIESGO DE DESASTRES;;61822;Gestión del riesgo de desastres;Localizada en Arequipa;;Sí;0
6;ANEXO-6-1;63;663;Gobierno regional;443;GOBIERNO REGIONAL DEL DEPARTAMENTO DE AREQUIPA;Arequipa;;;Programas presupuestales;3000740 SERVICIOS PUBLICOS SEGUROS ANTE EMERGENCIAS Y DESASTRES;5005570;Actividad;DESARROLLO DE ESTUDIOS DE VULNERABILIDAD Y RIESGO EN SERVICIOS PUBLICOS;;41727;Gestión del riesgo de desastres;Localizada en Arequipa;;Sí;0
6;ANEXO-6-1;63;663;Gobierno regional;443;GOBIERNO REGIONAL DEL DEPARTAMENTO DE AREQUIPA;Arequipa;;;Programas presupuestales;3000740 SERVICIOS PUBLICOS SEGUROS ANTE EMERGENCIAS Y DESASTRES;5005585;Actividad;SEGURIDAD FISICO FUNCIONAL DE SERVICIOS PUBLICOS;;337877;Gestión del riesgo de desastres;Localizada en Arequipa;;Sí;0
6;ANEXO-6-1;63;663;Gobierno regional;443;GOBIERNO REGIONAL DEL DEPARTAMENTO DE AREQUIPA;Arequipa;;;Programas presupuestales;3000789 INSTITUCIONES EDUCATIVAS EMPLEAN MATERIAL EDUCATIVO, EQUIPAMIENTO Y MOBILIARIO;5003164;Actividad;DOTACION DE MATERIALES Y EQUIPOS EDUCATIVOS PARA ESTUDIANTES DE INSTITUCIONES EDUCATIVAS INCLUSIVAS;;3821;Educación;Localizada en Arequipa;;Sí;0
6;ANEXO-6-1;63;663;Gobierno regional;443;GOBIERNO REGIONAL DEL DEPARTAMENTO DE AREQUIPA;Arequipa;;;Programas presupuestales;3000789 INSTITUCIONES EDUCATIVAS EMPLEAN MATERIAL EDUCATIVO, EQUIPAMIENTO Y MOBILIARIO;5003166;Actividad;DOTACION DE MATERIALES Y EQUIPOS EDUCATIVOS PARA CENTROS DE EDUCACION BASICA ESPECIAL Y CENTROS DE RECURSOS;;70917;Educación;Localizada en Arequipa;;Sí;0
6;ANEXO-6-1;63;663;Gobierno regional;443;GOBIERNO REGIONAL DEL DEPARTAMENTO DE AREQUIPA;Arequipa;;;Programas presupuestales;3000789 INSTITUCIONES EDUCATIVAS EMPLEAN MATERIAL EDUCATIVO, EQUIPAMIENTO Y MOBILIARIO;5003169;Actividad;DOTACION DE MATERIALES Y EQUIPOS EDUCATIVOS PARA PROGRAMAS DE INTERVENCION TEMPRANA;;31554;Educación;Localizada en Arequipa;;Sí;0
6;ANEXO-6-1;63;663;Gobierno regional;443;GOBIERNO REGIONAL DEL DEPARTAMENTO DE AREQUIPA;Arequipa;;;Programas presupuestales;3000790 PERSONAL CONTRATADO OPORTUNAMENTE;5004308;Actividad;CONTRATACION OPORTUNA Y PAGO DE PERSONAL PARA ATENCION DE PROGRAMAS DE INTERVENCION TEMPRANA;;778318;Salud;Localizada en Arequipa;;Sí;0
6;ANEXO-6-1;63;663;Gobierno regional;443;GOBIERNO REGIONAL DEL DEPARTAMENTO DE AREQUIPA;Arequipa;;;Programas presupuestales;3000790 PERSONAL CONTRATADO OPORTUNAMENTE;5005877;Actividad;CONTRATACION OPORTUNA Y PAGO DE PERSONAL EN INSTITUCIONES EDUCATIVAS INCLUSIVAS, CENTROS DE EDUCACION BASICA ESPECIAL Y CENTROS DE RECURSOS;;19514716;Educación;Localizada en Arequipa;;Sí;0
6;ANEXO-6-1;63;663;Gobierno regional;443;GOBIERNO REGIONAL DEL DEPARTAMENTO DE AREQUIPA;Arequipa;;;Programas presupuestales;3000792 LOCALES CON CONDICIONES FISICAS ADECUADAS;5003165;Actividad;MANTENIMIENTO Y ACONDICIONAMIENTO DE ESPACIOS EN LOCALES DE LOS CENTROS DE EDUCACION BASICA ESPECIAL Y CENTROS DE RECURSOS;;485779;Educación;Localizada en Arequipa;;Sí;0
6;ANEXO-6-1;63;663;Gobierno regional;443;GOBIERNO REGIONAL DEL DEPARTAMENTO DE AREQUIPA;Arequipa;;;Programas presupuestales;3000792 LOCALES CON CONDICIONES FISICAS ADECUADAS;5003168;Actividad;MANTENIMIENTO Y ACONDICIONAMIENTO DE ESPACIOS EN PROGRAMAS DE INTERVENCION TEMPRANA;;29802;Salud;Localizada en Arequipa;;Sí;0
6;ANEXO-6-1;63;663;Gobierno regional;443;GOBIERNO REGIONAL DEL DEPARTAMENTO DE AREQUIPA;Arequipa;;;Programas presupuestales;3000801 TRANSPORTE ASISTIDO DE LA EMERGENCIA Y URGENCIA INDIVIDUAL;5006279;Actividad;SERVICIO DE TRANSPORTE ASISTIDO DE LA EMERGENCIA Y URGENCIA;;1318689;Transporte;Localizada en Arequipa;;Sí;0
6;ANEXO-6-1;63;663;Gobierno regional;443;GOBIERNO REGIONAL DEL DEPARTAMENTO DE AREQUIPA;Arequipa;;;Programas presupuestales;3000806 HECTÁREAS DE ECOSISTEMAS CONSERVADOS PARA ASEGURAR LA PROVISION SOSTENBILE DE SERVICIOS ECOSISTEMICOS;5005931;Actividad;ELABORACION DE ESTUDIOS ESPECIALIZADOS PARA LA CONSERVACION DOLOS ECOSISTEMAS;;43500;Ambiente;Localizada en Arequipa;;Sí;0
6;ANEXO-6-1;64;554;Gobierno regional;443;GOBIERNO REGIONAL DEL DEPARTAMENTO DE AREQUIPA;Arequipa;;;Programas presupuestales;3000808 ENTIDADES SUPERVISADAS Y FISCALIZADAS EN EL CUMPLIMIENTO DE LOS COMPROMISOS Y LA LEGISLACION AMBIENTAL;5005939;Actividad;IMPLEMENTACION Y OPERACION DEL SISTEMA DE CERTIFICACION AMBIENTAL PARA LOS INSTRUMIENTOS DE EVALUACION DE IMPACTO AMBIENTAL;;32000;Ambiente;Localizada en Arequipa;;Sí;0
6;ANEXO-6-1;64;554;Gobierno regional;443;GOBIERNO REGIONAL DEL DEPARTAMENTO DE AREQUIPA;Arequipa;;;Programas presupuestales;3000811 TAMIZAJE Y DIAGNOSTICO DE RECIEN NACIDO CON RETINOPATIA DE LA PREMATURIDAD (ROP);5005991;Actividad;EXAMENES DE TAMIZAJE Y DIAGNOSTICO EN RECIEN NACIDO CON FACTORES DE RIESGO PARA RETINOPATIA DE LA PREMATURIDAD (ROP);;1000;Salud;Localizada en Arequipa;;Sí;0
6;ANEXO-6-1;64;554;Gobierno regional;443;GOBIERNO REGIONAL DEL DEPARTAMENTO DE AREQUIPA;Arequipa;;;Programas presupuestales;3000813 TAMIZAJE Y DIAGNOSTICO DE PERSONAS CON GLAUCOMA;5005993;Actividad;EVALUACION DE TAMIZAJE Y DIAGNOSTICO DE PERSONAS CON GLAUCOMA;;651250;Salud;Localizada en Arequipa;;Sí;0
6;ANEXO-6-1;64;554;Gobierno regional;443;GOBIERNO REGIONAL DEL DEPARTAMENTO DE AREQUIPA;Arequipa;;;Programas presupuestales;3000814 TRATAMIENTO Y CONTROL DE PERSONAS CON GLAUCOMA;5005994;Actividad;BRINDAR TRATAMIENTO A PERSONAS CON DIAGNOSTICO DE GLAUCOMA;;500;Salud;Localizada en Arequipa;;Sí;0
6;ANEXO-6-1;64;554;Gobierno regional;443;GOBIERNO REGIONAL DEL DEPARTAMENTO DE AREQUIPA;Arequipa;;;Programas presupuestales;3000815 PERSONA CON CONSEJERIA PARA LA PREVENCION Y CONTROL DEL CANCER;5006000;Actividad;CONSEJERIA PREVENTIVA EN FACTORES DE RIESGO PARA EL CANCER;;1142453;Salud;Localizada en Arequipa;;Sí;0
6;ANEXO-6-1;64;554;Gobierno regional;443;GOBIERNO REGIONAL DEL DEPARTAMENTO DE AREQUIPA;Arequipa;;;Programas presupuestales;3000815 PERSONA CON CONSEJERIA PARA LA PREVENCION Y CONTROL DEL CANCER;5006001;Actividad;CONSEJERIA PARA PACIENTES DIAGNOSTICADOS CON CANCER;;8268;Salud;Localizada en Arequipa;;Sí;0
6;ANEXO-6-1;64;554;Gobierno regional;443;GOBIERNO REGIONAL DEL DEPARTAMENTO DE AREQUIPA;Arequipa;;;Programas presupuestales;3000816 MUJER TAMIZADA EN CANCER DE MAMA;5006005;Actividad;TAMIZAJE EN MUJER CON EXAMEN CLINICO DE MAMA PARA DETECCION DE CANCER DE MAMA;;919393;Salud;Localizada en Arequipa;;Sí;0
6;ANEXO-6-1;64;554;Gobierno regional;443;GOBIERNO REGIONAL DEL DEPARTAMENTO DE AREQUIPA;Arequipa;;;Programas presupuestales;3000816 MUJER TAMIZADA EN CANCER DE MAMA;5006006;Actividad;TAMIZAJE EN MUJER CON MAMOGRAFIA BILATERAL PARA DETECCION DE CANCER DE MAMA;;712918;Salud;Localizada en Arequipa;;Sí;0
6;ANEXO-6-1;64;554;Gobierno regional;443;GOBIERNO REGIONAL DEL DEPARTAMENTO DE AREQUIPA;Arequipa;;;Programas presupuestales;3000817 PERSONA TAMIZADA PARA DETECCION DE OTROS CANCERES PREVALENTES;5006007;Actividad;TAMIZAJE PARA DETECCION DE CANCER DE COLON Y RECTO;;649189;Salud;Localizada en Arequipa;;Sí;0
6;ANEXO-6-1;64;554;Gobierno regional;443;GOBIERNO REGIONAL DEL DEPARTAMENTO DE AREQUIPA;Arequipa;;;Programas presupuestales;3000817 PERSONA TAMIZADA PARA DETECCION DE OTROS CANCERES PREVALENTES;5006008;Actividad;TAMIZAJE PARA DETECCION DE CANCER DE PROSTATA;;1242761;Salud;Localizada en Arequipa;;Sí;0
6;ANEXO-6-1;64;554;Gobierno regional;443;GOBIERNO REGIONAL DEL DEPARTAMENTO DE AREQUIPA;Arequipa;;;Programas presupuestales;3000817 PERSONA TAMIZADA PARA DETECCION DE OTROS CANCERES PREVALENTES;5006009;Actividad;TAMIZAJE PARA DETECCION DE CANCER DE PIEL;;751440;Salud;Localizada en Arequipa;;Sí;0
6;ANEXO-6-1;64;554;Gobierno regional;443;GOBIERNO REGIONAL DEL DEPARTAMENTO DE AREQUIPA;Arequipa;;;Programas presupuestales;3000818 PERSONA ATENDIDA CON LESIONES PREMALIGNAS DE CUELLO UTERINO;5006010;Actividad;ATENCION DE LA PACIENTE CON LESIONES PREMALIGNAS DE CUELLO UTERINO CON ABLACION;;429658;Salud;Localizada en Arequipa;;Sí;0
6;ANEXO-6-1;64;554;Gobierno regional;443;GOBIERNO REGIONAL DEL DEPARTAMENTO DE AREQUIPA;Arequipa;;;Programas presupuestales;3000818 PERSONA ATENDIDA CON LESIONES PREMALIGNAS DE CUELLO UTERINO;5006011;Actividad;ATENCION DE LA PACIENTE CON LESIONES PREMALIGNAS DE CUELLO UTERINO CON ESCISION;;184422;Salud;Localizada en Arequipa;;Sí;0
6;ANEXO-6-1;64;554;Gobierno regional;443;GOBIERNO REGIONAL DEL DEPARTAMENTO DE AREQUIPA;Arequipa;;;Programas presupuestales;3000819 PERSONA ATENDIDA CON CUIDADOS PALIATIVOS;5006032;Actividad;ATENCION CON CUIDADOS PALIATIVOS EN EL ESTABLECIMIENTO DE SALUD;;101588;Salud;Localizada en Arequipa;;Sí;0
6;ANEXO-6-1;64;554;Gobierno regional;443;GOBIERNO REGIONAL DEL DEPARTAMENTO DE AREQUIPA;Arequipa;;;Programas presupuestales;3000819 PERSONA ATENDIDA CON CUIDADOS PALIATIVOS;5006033;Actividad;ATENCION CON CUIDADOS PALIATIVOS EN EL DOMICILIO;;665245;Salud;Localizada en Arequipa;;Sí;0
6;ANEXO-6-1;64;554;Gobierno regional;443;GOBIERNO REGIONAL DEL DEPARTAMENTO DE AREQUIPA;Arequipa;;;Programas presupuestales;3000825 PRODUCTORES AGROPECUARIOS MEJORAN SUS CAPACIDADES COMERCIALES GESTIONANDO EMPRESARIALMENTE HACIA EL MERCADO;5006067;Actividad;FORMACION DE ORGANIZACIONES DE PRODUCTORES CON FINES COMERCIALES;;500;Agropecuario y riego;Localizada en Arequipa;;Sí;0
6;ANEXO-6-1;64;554;Gobierno regional;443;GOBIERNO REGIONAL DEL DEPARTAMENTO DE AREQUIPA;Arequipa;;;Programas presupuestales;3000825 PRODUCTORES AGROPECUARIOS MEJORAN SUS CAPACIDADES COMERCIALES GESTIONANDO EMPRESARIALMENTE HACIA EL MERCADO;5006215;Actividad;DESARROLLAR MECANISMOS PARA LA COMERCIALIZACION DE PRODUCTOS AGROPECUARIOS;;500;Agropecuario y riego;Localizada en Arequipa;;Sí;0
6;ANEXO-6-1;64;554;Gobierno regional;443;GOBIERNO REGIONAL DEL DEPARTAMENTO DE AREQUIPA;Arequipa;;;Programas presupuestales;3000830 FAMILIAS ACCEDEN A VIVIENDAS EN CONDICIONES ADECUADAS;5004337;Actividad;REGISTRO, EVALUACION Y SISTEMATIZACION DE LA OFERTA DE VIVIENDA DE INTERES SOCIAL;;40000;Vivienda y desarrollo urbano;Localizada en Arequipa;;Sí;0
6;ANEXO-6-1;64;554;Gobierno regional;443;GOBIERNO REGIONAL DEL DEPARTAMENTO DE AREQUIPA;Arequipa;;;Programas presupuestales;3000833 DOCENTES CON COMPETENCIAS PERTINENTES Y ACTUALIZADAS;5006091;Actividad;SELECCION, CONTRATACION OPORTUNA Y PAGO DE DOCENTES, ASISTENTES Y AUXILIARES;;23262758;Educación;Localizada en Arequipa;;Sí;0
6;ANEXO-6-1;65;555;Gobierno regional;443;GOBIERNO REGIONAL DEL DEPARTAMENTO DE AREQUIPA;Arequipa;;;Programas presupuestales;3000834 GESTION DIRECTIVA ORIENTADA AL CUMPLIMIENTO DE RESULTADOS;5006094;Actividad;SELECCION, CONTRATACION OPORTUNA Y PAGO DE DIRECTORES, JERARQUICOS Y ADMINISTRATIVOS;;3898158;Sin clasificar;Localizada en Arequipa;;Sí;0
6;ANEXO-6-1;65;555;Gobierno regional;443;GOBIERNO REGIONAL DEL DEPARTAMENTO DE AREQUIPA;Arequipa;;;Programas presupuestales;3000836 ADECUADAS CONDICIONES DE OPERACION DE LAS INSTITUCIONES DE LA EDUCACION SUPERIOR TECNOLOGICA;5006100;Actividad;PROVISION DE SERVICIOS BASICOS, SEGURIDAD Y LIMPIEZA;;851833;Educación;Localizada en Arequipa;;Sí;0
6;ANEXO-6-1;65;555;Gobierno regional;443;GOBIERNO REGIONAL DEL DEPARTAMENTO DE AREQUIPA;Arequipa;;;Programas presupuestales;3000836 ADECUADAS CONDICIONES DE OPERACION DE LAS INSTITUCIONES DE LA EDUCACION SUPERIOR TECNOLOGICA;5006101;Actividad;DOTACION DE RECURSOS EDUCATIVOS;;726144;Educación;Localizada en Arequipa;;Sí;0
6;ANEXO-6-1;65;555;Gobierno regional;443;GOBIERNO REGIONAL DEL DEPARTAMENTO DE AREQUIPA;Arequipa;;;Programas presupuestales;3000836 ADECUADAS CONDICIONES DE OPERACION DE LAS INSTITUCIONES DE LA EDUCACION SUPERIOR TECNOLOGICA;5006102;Actividad;MANTENIMIENTO DE INFRAESTRUCTURA, EQUIPAMIENTO Y MOBILIARIO;;9145694;Educación;Localizada en Arequipa;;Sí;0
6;ANEXO-6-1;65;555;Gobierno regional;443;GOBIERNO REGIONAL DEL DEPARTAMENTO DE AREQUIPA;Arequipa;;;Programas presupuestales;3000852 POBLACION ESTUDIANTIL DESARROLLA HABILIDADES PSICOSOCIALES PARA LA PREVENCION DEL CONSUMO DE DROGAS;5006171;Actividad;FORTALECIMIENTO DE HABILIDADES PSICOSOCIALES EN ESCOLARES;;542856;Salud;Localizada en Arequipa;;Sí;0
6;ANEXO-6-1;65;555;Gobierno regional;443;GOBIERNO REGIONAL DEL DEPARTAMENTO DE AREQUIPA;Arequipa;;;Programas presupuestales;3000854 POBLACION RECIBE INTERVENCIONES TERAPEUTICAS PARA DISMINUIR EL RIESGO Y AFECTACION POR EL CONSUMO DE DROGAS;5006176;Actividad;SERVICIO DE ORIENTACION, CONSEJERIA E INTERVENCION BREVE;;517261;Orden público y seguridad;Localizada en Arequipa;;Sí;0
6;ANEXO-6-1;65;555;Gobierno regional;443;GOBIERNO REGIONAL DEL DEPARTAMENTO DE AREQUIPA;Arequipa;;;Programas presupuestales;3000865 DETECCION - DIAGNOSTICO - TRATAMIENTO Y CONTROL DE PERSONAS CON RETINOPATIA DIABETICA;5006230;Actividad;EVALUACION PARA DETECCION Y DIAGNOSTICO DE PERSONAS CON DIABETES MELLITUS CON RIESGO DE RETINOPATIA DIABETICA;;1000;Salud;Localizada en Arequipa;;Sí;0
6;ANEXO-6-1;65;555;Gobierno regional;443;GOBIERNO REGIONAL DEL DEPARTAMENTO DE AREQUIPA;Arequipa;;;Programas presupuestales;3000866 DETECCION - DIAGNOSTICO - TRATAMIENTO Y CONTROL DE PERSONAS CON ENFERMEDADES EXTERNAS DEL OJO;5006232;Actividad;EVALUACION PARA DETECCION Y DIAGNOSTICO DE PERSONAS CON ENFERMEDADES EXTERNAS DEL OJO;;4900;Salud;Localizada en Arequipa;;Sí;0
6;ANEXO-6-1;65;555;Gobierno regional;443;GOBIERNO REGIONAL DEL DEPARTAMENTO DE AREQUIPA;Arequipa;;;Programas presupuestales;3000868 MODELOS DE SERVICIOS EDUCATIVOS VALIDADOS;5006242;Actividad;IMPLEMENTACION DE PILOTO DE MODELO DE SERVICIO EDUCATIVO;;57585;Educación;Localizada en Arequipa;;Sí;0
6;ANEXO-6-1;65;555;Gobierno regional;443;GOBIERNO REGIONAL DEL DEPARTAMENTO DE AREQUIPA;Arequipa;;;Programas presupuestales;3000876 ATENCION ENFERMEDADES DIARREICAS AGUDAS E INFECCIONES RESPIRATORIAS AGUDAS;5000027;Actividad;ATENDER A NIÑOS CON INFECCIONES RESPIRATORIAS AGUDAS;;4609525;Salud;Localizada en Arequipa;;Sí;0
6;ANEXO-6-1;65;555;Gobierno regional;443;GOBIERNO REGIONAL DEL DEPARTAMENTO DE AREQUIPA;Arequipa;;;Programas presupuestales;3000876 ATENCION ENFERMEDADES DIARREICAS AGUDAS E INFECCIONES RESPIRATORIAS AGUDAS;5000028;Actividad;ATENDER A NIÑOS CON ENFERMEDADES DIARREICAS AGUDAS;;2724295;Salud;Localizada en Arequipa;;Sí;0
6;ANEXO-6-1;65;555;Gobierno regional;443;GOBIERNO REGIONAL DEL DEPARTAMENTO DE AREQUIPA;Arequipa;;;Programas presupuestales;3000877 ATENCION ENFERMEDADES DIARREICAS AGUDAS E INFECCIONES RESPIRATORIAS AGUDAS CON COMPLICACIONES;5000029;Actividad;ATENDER A NIÑOS CON DIAGNOSTICO DE INFECCIONES RESPIRATORIAS AGUDAS CON COMPLICACIONES;;3710309;Salud;Localizada en Arequipa;;Sí;0
6;ANEXO-6-1;65;555;Gobierno regional;443;GOBIERNO REGIONAL DEL DEPARTAMENTO DE AREQUIPA;Arequipa;;;Programas presupuestales;3000877 ATENCION ENFERMEDADES DIARREICAS AGUDAS E INFECCIONES RESPIRATORIAS AGUDAS CON COMPLICACIONES;5000030;Actividad;ATENDER A NIÑOS CON DIAGNOSTICO DE ENFERMEDAD DIARREICA AGUDA COMPLICADA;;2561221;Salud;Localizada en Arequipa;;Sí;0
6;ANEXO-6-1;65;555;Gobierno regional;443;GOBIERNO REGIONAL DEL DEPARTAMENTO DE AREQUIPA;Arequipa;;;Programas presupuestales;3000878 NIÑOS Y NIÑAS CON ATENCION DE LA ANEMIA POR DEFICIENCIA DE HIERRO;5006270;Actividad;BRINDAR ATENCION A NIÑOS CON DIAGNOSTICO DE ANEMIA POR DEFICIENCIA DE HIERRO;;82422;Salud;Localizada en Arequipa;;Sí;0
6;ANEXO-6-1;65;555;Gobierno regional;443;GOBIERNO REGIONAL DEL DEPARTAMENTO DE AREQUIPA;Arequipa;;;Programas presupuestales;3000879 ADOLESCENTES CON ATENCIÓN PREVENTIVA DE ANEMIA Y OTRAS DEFICIENCIAS NUTRICIONALES;5006271;Actividad;ADMINISTRAR SUPLEMENTO DE HIERRO Y ACIDO FOLICO A ADOLESCENTES;;785692;Salud;Localizada en Arequipa;;Sí;0
6;ANEXO-6-1;65;555;Gobierno regional;443;GOBIERNO REGIONAL DEL DEPARTAMENTO DE AREQUIPA;Arequipa;;;Programas presupuestales;3000880 POBLACION CON DIAGNOSTICO DE HEPATITIS QUE ACUDE A LOS SERVICIOS DE SALUD RECIBE ATENCION INTEGRAL;5005158;Actividad;BRINDAR ATENCION INTEGRAL A PERSONAS CON DIAGNOSTICO DE HEPATITIS B;;1091122;Salud;Localizada en Arequipa;;Sí;0
6;ANEXO-6-1;65;555;Gobierno regional;443;GOBIERNO REGIONAL DEL DEPARTAMENTO DE AREQUIPA;Arequipa;;;Programas presupuestales;3000880 POBLACION CON DIAGNOSTICO DE HEPATITIS QUE ACUDE A LOS SERVICIOS DE SALUD RECIBE ATENCION INTEGRAL;5006274;Actividad;BRINDAR ATENCION INTEGRAL A PERSONAS CON DIAGNOSTICO DE HEPATITIS C;;972;Salud;Localizada en Arequipa;;Sí;0
6;ANEXO-6-1;65;555;Gobierno regional;443;GOBIERNO REGIONAL DEL DEPARTAMENTO DE AREQUIPA;Arequipa;;;Programas presupuestales;3000881 PERSONAS CON TRASTORNOS MENTALES Y DEL COMPORTAMIENTO DEBIDO AL CONSUMO DEL ALCOHOL Y TABACO TRATADA OPORTUNAMENTE;5005193;Actividad;TRATAMIENTO CON INTERNAMIENTO DE PACIENTES CON TRASTORNO DEL COMPORTAMIENTO DEBIDO AL CONSUMO DE ALCOHOL;;317894;Salud;Localizada en Arequipa;;Sí;0
6;ANEXO-6-1;65;555;Gobierno regional;443;GOBIERNO REGIONAL DEL DEPARTAMENTO DE AREQUIPA;Arequipa;;;Programas presupuestales;3000881 PERSONAS CON TRASTORNOS MENTALES Y DEL COMPORTAMIENTO DEBIDO AL CONSUMO DEL ALCOHOL Y TABACO TRATADA OPORTUNAMENTE;5006282;Actividad;TRATAMIENTO AMBULATORIO DE PERSONAS CON TRASTORNO DEL COMPORTAMIENTO DEBIDO AL CONSUMO DE ALCOHOL Y TABACO;;1766922;Salud;Localizada en Arequipa;;Sí;0
6;ANEXO-6-1;66;556;Gobierno regional;443;GOBIERNO REGIONAL DEL DEPARTAMENTO DE AREQUIPA;Arequipa;;;Programas presupuestales;3000882 HOGARES RURALES CONCENTRADOS CON SERVICIOS DE AGUA POTABLE Y DISPOSICION SANITARIA DE EXCRETAS DE CALIDAD Y SOSTENIBLES;5006299;Actividad;POTABILIZACION Y OTRAS FORMAS DE DESINFECCION Y TRATAMIENTO;;181172;Saneamiento;Localizada en Arequipa;;Sí;0
6;ANEXO-6-1;66;556;Gobierno regional;443;GOBIERNO REGIONAL DEL DEPARTAMENTO DE AREQUIPA;Arequipa;;;Programas presupuestales;3000882 HOGARES RURALES CONCENTRADOS CON SERVICIOS DE AGUA POTABLE Y DISPOSICION SANITARIA DE EXCRETAS DE CALIDAD Y SOSTENIBLES;5006302;Actividad;FORTALECIMIENTO DE CAPACIDADES A PRESTADORES, GL - ATM y GR - D/GRVCS;;222799;Saneamiento;Localizada en Arequipa;;Sí;0
6;ANEXO-6-1;66;556;Gobierno regional;443;GOBIERNO REGIONAL DEL DEPARTAMENTO DE AREQUIPA;Arequipa;;;Programas presupuestales;3000889 NIÑAS, NIÑOS Y ADOLESCENTES EN DESPROTECCION FAMILIAR EN CENTROS DE ACOGIDA RESIDENCIAL RECIBEN SERVICIOS DE PROTECCION;5006337;Actividad;ATENCION, CUIDADO Y PROTECCION A NIÑAS, NIÑOS Y ADOLESCENTES EN DESPROTECCION FAMILIAR A TRAVES DE CENTROS DE ACOGIDA RESIDENCIAL BASICO;;1046532;Protección social;Localizada en Arequipa;;Sí;0
6;ANEXO-6-1;66;556;Gobierno regional;443;GOBIERNO REGIONAL DEL DEPARTAMENTO DE AREQUIPA;Arequipa;;;Programas presupuestales;3000892 NIÑOS Y NIÑAS ENTRE 6 HASTA 36 MESES QUE REQUIEREN DE CUIDADO EXTRA FAMILIAR POR AUSENCIA DE UN ADULTO COMPETENTE PARA SU ATENCION EN EL AMBITO DEL HOGAR RECIBEN SERVICIOS DE CUIDADO Y ATENCION INTEGRAL;5004345;Actividad;ATENCION INTEGRAL DURANTE EL CUIDADO DIURNO;;5368874;Salud;Localizada en Arequipa;;Sí;0
6;ANEXO-6-1;66;556;Gobierno regional;443;GOBIERNO REGIONAL DEL DEPARTAMENTO DE AREQUIPA;Arequipa;;;Programas presupuestales;3000901 MUJERES CON SERVICIOS DE DETECCION, REFERENCIACION Y ATENCION INMEDIATA EN CASOS DE VIOLENCIA;5006346;Actividad;CAPACITACION Y ADOPCION DE PRACTICAS (REGISTRO EN LA HISTORIA CLINICA Y REFERENCIA) EN LA ATENCION PRIMARIA DE SALUD, PARA IDENTIFICAR Y REFERIR A VICTIMAS DE VIOLENCIA;;467002;Salud;Localizada en Arequipa;;Sí;0
6;ANEXO-6-1;66;556;Gobierno regional;443;GOBIERNO REGIONAL DEL DEPARTAMENTO DE AREQUIPA;Arequipa;;;Programas presupuestales;3000901 MUJERES CON SERVICIOS DE DETECCION, REFERENCIACION Y ATENCION INMEDIATA EN CASOS DE VIOLENCIA;5006347;Actividad;PROMOCION DE DECISIONES SEGURAS Y BUSQUEDA DE AYUDA (EMPODERAMIENTO PARA MEJORAR INDEPENDENCIA EN MUJERES BAJO VIOLENCIA) EN ESTABLECIMIENTO Y SERVICIOS PARA VICTIMAS DE VIOLENCIA;;5000;Protección social;Localizada en Arequipa;;Sí;0
6;ANEXO-6-1;66;556;Gobierno regional;443;GOBIERNO REGIONAL DEL DEPARTAMENTO DE AREQUIPA;Arequipa;;;Programas presupuestales;3000909 NIÑAS, NIÑOS Y ADOLESCENTES VICTIMAS DIRECTAS E INDIRECTAS DE MALTRATO INFANTIL Y VIOLENCIA SEXUAL CON PROBLEMAS DE CONDUCTA SEXUAL, RECIBEN TRATAMIENTO COGNITIVO-CONDUCTUALES ADECUADOS;5006375;Actividad;TRATAMIENTO COGNITIVO-CONDUCTUALES CENTRADOS EN EL TRAUMA PARA NIÑAS, NIÑOS Y ADOLESCENTES ABUSADOS SEXUALMENTE;;1746767;Salud;Localizada en Arequipa;;Sí;0
6;ANEXO-6-1;66;556;Gobierno regional;443;GOBIERNO REGIONAL DEL DEPARTAMENTO DE AREQUIPA;Arequipa;;;Programas presupuestales;3000909 NIÑAS, NIÑOS Y ADOLESCENTES VICTIMAS DIRECTAS E INDIRECTAS DE MALTRATO INFANTIL Y VIOLENCIA SEXUAL CON PROBLEMAS DE CONDUCTA SEXUAL, RECIBEN TRATAMIENTO COGNITIVO-CONDUCTUALES ADECUADOS;5006383;Actividad;TRATAMIENTOS PSICOTERAPEUTICOS CONDUCTUALES ENFOCADOS Y DIRIGIDOS A NIÑAS Y NIÑOS VICTIMAS DE MALTRATO INFANTIL;;25000;Salud;Localizada en Arequipa;;Sí;0
6;ANEXO-6-1;66;556;Gobierno regional;443;GOBIERNO REGIONAL DEL DEPARTAMENTO DE AREQUIPA;Arequipa;;;Programas presupuestales;3000924 NIÑOS Y NIÑAS PROTEGIDOS CON VACUNA CONTRA EL VPH;5006417;Actividad;PROTEGER AL NIÑO Y NIÑA CON VACUNA CONTRA EL VPH;;212200;Salud;Localizada en Arequipa;;Sí;0
6;ANEXO-6-1;66;556;Gobierno regional;443;GOBIERNO REGIONAL DEL DEPARTAMENTO DE AREQUIPA;Arequipa;;;Programas presupuestales;3000927 AGUA POTABLE PARA EL CONSUMO HUMANO PARA HOGARES CONCENTRADOS;5004428;Actividad;VIGILANCIA DE LA CALIDAD DEL AGUA PARA EL CONSUMO HUMANO;;1204836;Saneamiento;Localizada en Arequipa;;Sí;0
6;ANEXO-6-1;66;556;Gobierno regional;443;GOBIERNO REGIONAL DEL DEPARTAMENTO DE AREQUIPA;Arequipa;;;Programas presupuestales;3033172 ATENCION PRENATAL REENFOCADA;5000037;Actividad;BRINDAR ATENCION PRENATAL REENFOCADA;;16633817;Salud;Localizada en Arequipa;;Sí;0
6;ANEXO-6-1;66;556;Gobierno regional;443;GOBIERNO REGIONAL DEL DEPARTAMENTO DE AREQUIPA;Arequipa;;;Programas presupuestales;3033251 FAMILIAS SALUDABLES CON CONOCIMIENTOS PARA EL CUIDADO INFANTIL, LACTANCIA MATERNA EXCLUSIVA Y LA ADECUADA ALIMENTACION Y PROTECCION DEL MENOR DE 36 MESES;5000014;Actividad;FAMILIAS CON NIÑO/AS MENORES DE 36 MESES DESARROLLAN PRACTICAS SALUDABLES;;3248735;Salud;Localizada en Arequipa;;Sí;0
6;ANEXO-6-1;66;556;Gobierno regional;443;GOBIERNO REGIONAL DEL DEPARTAMENTO DE AREQUIPA;Arequipa;;;Programas presupuestales;3033251 FAMILIAS SALUDABLES CON CONOCIMIENTOS PARA EL CUIDADO INFANTIL, LACTANCIA MATERNA EXCLUSIVA Y LA ADECUADA ALIMENTACION Y PROTECCION DEL MENOR DE 36 MESES;5005982;Actividad;CAPACITACION A ACTORES SOCIALES QUE PROMUEVEN EL CUIDADO INFANTIL, LACTANCIA MATERNA EXCLUSIVA Y LA ADECUADA ALIMENTACION Y PROTECCION DEL MENOR DE 36 MESES;;1176859;Salud;Localizada en Arequipa;;Sí;0
6;ANEXO-6-1;66;556;Gobierno regional;443;GOBIERNO REGIONAL DEL DEPARTAMENTO DE AREQUIPA;Arequipa;;;Programas presupuestales;3033254 NIÑOS Y NIÑAS CON VACUNA COMPLETA;5000017;Actividad;APLICACION DE VACUNAS COMPLETAS;;19189371;Salud;Localizada en Arequipa;;Sí;0
6;ANEXO-6-1;66;556;Gobierno regional;443;GOBIERNO REGIONAL DEL DEPARTAMENTO DE AREQUIPA;Arequipa;;;Programas presupuestales;3033255 NIÑOS Y NIÑAS CON CRED COMPLETO SEGUN EDAD;5000018;Actividad;ATENCION A NIÑOS CON CRECIMIENTO Y DESARROLLO CRED COMPLETO PARA SU EDAD;;13676605;Salud;Localizada en Arequipa;;Sí;0
6;ANEXO-6-1;66;556;Gobierno regional;443;GOBIERNO REGIONAL DEL DEPARTAMENTO DE AREQUIPA;Arequipa;;;Programas presupuestales;3033255 NIÑOS Y NIÑAS CON CRED COMPLETO SEGUN EDAD;5000019;Actividad;ADMINISTRAR SUPLEMENTO DE HIERRO Y VITAMINA A;;1263280;Salud;Localizada en Arequipa;;Sí;0
6;ANEXO-6-1;67;557;Gobierno regional;443;GOBIERNO REGIONAL DEL DEPARTAMENTO DE AREQUIPA;Arequipa;;;Programas presupuestales;3033291 POBLACION ACCEDE A METODOS DE PLANIFICACION FAMILIAR;5000042;Actividad;MEJORAMIENTO DEL ACCESO DE LA POBLACION A METODOS DE PLANIFICACION FAMILIAR;;6013903;Salud;Localizada en Arequipa;;Sí;0
6;ANEXO-6-1;67;557;Gobierno regional;443;GOBIERNO REGIONAL DEL DEPARTAMENTO DE AREQUIPA;Arequipa;;;Programas presupuestales;3033292 POBLACION ACCEDE A SERVICIOS DE CONSEJERIA EN SALUD SEXUAL Y REPRODUCTIVA;5000043;Actividad;MEJORAMIENTO DEL ACCESO DE LA POBLACION A SERVICIOS DE CONSEJERIA EN SALUD SEXUAL Y REPRODUCTIVA;;664852;Salud;Localizada en Arequipa;;Sí;0
6;ANEXO-6-1;67;557;Gobierno regional;443;GOBIERNO REGIONAL DEL DEPARTAMENTO DE AREQUIPA;Arequipa;;;Programas presupuestales;3033294 ATENCION DE LA GESTANTE CON COMPLICACIONES;5000044;Actividad;BRINDAR ATENCION A LA GESTANTE CON COMPLICACIONES;;5961670;Salud;Localizada en Arequipa;;Sí;0
6;ANEXO-6-1;67;557;Gobierno regional;443;GOBIERNO REGIONAL DEL DEPARTAMENTO DE AREQUIPA;Arequipa;;;Programas presupuestales;3033295 ATENCION DEL PARTO NORMAL;5000045;Actividad;BRINDAR ATENCION DE PARTO NORMAL;;9316296;Salud;Localizada en Arequipa;;Sí;0
6;ANEXO-6-1;67;557;Gobierno regional;443;GOBIERNO REGIONAL DEL DEPARTAMENTO DE AREQUIPA;Arequipa;;;Programas presupuestales;3033296 ATENCION DEL PARTO COMPLICADO NO QUIRURGICO;5000046;Actividad;BRINDAR ATENCION DEL PARTO COMPLICADO NO QUIRURGICO;;5185508;Salud;Localizada en Arequipa;;Sí;0
6;ANEXO-6-1;67;557;Gobierno regional;443;GOBIERNO REGIONAL DEL DEPARTAMENTO DE AREQUIPA;Arequipa;;;Programas presupuestales;3033297 ATENCION DEL PARTO COMPLICADO QUIRURGICO;5000047;Actividad;BRINDAR ATENCION DEL PARTO COMPLICADO QUIRURGICO;;2263301;Salud;Localizada en Arequipa;;Sí;0
6;ANEXO-6-1;67;557;Gobierno regional;443;GOBIERNO REGIONAL DEL DEPARTAMENTO DE AREQUIPA;Arequipa;;;Programas presupuestales;3033298 ATENCION DEL PUERPERIO;5000048;Actividad;ATENDER EL PUERPERIO;;1261351;Salud;Localizada en Arequipa;;Sí;0
6;ANEXO-6-1;67;557;Gobierno regional;443;GOBIERNO REGIONAL DEL DEPARTAMENTO DE AREQUIPA;Arequipa;;;Programas presupuestales;3033299 ATENCION DEL PUERPERIO CON COMPLICACIONES;5000049;Actividad;ATENDER EL PUERPERIO CON COMPLICACIONES;;1864411;Salud;Localizada en Arequipa;;Sí;0
6;ANEXO-6-1;67;557;Gobierno regional;443;GOBIERNO REGIONAL DEL DEPARTAMENTO DE AREQUIPA;Arequipa;;;Programas presupuestales;3033300 ATENCION OBSTETRICA EN UNIDAD DE CUIDADOS INTENSIVOS;5000050;Actividad;ATENDER COMPLICACIONES OBSTETRICAS EN UNIDAD DE CUIDADOS INTENSIVOS;;588221;Salud;Localizada en Arequipa;;Sí;0
6;ANEXO-6-1;67;557;Gobierno regional;443;GOBIERNO REGIONAL DEL DEPARTAMENTO DE AREQUIPA;Arequipa;;;Programas presupuestales;3033304 ACCESO AL SISTEMA DE REFERENCIA INSTITUCIONAL;5000052;Actividad;MEJORAMIENTO DEL ACCESO AL SISTEMA DE REFERENCIA INSTITUCIONAL;;604247;Salud;Localizada en Arequipa;;Sí;0
6;ANEXO-6-1;67;557;Gobierno regional;443;GOBIERNO REGIONAL DEL DEPARTAMENTO DE AREQUIPA;Arequipa;;;Programas presupuestales;3033305 ATENCION DEL RECIEN NACIDO NORMAL;5000053;Actividad;ATENDER AL RECIEN NACIDO NORMAL;;3545842;Salud;Localizada en Arequipa;;Sí;0
6;ANEXO-6-1;67;557;Gobierno regional;443;GOBIERNO REGIONAL DEL DEPARTAMENTO DE AREQUIPA;Arequipa;;;Programas presupuestales;3033306 ATENCION DEL RECIEN NACIDO CON COMPLICACIONES;5000054;Actividad;ATENDER AL RECIEN NACIDO CON COMPLICACIONES;;3995072;Salud;Localizada en Arequipa;;Sí;0
6;ANEXO-6-1;67;557;Gobierno regional;443;GOBIERNO REGIONAL DEL DEPARTAMENTO DE AREQUIPA;Arequipa;;;Programas presupuestales;3033307 ATENCION DEL RECIEN NACIDO CON COMPLICACIONES QUE REQUIERE UNIDAD DE CUIDADOS INTENSIVOS NEONATALES - UCIN;5000055;Actividad;ATENDER AL RECIEN NACIDO CON COMPLICACIONES QUE REQUIERE UNIDAD DE CUIDADOS INTENSIVOS NEONATALES - UCIN;;1426898;Salud;Localizada en Arequipa;;Sí;0
6;ANEXO-6-1;67;557;Gobierno regional;443;GOBIERNO REGIONAL DEL DEPARTAMENTO DE AREQUIPA;Arequipa;;;Programas presupuestales;3033315 ATENCION DE OTRAS ENFERMEDADES PREVALENTES;5000031;Actividad;BRINDAR ATENCION A OTRAS ENFERMEDADES PREVALENTES;;1098964;Salud;Localizada en Arequipa;;Sí;0
6;ANEXO-6-1;67;557;Gobierno regional;443;GOBIERNO REGIONAL DEL DEPARTAMENTO DE AREQUIPA;Arequipa;;;Programas presupuestales;3033412 FAMILIAS SALUDABLES INFORMADAS RESPECTO DE SU SALUD SEXUAL Y REPRODUCTIVA;5005984;Actividad;PROMOCIÓN DE PRACTICAS SALUDABLES PARA EL CUIDADO DE LA SALUD SEXUAL Y REPRODUCTIVA EN FAMILIAS;;581737;Salud;Localizada en Arequipa;;Sí;0
6;ANEXO-6-1;67;557;Gobierno regional;443;GOBIERNO REGIONAL DEL DEPARTAMENTO DE AREQUIPA;Arequipa;;;Programas presupuestales;3033414 ATENCION DE NIÑOS Y NIÑAS CON PARASITOSIS INTESTINAL;5000035;Actividad;ATENDER A NIÑOS Y NIÑAS CON DIAGNOSTICO DE PARASITOSIS INTESTINAL;;1834410;Salud;Localizada en Arequipa;;Sí;0
6;ANEXO-6-1;68;558;Gobierno regional;443;GOBIERNO REGIONAL DEL DEPARTAMENTO DE AREQUIPA;Arequipa;;;Programas presupuestales;3043952 FAMILIA CON PRACTICAS SALUDABLES PARA LA PREVENCION DE VIH/SIDA Y TUBERCULOSIS;5000062;Actividad;PROMOVER EN LAS FAMILIAS PRACTICAS SALUDABLES PARA LA PREVENCION DE VIH/SIDA Y TUBERCULOSIS;;616008;Salud;Localizada en Arequipa;;Sí;0
6;ANEXO-6-1;68;558;Gobierno regional;443;GOBIERNO REGIONAL DEL DEPARTAMENTO DE AREQUIPA;Arequipa;;;Programas presupuestales;3043952 FAMILIA CON PRACTICAS SALUDABLES PARA LA PREVENCION DE VIH/SIDA Y TUBERCULOSIS;5005987;Actividad;CAPACITACION A ACTORES SOCIALES QUE PROMUEVEN PRACTICAS SALUDABLES PARA PREVENCION DE TUBERCULOSIS Y VIH/SIDA;;1347276;Salud;Localizada en Arequipa;;Sí;0
6;ANEXO-6-1;68;558;Gobierno regional;443;GOBIERNO REGIONAL DEL DEPARTAMENTO DE AREQUIPA;Arequipa;;;Programas presupuestales;3043958 POBLACION INFORMADA SOBRE USO CORRECTO DE CONDON PARA PREVENCION DE INFECCIONES DE TRANSMISION SEXUAL Y VIH/SIDA;5000068;Actividad;MEJORAR EN POBLACION INFORMADA EL USO CORRECTO DE CONDON PARA PREVENCION DE INFECCIONES DE TRANSMISION SEXUAL Y VIH/SIDA;;473143;Salud;Localizada en Arequipa;;Sí;0
6;ANEXO-6-1;68;558;Gobierno regional;443;GOBIERNO REGIONAL DEL DEPARTAMENTO DE AREQUIPA;Arequipa;;;Programas presupuestales;3043959 ADULTOS Y JOVENES RECIBEN CONSEJERIA Y TAMIZAIE PARA INFECCIONES DE TRANSMISION SEXUAL Y VIH/SIDA;5000069;Actividad;ENTREGAR A ADULTOS Y JOVENES VARONES CONSEJERIA Y TAMIZAJE PARA ITS Y VIH/SIDA;;2586999;Salud;Localizada en Arequipa;;Sí;0
6;ANEXO-6-1;68;558;Gobierno regional;443;GOBIERNO REGIONAL DEL DEPARTAMENTO DE AREQUIPA;Arequipa;;;Programas presupuestales;3043960 POBLACION ADOLESCENTE INFORMADA SOBRE INFECCIONES DE TRANSMISION SEXUAL y VIH/SIDA;5000070;Actividad;ENTREGAR A POBLACION ADOLESCENTE INFORMACION SOBRE INFECCIONES DE TRANSMISION SEXUAL Y VIH/SIDA;;468725;Salud;Localizada en Arequipa;;Sí;0
6;ANEXO-6-1;68;558;Gobierno regional;443;GOBIERNO REGIONAL DEL DEPARTAMENTO DE AREQUIPA;Arequipa;;;Programas presupuestales;3043961 POBLACION DE ALTO RIESGO RECIBE INFORMACION Y ATENCION PREVENTIVA;5000071;Actividad;BRINDAR INFORMACION Y ATENCION PREVENTIVA A POBLACION DE ALTO RIESGO;;1011894;Salud;Localizada en Arequipa;;Sí;0
6;ANEXO-6-1;68;558;Gobierno regional;443;GOBIERNO REGIONAL DEL DEPARTAMENTO DE AREQUIPA;Arequipa;;;Programas presupuestales;3043968 POBLACION CON INFECCIONES DE TRANSMISION SEXUAL RECIBEN TRATAMIENTO SEGUN QUIA CLINICAS;5000078;Actividad;BRINDAR A POBLACION CON INFECCIONES DE TRANSMISION SEXUAL TRATAMIENTO SEGUN GUIA CLINICAS;;584018;Salud;Localizada en Arequipa;;Sí;0
6;ANEXO-6-1;68;558;Gobierno regional;443;GOBIERNO REGIONAL DEL DEPARTAMENTO DE AREQUIPA;Arequipa;;;Programas presupuestales;3043969 PERSONAS DIAGNOSTICADAS CON VIH/SIDA QUE ACUDEN A LOS SERVICIOS Y RECIBEN ATENCION INTEGRAL;5000079;Actividad;BRINDAR ATENCION INTEGRAL A PERSONAS CON DIAGNOSTICO DE VIH QUE ACUDEN A LOS SERVICIOS;;585024;Salud;Localizada en Arequipa;;Sí;0
6;ANEXO-6-1;68;558;Gobierno regional;443;GOBIERNO REGIONAL DEL DEPARTAMENTO DE AREQUIPA;Arequipa;;;Programas presupuestales;3043970 MUJERES GESTANTES REACTIVAS Y NIÑOS EXPUESTOS AL VIH/SIDA RECIBEN TRATAMIENTO OPORTUNO;5000080;Actividad;BRINDAR TRATAMIENTO OPORTUNO A MUJERES GESTANTES REACTIVAS Y NIÑOS EXPUESTOS AL VIH;;954440;Salud;Localizada en Arequipa;;Sí;0
6;ANEXO-6-1;68;558;Gobierno regional;443;GOBIERNO REGIONAL DEL DEPARTAMENTO DE AREQUIPA;Arequipa;;;Programas presupuestales;3043971 MUJERES GESTANTES REACTIVAS A SIFILIS Y SUS CONTACTOS Y RECIEN NACIDOS EXPUESTOS RECIBEN TRATAMIENTO OPORTUNO;5000081;Actividad;BRINDAR TRATAMIENTO OPORTUNO A MUJERES GESTANTES REACTIVAS A SIFILIS Y SUS CONTACTOS Y RECIEN NACIDOS EXPUESTOS;;739161;Salud;Localizada en Arequipa;;Sí;0
6;ANEXO-6-1;68;558;Gobierno regional;443;GOBIERNO REGIONAL DEL DEPARTAMENTO DE AREQUIPA;Arequipa;;;Programas presupuestales;3043972 PERSONA QUE ACCEDE AL EESS Y RECIBE TRATAMIENTO OPORTUNO PARA TUBERCULOSIS EXTREMADAMENTE DROGO RESISTENTE (XDR);5000082;Actividad;BRINDAR TRATAMIENTO OPORTUNO A PERSONAS QUE ACCEDEN AL EESS Y RECIBE TRATAMIENTO PARA TUBERCULOSIS EXTREMADAMENTE DROGO RESISTENTE (XDR);;84085;Salud;Localizada en Arequipa;;Sí;0
6;ANEXO-6-1;68;558;Gobierno regional;443;GOBIERNO REGIONAL DEL DEPARTAMENTO DE AREQUIPA;Arequipa;;;Programas presupuestales;3043977 FAMILIA CON PRACTICAS SALUDABLES PARA LA PREVENCION DE ENFERMEDADES METAXENICAS Y ZOONOTICAS;5000087;Actividad;PROMOCION DE PRACTICAS SALUDABLES PARA LA PREVENCION DE ENFERMEDADES METAXENICAS Y ZOONOTICAS EN FAMILIAS DE ZONAS DE RIESGO;;716767;Salud;Localizada en Arequipa;;Sí;0
6;ANEXO-6-1;68;558;Gobierno regional;443;GOBIERNO REGIONAL DEL DEPARTAMENTO DE AREQUIPA;Arequipa;;;Programas presupuestales;3043980 POBLADORES DE AREAS CON RIESGO DE TRANSMISION INFORMADA CONOCE LOS MECANISMOS DE TRANSMISION DE ENFERMEDADES METAXENICAS Y ZOONOTICAS;5000090;Actividad;INFORMACION DE LOS MECANISMOS DE TRANSMISION DE ENFERMEDADES METAXENICAS Y ZOONOTICAS EN POBLADORES DE AREAS CON RIESGO;;267562;Salud;Localizada en Arequipa;;Sí;0
6;ANEXO-6-1;68;558;Gobierno regional;443;GOBIERNO REGIONAL DEL DEPARTAMENTO DE AREQUIPA;Arequipa;;;Programas presupuestales;3043981 VIVIENDAS PROTEGIDAS DE LOS PRINCIPALES CONDICIONANTES DEL RIESGO EN LAS AREAS DE ALTO Y MUY ALTO RIESGO DE ENFERMEDADES METAXENICAS Y ZOONOSIS;5000091;Actividad;INTERVENCIONES EN VIVIENDAS PROTEGIDAS DE LOS PRINCIPALES CONDICIONANTES DEL RIESGO EN LAS AREAS DE ALTO Y MUY ALTO RIESGO DE ENFERMEDADES METAXENICAS Y ZOONOSIS;;1568041;Salud;Localizada en Arequipa;;Sí;0
6;ANEXO-6-1;68;558;Gobierno regional;443;GOBIERNO REGIONAL DEL DEPARTAMENTO DE AREQUIPA;Arequipa;;;Programas presupuestales;3043982 VACUNACION DE ANIMALES DOMESTICOS;5000092;Actividad;VACUNAR A ANIMALES DOMESTICOS;;2546200;Salud;Localizada en Arequipa;;Sí;0
6;ANEXO-6-1;69;559;Gobierno regional;443;GOBIERNO REGIONAL DEL DEPARTAMENTO DE AREQUIPA;Arequipa;;;Programas presupuestales;3043983 DIAGNOSTICO Y TRATAMIENTO DE ENFERMEDADES METAXENICAS;5000093;Actividad;EVALUACION, DIAGNOSTICO Y TRATAMIENTO DE ENFERMEDADES METAXENICAS;;4090981;Salud;Localizada en Arequipa;;Sí;0
6;ANEXO-6-1;69;559;Gobierno regional;443;GOBIERNO REGIONAL DEL DEPARTAMENTO DE AREQUIPA;Arequipa;;;Programas presupuestales;3043984 DIAGNOSTICO Y TRATAMIENTO DE CASOS DE ENFERMEDADES ZOONOTICAS;5000094;Actividad;EVALUACION, DIAGNOSTICO Y TRATAMIENTO DE CASOS DE ENFERMEDADES ZOONOTICAS;;2872612;Salud;Localizada en Arequipa;;Sí;0
6;ANEXO-6-1;69;559;Gobierno regional;443;GOBIERNO REGIONAL DEL DEPARTAMENTO DE AREQUIPA;Arequipa;;;Programas presupuestales;3043987 POBLACION INFORMADA Y SENSIBILIZADA EN EL CUIDADO DE LA SALUD DE LAS ENFERMEDADES NO TRANSMISIBLES (MENTAL, BUCAL, OCULAR, METALES PESADOS, HIPERTENSION ARTERIAL Y DIABETES MELLITUS);5000098;Actividad;INFORMACION Y SENSIBILIZACION DE LA POBLACION EN PARA EL CUIDADO DE LA SALUD DE LAS ENFERMEDADES NO TRANSMISIBLES (MENTAL, BUCAL, OCULAR, METALES PESADOS, HIPERTENSION ARTERIAL Y DIABETES MELLITUS);;2500;Salud;Localizada en Arequipa;;Sí;0
6;ANEXO-6-1;69;559;Gobierno regional;443;GOBIERNO REGIONAL DEL DEPARTAMENTO DE AREQUIPA;Arequipa;;;Programas presupuestales;3043988 FAMILIA EN ZONAS DE RIESGO INFORMADA QUE REALIZAN PRACTICAS HIGIENICAS SANITARIAS PARA PREVENIR LAS ENFERMEDADES NO TRANSMISIBLES ( MENTAL, BUCAL, OCULAR, METALES PESADOS, HIPERTENSION ARTERIAL Y DIABETES MELLITUS);5005995;Actividad;PROMOCION DE PRACTICAS HIGIENICAS SANITARIAS EN FAMILIAS EN ZONAS DE RIESGO PARA PREVENIR LAS ENFERMEDADES NO TRANSMISIBLES;;992208;Salud;Localizada en Arequipa;;Sí;0
6;ANEXO-6-1;69;559;Gobierno regional;443;GOBIERNO REGIONAL DEL DEPARTAMENTO DE AREQUIPA;Arequipa;;;Programas presupuestales;3043988 FAMILIA EN ZONAS DE RIESGO INFORMADA QUE REALIZAN PRACTICAS HIGIENICAS SANITARIAS PARA PREVENIR LAS ENFERMEDADES NO TRANSMISIBLES ( MENTAL, BUCAL, OCULAR, METALES PESADOS, HIPERTENSION ARTERIAL Y DIABETES MELLITUS);5005996;Actividad;CAPACITACION A ACTORES SOCIALES PARA LA PROMOCION DE PRACTICAS Y ENTORNOS SALUDABLES PARA PREVENIR FACTORES DE RIESGO DE ENFERMEDADES NO TRANSMISIBLES;;47700;Salud;Localizada en Arequipa;;Sí;0
6;ANEXO-6-1;69;559;Gobierno regional;443;GOBIERNO REGIONAL DEL DEPARTAMENTO DE AREQUIPA;Arequipa;;;Programas presupuestales;3043997 TAMIZAJE Y TRATAMIENTO DE PACIENTES AFECTADOS POR METALES PESADOS;5000103;Actividad;EXAMENES DE TAMIZAJE Y TRATAMIENTO DE PERSONAS AFECTADAS POR INTOXICACION DE METALES PESADOS;;520166;Salud;Localizada en Arequipa;;Sí;0
6;ANEXO-6-1;69;559;Gobierno regional;443;GOBIERNO REGIONAL DEL DEPARTAMENTO DE AREQUIPA;Arequipa;;;Programas presupuestales;;2078076;Proyecto de inversión;CONSTRUCCION DE VIA TRONCAL INTERCONECTORA ENTRE LOS DISTRITOS DE MIRAFLORES, ALTO SELVA ALEGRE, YANAHUARA, CAYMA Y CERRO COLORADO DE LA PROVINCIA DE AREQUIPA-AREQUIPA;;3300000;Sin clasificar;Localizada en Arequipa;;Sí;0
6;ANEXO-6-1;69;559;Gobierno regional;443;GOBIERNO REGIONAL DEL DEPARTAMENTO DE AREQUIPA;Arequipa;;;Programas presupuestales;;2078454;Proyecto de inversión;MEJORAMIENTO DEL SISTEMA DE AGUA POTABLE Y ALCANTARILLADO DE LAS PARTES ALTAS DE PAUCARPATA, DISTRITO DE PAUCARPATA, AREQUIPA, AREQUIPA;;500000;Saneamiento;Localizada en Arequipa;;Sí;0
6;ANEXO-6-1;69;559;Gobierno regional;443;GOBIERNO REGIONAL DEL DEPARTAMENTO DE AREQUIPA;Arequipa;;;Programas presupuestales;;2088142;Proyecto de inversión;MAJES SIGUAS - II ETAPA;;3559000;Sin clasificar;Localizada en Arequipa;;Sí;0
6;ANEXO-6-1;69;559;Gobierno regional;443;GOBIERNO REGIONAL DEL DEPARTAMENTO DE AREQUIPA;Arequipa;;;Programas presupuestales;;2115694;Proyecto de inversión;MEJORAMIENTO DE RIEGO TECNIFICADO A NIVEL DE INFRAESTRUCTURA PRINCIPAL, EL PEDREGAL, DISTRITO MAJES, CAYLLOMA - AREQUIPA;;1000000;Agropecuario y riego;Localizada en Arequipa;;Sí;0
6;ANEXO-6-1;69;559;Gobierno regional;443;GOBIERNO REGIONAL DEL DEPARTAMENTO DE AREQUIPA;Arequipa;;;Programas presupuestales;;2127643;Proyecto de inversión;MEJORAMIENTO DEL SERVICIO EDUCATIVO DE LA I.E. TECNICO AGROPECUARIA NIVEL SECUNDARIO N° 40201 LA COLINA DEL DISTRITO DE MAJES, PROVINCIA DE CAYLLOMA - AREQUIPA;;6269318;Agropecuario y riego;Localizada en Arequipa;;Sí;0
6;ANEXO-6-1;69;559;Gobierno regional;443;GOBIERNO REGIONAL DEL DEPARTAMENTO DE AREQUIPA;Arequipa;;;Programas presupuestales;;2159794;Proyecto de inversión;AMPLIACION Y MEJORAMIENTO DEL SISTEMA DE AGUA POTABLE Y ALCANTARILLADO EN LOS DISTRITOS DE APLAO Y HUANCARQUI DE LA PROVINCIA DE CASTILLA - AREQUIPA;;6900000;Saneamiento;Localizada en Arequipa;;Sí;0
6;ANEXO-6-1;69;559;Gobierno regional;443;GOBIERNO REGIONAL DEL DEPARTAMENTO DE AREQUIPA;Arequipa;;;Programas presupuestales;;2173290;Proyecto de inversión;INSTALACION DE LA PLANTA DE TRATAMIENTO Y MEJORAMIENTO DEL SISTEMA DE ABASTECIMIENTO DE AGUA POTABLE Y DESAGUE EN LA LOCALIDAD DE LA JOYA NUEVA, DISTRITO DE LA JOYA, PROVINCIA Y REGION AREQUIPA;;4251007;Saneamiento;Localizada en Arequipa;;Sí;0
6;ANEXO-6-1;69;559;Gobierno regional;443;GOBIERNO REGIONAL DEL DEPARTAMENTO DE AREQUIPA;Arequipa;;;Programas presupuestales;;2178454;Proyecto de inversión;MEJORAMIENTO DE LA CARRETERA VARIANTE DE UCHUMAYO, ENTRE EL PUENTE SAN ISIDRO Y LA VIA DE EVITAMIENTO, DISTRITOS SACHACA, YANAHUARA Y CERRO COLORADO, PROVINCIA DE AREQUIPA-REGION AREQUIPA;;31557102;Transporte;Localizada en Arequipa;;Sí;0
6;ANEXO-6-1;69;559;Gobierno regional;443;GOBIERNO REGIONAL DEL DEPARTAMENTO DE AREQUIPA;Arequipa;;;Programas presupuestales;;2192013;Proyecto de inversión;MEJORAMIENTO DE LOS SERVICIOS TURISTICOS EN EL CIRCUITO DEL CENTRO HISTORICO RECORRIDO FUNDO FIERRO, PLAZA DE ARMAS Y RECOLETA, PROVINCIA DE AREQUIPA, REGION AREQUIPA;;2300000;Turismo y comercio;Localizada en Arequipa;;Sí;0
6;ANEXO-6-1;69;559;Gobierno regional;443;GOBIERNO REGIONAL DEL DEPARTAMENTO DE AREQUIPA;Arequipa;;;Programas presupuestales;;2194709;Proyecto de inversión;MEJORAMIENTO DE LA CARRETERA VISCACHANI-CALLALLI-SIBAYO-CAYLLOMA, PROVINCIA CAYLLOMA, REGION AREQUIPA;;62976989;Transporte;Localizada en Arequipa;;Sí;0
6;ANEXO-6-1;69;559;Gobierno regional;443;GOBIERNO REGIONAL DEL DEPARTAMENTO DE AREQUIPA;Arequipa;;;Programas presupuestales;;2234364;Proyecto de inversión;MEJORAMIENTO DE LA CARRETERA VECINAL RUTA N AR-549 DE TRAYECTORIA: EMP. AR-105 (PTE. PTA. COLORADA) - SAHUANI, DISTRITO DE URACA CORIRE, PROVINCIA DE CASTILLA, REGION AREQUIPA;;695811;Transporte;Localizada en Arequipa;;Sí;0
6;ANEXO-6-1;69;559;Gobierno regional;443;GOBIERNO REGIONAL DEL DEPARTAMENTO DE AREQUIPA;Arequipa;;;Programas presupuestales;;2243499;Proyecto de inversión;MEJORAMIENTO DEL SISTEMA VIAL Y PEATONAL DE LA ASOCIACION DE VIVIENDA CAHUAYA ROSASPATA, DISTRITO DE PAUCARPATA - AREQUIPA - AREQUIPA;;174537;Transporte;Localizada en Arequipa;;Sí;0
6;ANEXO-6-1;69;559;Gobierno regional;443;GOBIERNO REGIONAL DEL DEPARTAMENTO DE AREQUIPA;Arequipa;;;Programas presupuestales;;2246271;Proyecto de inversión;MEJORAMIENTO DEL SERVICIO DE AGUA DEL SISTEMA DE RIEGO CANAL LLACTATURNA - QIAN DEL DISTRITO DE VIRACO - PROVINCIA DE CASTILLA - DEPARTAMENTO DE AREQUIPA;;500000;Agropecuario y riego;Localizada en Arequipa;;Sí;0
6;ANEXO-6-1;69;559;Gobierno regional;443;GOBIERNO REGIONAL DEL DEPARTAMENTO DE AREQUIPA;Arequipa;;;Programas presupuestales;;2251033;Proyecto de inversión;MEJORAMIENTO DEL SERVICIO DE PROTECCION CONTRA INUNDACIONES EN EL SECTOR TOMACA (PROGRESIVA 0.300-4+160) MARGEN IZQUIERDA DEL RIO MAJES EN EL DE;;100000;Sin clasificar;Localizada en Arequipa;;Sí;0
6;ANEXO-6-1;70;560;Gobierno regional;443;GOBIERNO REGIONAL DEL DEPARTAMENTO DE AREQUIPA;Arequipa;;;Programas presupuestales;;2266245;Proyecto de inversión;INSTALACION DEL SERVICIO EDUCATIVO INICIAL EN LA I.E.I. GOTITAS DE ESPERANZA EN LA ASOCIACION URBANIZADORA JOSE LUIS BUSTAMANTE Y RIVERO SECTOR V DEL CONO NORTE, DISTRITO DE CERRO COLORADO, PROVINCIA Y REGION DE AREQUIPA;;1509010;Educación;Localizada en Arequipa;;Sí;0
6;ANEXO-6-1;70;560;Gobierno regional;443;GOBIERNO REGIONAL DEL DEPARTAMENTO DE AREQUIPA;Arequipa;;;Programas presupuestales;;2278936;Proyecto de inversión;MEJORAMIENTO DE LOS SERVICIOS EDUCATIVOS DE LA INSTITUCION EDUCATIVA PRIMARIA ELIAS CACERES LOZADA, DISTRITO DE CHIVAY, PROVINCIA DE CAYLLOMA -AREQUIPA;;465424;Educación;Localizada en Arequipa;;Sí;0
6;ANEXO-6-1;70;560;Gobierno regional;443;GOBIERNO REGIONAL DEL DEPARTAMENTO DE AREQUIPA;Arequipa;;;Programas presupuestales;;2279438;Proyecto de inversión;MEJORAMIENTO DE LOS SERVICIOS DE SALUD DEL ESTABLECIMIENTO DE SALUD DE CHALA, DISTRITO DE CHALA, PROVINCIA DE CARAVELI - REGION AREQUIPA;;345904;Salud;Localizada en Arequipa;;Sí;0
6;ANEXO-6-1;70;560;Gobierno regional;443;GOBIERNO REGIONAL DEL DEPARTAMENTO DE AREQUIPA;Arequipa;;;Programas presupuestales;;2279710;Proyecto de inversión;MEJORAMIENTO DE LOS SERVICIOS DE SALUD DEL HOSPITAL CAMANA DISTRITO Y PROVINCIA DE CAMANA - REGION AREQUIPA;;29189763;Salud;Localizada en Arequipa;;Sí;0
6;ANEXO-6-1;70;560;Gobierno regional;443;GOBIERNO REGIONAL DEL DEPARTAMENTO DE AREQUIPA;Arequipa;;;Programas presupuestales;;2290485;Proyecto de inversión;MEJORAMIENTO DE LOS SERVICIOS DE APOYO DEL HOSPITAL REGIONAL HONORIO DELGADO UBICADO EN EL DEPARTAMENTO DE AREQUIPA, PROVINCIA Y REGION AREQUIPA;;100000;Salud;Localizada en Arequipa;;Sí;0
6;ANEXO-6-1;70;560;Gobierno regional;443;GOBIERNO REGIONAL DEL DEPARTAMENTO DE AREQUIPA;Arequipa;;;Programas presupuestales;;2290616;Proyecto de inversión;MEJORAMIENTO DEL SISTEMA DE RIEGO EN EL SECTOR VANIÑAN, CANAL TOCROYO - LIGUAYA, EN EL DISTRITO DE HUANCA, PROVINCIA DE CAYLLOMA - AREQUIPA;;1800000;Agropecuario y riego;Localizada en Arequipa;;Sí;0
6;ANEXO-6-1;70;560;Gobierno regional;443;GOBIERNO REGIONAL DEL DEPARTAMENTO DE AREQUIPA;Arequipa;;;Programas presupuestales;;2300402;Proyecto de inversión;MEJORAMIENTO DEL SERVICIO EDUCATIVO PARA EL LOGRO DE APRENDIZAJE, AREA DE ARTE, EN LAS INSTITUCIONES EDUCATIVAS IDENTIFICADAS DE LA REGION AREQUIPA;;50000;Educación;Localizada en Arequipa;;Sí;0
6;ANEXO-6-1;70;560;Gobierno regional;443;GOBIERNO REGIONAL DEL DEPARTAMENTO DE AREQUIPA;Arequipa;;;Programas presupuestales;;2301015;Proyecto de inversión;CREACION DE LOS SERVICIOS DE EDUCACION INICIAL ESCOLARIZADA DE IA INSTITUCION EDUCATIVA INICIAL VIRGEN DE CHAPI, DISTRITO MOLLEBAYA, PROVINCIA AREQUIPA, REGION AREQUIPA;;3219604;Educación;Localizada en Arequipa;;Sí;0
6;ANEXO-6-1;70;560;Gobierno regional;443;GOBIERNO REGIONAL DEL DEPARTAMENTO DE AREQUIPA;Arequipa;;;Programas presupuestales;;2309768;Proyecto de inversión;MEJORAMIENTO DE LA INFRAESTRUCTURA VEHICULAR Y PEATONAL EN EL SECTOR 1 DEL ASENTAMIENTO URBANO MUNICIPAL HORACIO ZEBALLOS GAMEZ, DISTRITO DE SOCABAYA - AREQUIPA - AREQUIPA;;4551000;Transporte;Localizada en Arequipa;;Sí;0
6;ANEXO-6-1;70;560;Gobierno regional;443;GOBIERNO REGIONAL DEL DEPARTAMENTO DE AREQUIPA;Arequipa;;;Programas presupuestales;;2313904;Proyecto de inversión;MEJORAMIENTO DEL SERVICIO DE EDUCACION PRIMARIA EN LA I.E.P. N 40380 DE LA LOCALIDAD DE CALLALLI, DISTRITO DE CALLALLI, PROVINCIA DE CAYLLOMA - AREQUIPA;;1055511;Educación;Localizada en Arequipa;;Sí;0
6;ANEXO-6-1;70;560;Gobierno regional;443;GOBIERNO REGIONAL DEL DEPARTAMENTO DE AREQUIPA;Arequipa;;;Programas presupuestales;;2314572;Proyecto de inversión;MEJORAMIENTO DEL SERVICIO EDUCATIVO DEL INSTITUTO DE EDUCACION SUPERIOR TECNOLOGICO PUBLICO PEDRO P. DIAZ, DISTRITO DE JOSE LUIS BUSTAMANTE Y RIVERO - AREQUIPA - AREQUIPA;;100000;Educación;Localizada en Arequipa;;Sí;0
6;ANEXO-6-1;70;560;Gobierno regional;443;GOBIERNO REGIONAL DEL DEPARTAMENTO DE AREQUIPA;Arequipa;;;Programas presupuestales;;2319132;Proyecto de inversión;MEJORAMIENTO DEL SERVICIO EDUCATIVO DE LA I.E. 40158 EL GRAN AMAUTA P.J. EL PORVENIR, DISTRITO DE MIRAFLORES - AREQUIPA - AREQUIPA;;350000;Educación;Localizada en Arequipa;;Sí;0
6;ANEXO-6-1;70;560;Gobierno regional;443;GOBIERNO REGIONAL DEL DEPARTAMENTO DE AREQUIPA;Arequipa;;;Programas presupuestales;;2322636;Proyecto de inversión;CREACION DE LOS SERVICIOS DE EDUCACION PRIMARIA DE LA I.E. COMPLEJO HABITACIONAL DEAN VALDIVIA SECTOR 12 DISTRITO DE CAYMA, PROVINCIA DE AREQUIPA, REGION AREQUIPA;;5000000;Educación;Localizada en Arequipa;;Sí;0
6;ANEXO-6-1;70;560;Gobierno regional;443;GOBIERNO REGIONAL DEL DEPARTAMENTO DE AREQUIPA;Arequipa;;;Programas presupuestales;;2325550;Proyecto de inversión;MEJORAMIENTO DE LOS SERVICIOS EDUCATIVOS EN LA INSTITUCION EDUCATIVA N 41037 JOSE GALVEZ DEL DISTRITO DE MIRAFLORES, PROVINCIA DE AREQUIPA - AREQUIPA;;2968893;Educación;Localizada en Arequipa;;Sí;0
6;ANEXO-6-1;70;560;Gobierno regional;443;GOBIERNO REGIONAL DEL DEPARTAMENTO DE AREQUIPA;Arequipa;;;Programas presupuestales;;2325874;Proyecto de inversión;MEJORAMIENTO Y CULMINACION DE CONSTRUCCION DE LA CARRETERA PAMPACOCHA - CUPE, DISTRITO DE TORO, PROVINCIA DE LA UNION - AREQUIPA;;4433793;Transporte;Localizada en Arequipa;;Sí;0
6;ANEXO-6-1;70;560;Gobierno regional;443;GOBIERNO REGIONAL DEL DEPARTAMENTO DE AREQUIPA;Arequipa;;;Programas presupuestales;;2328893;Proyecto de inversión;MEJORAMIENTO DEL SERVICIO DE LA TRANSITABILIDAD VEHICULAR Y PEATONAL EN LOS SECTORES DE INCLAN, LAS TRES CRUCES, MIRAMAR Y ALTO LAS CRUCES, DISTRITO DE MOLLENDO, PROVINCIA DE ISLAY - AREQUIPA;;799652;Transporte;Localizada en Arequipa;;Sí;0
6;ANEXO-6-1;70;560;Gobierno regional;443;GOBIERNO REGIONAL DEL DEPARTAMENTO DE AREQUIPA;Arequipa;;;Programas presupuestales;;2329432;Proyecto de inversión;CREACION DEL SERVICIO DE PROTECCION EN EL RIO TAMBO SECTOR EL CARMEN EL TORO, DISTRITO DE COCACHACRA, PROVINCIA DE ISLAY, REGION AREQUIPA;;1000000;Sin clasificar;Localizada en Arequipa;;Sí;0
6;ANEXO-6-1;70;560;Gobierno regional;443;GOBIERNO REGIONAL DEL DEPARTAMENTO DE AREQUIPA;Arequipa;;;Programas presupuestales;;2331873;Proyecto de inversión;MEJORAMIENTO DEL SERVICIO DE TRANSITABILIDAD DEL EJE DE INTEGRACION VIAL NORTE ENTRE LA INTERSECCION DE LA AV. LAS TORRES - VIA PE-34A, HASTA LA INTERSECCION CON LA AV. ITALIA - AV. AVLACION, DISTRITOS DE YURA Y CERRO COLORADO, PROVINCIA DE AREQUIPA, REGION AREQUIPA;;10000000;Transporte;Localizada en Arequipa;;Sí;0
6;ANEXO-6-1;70;560;Gobierno regional;443;GOBIERNO REGIONAL DEL DEPARTAMENTO DE AREQUIPA;Arequipa;;;Programas presupuestales;;2332053;Proyecto de inversión;CREACION DE LOS SERVICIOS DE EDUCACION INICIAL ESCOLARIZADA EN LA INSTITUCION EDUCATIVA INICIAL JOSE ABELARDO QUIÑONEZ II ETAPA DISTRITO DE YUFtA, PROVINCIA DE AREQUIPA, REGION AREQUIPA;;2000;Educación;Localizada en Arequipa;;Sí;0
6;ANEXO-6-1;70;560;Gobierno regional;443;GOBIERNO REGIONAL DEL DEPARTAMENTO DE AREQUIPA;Arequipa;;;Programas presupuestales;;2333809;Proyecto de inversión;CREACION DEL SERVICIO DE EDUCACION SECUNDARIA EN LA INSTITUCION EDUCATIVA VILLA LINARES EN EL DISTRITO DE SAMUEL PASTOR, PROVINCIA DE CAMANA, DEPARTAMENTO DE AREQUIPA;;200100;Educación;Localizada en Arequipa;;Sí;0
6;ANEXO-6-1;70;560;Gobierno regional;443;GOBIERNO REGIONAL DEL DEPARTAMENTO DE AREQUIPA;Arequipa;;;Programas presupuestales;;2333922;Proyecto de inversión;MEJORAMIENTO DEL SERVICIO DE AGUA PARA RIEGO EN EL SECTOR LOS MOLLES DEL PEDREGAL DISTRITO DE MAJES, PROVINCIA DE CAYLLOMA, REGION AREQUIPA;;2000000;Agropecuario y riego;Localizada en Arequipa;;Sí;0
6;ANEXO-6-1;70;560;Gobierno regional;443;GOBIERNO REGIONAL DEL DEPARTAMENTO DE AREQUIPA;Arequipa;;;Programas presupuestales;;2335557;Proyecto de inversión;CREACION DE PISTAS Y VEREDAS EN LOS SECTORES DE LOMAS TRADICIONAL, LOS JAZMINES Y COSTA AZUL, DISTRITO DE LOMAS, PROVINCIA DE CARAVELI - AREQUIPA;;5000000;Sin clasificar;Localizada en Arequipa;;Sí;0
6;ANEXO-6-1;70;560;Gobierno regional;443;GOBIERNO REGIONAL DEL DEPARTAMENTO DE AREQUIPA;Arequipa;;;Programas presupuestales;;2335947;Proyecto de inversión;MEJORAMIENTO DEL SERVICIO DE AGUA PARA RIEGO DEL CANAL PRINCIPAL EN EL ANEXO LOCRAHUANCA, DISTRITO DE TOMEPAMPA, PROVINCIA LA UNION, REGION AREQUIPA;;4000000;Agropecuario y riego;Localizada en Arequipa;;Sí;0
6;ANEXO-6-1;70;560;Gobierno regional;443;GOBIERNO REGIONAL DEL DEPARTAMENTO DE AREQUIPA;Arequipa;;;Programas presupuestales;;2336776;Proyecto de inversión;MEJORAMIENTO DEL SERVICIO DE EDUCACION PRIMARIA EN LA INSTITUCION EDUCATIVA VILLA DON JORGE EN EL DISTRITO DE SAMUEL PASTOR, DE LA PROVINCIA DE CAMANA, DEPARTAMENTO DE AREQUIPA;;93124;Educación;Localizada en Arequipa;;Sí;0
6;ANEXO-6-1;71;561;Gobierno regional;443;GOBIERNO REGIONAL DEL DEPARTAMENTO DE AREQUIPA;Arequipa;;;Programas presupuestales;;2337745;Proyecto de inversión;MEJORAMIENTO DE LA TRANSITABILIDAD EN LA VIA DEPARTAMENTAL, RUTA AR-109 EN LOS DISTRITOS DE MAJES, LLUTA Y HUAMBO DE LA PROVINCIA DE CAYLLOMA - DEPARTAMENTO DE AREQUIPA;;49108065;Transporte;Localizada en Arequipa;;Sí;0
6;ANEXO-6-1;71;561;Gobierno regional;443;GOBIERNO REGIONAL DEL DEPARTAMENTO DE AREQUIPA;Arequipa;;;Programas presupuestales;;2337917;Proyecto de inversión;MEJORAMIENTO DEL SERVICIO EDUCATIVO EN EL INSTITUTO SUPERIOR TECNOLOGICO FAUSTINO B. FRANCO, DISTRITO DE SAMUEL PASTOR, PROVINCIA DE CAMANA - AREQUIPA.;;431805;Educación;Localizada en Arequipa;;Sí;0
6;ANEXO-6-1;71;561;Gobierno regional;443;GOBIERNO REGIONAL DEL DEPARTAMENTO DE AREQUIPA;Arequipa;;;Programas presupuestales;;2342816;Proyecto de inversión;MEJORAMIENTO DE LA INSTITUCION EDUCATIVA FRANCISCO JAVIER DE LUNA PIZARRO, DISTRITO DE MIRAFLORES - AREQUIPA - AREQUIPA;;1000000;Educación;Localizada en Arequipa;;Sí;0
6;ANEXO-6-1;71;561;Gobierno regional;443;GOBIERNO REGIONAL DEL DEPARTAMENTO DE AREQUIPA;Arequipa;;;Programas presupuestales;;2354962;Proyecto de inversión;AMPLIACION Y MEJORAMIENTO DEL SERVICIO EDUCATIVO EN LA I.E. NUESTRA SEÑORA DE LAS PEÑAS, DISTRITO DE APLAO, PROVINCIA DE CASTILLA, REGION AREQUIPA;;50000;Educación;Localizada en Arequipa;;Sí;0
6;ANEXO-6-1;71;561;Gobierno regional;443;GOBIERNO REGIONAL DEL DEPARTAMENTO DE AREQUIPA;Arequipa;;;Programas presupuestales;;2359245;Proyecto de inversión;AMPLIACION Y MEJORAMIENTO DEL SERVICIO EDUCATIVO EN LA INSTITUCION EDUCATIVA N 40322 NUESTRA SEÑORA DE LA ASUNTA, DEL DISTRITO DE MACHAHUAY, PROVINCIA DE CASTILLA, DEPARTAMENTO DE AREQUIPA, REGION AREQUIPA;;1046036;Educación;Localizada en Arequipa;;Sí;0
6;ANEXO-6-1;71;561;Gobierno regional;443;GOBIERNO REGIONAL DEL DEPARTAMENTO DE AREQUIPA;Arequipa;;;Programas presupuestales;;2371698;Proyecto de inversión;CREACION DE PLANTA DE TRATAMIENTO DE AGUAS RESIDUALES DOMESTICAS Y OBRAS COMPLEMENTARIAS PARA ASENTAMIENTO URBANO MUNICIPAL HORACIO ZEBALLOS GAMEZ Y LOCALIDADES DE ZONA SUR DE DISTRITO DE CHARACATO, DISTRITO DE SOCABAYA - PROVINCIA DE AREQUIPA - REGION AREQUIPA;;1054216;Saneamiento;Localizada en Arequipa;;Sí;0
6;ANEXO-6-1;71;561;Gobierno regional;443;GOBIERNO REGIONAL DEL DEPARTAMENTO DE AREQUIPA;Arequipa;;;Programas presupuestales;;2377716;Proyecto de inversión;MEJORAMIENTO DEL CANAL PRINCIPAL DE IRRIGACION DE BELLA UNION DEL KM 0+00 A 0+649.631 Y DEL 2+190.391 A 12+387.952 DISTRITO DE BELLA UNION - CARAVELI - AREQUIPA;;874452;Agropecuario y riego;Localizada en Arequipa;;Sí;0
6;ANEXO-6-1;71;561;Gobierno regional;443;GOBIERNO REGIONAL DEL DEPARTAMENTO DE AREQUIPA;Arequipa;;;Programas presupuestales;;2381347;Proyecto de inversión;MEJORAMIENTO DEL SERVICIO EDUCATIVO EN LA INSTITUCION EDUCATIVA N 40472 CARLOS M. FEBRES, DISTRITO DE MOLLENDO, PROVINCIA DE ISLAY - AREQUIPA;;961113;Educación;Localizada en Arequipa;;Sí;0
6;ANEXO-6-1;71;561;Gobierno regional;443;GOBIERNO REGIONAL DEL DEPARTAMENTO DE AREQUIPA;Arequipa;;;Programas presupuestales;;2402879;Proyecto de inversión;MEJORAMIENTO Y AMPLIACION SERVICIOS DE AGUA POTABLE Y SERVICIO DE DISPOSICION SANITARIA DE EXCRETAS EN LAS ZONAS RURALES DEL DISTRITO DE CAYARANI DISTRITO DE CAYARANI - PROVINCIA DE CONDESUYOS - DEPARTAMENTO DE AREQUIPA;;661143;Saneamiento;Localizada en Arequipa;;Sí;0
6;ANEXO-6-1;71;561;Gobierno regional;443;GOBIERNO REGIONAL DEL DEPARTAMENTO DE AREQUIPA;Arequipa;;;Programas presupuestales;;2403268;Proyecto de inversión;MEJORAMIENTO DE LA COMPETITIVIDAD DE LA CADENA PRODUCTIVA DE CAMELIDOS SUDAMERICANOS DOMESTICOS EN EL DISTRITO DE CALLALLI - DISTRITO DE CAYLLOMA - DISTRITO DE LARI - DISTRITO DE TISCO - DISTRITO DE TUT1- DISTRITO DE SAN ANTONIO DE CHUCA - PROVINCIA DE CAYLLOMA - REGION AREQUIPA;;500000;Agropecuario y riego;Localizada en Arequipa;;Sí;0
6;ANEXO-6-1;71;561;Gobierno regional;443;GOBIERNO REGIONAL DEL DEPARTAMENTO DE AREQUIPA;Arequipa;;;Programas presupuestales;;2404112;Proyecto de inversión;MEJORAMIENTO DEL SERVICIO DE PROTECCION SOLAR EN LAS INSTITUCIONES EDUCATIVAS PUBLICAS DEL NIVEL BASICO REGULAR ( I.E ALMIRANTE MIGUEL GRAU, I.E.1 N° 40693, 190 295 I.E.IBELAUNDE TERRY, I.E.I. JESUS EL BUEN PASTOR, I.E.I. PEDREGAL I.E. N° 40628 WADE NEWBEGIN, I.E .N°40119, I.E N°41501 FRIED KRIEGERI, I.E. N°41062), EN EL DISTRITO DE MAJES - PROVINCIA DE CAYLLOMA - REGION AREQUIPA;;190295;Educación;Localizada en Arequipa;Importe recuperado por diferencia contra la subsección;Sí;0
6;ANEXO-6-1;71;561;Gobierno regional;443;GOBIERNO REGIONAL DEL DEPARTAMENTO DE AREQUIPA;Arequipa;;;Programas presupuestales;;2404186;Proyecto de inversión;MEJORAMIENTO Y AMPLIACION DE LOS SERVICIOS EDUCATIVOS INICIAL PRIMARIA Y SECUNDARIA DE LA I.E. NUESTRA SEÑORA DE LA MEDALLA MILAGROSA CENTRO POBLADO DE JACOBO HUNTER - DISTRITO DE JACOBO HUNTER - PROVINCIA DE AREQUIPA - REGION AREQUIPA;;110599;Educación;Localizada en Arequipa;;Sí;0
6;ANEXO-6-1;71;561;Gobierno regional;443;GOBIERNO REGIONAL DEL DEPARTAMENTO DE AREQUIPA;Arequipa;;;Programas presupuestales;;2406296;Proyecto de inversión;MEJORAMIENTO DE LOS SERVICIOS DE SALUD DEL CENTRO DE SALUD DE CHUQUIBAMBA DISTRITO DE CHUQUIBAMBA - PROVINCIA DE CONDESUYOS - REGION AREQUIPA;;11000000;Salud;Localizada en Arequipa;;Sí;0
6;ANEXO-6-1;71;561;Gobierno regional;443;GOBIERNO REGIONAL DEL DEPARTAMENTO DE AREQUIPA;Arequipa;;;Programas presupuestales;;2407091;Proyecto de inversión;MEJORAMIENTO DE LOS SERVICIOS DE SALUD DEL CENTRO DE SALUD CABANACONDE - DISTRITO DE CABANACONDE - PROVINCIA DE CAYLLOMA - DEPARTAMENTO DE AREQUIPA;;393743;Salud;Localizada en Arequipa;;Sí;0
6;ANEXO-6-1;71;561;Gobierno regional;443;GOBIERNO REGIONAL DEL DEPARTAMENTO DE AREQUIPA;Arequipa;;;Programas presupuestales;;2407649;Proyecto de inversión;MEJORAMIENTO Y AMPLIACION DE LA TROCHA CARROZABLE DE LOS CENTROS POBLADOS DE PIRAMARCA, HUACCHAR, HUAYNACOTAS - DISTRITO DE HUAYNACOTAS - PROVINCIA DE LA UNION - DEPARTAMENTO DE AREQUIPA;;241338;Sin clasificar;Localizada en Arequipa;;Sí;0
6;ANEXO-6-1;71;561;Gobierno regional;443;GOBIERNO REGIONAL DEL DEPARTAMENTO DE AREQUIPA;Arequipa;;;Programas presupuestales;;2416883;Proyecto de inversión;CREACION DEL SERVICIO DE TRANSITABILIDAD VEHICULAR TRAMO SALAMANCA - CHICHAS, - DISTRITO DE CHICHAS - PROVINCIA DE CONDESUYOS - DEPARTAMENTO DE AREQUIPA;;20000000;Transporte;Localizada en Arequipa;;Sí;0
6;ANEXO-6-1;71;561;Gobierno regional;443;GOBIERNO REGIONAL DEL DEPARTAMENTO DE AREQUIPA;Arequipa;;;Programas presupuestales;;2419180;Proyecto de inversión;CREACION DEL SERVICIO EDUCACION DE NIVEL SECUNDARIA EN LA 1E. C CIUDAD MAJES MODULO B -2- DISTRITO DE MAJES - PROVINCIA DE CAYLLOMA - DEPARTAMENTO DE AREQUIPA;;35000;Educación;Localizada en Arequipa;;Sí;0
6;ANEXO-6-1;71;561;Gobierno regional;443;GOBIERNO REGIONAL DEL DEPARTAMENTO DE AREQUIPA;Arequipa;;;Programas presupuestales;;2419474;Proyecto de inversión;MEJORAMIENTO DE LOS SERVICIOS DE EDUCACION PRIMARIA EN LA I.E. 41049 EVERARDO ZAPATA SANTILLANA DEL DISTRITO DE PUNTA DE BOMBON - PROVINCIA DE ISLAY - DEPARTAMENTO DE AREQUIPA;;264350;Educación;Localizada en Arequipa;;Sí;0
6;ANEXO-6-1;71;561;Gobierno regional;443;GOBIERNO REGIONAL DEL DEPARTAMENTO DE AREQUIPA;Arequipa;;;Programas presupuestales;;2423199;Proyecto de inversión;"MEJORAMIENTO DE LA ACCESIBILIDAD PEATONAL Y VEHICULAR DE LA AVENIDA 21 DE MARZO; 02 CUADRAS DE LA CALLE PROGRESO Y CALLE 02 DE MAYO; 01 CUADRA DE CALLE MORAN, CALLE CASTILLA, CALLE 28 DE JULIO, CALLE MARIANO MELGAR, CALLE BOLOGNESI, CALLE PIZARRO, CALLE 01, CALLE 02, PASAJE 02 Y PASAJE 08 EN EL DISTRITO DE APIA0 - PROVINCIA DE CASTILLA - DEPARTAMENTO DE AREQUIPA";;62257;Sin clasificar;Localizada en Arequipa;;Sí;0
6;ANEXO-6-1;71;561;Gobierno regional;443;GOBIERNO REGIONAL DEL DEPARTAMENTO DE AREQUIPA;Arequipa;;;Programas presupuestales;;2435432;Proyecto de inversión;MEJORAMIENTO DEL SERVICIO DE TRANSITABILIDAD VEHICULAR Y PEATONAL EN LA ASOCIACION DE VIVIENDA CERRITO DE HUACSAPATA ZONA A DEL DISTRITO DE PAUCARPATA - PROVINCIA DE AREQUIPA - DEPARTAMENTO DE AREQUIPA;;772104;Transporte;Localizada en Arequipa;;Sí;0
6;ANEXO-6-1;71;561;Gobierno regional;443;GOBIERNO REGIONAL DEL DEPARTAMENTO DE AREQUIPA;Arequipa;;;Programas presupuestales;;2450870;Proyecto de inversión;CREACION DE SERVICIOS BASICOS PARA EL COLEGIO DE ALTO RENDIMIENTO (COAR - AREQUIPA), CENTRO POBLADO BELLO HORIZONTE, DISTRITO DE MAJES - PROVINCIA DE CAYLLOMA - DEPARTAMENTO DE AREQUIPA;;179529;Educación;Localizada en Arequipa;;Sí;0
6;ANEXO-6-1;71;561;Gobierno regional;443;GOBIERNO REGIONAL DEL DEPARTAMENTO DE AREQUIPA;Arequipa;;;Programas presupuestales;;2461519;Proyecto de inversión;MEJORAMIENTO DEL SERVICIO DE TRANSITABILIDAD VEHICULAR EN LA VIA AR 105 TRAMO TOMEPAMPA-ALCA-DV. PUYCA-ANEXO MAGHUANCA EN LOS DISTRITOS DE TOMEPAMPA,;;3049318;Transporte;Localizada en Arequipa;;Sí;0
6;ANEXO-6-1;72;562;Gobierno regional;443;GOBIERNO REGIONAL DEL DEPARTAMENTO DE AREQUIPA;Arequipa;;;Programas presupuestales;;2466006;Proyecto de inversión;CREACION DEL SERVICIO DE TRANSITABILIDAD VIAL INTERURBANA DEL SECTOR TOLAPUCRO, TRAMO VIZCACHANI - RIO PACASMAYO - AR 707, EN LOS DISTRITOS DE HUANCA Y LLUTA DE LA PROVINCIA DE CAYLLOMA - DEPARTAMENTO DE AREQUIPA;;2820000;Transporte;Localizada en Arequipa;;Sí;0
6;ANEXO-6-1;72;562;Gobierno regional;443;GOBIERNO REGIONAL DEL DEPARTAMENTO DE AREQUIPA;Arequipa;;;Programas presupuestales;;2468844;Proyecto de inversión;MEJORAMIENTO Y AMPLIACION DEL SERVICIO EDUCATIVO DEL NIVEL SECUNDARIA DE LA LE. N°40236 CESAR VALLEJO EN EL CENTRO POBLADO PUCCHUN DEL DISTRITO DE MARISCAL CACERES - PROVINCIA DE CAMANA - DEPARTAMENTO DE AREQUIPA;;163502;Educación;Localizada en Arequipa;;Sí;0
6;ANEXO-6-1;72;562;Gobierno regional;443;GOBIERNO REGIONAL DEL DEPARTAMENTO DE AREQUIPA;Arequipa;;;Programas presupuestales;;2469493;Proyecto de inversión;CREACION DEL SERVICIO DE SUMINISTRO ELECTRICO EN LOS CENTROS POBLADOS DE TASATA Y CHAPI DEL DISTRITO DE POLOBAYA - PROVINCIA DE AREQUIPA - DEPARTAMENTO DE AREQUIPA;;70158;Energía;Localizada en Arequipa;;Sí;0
6;ANEXO-6-1;72;562;Gobierno regional;443;GOBIERNO REGIONAL DEL DEPARTAMENTO DE AREQUIPA;Arequipa;;;Programas presupuestales;;2480998;Proyecto de inversión;MEJORAMIENTO DEL SISTEMA DE AGUA POTABLE, Y CREACION DEL SISTEMA DE DISPOSICION DE EXCRETAS EN LOS CENTROS POBLADOS Y ANEXOS DE 13 LOCALIDADES DEL DISTRITO DE SANTA ISABEL DE SIGUAS - PROVINCIA DE AREQUIPA - DEPARTAMENTO DE AREQUIPA;;153292;Saneamiento;Localizada en Arequipa;;Sí;0
6;ANEXO-6-1;72;562;Gobierno regional;443;GOBIERNO REGIONAL DEL DEPARTAMENTO DE AREQUIPA;Arequipa;;;Programas presupuestales;;2483344;Proyecto de inversión;"ADQUISICION DE VENTILADOR MECANICO, MONITOR DE FUNCIONES VITALES, SISTEMA DE VIDEO BRONCOSCOPIA Y MONITOR DE FUNCIONES VITALES; ADEMAS DE OTROS ACTIVOS EN EL(LA) EESS HOSPITAL REGIONAL HONORIO DELGADO ESPINOZA - AREQUIPA EN LA LOCALIDAD AREQUIPA, DISTRITO DE AREQUIPA, PROVINCIA AREQUIPA, DEPARTAMENTO AREQUIPA";;5000000;Salud;Localizada en Arequipa;;Sí;0
6;ANEXO-6-1;72;562;Gobierno regional;443;GOBIERNO REGIONAL DEL DEPARTAMENTO DE AREQUIPA;Arequipa;;;Programas presupuestales;;2487921;Proyecto de inversión;MEJORAMIENTO DE LAS UNIDADES PRODUCTORAS DE SERVICIOS (UPS) CENTRO QUIRURGICO, HOSPITALIZACION, PATOLOGIA CLINICA, DIAGNOSTICO POR IMAGENES, CENTRAL DE ESTERILIZACION Y CASA DE FUERZA, PARA LA ATENCION DE PACIENTES DIAGNOSTICADOS CON COVID-19 Y NO COVID-19 EN EL HOSPITAL HONORIO DELGADO ESPINOZA AREQUIPA DEL DISTRITO DE AREQUIPA - PROVINCIA DE AREQUIPA - DEPARTAMENTO DE AREQUIPA;;20545000;Salud;Localizada en Arequipa;;Sí;0
6;ANEXO-6-1;72;562;Gobierno regional;443;GOBIERNO REGIONAL DEL DEPARTAMENTO DE AREQUIPA;Arequipa;;;Programas presupuestales;;2489112;Proyecto de inversión;MEJORAMIENTO DE LOS SERVICIOS EDUCATIVOS EN EL NIVEL SECUNDARIA DE LA INSTITUCION EDUCATIVA SEBASTIAN BARRANCA, DEL DISTRITO DE CAMANA - PROVINCIA DE CAMANA - DEPARTAMENTO DE AREQUIPA;;8524470;Educación;Localizada en Arequipa;;Sí;0
6;ANEXO-6-1;72;562;Gobierno regional;443;GOBIERNO REGIONAL DEL DEPARTAMENTO DE AREQUIPA;Arequipa;;;Programas presupuestales;;2504390;Proyecto de inversión;MEJORAMIENTO DE LOS SISTEMAS DE RIEGO EN LOS SECTORES CHALHUAYA, CHICOCHICO, TAUCCA PATALLE, CHOQUEPAMPA Y UÑAYACO EN LOS DISTRITOS DE MACA Y ACHOMA DE LA PROVINCIA DE CAYLLOMA - DEPARTAMENTO DE AREQUIPA;;127580;Agropecuario y riego;Localizada en Arequipa;;Sí;0
6;ANEXO-6-1;72;562;Gobierno regional;443;GOBIERNO REGIONAL DEL DEPARTAMENTO DE AREQUIPA;Arequipa;;;Programas presupuestales;;2505011;Proyecto de inversión;MEJORAMIENTO DEL SERVICIO DE EDUCACION SECUNDARIA DE LA I.E. CARLOS LA FUENTE LARRAURI EN EL CENTRO POBLADO DE HUANCA DEL DISTRITO DE HUANCA - PROVINCIA DE CAYLLOMA - DEPARTAMENTO DE AREQUIPA;;4824467;Educación;Localizada en Arequipa;;Sí;0
6;ANEXO-6-1;72;562;Gobierno regional;443;GOBIERNO REGIONAL DEL DEPARTAMENTO DE AREQUIPA;Arequipa;;;Programas presupuestales;;2506499;Proyecto de inversión;CREACION DE LOS SERVICIOS DE TRANSITABILIDAD VEHICULAR A NIVEL DE TROCHA CARROZABLE EN EL TRAMO MACTAZA - ANEXO CASPI DEL DISTRITO DE TORO - PROVINCIA DE LA UNION - DEPARTAMENTO DE AREQUIPA;;4000000;Transporte;Localizada en Arequipa;;Sí;0
6;ANEXO-6-1;72;562;Gobierno regional;443;GOBIERNO REGIONAL DEL DEPARTAMENTO DE AREQUIPA;Arequipa;;;Programas presupuestales;;2510589;Proyecto de inversión;MEJORAMIENTO DE LOS SERVICIOS DE SALUD DEL C.S. DE HUANCARQUI DISTRITO DE HUANCARQUI - PROVINCIA DE CASTILLA - DEPARTAMENTO DE AREQUIPA;;3992000;Salud;Localizada en Arequipa;;Sí;0
6;ANEXO-6-1;72;562;Gobierno regional;443;GOBIERNO REGIONAL DEL DEPARTAMENTO DE AREQUIPA;Arequipa;;;Programas presupuestales;;2514998;Proyecto de inversión;MEJORAMIENTO DEL SERVICIO DE EDUCACION SECUNDARIA Y SERVICIO DE EDUCACION PRIMARIA EN I.E. 40517 CAPITAN EVARISTO AMESQUITA DISTRITO DE HUAYNACOTAS DE LA PROVINCIA DE LA UNION DEL DEPARTAMENTO DE AREQUIPA;;6000000;Educación;Localizada en Arequipa;;Sí;0
6;ANEXO-6-1;72;562;Gobierno regional;443;GOBIERNO REGIONAL DEL DEPARTAMENTO DE AREQUIPA;Arequipa;;;Programas presupuestales;;2516232;Proyecto de inversión;MEJORAMIENTO Y AMPLIACION DE LOS SERVICIOS DE SALUD DEL CENTRO DE SALUD MENTAL COMUNITARIO MAJES DISTRITO DE MAJES - PROVINCIA DE CAYLLOMA - DEPARTAMENTO DE AREQUIPA;;5000000;Salud;Localizada en Arequipa;;Sí;0
6;ANEXO-6-1;72;562;Gobierno regional;443;GOBIERNO REGIONAL DEL DEPARTAMENTO DE AREQUIPA;Arequipa;;;Programas presupuestales;;2516912;Proyecto de inversión;MEJORAMIENTO Y AMPLIACION DEL SISTEMA DE RIEGO DEL SECTOR LARQUENSO DEL DISTRITO DE TUTI - PROVINCIA DE CAYLLOMA - DEPARTAMENTO DE AREQUIPA;;369164;Agropecuario y riego;Localizada en Arequipa;;Sí;0
6;ANEXO-6-1;72;562;Gobierno regional;443;GOBIERNO REGIONAL DEL DEPARTAMENTO DE AREQUIPA;Arequipa;;;Programas presupuestales;;2519181;Proyecto de inversión;MEJORAMIENTO DEL SERVICIO DE TRANSITABILIDAD EN LA VIA AR-116 (EMP. PE34C - DESVIO CAYMA - CABRERIA-EMP- PE 34A - PAMPA CAÑAHUAS) EN LOS DISTRITOS DE CAYMA Y YURA DE LA PROVINCIA DE AREQUIPA - DEPARTAMENTO DE AREQUIPA;;15509906;Transporte;Localizada en Arequipa;;Sí;0
6;ANEXO-6-1;72;562;Gobierno regional;443;GOBIERNO REGIONAL DEL DEPARTAMENTO DE AREQUIPA;Arequipa;;;Programas presupuestales;;2522571;Proyecto de inversión;MEJORAMIENTO DEL SISTEMA DE CAPTACION, CONDUCCION, ALMACENAMIENTO Y DISTRIBUCION PARA AGUA DE REGADIO EN LOS SECTORES DE AGUA BUENA, TOTORANI, SAN JOSE, TAZATA, SEGACHE Y SUSIHUAYA DEL DISTRITO DE POLOBAYA - PROVINCIA DE AREQUIPA - DEPARTAMENTO DE AREQUIPA;;680000;Sin clasificar;Localizada en Arequipa;;Sí;0
6;ANEXO-6-1;72;562;Gobierno regional;443;GOBIERNO REGIONAL DEL DEPARTAMENTO DE AREQUIPA;Arequipa;;;Programas presupuestales;;2524088;Proyecto de inversión;"REMODELACION DE TUNEL Y TUNEL; REPARACION DE CANAL; EN EL(LA) SISTEMA DE ADUCCION TUTI - TUNEL TERMINAL (QUERQUE) DISTRITO DE ACHOMA, PROVINCIA CAYLLOMA, DEPARTAMENTO AREQUIPA";;1000000;Sin clasificar;Localizada en Arequipa;;Sí;0
6;ANEXO-6-1;72;562;Gobierno regional;443;GOBIERNO REGIONAL DEL DEPARTAMENTO DE AREQUIPA;Arequipa;;;Programas presupuestales;;2526950;Proyecto de inversión;MEJORAMIENTO DE LA TRANSITABILIDAD VEHICULAR Y PEATONAL EN LAS CALLES PRINCIPALES DE LA ASOCIACION DE VIVIENDA TALLER BUENA VISTA - POZO NEGRO, PAUCARPATA DEL DISTRITO DE PAUCARPATA - PROVINCIA DE AREQUIPA - DEPARTAMENTO DE AREQUIPA;;459162;Transporte;Localizada en Arequipa;;Sí;0
6;ANEXO-6-1;73;563;Gobierno regional;443;GOBIERNO REGIONAL DEL DEPARTAMENTO DE AREQUIPA;Arequipa;;;Programas presupuestales;;2534645;Proyecto de inversión;ADQUISICION DE MONITOR DE FUNCIONES VITALES, VENTILADOR MECANICO, EQUIPO ECOGRAFO Y INCUBADORA NEONATAL, ADEMAS DE OTROS ACTIVOS EN EL(LA) EESS HOSPITAL REGIONAL HONORIO DELGADO ESPINOZA - AREQUIPA EN LA LOCALIDAD AREQUIPA, DISTRITO DE AREQUIPA, PROVINCIA AREQUIPA, DEPARTAMENTO AREQUIPA;;3930030;Salud;Localizada en Arequipa;;Sí;0
6;ANEXO-6-1;73;563;Gobierno regional;443;GOBIERNO REGIONAL DEL DEPARTAMENTO DE AREQUIPA;Arequipa;;;Programas presupuestales;;2536750;Proyecto de inversión;"ADQUISICION DE MAQUINA DE HEMODIALISIS, SILLON PARA HEMODONACION, SILLON PARA HEMODONACION Y EQUIPO DE OSMOSIS INVERSA; EN EL(LA) EESS HOSPITAL REGIONAL HONORIO DELGADO ESPINOZA - AREQUIPA EN LA LOCALIDAD AREQUIPA, DISTRITO DE AREQUIPA, PROVINCIA AREQUIPA, DEPARTAMENTO AREQUIPA";;100000;Salud;Localizada en Arequipa;;Sí;0
6;ANEXO-6-1;73;563;Gobierno regional;443;GOBIERNO REGIONAL DEL DEPARTAMENTO DE AREQUIPA;Arequipa;;;Programas presupuestales;;2536963;Proyecto de inversión;"ADQUISICION DE SISTEMA DE VIDEO COLONOSCOPIA, SISTEMA DE VIDEO GASTROENDOSCOPIA, ELECTROBISTURI Y ELECTROBISTURI; ADEMAS DE OTROS ACTIVOS EN EL(LA) EESS HOSPITAL REGIONAL HONORIO DELGADO ESPINOZA - AREQUIPA EN LA LOCALIDAD AREQUIPA, DISTRITO DE AREQUIPA, PROVINCIA AREQUIPA, DEPARTAMENTO AREQUIPA";;5581000;Salud;Localizada en Arequipa;;Sí;0
6;ANEXO-6-1;73;563;Gobierno regional;443;GOBIERNO REGIONAL DEL DEPARTAMENTO DE AREQUIPA;Arequipa;;;Programas presupuestales;;2539239;Proyecto de inversión;MEJORAMIENTO DE LOS SERVICIO DE APOYO A LA CADENA PRODUCTIVA DEL CULTIVO DE ARROZ DE LAS PROVINCIAS DE CASTILLA Y CAMANA DEL DEPARTAMENTO DE AREQUIPA;;500000;Agropecuario y riego;Localizada en Arequipa;;Sí;0
6;ANEXO-6-1;73;563;Gobierno regional;443;GOBIERNO REGIONAL DEL DEPARTAMENTO DE AREQUIPA;Arequipa;;;Programas presupuestales;;2562849;Proyecto de inversión;MEJORAMIENTO DEL SERVICIO DE AGUA PARA RIEGO DEL CANAL PIUCA BAJA DEL SUBSECTOR HIDRAULICO PIUCA, DISTRITO DE RIO GRANDE - PROVINCIA DE CONDESUYOS - DEPARTAMENTO DE AREQUIPA;;51205;Agropecuario y riego;Localizada en Arequipa;;Sí;0
6;ANEXO-6-1;73;563;Gobierno regional;443;GOBIERNO REGIONAL DEL DEPARTAMENTO DE AREQUIPA;Arequipa;;;Programas presupuestales;;2582241;Proyecto de inversión;MEJORAMIENTO Y AMPLIACION DEL SERVICIO DE PROVISION DE AGUA PARA RIEGO EN CENTRO POBLADO DE SUBNA DISTRITO DE AYO DE LA PROVINCIA DE CASTILLA DEL DEPARTAMENTO DE AREQUIPA;;33430;Agropecuario y riego;Localizada en Arequipa;;Sí;0
6;ANEXO-6-1;73;563;Gobierno regional;443;GOBIERNO REGIONAL DEL DEPARTAMENTO DE AREQUIPA;Arequipa;;;Programas presupuestales;;2591390;Proyecto de inversión;MEJORAMIENTO DEL SERVICIO COMPLEMENTARIO AL TRANSPORTE TERRESTRE EN EL TERMINAL TERRESTRE DEL DISTRITO DE CHUQUIBAMBA DE LA PROVINCIA DE CONDESUYOS DEL DEPARTAMENTO DE AREQUIPA;;5200000;Transporte;Localizada en Arequipa;;Sí;0
6;ANEXO-6-1;73;563;Gobierno regional;443;GOBIERNO REGIONAL DEL DEPARTAMENTO DE AREQUIPA;Arequipa;;;Programas presupuestales;;2624203;Proyecto de inversión;MEJORAMIENTO DEL SERVICIO DE EDUCACION INICIAL EN I.E. GODOFREDO DIAZ MANRIQUE DE CENTRO POBLADO YANAHUARA DISTRITO DE YANAHUARA DE LA PROVINCIA DE AREQUIPA DEL DEPARTAMENTO DE AREQUIPA;;1300000;Educación;Localizada en Arequipa;;Sí;0
6;ANEXO-6-1;73;563;Gobierno regional;443;GOBIERNO REGIONAL DEL DEPARTAMENTO DE AREQUIPA;Arequipa;;;Programas presupuestales;;2644415;Proyecto de inversión;MEJORAMIENTO DEL SERVICIO DE TRANSITABILIDAD VIAL INTERURBANA EN VIA VECINAL AR-548, DESDE EL CP. SAN GREGORIO HASTA LA ENTRADA DEL CP. SAHUANI, EN EL CENTRO POBLADO DE SAN GREGORIO DEL DISTRITO DE NICOLAS DE PIEROLA - PROVINCIA DE CAMANA - DEPARTAMENTO DE AREQUIPA;;29969985;Transporte;Localizada en Arequipa;;Sí;0
6;ANEXO-6-1;73;563;Gobierno regional;443;GOBIERNO REGIONAL DEL DEPARTAMENTO DE AREQUIPA;Arequipa;;;Programas presupuestales;;2647578;Proyecto de inversión;MEJORAMIENTO DEL SERVICIO DE TRANSITABILIDAD VIAL INTERURBANA EN LA CARRETERA VECINAL AR-670: JACHAÑA- TAMBOPATA- VISCAVISCA - CAYARANI -PTE. CAYARANI DISTRITO DE CAYLLOMA DE LA PROVINCIA DE CAYLLOMA DEL DEPARTAMENTO DE AREQUIPA;;33603000;Transporte;Localizada en Arequipa;;Sí;0
6;ANEXO-6-1;73;563;Gobierno regional;443;GOBIERNO REGIONAL DEL DEPARTAMENTO DE AREQUIPA;Arequipa;;;Programas presupuestales;;2650668;Proyecto de inversión;MEJORAMIENTO DE LOS SERVICIOS DE APOYO AL DESARROLLO PRODUCTIVO EN LA GERENCIA REGIONAL DE AGRICULTURA DE AREQUIPA, PARA 03 OFICINAS AGRARIAS, DE LA CADENA PRODUCTIVA EN CUY, ALPACA, OVINO Y VACUNO DISTRITO DE JOSE LUIS BUSTAMANTE Y RIVERO DE LA PROVINCIA DE AREQUIPA DEL DEPARTAMENTO DE AREQUIPA;;500000;Agropecuario y riego;Localizada en Arequipa;;Sí;0
6;ANEXO-6-1;73;563;Gobierno regional;443;GOBIERNO REGIONAL DEL DEPARTAMENTO DE AREQUIPA;Arequipa;;;Programas presupuestales;;2651944;Proyecto de inversión;MEJORAMIENTO DEL SERVICIO DE EDUCACION SUPERIOR TECNOLOGICA EN EL INSTITUTO SUPERIOR TECNOLOGICO CHIVAY, DISTRITO DE CHIVAY DE LA PROVINCIA DE CAYLLOMA DEL DEPARTAMENTO DE AREQUIPA;;18970732;Educación;Localizada en Arequipa;;Sí;0
6;ANEXO-6-1;73;563;Gobierno regional;443;GOBIERNO REGIONAL DEL DEPARTAMENTO DE AREQUIPA;Arequipa;;;Programas presupuestales;;2654674;Proyecto de inversión;MEJORAMIENTO DEL SERVICIO DE EDUCACION PRIMARIA EN I.E. 40331 MARIA AUXILIADORA DISTRITO DE URACA DE LA PROVINCIA DE CASTILLA DEL DEPARTAMENTO DE AREQUIPA;;1000000;Educación;Localizada en Arequipa;;Sí;0
6;ANEXO-6-1;73;563;Gobierno regional;443;GOBIERNO REGIONAL DEL DEPARTAMENTO DE AREQUIPA;Arequipa;;;Programas presupuestales;;2664577;Proyecto de inversión;"ADQUISICION DE EQUIPO ECOGRAFO - ULTRASONIDO, CAMA CAMILLA PARA RECUPERACION, CAMA CAMILLA PARA RECUPERACION Y CAMA CAMILLA PARA RECUPERACION; ADEMAS DE OTROS ACTIVOS EN EL(LA) UPSS MEDICINA FISICA Y REHABILITACION DEL HOSPITAL REGIONAL HONORIO DELGADO ESPINOZA EN EL CENTRO POBLADO AREQUIPA, DISTRITO DE AREQUIPA, PROVINCIA AREQUIPA, DEPARTAMENTO AREQUIPA";;500000;Salud;Localizada en Arequipa;;Sí;0
6;ANEXO-6-1;73;563;Gobierno regional;443;GOBIERNO REGIONAL DEL DEPARTAMENTO DE AREQUIPA;Arequipa;;;Programas presupuestales;;2705423;Proyecto de inversión;MEJORAMIENTO DEL SERVICIO DE EDUCACION SUPERIOR TECNOLOGICA EN EL I.E.S.T.P. JORGE BASADRE, DISTRITO DE MOLLENDO DE LA PROVINCIA DE ISLAY DEL DEPARTAMENTO DE AREQUIPA;;12904952;Educación;Localizada en Arequipa;;Sí;0
6;ANEXO-6-1;73;563;Gobierno regional;443;GOBIERNO REGIONAL DEL DEPARTAMENTO DE AREQUIPA;Arequipa;;;Programas presupuestales;;2709502;Proyecto de inversión;"RENOVACION DE DRENAJE TRANSVERSAL Y PLATAFORMA; CONSTRUCCION DE TALUD/ MURO DE CONTENCION; EN EL(LA) VIA DEPARTAMENTAL AR-123 DISTRITO DE CERRO COLORADO, PROVINCIA AREQUIPA, DEPARTAMENTO AREQUIPA";;128173;Sin clasificar;Localizada en Arequipa;;Sí;0
6;ANEXO-6-1;73;563;Gobierno regional;443;GOBIERNO REGIONAL DEL DEPARTAMENTO DE AREQUIPA;Arequipa;;;Programas presupuestales;;2713927;Proyecto de inversión;"REPARACION DE PLATAFORMA; ADQUISICION DE DISPOSITIVO DE CONTROL DE TRANSITO; RENOVACION DE INTERSECCION; EN EL(LA) VIA DEPARTAMENTAL AR-123 DISTRITO DE YURA, DISTRITO DE UCHUMAYO Y DISTRITO DE CERRO COLORADO, PROVINCIA AREQUIPA, DEPARTAMENTO AREQUIPA";;1962;Sin clasificar;Localizada en Arequipa;;Sí;0
6;ANEXO-6-1;73;563;Gobierno regional;443;GOBIERNO REGIONAL DEL DEPARTAMENTO DE AREQUIPA;Arequipa;;;Acciones centrales;;5000001;Actividad;PLANEAMIENTO Y PRESUPUESTO;;1207108;Planeamiento y gestión administrativa;Localizada en Arequipa;;Sí;0
6;ANEXO-6-1;73;563;Gobierno regional;443;GOBIERNO REGIONAL DEL DEPARTAMENTO DE AREQUIPA;Arequipa;;;Acciones centrales;;5000002;Actividad;CONDUCCION Y ORIENTACION SUPERIOR;;3320039;Planeamiento y gestión administrativa;Localizada en Arequipa;;Sí;0
6;ANEXO-6-1;74;564;Gobierno regional;443;GOBIERNO REGIONAL DEL DEPARTAMENTO DE AREQUIPA;Arequipa;;;Acciones centrales;;5000003;Actividad;GESTION ADMINISTRATIVA;;222047159;Planeamiento y gestión administrativa;Localizada en Arequipa;;Sí;0
6;ANEXO-6-1;74;564;Gobierno regional;443;GOBIERNO REGIONAL DEL DEPARTAMENTO DE AREQUIPA;Arequipa;;;Acciones centrales;;5000004;Actividad;ASESORAMIENTO TECNICO Y JURIDICO;;267476;Planeamiento y gestión administrativa;Localizada en Arequipa;;Sí;0
6;ANEXO-6-1;74;564;Gobierno regional;443;GOBIERNO REGIONAL DEL DEPARTAMENTO DE AREQUIPA;Arequipa;;;Acciones centrales;;5000005;Actividad;GESTION DE RECURSOS HUMANOS;;72446798;Planeamiento y gestión administrativa;Localizada en Arequipa;;Sí;0
6;ANEXO-6-1;74;564;Gobierno regional;443;GOBIERNO REGIONAL DEL DEPARTAMENTO DE AREQUIPA;Arequipa;;;Acciones centrales;;5000006;Actividad;ACCIONES DE CONTROL Y AUDITORIA;;25500;Planeamiento y gestión administrativa;Localizada en Arequipa;;Sí;0
6;ANEXO-6-1;74;564;Gobierno regional;443;GOBIERNO REGIONAL DEL DEPARTAMENTO DE AREQUIPA;Arequipa;;;Acciones centrales;;5000007;Actividad;DEFENSA JUDICIAL DEL ESTADO;;98973;Planeamiento y gestión administrativa;Localizada en Arequipa;;Sí;0
6;ANEXO-6-1;74;564;Gobierno regional;443;GOBIERNO REGIONAL DEL DEPARTAMENTO DE AREQUIPA;Arequipa;;;APNOP;;5000276;Actividad;GESTION DEL PROGRAMA;;189608;Planeamiento y gestión administrativa;Localizada en Arequipa;;Sí;0
6;ANEXO-6-1;74;564;Gobierno regional;443;GOBIERNO REGIONAL DEL DEPARTAMENTO DE AREQUIPA;Arequipa;;;APNOP;;5000377;Actividad;MEJORAMIENTO DE LA OFERTA DE LOS SERVICIOS DE SALUD;;1386395;Salud;Localizada en Arequipa;;Sí;0
6;ANEXO-6-1;74;564;Gobierno regional;443;GOBIERNO REGIONAL DEL DEPARTAMENTO DE AREQUIPA;Arequipa;;;APNOP;;5000390;Actividad;ACCIONES DE SEGURIDAD CIUDADANA Y PACIFICACION NACIONAL;;111103;Orden público y seguridad;Localizada en Arequipa;;Sí;0
6;ANEXO-6-1;74;564;Gobierno regional;443;GOBIERNO REGIONAL DEL DEPARTAMENTO DE AREQUIPA;Arequipa;;;APNOP;;5000398;Actividad;ACUICULTURA;;442042;Pesca;Localizada en Arequipa;;Sí;0
6;ANEXO-6-1;74;564;Gobierno regional;443;GOBIERNO REGIONAL DEL DEPARTAMENTO DE AREQUIPA;Arequipa;;;APNOP;;5000407;Actividad;ADMINISTRACION DE RECURSOS HIDRICOS;;218160;Sin clasificar;Localizada en Arequipa;;Sí;0
6;ANEXO-6-1;74;564;Gobierno regional;443;GOBIERNO REGIONAL DEL DEPARTAMENTO DE AREQUIPA;Arequipa;;;APNOP;;5000438;Actividad;APOYO A LA COMUNIDAD;;135237;Sin clasificar;Localizada en Arequipa;;Sí;0
6;ANEXO-6-1;74;564;Gobierno regional;443;GOBIERNO REGIONAL DEL DEPARTAMENTO DE AREQUIPA;Arequipa;;;APNOP;;5000445;Actividad;APOYO A LA PERSONA ADULTA MAYOR;;5000;Sin clasificar;Localizada en Arequipa;;Sí;0
6;ANEXO-6-1;74;564;Gobierno regional;443;GOBIERNO REGIONAL DEL DEPARTAMENTO DE AREQUIPA;Arequipa;;;APNOP;;5000469;Actividad;APOYO ALIMENTARIO PARA GRUPOS EN RIESGO;;11907086;Sin clasificar;Localizada en Arequipa;;Sí;0
6;ANEXO-6-1;74;564;Gobierno regional;443;GOBIERNO REGIONAL DEL DEPARTAMENTO DE AREQUIPA;Arequipa;;;APNOP;;5000500;Actividad;ATENCION BASICA DE SALUD;;87869786;Salud;Localizada en Arequipa;;Sí;0
6;ANEXO-6-1;74;564;Gobierno regional;443;GOBIERNO REGIONAL DEL DEPARTAMENTO DE AREQUIPA;Arequipa;;;APNOP;;5000510;Actividad;ATENCION ESPECIALIZADA DE LA SALUD;;3192249;Salud;Localizada en Arequipa;;Sí;0
6;ANEXO-6-1;74;564;Gobierno regional;443;GOBIERNO REGIONAL DEL DEPARTAMENTO DE AREQUIPA;Arequipa;;;APNOP;;5000538;Actividad;CAPACITACION Y PERFECCIONAMIENTO;;278000;Sin clasificar;Localizada en Arequipa;;Sí;0
6;ANEXO-6-1;74;564;Gobierno regional;443;GOBIERNO REGIONAL DEL DEPARTAMENTO DE AREQUIPA;Arequipa;;;APNOP;;5000605;Actividad;CONTROL, APROVECHAMIENTO Y CALIDAD AMBIENTAL;;248044;Ambiente;Localizada en Arequipa;;Sí;0
6;ANEXO-6-1;74;564;Gobierno regional;443;GOBIERNO REGIONAL DEL DEPARTAMENTO DE AREQUIPA;Arequipa;;;APNOP;;5000619;Actividad;CONTROL SANITARIO;;671614;Salud;Localizada en Arequipa;;Sí;0
6;ANEXO-6-1;74;564;Gobierno regional;443;GOBIERNO REGIONAL DEL DEPARTAMENTO DE AREQUIPA;Arequipa;;;APNOP;;5000661;Actividad;DESARROLLO DE LA EDUCACION LABORAL Y TECNICA;;16396701;Educación;Localizada en Arequipa;;Sí;0
6;ANEXO-6-1;74;564;Gobierno regional;443;GOBIERNO REGIONAL DEL DEPARTAMENTO DE AREQUIPA;Arequipa;;;APNOP;;5000673;Actividad;DESARROLLO DE LA FORMACION DE DOCENTES Y ARTISTAS;;10094661;Educación;Localizada en Arequipa;;Sí;0
6;ANEXO-6-1;74;564;Gobierno regional;443;GOBIERNO REGIONAL DEL DEPARTAMENTO DE AREQUIPA;Arequipa;;;APNOP;;5000674;Actividad;DESARROLLO DE LA PRODUCCION AGROPECUARIA;;305056;Agropecuario y riego;Localizada en Arequipa;;Sí;0
6;ANEXO-6-1;74;564;Gobierno regional;443;GOBIERNO REGIONAL DEL DEPARTAMENTO DE AREQUIPA;Arequipa;;;APNOP;;5000681;Actividad;DESARROLLO DEL CICLO AVANZADO DE LA EDUCACION BASICA ALTERNATIVA;;20297534;Educación;Localizada en Arequipa;;Sí;0
6;ANEXO-6-1;74;564;Gobierno regional;443;GOBIERNO REGIONAL DEL DEPARTAMENTO DE AREQUIPA;Arequipa;;;APNOP;;5000682;Actividad;DESARROLLO DEL CICLO INICIAL DE LA EDUCACION BASICA ALTERNATIVA;;2146;Educación;Localizada en Arequipa;;Sí;0
6;ANEXO-6-1;74;564;Gobierno regional;443;GOBIERNO REGIONAL DEL DEPARTAMENTO DE AREQUIPA;Arequipa;;;APNOP;;5000683;Actividad;DESARROLLO DEL CICLO INTERMEDIO DE LA EDUCACION BASICA ALTERNATIVA;;4629370;Educación;Localizada en Arequipa;;Sí;0
6;ANEXO-6-1;74;564;Gobierno regional;443;GOBIERNO REGIONAL DEL DEPARTAMENTO DE AREQUIPA;Arequipa;;;APNOP;;5000697;Actividad;DESARROLLO PRODUCTIVO DE CAMELIDOS SUDAMERICANOS Y SUS ECOSISTEMAS;;95248;Ambiente;Localizada en Arequipa;;Sí;0
6;ANEXO-6-1;74;564;Gobierno regional;443;GOBIERNO REGIONAL DEL DEPARTAMENTO DE AREQUIPA;Arequipa;;;APNOP;;5000717;Actividad;DIFUSION DE IMAGEN Y PROMOCION DE RELACIONES INSTITUCIONALES;;77000;Sin clasificar;Localizada en Arequipa;;Sí;0
6;ANEXO-6-1;74;564;Gobierno regional;443;GOBIERNO REGIONAL DEL DEPARTAMENTO DE AREQUIPA;Arequipa;;;APNOP;;5000741;Actividad;EQUIPAMIENTO Y REEQUIPAMIENTO BASICO;;2173944;Sin clasificar;Localizada en Arequipa;;Sí;0
6;ANEXO-6-1;74;564;Gobierno regional;443;GOBIERNO REGIONAL DEL DEPARTAMENTO DE AREQUIPA;Arequipa;;;APNOP;;5000776;Actividad;FORMALIZACION DE PREDIOS RURALES;;1031796;Sin clasificar;Localizada en Arequipa;;Sí;0
6;ANEXO-6-1;74;564;Gobierno regional;443;GOBIERNO REGIONAL DEL DEPARTAMENTO DE AREQUIPA;Arequipa;;;APNOP;;5000804;Actividad;FORTALECIMIENTO DEL SISTEMA NACIONAL DE LA RED DE LABORATORIOS EN SALUD PUBLICA;;795067;Salud;Localizada en Arequipa;;Sí;0
6;ANEXO-6-1;74;564;Gobierno regional;443;GOBIERNO REGIONAL DEL DEPARTAMENTO DE AREQUIPA;Arequipa;;;APNOP;;5000813;Actividad;GENERACION DE POLITICAS DE EMPLEO, FORMACION PROFESIONAL Y CAPACITACION LABORAL;;912427;Trabajo;Localizada en Arequipa;;Sí;0
6;ANEXO-6-1;74;564;Gobierno regional;443;GOBIERNO REGIONAL DEL DEPARTAMENTO DE AREQUIPA;Arequipa;;;APNOP;;5000830;Actividad;GESTION DE RESIDUOS SOLIDOS;;705601;Ambiente;Localizada en Arequipa;;Sí;0
6;ANEXO-6-1;74;564;Gobierno regional;443;GOBIERNO REGIONAL DEL DEPARTAMENTO DE AREQUIPA;Arequipa;;;APNOP;;5000850;Actividad;GESTION OPERATIVA;;89600;Sin clasificar;Localizada en Arequipa;;Sí;0
6;ANEXO-6-1;74;564;Gobierno regional;443;GOBIERNO REGIONAL DEL DEPARTAMENTO DE AREQUIPA;Arequipa;;;APNOP;;5000913;Actividad;INVESTIGACION Y DESARROLLO;;2500;Educación;Localizada en Arequipa;;Sí;0
6;ANEXO-6-1;74;564;Gobierno regional;443;GOBIERNO REGIONAL DEL DEPARTAMENTO DE AREQUIPA;Arequipa;;;APNOP;;5000936;Actividad;MANTENIMIENTO DE INFRAESTRUCTURA PUBLICA;;1809000;Sin clasificar;Localizada en Arequipa;;Sí;0
6;ANEXO-6-1;75;565;Gobierno regional;443;GOBIERNO REGIONAL DEL DEPARTAMENTO DE AREQUIPA;Arequipa;;;APNOP;;5000942;Actividad;MANTENIMIENTO DEL SISTEMA DE COMUNICACIONES;;234000;Sin clasificar;Localizada en Arequipa;;Sí;0
6;ANEXO-6-1;75;565;Gobierno regional;443;GOBIERNO REGIONAL DEL DEPARTAMENTO DE AREQUIPA;Arequipa;;;APNOP;;5000991;Actividad;OBLIGACIONES PREVISIONALES;;168639367;Previsión social;Localizada en Arequipa;;Sí;0
6;ANEXO-6-1;75;565;Gobierno regional;443;GOBIERNO REGIONAL DEL DEPARTAMENTO DE AREQUIPA;Arequipa;;;APNOP;;5001019;Actividad;PLANEAMIENTO ESTRATEGICO;;3777459;Planeamiento y gestión administrativa;Localizada en Arequipa;;Sí;0
6;ANEXO-6-1;75;565;Gobierno regional;443;GOBIERNO REGIONAL DEL DEPARTAMENTO DE AREQUIPA;Arequipa;;;APNOP;;5001023;Actividad;PLANIFICACION E INFORMATICA;;112382;Sin clasificar;Localizada en Arequipa;;Sí;0
6;ANEXO-6-1;75;565;Gobierno regional;443;GOBIERNO REGIONAL DEL DEPARTAMENTO DE AREQUIPA;Arequipa;;;APNOP;;5001064;Actividad;PROMOCION DE CADENAS PRODUCTIVAS;;209340;Sin clasificar;Localizada en Arequipa;;Sí;0
6;ANEXO-6-1;75;565;Gobierno regional;443;GOBIERNO REGIONAL DEL DEPARTAMENTO DE AREQUIPA;Arequipa;;;APNOP;;5001078;Actividad;PROMOCION DEL COMERCIO;;26488;Turismo y comercio;Localizada en Arequipa;;Sí;0
6;ANEXO-6-1;75;565;Gobierno regional;443;GOBIERNO REGIONAL DEL DEPARTAMENTO DE AREQUIPA;Arequipa;;;APNOP;;5001093;Actividad;PROMOCION INDUSTRIAL;;115433;Sin clasificar;Localizada en Arequipa;;Sí;0
6;ANEXO-6-1;75;565;Gobierno regional;443;GOBIERNO REGIONAL DEL DEPARTAMENTO DE AREQUIPA;Arequipa;;;APNOP;;5001110;Actividad;PROMOCION Y REGULACION DE LOS SERVICIOS DE TELECOMUNICACIONES;;66000;Comunicaciones;Localizada en Arequipa;;Sí;0
6;ANEXO-6-1;75;565;Gobierno regional;443;GOBIERNO REGIONAL DEL DEPARTAMENTO DE AREQUIPA;Arequipa;;;APNOP;;5001152;Actividad;REPARACION Y MANTENIMIENTO DE EQUIPO MECANICO;;558195;Sin clasificar;Localizada en Arequipa;;Sí;0
6;ANEXO-6-1;75;565;Gobierno regional;443;GOBIERNO REGIONAL DEL DEPARTAMENTO DE AREQUIPA;Arequipa;;;APNOP;;5001189;Actividad;SERVICIOS DE APOYO AL DIAGNOSTICO Y TRATAMIENTO;;110469524;Salud;Localizada en Arequipa;;Sí;0
6;ANEXO-6-1;75;565;Gobierno regional;443;GOBIERNO REGIONAL DEL DEPARTAMENTO DE AREQUIPA;Arequipa;;;APNOP;;5001195;Actividad;SERVICIOS GENERALES;;16491276;Sin clasificar;Localizada en Arequipa;;Sí;0
6;ANEXO-6-1;75;565;Gobierno regional;443;GOBIERNO REGIONAL DEL DEPARTAMENTO DE AREQUIPA;Arequipa;;;APNOP;;5001228;Actividad;SUPERVISION Y CONTROL;;1188917;Sin clasificar;Localizada en Arequipa;;Sí;0
6;ANEXO-6-1;75;565;Gobierno regional;443;GOBIERNO REGIONAL DEL DEPARTAMENTO DE AREQUIPA;Arequipa;;;APNOP;;5001279;Actividad;VIGILANCIA DE LOS RIESGOS PARA LA SALUD;;1377859;Salud;Localizada en Arequipa;;Sí;0
6;ANEXO-6-1;75;565;Gobierno regional;443;GOBIERNO REGIONAL DEL DEPARTAMENTO DE AREQUIPA;Arequipa;;;APNOP;;5001282;Actividad;VIGILANCIA Y CONSERVACION DE DOCUMENTOS;;145319;Sin clasificar;Localizada en Arequipa;;Sí;0
6;ANEXO-6-1;75;565;Gobierno regional;443;GOBIERNO REGIONAL DEL DEPARTAMENTO DE AREQUIPA;Arequipa;;;APNOP;;5001285;Actividad;VIGILANCIA Y CONTROL DEL MEDIO AMBIENTE;;331111;Sin clasificar;Localizada en Arequipa;;Sí;0
6;ANEXO-6-1;75;565;Gobierno regional;443;GOBIERNO REGIONAL DEL DEPARTAMENTO DE AREQUIPA;Arequipa;;;APNOP;;5001286;Actividad;VIGILANCIA Y CONTROL EPIDEMIOLOGICO;;43632;Sin clasificar;Localizada en Arequipa;;Sí;0
6;ANEXO-6-1;75;565;Gobierno regional;443;GOBIERNO REGIONAL DEL DEPARTAMENTO DE AREQUIPA;Arequipa;;;APNOP;;5001561;Actividad;ATENCION DE EMERGENCIAS Y URGENCIAS;;77767;Sin clasificar;Localizada en Arequipa;;Sí;0
6;ANEXO-6-1;75;565;Gobierno regional;443;GOBIERNO REGIONAL DEL DEPARTAMENTO DE AREQUIPA;Arequipa;;;APNOP;;5001562;Actividad;ATENCION EN CONSULTAS EXTERNAS;;26713064;Sin clasificar;Localizada en Arequipa;;Sí;0
6;ANEXO-6-1;75;565;Gobierno regional;443;GOBIERNO REGIONAL DEL DEPARTAMENTO DE AREQUIPA;Arequipa;;;APNOP;;5001563;Actividad;ATENCION EN HOSPITALIZACION;;43315080;Salud;Localizada en Arequipa;;Sí;0
6;ANEXO-6-1;75;565;Gobierno regional;443;GOBIERNO REGIONAL DEL DEPARTAMENTO DE AREQUIPA;Arequipa;;;APNOP;;5001564;Actividad;INTERVENCIONES QUIRURGICAS;;9930754;Sin clasificar;Localizada en Arequipa;;Sí;0
6;ANEXO-6-1;75;565;Gobierno regional;443;GOBIERNO REGIONAL DEL DEPARTAMENTO DE AREQUIPA;Arequipa;;;APNOP;;5001565;Actividad;MANTENIMIENTO Y REPARACION DE EQUIPO;;1508335;Sin clasificar;Localizada en Arequipa;;Sí;0
6;ANEXO-6-1;75;565;Gobierno regional;443;GOBIERNO REGIONAL DEL DEPARTAMENTO DE AREQUIPA;Arequipa;;;APNOP;;5001568;Actividad;ATENCION DE CUIDADOS INTENSIVOS;;1688965;Sin clasificar;Localizada en Arequipa;;Sí;0
6;ANEXO-6-1;75;565;Gobierno regional;443;GOBIERNO REGIONAL DEL DEPARTAMENTO DE AREQUIPA;Arequipa;;;APNOP;;5001569;Actividad;COMERCIALIZACION DE MEDICAMENTOS E INSUMOS;;11126366;Salud;Localizada en Arequipa;;Sí;0
6;ANEXO-6-1;75;565;Gobierno regional;443;GOBIERNO REGIONAL DEL DEPARTAMENTO DE AREQUIPA;Arequipa;;;APNOP;;5001859;Actividad;BRINDAR APOYO AL DIAGNOSTICO POR IMAGENES;;1414279;Salud;Localizada en Arequipa;;Sí;0
6;ANEXO-6-1;75;565;Gobierno regional;443;GOBIERNO REGIONAL DEL DEPARTAMENTO DE AREQUIPA;Arequipa;;;APNOP;;5001924;Actividad;DESARROLLO DE LA EDUCACION BASICA ALTERNATIVA;;151590;Educación;Localizada en Arequipa;;Sí;0
6;ANEXO-6-1;75;565;Gobierno regional;443;GOBIERNO REGIONAL DEL DEPARTAMENTO DE AREQUIPA;Arequipa;;;APNOP;;5001933;Actividad;DESARROLLO DE LA PROMOCION ESCOLAR, CULTURA Y DEPORTE;;730046;Cultura y deporte;Localizada en Arequipa;;Sí;0
6;ANEXO-6-1;75;565;Gobierno regional;443;GOBIERNO REGIONAL DEL DEPARTAMENTO DE AREQUIPA;Arequipa;;;APNOP;;5002307;Actividad;SUBVENCIONES PERSONAS JURIDICAS;;1607029;Sin clasificar;Localizada en Arequipa;;Sí;0
6;ANEXO-6-1;75;565;Gobierno regional;443;GOBIERNO REGIONAL DEL DEPARTAMENTO DE AREQUIPA;Arequipa;;;APNOP;;5002495;Actividad;MANTENIMIENTO DE LA INFRAESTRUCTURA REGIONAL-REGION AREQUIPA;;69358843;Sin clasificar;Localizada en Arequipa;;Sí;0
6;ANEXO-6-1;75;565;Gobierno regional;443;GOBIERNO REGIONAL DEL DEPARTAMENTO DE AREQUIPA;Arequipa;;;APNOP;;5003934;Actividad;MEJORA EN LA GESTION DE LAS INSTITUCIONES EDUCATIVAS;;1971938;Educación;Localizada en Arequipa;;Sí;0
6;ANEXO-6-1;75;565;Gobierno regional;443;GOBIERNO REGIONAL DEL DEPARTAMENTO DE AREQUIPA;Arequipa;;;APNOP;;5004429;Actividad;DESINFECCION Y/0 TRATAMIENTO DEL AGUA PARA EL CONSUMO HUMANO;;326261;Salud;Localizada en Arequipa;;Sí;0
6;ANEXO-6-1;75;565;Gobierno regional;443;GOBIERNO REGIONAL DEL DEPARTAMENTO DE AREQUIPA;Arequipa;;;APNOP;;5005326;Actividad;INTERVENCIONES DE COMUNICACION PARA EL CUIDADO INFANTIL Y PREVENCION DE ANEMIA Y DESNUTRICION CRONICA INFANTIL;;20500;Salud;Localizada en Arequipa;;Sí;0
6;ANEXO-6-1;75;565;Gobierno regional;443;GOBIERNO REGIONAL DEL DEPARTAMENTO DE AREQUIPA;Arequipa;;;APNOP;;5005344;Actividad;BRINDAR APOYO CON DIAGNOSTICO DE LABORATORIO;;6607749;Salud;Localizada en Arequipa;;Sí;0
6;ANEXO-6-1;75;565;Gobierno regional;443;GOBIERNO REGIONAL DEL DEPARTAMENTO DE AREQUIPA;Arequipa;;;APNOP;;5005387;Actividad;MEJORAMIENTO Y ATENCION A LAS PERSONAS CON DISCAPACIDAD;;285000;Salud;Localizada en Arequipa;;Sí;0
6;ANEXO-6-1;75;565;Gobierno regional;443;GOBIERNO REGIONAL DEL DEPARTAMENTO DE AREQUIPA;Arequipa;;;APNOP;;5005467;Actividad;MANTENIMIENTO PARA EQUIPAMIENTO E INFRAESTRUCTURA HOSPITALARIA;;21677545;Salud;Localizada en Arequipa;;Sí;0
6;ANEXO-6-1;75;565;Gobierno regional;443;GOBIERNO REGIONAL DEL DEPARTAMENTO DE AREQUIPA;Arequipa;;;APNOP;;5005692;Actividad;DESARROLLO DE SERVICIOS PEDAGÓGICOS ESPECIALIZADOS;;454418;Educación;Localizada en Arequipa;;Sí;0
6;ANEXO-6-1;75;565;Gobierno regional;443;GOBIERNO REGIONAL DEL DEPARTAMENTO DE AREQUIPA;Arequipa;;;APNOP;;5006267;Actividad;FORTALECIMIENTO INSTITUCIONAL DE LAS UGEL;;129702;Educación;Localizada en Arequipa;;Sí;0
6;ANEXO-6-1;76;566;Gobierno regional;443;GOBIERNO REGIONAL DEL DEPARTAMENTO DE AREQUIPA;Arequipa;;;APNOP;;5006374;Actividad;SUPERVISIÓN A INSTITUCIONES EDUCATIVAS PRIVADAS;;762609;Educación;Localizada en Arequipa;;Sí;0
6;ANEXO-6-1;76;566;Gobierno regional;443;GOBIERNO REGIONAL DEL DEPARTAMENTO DE AREQUIPA;Arequipa;;;APNOP;;5006427;Actividad;VIGILANCIA DE LA CALIDAD DEL AGUA PARA CONSUMO HUMANO EN EL AMBITO URBANO Y RURAL (HOGARES DISPERSOS);;20000;Sin clasificar;Localizada en Arequipa;;Sí;0
6;ANEXO-6-1;76;566;Gobierno regional;443;GOBIERNO REGIONAL DEL DEPARTAMENTO DE AREQUIPA;Arequipa;;;APNOP;;2000045;Proyecto de inversión;APOYO AL PEQUEÑO PRODUCTOR RURAL;;1167342;Sin clasificar;Localizada en Arequipa;;Sí;0
6;ANEXO-6-1;76;566;Gobierno regional;443;GOBIERNO REGIONAL DEL DEPARTAMENTO DE AREQUIPA;Arequipa;;;APNOP;;2001621;Proyecto de inversión;ESTUDIOS DE PRE-INVERSION;;18806094;Sin clasificar;Localizada en Arequipa;;Sí;0
6;ANEXO-6-1;76;566;Gobierno regional;443;GOBIERNO REGIONAL DEL DEPARTAMENTO DE AREQUIPA;Arequipa;;;APNOP;;2016766;Proyecto de inversión;INICIATIVA A LA COMPETITIVIDAD;;10000000;Turismo y comercio;Localizada en Arequipa;;Sí;0
6;ANEXO-6-1;76;566;Gobierno regional;443;GOBIERNO REGIONAL DEL DEPARTAMENTO DE AREQUIPA;Arequipa;;;APNOP;;2279439;Proyecto de inversión;MEJORAMIENTO DE LOS SERVICIOS DE SALUD DEL ESTABLECIMIENTO DE SALUD COTAHUASI, DISTRITO COTAHUASI, PROVINCIA LA UNION, REGION AREQUIPA;;2266346;Salud;Localizada en Arequipa;;Sí;0
6;ANEXO-6-1;76;566;Gobierno regional;443;GOBIERNO REGIONAL DEL DEPARTAMENTO DE AREQUIPA;Arequipa;;;APNOP;;2286267;Proyecto de inversión;MEJORAMIENTO DEL SERVICIO OPERATIVO DE LA VII COMANDANCIA DEPARTAMENTAL DE AREQUIPA DEL CUERPO GENERAL DE BOMBEROS VOLUNTARIOS DEL PERU - REGION AREQUIPA;;10000000;Sin clasificar;Localizada en Arequipa;;Sí;0
6;ANEXO-6-1;76;566;Gobierno regional;443;GOBIERNO REGIONAL DEL DEPARTAMENTO DE AREQUIPA;Arequipa;;;APNOP;;2322531;Proyecto de inversión;MEJORAMIENTO Y AMPLIACION DE LOS SERVICIOS DE SALUD DEL ESTABLECIMIENTO DE SALUD MARITZA CAMPOS DIAZ DEL DISTRITO DE CERRO COLORADO, PROVINCIA DE AREQUIPA, AREQUIPA;;76480012;Salud;Localizada en Arequipa;;Sí;0
6;ANEXO-6-1;76;566;Gobierno regional;443;GOBIERNO REGIONAL DEL DEPARTAMENTO DE AREQUIPA;Arequipa;;;APNOP;;2430231;Proyecto de inversión;CREACION DE LA ADECUADA Y SUFICIENTE INFRAESTRUCTURA PARA EL SERVICIO DE DESARROLLO CULTURAL DISTRITO DE VIRACO - PROVINCIA DE CASTILLA - DEPARTAMENTO DE AREQUIPA;;3419336;Cultura y deporte;Localizada en Arequipa;;Sí;0
6;ANEXO-6-1;76;566;Gobierno regional;443;GOBIERNO REGIONAL DEL DEPARTAMENTO DE AREQUIPA;Arequipa;;;APNOP;;2443436;Proyecto de inversión;MEJORAMIENTO DEL SERVICIO DE CATASTRO, TITULACION Y REGISTRO DE PREDIOS RURALES EN EL DEPARTAMENTO DE AREQUIPA 4 DISTRITOS DE LA PROVINCIA DE AREQUIPA - DEPARTAMENTO DE AREQUIPA;;1000000;Vivienda y desarrollo urbano;Localizada en Arequipa;;Sí;0
6;ANEXO-6-1;76;566;Gobierno regional;443;GOBIERNO REGIONAL DEL DEPARTAMENTO DE AREQUIPA;Arequipa;;;APNOP;;2470746;Proyecto de inversión;RECUPERACION DE LOS SERVICIOS ECOSISTEMICOS DE ESPECIES FORESTALES, EN LAS PROVINCIAS DE AREQUIPA Y CAYLLOMA DEL DEPARTAMENTO DE AREQUIPA;;1000000;Sin clasificar;Localizada en Arequipa;;Sí;0
6;ANEXO-6-1;76;566;Gobierno regional;443;GOBIERNO REGIONAL DEL DEPARTAMENTO DE AREQUIPA;Arequipa;;;APNOP;;2472480;Proyecto de inversión;MEJORAMIENTO DEL SERVICIO DE LA ALDEA INFANTIL SOR ANA DE LOS ANGELES, DISTRITO DE JOSE LUIS BUSTAMANTE Y RIVERO - PROVINCIA DE AREQUIPA - DEPARTAMENTO DE AREQUIPA;;1000000;Sin clasificar;Localizada en Arequipa;;Sí;0
6;ANEXO-6-1;76;566;Gobierno regional;443;GOBIERNO REGIONAL DEL DEPARTAMENTO DE AREQUIPA;Arequipa;;;APNOP;;2483218;Proyecto de inversión;"ADQUISICION DE EQUIPO DE CIRUGIA NEUROENDOSCOPICA, MICROSCOPIO QUIRURGICO, ELECTROBISTURI Y SISTEMA DE CIRUGIA LAPAROSCOPICA; ADEMAS DE OTROS ACTIVOS EN EL(LA) EESS HOSPITAL III GOYENECHE - AREQUIPA EN LA LOCALIDAD AREQUIPA, DISTRITO DE AREQUIPA, PROVINCIA AREQUIPA, DEPARTAMENTO AREQUIPA";;1536011;Salud;Localizada en Arequipa;;Sí;0
6;ANEXO-6-1;76;566;Gobierno regional;443;GOBIERNO REGIONAL DEL DEPARTAMENTO DE AREQUIPA;Arequipa;;;APNOP;;2487230;Proyecto de inversión;"ADQUISICION DE AMBULANCIA RURAL; EN EL(LA) EESS PUESTO DE SALUD CHOCO - CHOCO DISTRITO DE CHOCO, PROVINCIA CASTILLA, DEPARTAMENTO AREQUIPA";;83000;Salud;Localizada en Arequipa;;Sí;0
6;ANEXO-6-1;76;566;Gobierno regional;443;GOBIERNO REGIONAL DEL DEPARTAMENTO DE AREQUIPA;Arequipa;;;APNOP;;2500085;Proyecto de inversión;"REMODELkCION DE EDIFICACION; CONSTRUCCION DE EDIFICACION; ADQUISICION DE EQUIPO; EN EL(LA) EESS HOSPITAL REGIONAL HONORIO DELGADO ESPINOZA - AREQUIPA UPSS EMERGENCIA (230100) DISTRITO DE AREQUIPA, PROVINCIA AREQUIPA, DEPARTAMENTO AREQUIPA";;5129700;Salud;Localizada en Arequipa;;Sí;0
6;ANEXO-6-1;76;566;Gobierno regional;443;GOBIERNO REGIONAL DEL DEPARTAMENTO DE AREQUIPA;Arequipa;;;APNOP;;2503254;Proyecto de inversión;MEJORAMIENTO DE LA CAPACIDAD OPERATIVA DEL CENTRO DE RECONVERSION AGROGANADERA DEL PROYECTO ESPECIAL MAJES SIGUAS, DISTRITO DE MAJES - PROVINCIA DE CAYLLOMA - DEPARTAMENTO DE AREQUIPA;;1000000;Agropecuario y riego;Localizada en Arequipa;;Sí;0
6;ANEXO-6-1;76;566;Gobierno regional;443;GOBIERNO REGIONAL DEL DEPARTAMENTO DE AREQUIPA;Arequipa;;;APNOP;;2504162;Proyecto de inversión;MEJORAMIENTO DE LA CAPACIDAD OPERATIVA DEL CENTRO DE INNOVACION DE MAQUINARIA AGRICOLA - CIMA DEL PROYECTO ESPECIAL MAJES SIGUAS, DISTRITO DE MAJES - PROVINCIA DE CAYLLOMA - DEPARTAMENTO DE AREQUIPA;;1000000;Agropecuario y riego;Localizada en Arequipa;;Sí;0
6;ANEXO-6-1;76;566;Gobierno regional;443;GOBIERNO REGIONAL DEL DEPARTAMENTO DE AREQUIPA;Arequipa;;;APNOP;;2505062;Proyecto de inversión;"CONSTRUCCION DE CENTRAL DE OXIGENO; ADQUISICION DE PLANTA GENERADORA DE OXIGENO MEDICINAL Y GRUPO ELECTROGENO; EN EL(LA) EESS CENTRO DE SALUD LA PUNTA - PUNTA DE BOMBON DISTRITO DE PUNTA DE BOMBON, PROVINCIA ISLAY, DEPARTAMENTO AREQUIPA";;199037;Salud;Localizada en Arequipa;;Sí;0
6;ANEXO-6-1;76;566;Gobierno regional;443;GOBIERNO REGIONAL DEL DEPARTAMENTO DE AREQUIPA;Arequipa;;;APNOP;;2508285;Proyecto de inversión;CREACION DEL CENTRO DE ATENCION RESIDENCIAL PARA EL ADULTO MAYOR DISTRITO DE JOSE MARIA QUIMPER - PROVINCIA DE CAMANA - DEPARTAMENTO DE AREQUIPA;;1000000;Protección social;Localizada en Arequipa;;Sí;0
6;ANEXO-6-1;76;566;Gobierno regional;443;GOBIERNO REGIONAL DEL DEPARTAMENTO DE AREQUIPA;Arequipa;;;APNOP;;2513887;Proyecto de inversión;MEJORAMIENTO Y AMPLIACION DE LA FRONTERA AGRICOLA EN LOS SECTORES CHACHAS Y NAHUIRA DEL DISTRITO DE CHACHAS - PROVINCIA DE CASTILLA - DEPARTAMENTO DE AREQUIPA;;34000000;Agropecuario y riego;Localizada en Arequipa;;Sí;0
6;ANEXO-6-1;76;566;Gobierno regional;443;GOBIERNO REGIONAL DEL DEPARTAMENTO DE AREQUIPA;Arequipa;;;APNOP;;2520502;Proyecto de inversión;MEJORAMIENTO Y AMPLIACION DE LOS SERVICIOS DE SALUD DEL PUESTO DE SALUD SANTA ROSA, DISTRITO DE ATIQUIPA - PROVINCIA DE CARAVELI - DEPARTAMENTO DE AREQUIPA;;292820;Salud;Localizada en Arequipa;;Sí;0
6;ANEXO-6-1;76;566;Gobierno regional;443;GOBIERNO REGIONAL DEL DEPARTAMENTO DE AREQUIPA;Arequipa;;;APNOP;;2535597;Proyecto de inversión;MEJORAMIENTO Y AMPLIACION DE LOS SERVICIOS DE SALUD DEL PUESTO DE SALUD PUYCA DISTRITO DE PUYCA - PROVINCIA DE LA UNION - DEPARTAMENTO DE AREQUIPA;;6000000;Salud;Localizada en Arequipa;;Sí;0
6;ANEXO-6-1;76;566;Gobierno regional;443;GOBIERNO REGIONAL DEL DEPARTAMENTO DE AREQUIPA;Arequipa;;;APNOP;;2536919;Proyecto de inversión;"ADQUISICION DE MONITOR FETAL, ASPIRADOR DE SECRECIONES, CAMA CAMILLA MULTIPROPOSITO Y CAMA CAMILLA MULTIPROPOSITO TIPO Ud; ADEMAS DE OTROS ACTIVOS EN EL(LA) EESS HOSPITAL III GOYENECHE - AREQUIPA EN LA LOCALIDAD AREQUIPA, DISTRITO DE AREQUIPA, PROVINCIA AREQUIPA, DEPARTAMENTO AREQUIPA";;2426018;Salud;Localizada en Arequipa;;Sí;0
6;ANEXO-6-1;77;567;Gobierno regional;443;GOBIERNO REGIONAL DEL DEPARTAMENTO DE AREQUIPA;Arequipa;;;APNOP;;2614768;Proyecto de inversión;MEJORAMIENTO DE LOS SERVICIOS OPERATIVOS O MISIONALES INSTITUCIONALES EN LA GERENCIA REGIONAL DE COMERCIO EXTERIOR Y TURISMO DEL GOBIERNO REGIONAL DE AREQUIPA, DISTRITO DE AREQUIPA DE LA PROVINCIA DE AREQUIPA DEL DEPARTAMENTO DE AREQUIPA;;235087;Turismo y comercio;Localizada en Arequipa;;Sí;0
6;ANEXO-6-1;77;567;Gobierno regional;443;GOBIERNO REGIONAL DEL DEPARTAMENTO DE AREQUIPA;Arequipa;;;APNOP;;2622679;Proyecto de inversión;"ADQUISICION DE EQUIPO DE CIRUGIA LAPAROSCOPICA Y EQUIPO ECOGRAFO - ULTRASONIDO; EN EL(LA) HOSPITAL GOYENECHE DISTRITO DE AREQUIPA, PROVINCIA AREQUIPA, DEPARTAMENTO AREQUIPA";;573982;Salud;Localizada en Arequipa;;Sí;0
6;ANEXO-6-1;77;567;Gobierno regional;443;GOBIERNO REGIONAL DEL DEPARTAMENTO DE AREQUIPA;Arequipa;;;APNOP;;2651833;Proyecto de inversión;"ADQUISICION DE CAMA CAMILLA MULTIPROPOSITO, CAMA CAMILLA MULTIPROPOSITO, MONITOR DE FUNCIONES VITALES (TELEMEDICINA) Y MONITOR DE FUNCIONES VITALES (TELEMEDICINA); ADEMAS DE OTROS ACTIVOS EN EL(LA) HOSPITAL APLAO DISTRITO DE APLAO, PROVINCIA CASTILLA, DEPARTAMENTO AREQUIPA";;2000000;Salud;Localizada en Arequipa;;Sí;0
6;ANEXO-6-1;77;567;Gobierno regional;443;GOBIERNO REGIONAL DEL DEPARTAMENTO DE AREQUIPA;Arequipa;;;APNOP;;2658446;Proyecto de inversión;PROYECTOS PARA EL DESARROLLO LOCAL;;62461690;Planeamiento y gestión administrativa;Localizada en Arequipa;;Sí;0
6;ANEXO-6-1;77;567;Gobierno regional;443;GOBIERNO REGIONAL DEL DEPARTAMENTO DE AREQUIPA;Arequipa;;;APNOP;;2703704;Proyecto de inversión;MEJORAMIENTO Y AMPLIACION DEL SERVICIO DE ATENCION DE SALUD BASICOS EN PUESTO DE SALUD SOLIDARIDAD DISTRITO DE SAMUEL PASTOR DE LA PROVINCIA DE CAMANA DEL DEPARTAMENTO DE AREQUIPA;;200000;Salud;Localizada en Arequipa;;Sí;0
5;ANEXO-5-1;25;91;Gobierno nacional;029;AUTORIDAD NACIONAL DE INFRAESTRUCTURA;;;;APNOP;;2650022;Proyecto de inversión;MEJORAMIENTO Y AMPLIACION DEL SERVICIO DE ATENCION DE INSTITUTOS ESPECIALIZADOS EN INSTITUTO REGIONAL DE ENFERMEDADES NEOPLASICAS DISTRITO DE AREQUIPA DE LA PROVINCIA DE AREQUIPA DEL DEPARTAMENTO DE AREQUIPA;;300000000;Salud;Localizada en Arequipa;;No aplica, el pliego aporta solo su porcion territorial;
5;ANEXO-5-1;32;98;Gobierno nacional;003;M. DE CULTURA;;;;Programas presupuestales;;2313253;Proyecto de inversión;MEJORAMIENTO DE LOS CENTROS HISTORICOS DE LIMA, AREQUIPA, TRUJILLO Y AYACUCHO;;304000;Sin clasificar;Multidepartamental, incluye Arequipa;;No aplica, el pliego aporta solo su porcion territorial;
5;ANEXO-5-1;44;110;Gobierno nacional;005;M. DEL AMBIENTE;;;;Programas presupuestales;;2521752;Proyecto de inversión;MEJORAMIENTO Y AMPLIACION DEL SERVICIO DE LIMPIEZA PUBLICA PARA LAS CIUDADES DE LOS DISTRITOS DE ALTO SELVA ALEGRE, CAYMA, CERRO COLORADO, CHARACATO, JACOBO HUNTER, JOSE LUIS BUSTAMANTE Y RIVERO, LA JOYA, MARIANO MELGAR, MIRAFLORES, PAUCARPATA, SABANDIA, SACHACA, SOCABAYA, TIABAYA, UCHUMAYO, YANAHUARA, YURA Y DISTRITO DE AREQUIPA - PROVINCIA DE AREQUIPA - DEPARTAMENTO DE AREQUIPA;;26515984;Ambiente;Localizada en Arequipa;;No aplica, el pliego aporta solo su porcion territorial;
5;ANEXO-5-1;44;110;Gobierno nacional;005;M. DEL AMBIENTE;;;;Programas presupuestales;;2523209;Proyecto de inversión;MEJORAMIENTO Y AMPLIACION DEL SERVICIO DE LIMPIEZA PUBLICA EN LAS PROVINCIAS DE AREQUIPA, CORONEL PORTILLO Y TACNA;;4500000;Ambiente;Localizada en Arequipa;;No aplica, el pliego aporta solo su porcion territorial;
5;ANEXO-5-1;44;110;Gobierno nacional;005;M. DEL AMBIENTE;;;;Programas presupuestales;;2574933;Proyecto de inversión;"CONSTRUCCION DE AMBIENTE ADMINISTRATIVO; ADQUISICION DE EQUIPOS COMPLEMENTARIOS; EN EL(LA) PLANTA DE RECICLAJE DE LA MUNICIPALIDAD DE YANAHUARA UBICADO EN LA ASOC. DE GRANJEROS Y PEQUEÑOS INDUSTRIALES BELLAVISTA, CONO NORTE KM 17, DISTRITO DE YANAHUARA, PROVINCIA AREQUIPA, DEPARTAMENTO AREQUIPA";;122759;Sin clasificar;Localizada en Arequipa;;No aplica, el pliego aporta solo su porcion territorial;
5;ANEXO-5-1;58;124;Gobierno nacional;006;M. DE JUSTICIA Y DERECHOS HUMANOS;;;;Programas presupuestales;;2158194;Proyecto de inversión;AMPLIACION DE LA CAPACIDAD DE ALBERGUE Y CONSTRUCCION DE AREAS COMPLEMENTARIAS EN EL COMPLEJO PENITENCIARIO DE AREQUIPA;;53390920;Justicia;Localizada en Arequipa;;No aplica, el pliego aporta solo su porcion territorial;
5;ANEXO-5-1;63;129;Gobierno nacional;067;SUPERINTENDENCIA NACIONAL DE LOS REGISTROS PUBLICOS;;;;Programas presupuestales;;2659357;Proyecto de inversión;"ADQUISICION DE SISTEMA, HARDWARE GENERAL, SISTEMA DE SEGURIDAD PERIMETRAL (FIREWALL) Y SISTEMA DE CLIMATIZACION DE CENTRO DE DATOS; ADEMAS DE OTROS ACTIVOS EN EL(LA) OFICINA REGISTRAL DE AREQUIPA, SEDE DE LA ZONA REGISTRAL N° XII SEDE AREQUIPA, DISTRITO DE AREQUIPA, PROVINCIA AREQUIPA, DEPARTAMENTO AREQUIPA";;5536;Justicia;Localizada en Arequipa;;No aplica, el pliego aporta solo su porcion territorial;
5;ANEXO-5-1;72;138;Gobierno nacional;007;M. DEL INTERIOR;;;;APNOP;;2197523;Proyecto de inversión;AMPLIACION Y MEJORAMIENTO DE LA ESCUELA TECNICO SUPERIOR PNP - AREQUIPA;;47646412;Sin clasificar;Localizada en Arequipa;;No aplica, el pliego aporta solo su porcion territorial;
5;ANEXO-5-1;76;142;Gobierno nacional;073;SUPERINTENDENCIA NACIONAL DE MIGRACIONES;;;;APNOP;;2465686;Proyecto de inversión;MEJORAMIENTO DE LOS SERVICIOS MIGRATORIOS BRINDADOS POR LA DEPENDENCIA DE LA JEFATURA ZONAL DE AREQUIPA - SUPERINTENDENCIA NACIONAL DE MIGRACIONES - DISTRITO DE YANAHUARA - PROVINCIA DE AREQUIPA - DEPARTAMENTO DE AREQUIPA;;3823910;Sin clasificar;Localizada en Arequipa;;No aplica, el pliego aporta solo su porcion territorial;
5;ANEXO-5-1;100;166;Gobierno nacional;010;M. DE EDUCACION;;;;APNOP;;2131088;Proyecto de inversión;REHABILITACION Y REMODELACION DE LA INFRAESTRUCTURA EDUCATIVA Y EQUIPAMIENTO DE LA INSTITUCION EDUCATIVA HONORIO DELGADO ESPINOZA UBICADA EN LA REGION AREQUIPA, PROVINCIA DE AREQUIPA Y DISTRITO DE CAYMA;;1172043;Educación;Localizada en Arequipa;;No aplica, el pliego aporta solo su porcion territorial;
5;ANEXO-5-1;100;166;Gobierno nacional;010;M. DE EDUCACION;;;;APNOP;;2131090;Proyecto de inversión;REHABILITACION Y REMODELACION DE LA INFRAESTRUCTURA EDUCATIVA Y EQUIPAMIENTO DE LA INSTITUCION EDUCATIVA JUANA CERVANTES DE BOLOGNESI UBICADA EN LA REGION AREQUIPA, PROVINCIA DE AREQUIPA Y DISTRITO DE AREQUIPA;;158824;Educación;Localizada en Arequipa;;No aplica, el pliego aporta solo su porcion territorial;
5;ANEXO-5-1;101;167;Gobierno nacional;010;M. DE EDUCACION;;;;APNOP;;2131573;Proyecto de inversión;REHABILITACION Y REMODELACION DE LA INFRAESTRUCTURA EDUCATIVA Y EQUIPAMIENTO DE LA INSTITUCION EDUCATIVA DEAN VALDIVIA UBICADA EN LA REGION DE AREQUIPA, PROVINCIA DE ISLAY Y DISTRITO DE MOLLENDO;;215877;Educación;Localizada en Arequipa;;No aplica, el pliego aporta solo su porcion territorial;
5;ANEXO-5-1;120;186;Gobierno nacional;513;U.N. DE SAN AGUSTIN;Arequipa;;;Programas presupuestales;3000001 ACCIONES COMUNES;5000276;Actividad;GESTION DEL PROGRAMA;;19192402;Planeamiento y gestión administrativa;Localizada en Arequipa;;Sí;0
5;ANEXO-5-1;120;186;Gobierno nacional;513;U.N. DE SAN AGUSTIN;Arequipa;;;Programas presupuestales;3000001 ACCIONES COMUNES;5005854;Actividad;ACREDITACION DE CARRERAS PROFESIONALES;;617200;Planeamiento y gestión administrativa;Localizada en Arequipa;;Sí;0
5;ANEXO-5-1;120;186;Gobierno nacional;513;U.N. DE SAN AGUSTIN;Arequipa;;;Programas presupuestales;3000001 ACCIONES COMUNES;5005855;Actividad;FORTALECIMIENTO INSTITUCIONAL DE LAS UNIVERSIDADES;;145000;Educación;Localizada en Arequipa;;Sí;0
5;ANEXO-5-1;120;186;Gobierno nacional;513;U.N. DE SAN AGUSTIN;Arequipa;;;Programas presupuestales;3000784 DOCENTES CON ADECUADAS COMPETENCIAS;5005857;Actividad;EJERCICIO DE LA DOCENCIA UNIVERSITARIA;;133873533;Educación;Localizada en Arequipa;;Sí;0
5;ANEXO-5-1;120;186;Gobierno nacional;513;U.N. DE SAN AGUSTIN;Arequipa;;;Programas presupuestales;3000784 DOCENTES CON ADECUADAS COMPETENCIAS;5005859;Actividad;CAPACITACION DOCENTE;;636700;Educación;Localizada en Arequipa;;Sí;0
5;ANEXO-5-1;120;186;Gobierno nacional;513;U.N. DE SAN AGUSTIN;Arequipa;;;Programas presupuestales;3000785 PROGRAMAS CURRICULARES ADECUADOS;5005860;Actividad;GESTION CURRICULAR;;15000;Sin clasificar;Localizada en Arequipa;;Sí;0
5;ANEXO-5-1;120;186;Gobierno nacional;513;U.N. DE SAN AGUSTIN;Arequipa;;;Programas presupuestales;3000785 PROGRAMAS CURRICULARES ADECUADOS;5005861;Actividad;FOMENTO DE LA INVESTIGACION FORMATIVA;;98000;Educación;Localizada en Arequipa;;Sí;0
5;ANEXO-5-1;120;186;Gobierno nacional;513;U.N. DE SAN AGUSTIN;Arequipa;;;Programas presupuestales;3000786 SERVICIOS ADECUADOS DE APOYO Al_ ESTUDIANTE;5005862;Actividad;APOYO ACADEMICO;;6506565;Educación;Localizada en Arequipa;;Sí;0
5;ANEXO-5-1;120;186;Gobierno nacional;513;U.N. DE SAN AGUSTIN;Arequipa;;;Programas presupuestales;3000786 SERVICIOS ADECUADOS DE APOYO Al_ ESTUDIANTE;5005863;Actividad;BIENESTAR Y ASISTENCIA SOCIAL;;4342500;Educación;Localizada en Arequipa;;Sí;0
5;ANEXO-5-1;120;186;Gobierno nacional;513;U.N. DE SAN AGUSTIN;Arequipa;;;Programas presupuestales;3000786 SERVICIOS ADECUADOS DE APOYO Al_ ESTUDIANTE;5005864;Actividad;SERVICIOS EDUCACIONALES COMPLEMENTARIOS;;2911000;Educación;Localizada en Arequipa;;Sí;0
5;ANEXO-5-1;120;186;Gobierno nacional;513;U.N. DE SAN AGUSTIN;Arequipa;;;Programas presupuestales;3000797 INFRAESTRUCTURA Y EQUIPAMIENTO ADECUADOS;5006047;Actividad;MANTENIMIENTO Y OPERACION DE LA INFRAESTRUCTURA Y EQUIPAMIENTO;;4603000;Sin clasificar;Localizada en Arequipa;;Sí;0
5;ANEXO-5-1;120;186;Gobierno nacional;513;U.N. DE SAN AGUSTIN;Arequipa;;;Programas presupuestales;;2171444;Proyecto de inversión;MEJORAMIENTO DE LAS CONDICIONES PARA LA FORMACION ACADEMICA DE LOS ALUMNOS DE LA FACULTAD DE ARQUITECTURA Y URBANISMO DE LA UNIVERSIDAD NACIONAL DE SAN AGUSTIN DE AREQUIPA;;200000;Educación;Localizada en Arequipa;;Sí;0
5;ANEXO-5-1;120;186;Gobierno nacional;513;U.N. DE SAN AGUSTIN;Arequipa;;;Programas presupuestales;;2171553;Proyecto de inversión;MEJORAMIENTO DE LOS SERVICIOS DEL COMEDOR UNIVERSITARIO DE LA UNIVERSIDAD NACIONAL DE SAN AGUSTIN DE AREQUIPA;;750000;Educación;Localizada en Arequipa;;Sí;0
5;ANEXO-5-1;120;186;Gobierno nacional;513;U.N. DE SAN AGUSTIN;Arequipa;;;Programas presupuestales;;2194654;Proyecto de inversión;MEJORAMIENTO DE LA CALIDAD DE LA FORMACION PROFESIONAL DE LOS ESTUDIANTES DE LA ESCUELA PROFESIONAL DE AGRONOMIA DE LA UNIVERSIDAD NACIONAL DE SAN AGUSTIN - AREQUIPA;;4500000;Educación;Localizada en Arequipa;;Sí;0
5;ANEXO-5-1;120;186;Gobierno nacional;513;U.N. DE SAN AGUSTIN;Arequipa;;;Programas presupuestales;;2329521;Proyecto de inversión;MEJORAMIENTO DE LOS SERVICIOS DEL CENTRO DE MICROSCOPIA ELECTRONICA PARA EL DESARROLLO DE LA INVESTIGACION CIENTIFICA Y TECNOLOGICA EN LA UNIVERSIDAD NACIONAL DE SAN AGUSTIN, DISTRITO DE AREQUIPA, PROVINCIA DE AREQUIPA Y REGION AREQUIPA;;10000;Educación;Localizada en Arequipa;;Sí;0
5;ANEXO-5-1;120;186;Gobierno nacional;513;U.N. DE SAN AGUSTIN;Arequipa;;;Programas presupuestales;;2340490;Proyecto de inversión;MEJORAMIENTO DEL SERVICIO DE FORMACION PROFESIONAL EN CIENCIAS DE LA COMUNICACION EN LA UNIVERSIDAD NACIONAL DE SAN AGUSTIN, DISTRITO DE AREQUIPA, PROVINCIA DE AREQUIPA Y REGION AREQUIPA;;2505454;Educación;Localizada en Arequipa;;Sí;0
5;ANEXO-5-1;120;186;Gobierno nacional;513;U.N. DE SAN AGUSTIN;Arequipa;;;Programas presupuestales;;2340615;Proyecto de inversión;MEJORAMIENTO DEL SERVICIO DE FORMACION PROFESIONAL EN CIENCIAS DE LA COMPUTACION E INGENIERIA DE TELECOMUNICACIONES EN LA UNIVERSIDAD NACIONAL DE SAN AGUSTIN, DISTRITO DE AREQUIPA, PROVINCIA DE AREQUIPA Y REGION AREQUIPA;;100000;Educación;Localizada en Arequipa;;Sí;0
5;ANEXO-5-1;120;186;Gobierno nacional;513;U.N. DE SAN AGUSTIN;Arequipa;;;Programas presupuestales;;2352539;Proyecto de inversión;MEJORAMIENTO DE LOS SERVICIOS DE EXTENSION UNIVERSITARIA Y FORMACION PROFESIONAL DE LAS ESCUELAS DE ADMINISTRACION Y AGRONOMIA EN LA SEDE PEDREGAL DE LA U.N.S.A., EN LA CIUDAD DE MAJES, DISTRITO DE MAJES, PROVINCIA CAYLLOMA, DEPARTAMENTO AREQUIPA;;1000;Educación;Localizada en Arequipa;;Sí;0
5;ANEXO-5-1;120;186;Gobierno nacional;513;U.N. DE SAN AGUSTIN;Arequipa;;;Programas presupuestales;;2352965;Proyecto de inversión;CREACION DE LOS SERVICIOS DE EXTENSION UNIVERSITARIA DE LA UNIVERSIDAD NACIONAL DE SAN AGUSTIN EN LA CIUDAD DE CAMANA, DISTRITO DE SAMUEL PASTOR, PROVINCIA DE CAMANA, AREQUIPA;;100000;Educación;Localizada en Arequipa;;Sí;0
5;ANEXO-5-1;120;186;Gobierno nacional;513;U.N. DE SAN AGUSTIN;Arequipa;;;Programas presupuestales;;2353873;Proyecto de inversión;MEJORAMIENTO DEL SERVICIO DE FORMACION ACADEMICA DE LA FACULTAD DE CIENCIAS CONTABLES Y FINANCIERAS DE LA UNIVERSIDAD NACIONAL DE SAN AGUSTIN, DISTRITO DE AREQUIPA - PROVINCIA DE AREQUIPA - DEPARTAMENTO DE AREQUIPA;;1000;Educación;Localizada en Arequipa;;Sí;0
5;ANEXO-5-1;120;186;Gobierno nacional;513;U.N. DE SAN AGUSTIN;Arequipa;;;Programas presupuestales;;2398366;Proyecto de inversión;RENOVACION DE CERCO DE LADRILLOCONCRETO EN EL(LA) CAMPUS UNIVERSITARIO DE CIENCIAS SOCIALES DE LA UNIVERSIDAD NACIONAL DE SAN AGUSTIN EN LA LOCALIDAD;;1000;Educación;Localizada en Arequipa;;Sí;0
5;ANEXO-5-1;121;187;Gobierno nacional;513;U.N. DE SAN AGUSTIN;Arequipa;;;Programas presupuestales;;2412405;Proyecto de inversión;MEJORAMIENTO DEL SERVICIO DE FORMACION DE PREGRADO EN EDUCACION SUPERIOR UNIVERSITARIA DE LA ESCUELA PROFESIONAL DE INGENIERIA QUIMICA DE LA UNIVERSIDAD NACIONAL DE SAN AGUSTIN DE AREQUIPA, DISTRITO DE AREQUIPA - PROVINCIA DE AREQUIPA - DEPARTAMENTO DE AREQUIPA;;3325688;Educación;Localizada en Arequipa;;Sí;0
5;ANEXO-5-1;121;187;Gobierno nacional;513;U.N. DE SAN AGUSTIN;Arequipa;;;Programas presupuestales;;2412628;Proyecto de inversión;CREACION DEL CENTRO DE INVESTIGACION APLICADA Y LABORATORIOS ESPECIALIZADOS EN EL AREA DE CIENCIAS BIOMEDICAS DE LA UNIVERSIDAD NACIONAL DE SAN AGUSTIN DE DISTRITO DE AREQUIPA - PROVINCIA DE AREQUIPA - DEPARTAMENTO DE AREQUIPA;;1000;Educación;Localizada en Arequipa;;Sí;0
5;ANEXO-5-1;121;187;Gobierno nacional;513;U.N. DE SAN AGUSTIN;Arequipa;;;Programas presupuestales;;2432110;Proyecto de inversión;"ADQUISICION DE EQUIPOS DE ORIENTACION; EN EL(LA) FACULTAD DE INGENIERIA GEOLOGICA, GEOFISICA Y MINAS DE LA UNIVERSIDAD NACIONAL DE SAN AGUSTIN, DISTRITO DE AREQUIPA, PROVINCIA AREQUIPA, DEPARTAMENTO AREQUIPA";;3474312;Educación;Localizada en Arequipa;;Sí;0
5;ANEXO-5-1;121;187;Gobierno nacional;513;U.N. DE SAN AGUSTIN;Arequipa;;;Programas presupuestales;;2440009;Proyecto de inversión;"REMODELACION DE LOSA DEPORTIVA; CONSTRUCCION DE BAÑO O SERVICIOS SANITARIOS Y COBERTURA; EN EL(LA) LOSAS DEPORTIVAS A CARGO DEL IDUNSA EN LA UNIVERSIDAD NACIONAL DE SAN AGUSTIN EN LA LOCALIDAD AREQUIPA, DISTRITO DE AREQUIPA, PROVINCIA AREQUIPA, DEPARTAMENTO AREQUIPA";;2300000;Educación;Localizada en Arequipa;;Sí;0
5;ANEXO-5-1;121;187;Gobierno nacional;513;U.N. DE SAN AGUSTIN;Arequipa;;;Programas presupuestales;;2447873;Proyecto de inversión;"REMODELACION DE PISTA; EN EL(LA) ESTADIO MONUMENTAL DE LA UNSA, INSTITUTO DEL DEPORTE UNIVERSITARIO -IDUNSA DISTRITO DE AREQUIPA, PROVINCIA AREQUIPA, DEPARTAMENTO AREQUIPA";;1000;Educación;Localizada en Arequipa;;Sí;0
5;ANEXO-5-1;121;187;Gobierno nacional;513;U.N. DE SAN AGUSTIN;Arequipa;;;Programas presupuestales;;2449979;Proyecto de inversión;MEJORAMIENTO DE LA PRESTACION DE SERVICIOS DEPORTIVOS Y TALLERES EXTRACURRICULARES EN LA UNIVERSIDAD NACIONAL DE SAN AGUSTIN DE AREQUIPA DISTRITO DE AREQUIPA - PROVINCIA DE AREQUIPA - DEPARTAMENTO DE AREQUIPA;;1000;Educación;Localizada en Arequipa;;Sí;0
5;ANEXO-5-1;121;187;Gobierno nacional;513;U.N. DE SAN AGUSTIN;Arequipa;;;Programas presupuestales;;2480152;Proyecto de inversión;MEJORAMIENTO DE LA FORMACION E INVESTIGACION EN FISICA Y QUIMICA BASICA EN LA UNIVERSIDAD NACIONAL DE SAN AGUSTIN, DISTRITO DE AREQUIPA- PROVINCIA DE AREQUIPA - DEPARTAMENTO DE AREQUIPA;;1000;Educación;Localizada en Arequipa;;Sí;0
5;ANEXO-5-1;121;187;Gobierno nacional;513;U.N. DE SAN AGUSTIN;Arequipa;;;Programas presupuestales;;2560781;Proyecto de inversión;"CONSTRUCCION DE SUB ESTACIONES ELECTRICAS; REMODELACION DE RED SECUNDARIA Y LUMINARIA, EN EL(LA) SUBUNIDAD DE MANTENIMIENTO, CAMPUS UNIVERSITARIO DE 2 BOO 000 BIOMEDICAS EN LA LOCALIDAD AREQUIPA, DISTRITO DE AREQUIPA, PROVINCIA AREQUIPA, DEPARTAMENTO AREQUIPA";;2800000;Educación;Localizada en Arequipa;Importe recuperado por diferencia contra la subsección;Sí;0
5;ANEXO-5-1;121;187;Gobierno nacional;513;U.N. DE SAN AGUSTIN;Arequipa;;;Programas presupuestales;;2611282;Proyecto de inversión;MEJORAMIENTO DEL SERVICIO DE EXTENSION CULTURAL, PROYECCION SOCIAL Y EDUCACION CONTINUA EN EDUCACION SUPERIOR UNIVERSITARIA. EN EL INSTITUTO DE INFORMATICA DE LA UNIVERSIDAD NACIONAL DE SAN AGUSTIN DE AREQUIPA DISTRITO DE AREQUIPA DE LA PROVINCIA DE AREQUIPA DEL DEPARTAMENTO DE AREQUIPA;;150000;Educación;Localizada en Arequipa;;Sí;0
5;ANEXO-5-1;121;187;Gobierno nacional;513;U.N. DE SAN AGUSTIN;Arequipa;;;Programas presupuestales;;2615652;Proyecto de inversión;MEJORAMIENTO DEL SERVICIO DE FORMACION DE PREGRADO EN EDUCACION SUPERIOR UNIVERSITARIA EN LA ESCUELA PROFESIONAL DE INGENIERIA DE INDUSTRIAS ALIMENTARIAS DE LA UNIVERSIDAD NACIONAL DE SAN AGUSTIN DE AREQUIPA DISTRITO DE AREQUIPA DE LA PROVINCIA DE AREQUIPA DEL DEPARTAMENTO DE AREQUIPA;;279302;Educación;Localizada en Arequipa;;Sí;0
5;ANEXO-5-1;121;187;Gobierno nacional;513;U.N. DE SAN AGUSTIN;Arequipa;;;Programas presupuestales;;2619082;Proyecto de inversión;MEJORAMIENTO DEL SERVICIO DE EXTENSION CULTURAL, PROYECCION SOCIAL Y EDUCACION CONTINUA EN EDUCACION SUPERIOR UNIVERSITARIA. EN CENTRO PREUNIVERSITARIO DE LA UNIVERSIDAD NACIONAL DE SAN AGUSTIN DE AREQUIPA DISTRITO DE AREQUIPA DE LA PROVINCIA DE AREQUIPA DEL DEPARTAMENTO DE AREQUIPA;;300000;Educación;Localizada en Arequipa;;Sí;0
5;ANEXO-5-1;121;187;Gobierno nacional;513;U.N. DE SAN AGUSTIN;Arequipa;;;Programas presupuestales;;2624314;Proyecto de inversión;MEJORAMIENTO DEL SERVICIO DE FORMACION DE PREGRADO EN EDUCACION SUPERIOR UNIVERSITARIA EN LA ESCUELA PROFESIONAL DE CIENCIAS DE LA EDUCACION DE LA FACULTAD DE CIENCIAS DE LA EDUCACION DE LA UNIVERSIDAD NACIONAL DE SAN AGUSTIN DE AREQUIPA DISTRITO DE AREQUIPA DE LA PROVINCIA DE AREQUIPA DEL DEPARTAMENTO DE AREQUIPA;;330000;Educación;Localizada en Arequipa;;Sí;0
5;ANEXO-5-1;121;187;Gobierno nacional;513;U.N. DE SAN AGUSTIN;Arequipa;;;Programas presupuestales;;2660986;Proyecto de inversión;MEJORAMIENTO DEL SERVICIO DE FORMACION DE PREGRADO EN EDUCACION SUPERIOR UNIVERSITARIA EN LA ESCUELA PROFESIONAL DE INGENIERIA METALURGICA DE LA UNIVERSIDAD NACIONAL DE SAN AGUSTIN DE AREQUIPA DISTRITO DE AREQUIPA DE LA PROVINCIA DE AREQUIPA DEL DEPARTAMENTO DE AREQUIPA;;300000;Educación;Localizada en Arequipa;;Sí;0
5;ANEXO-5-1;121;187;Gobierno nacional;513;U.N. DE SAN AGUSTIN;Arequipa;;;Programas presupuestales;;2684885;Proyecto de inversión;"ADQUISICION DE EQUIPO DE TELECOMUNICACIONES; CONSTRUCCION DE CASETA Y CERCO PERIMETRICO; EN EL(LA) TV UNSA DE LA UNIVERSIDAD NACIONAL DE SAN AGUSTIN DE AREQUIPA DISTRITO DE AREQUIPA, PROVINCIA AREQUIPA, DEPARTAMENTO AREQUIPA";;2150000;Educación;Localizada en Arequipa;;Sí;0
5;ANEXO-5-1;121;187;Gobierno nacional;513;U.N. DE SAN AGUSTIN;Arequipa;;;Programas presupuestales;;2711841;Proyecto de inversión;MEJORAMIENTO DEL SERVICIO DE FORMACION DE PREGRADO EN EDUCACION SUPERIOR UNIVERSITARIA EN LA ESCUELA PROFESIONAL DE ECONOMIA DE LA UNIVERSIDAD NACIONAL DE SAN AGUSTIN DE AREQUIPA DISTRITO DE AREQUIPA DE LA PROVINCIA DE AREQUIPA DEL DEPARTAMENTO DE AREQUIPA;;2418244;Educación;Localizada en Arequipa;;Sí;0
5;ANEXO-5-1;121;187;Gobierno nacional;513;U.N. DE SAN AGUSTIN;Arequipa;;;Acciones centrales;;5000001;Actividad;PLANEAMIENTO Y PRESUPUESTO;;53000;Planeamiento y gestión administrativa;Localizada en Arequipa;;Sí;0
5;ANEXO-5-1;121;187;Gobierno nacional;513;U.N. DE SAN AGUSTIN;Arequipa;;;Acciones centrales;;5000002;Actividad;CONDUCCION Y ORIENTACION SUPERIOR;;1252600;Planeamiento y gestión administrativa;Localizada en Arequipa;;Sí;0
5;ANEXO-5-1;121;187;Gobierno nacional;513;U.N. DE SAN AGUSTIN;Arequipa;;;Acciones centrales;;5000003;Actividad;GESTION ADMINISTRATIVA;;82009680;Planeamiento y gestión administrativa;Localizada en Arequipa;;Sí;0
5;ANEXO-5-1;121;187;Gobierno nacional;513;U.N. DE SAN AGUSTIN;Arequipa;;;Acciones centrales;;5000004;Actividad;ASESORAMIENTO TECNICO Y JURIDICO;;120000;Planeamiento y gestión administrativa;Localizada en Arequipa;;Sí;0
5;ANEXO-5-1;122;188;Gobierno nacional;513;U.N. DE SAN AGUSTIN;Arequipa;;;Acciones centrales;;5000005;Actividad;GESTION DE RECURSOS HUMANOS;;13404134;Planeamiento y gestión administrativa;Localizada en Arequipa;;Sí;0
5;ANEXO-5-1;122;188;Gobierno nacional;513;U.N. DE SAN AGUSTIN;Arequipa;;;Acciones centrales;;5000006;Actividad;ACCIONES DE CONTROL Y AUDITORIA;;125785;Planeamiento y gestión administrativa;Localizada en Arequipa;;Sí;0
5;ANEXO-5-1;122;188;Gobierno nacional;513;U.N. DE SAN AGUSTIN;Arequipa;;;APNOP;;5000276;Actividad;GESTION DEL PROGRAMA;;100000;Planeamiento y gestión administrativa;Localizada en Arequipa;;Sí;0
5;ANEXO-5-1;122;188;Gobierno nacional;513;U.N. DE SAN AGUSTIN;Arequipa;;;APNOP;;5000650;Actividad;DESARROLLO DE ESTUDIOS, INVESTIGACION Y ESTADISTICA;;960000;Educación;Localizada en Arequipa;;Sí;0
5;ANEXO-5-1;122;188;Gobierno nacional;513;U.N. DE SAN AGUSTIN;Arequipa;;;APNOP;;5000670;Actividad;DESARROLLO DE LA ENSEÑANZA DE POST-GRADO;;11711118;Educación;Localizada en Arequipa;;Sí;0
5;ANEXO-5-1;122;188;Gobierno nacional;513;U.N. DE SAN AGUSTIN;Arequipa;;;APNOP;;5000753;Actividad;EXTENSION Y PROYECCION SOCIAL;;4213963;Sin clasificar;Localizada en Arequipa;;Sí;0
5;ANEXO-5-1;122;188;Gobierno nacional;513;U.N. DE SAN AGUSTIN;Arequipa;;;APNOP;;5000805;Actividad;FORTALECIMIENTO INSTITUCIONAL;;10000108;Sin clasificar;Localizada en Arequipa;;Sí;0
5;ANEXO-5-1;122;188;Gobierno nacional;513;U.N. DE SAN AGUSTIN;Arequipa;;;APNOP;;5000991;Actividad;OBLIGACIONES PREVISIONALES;;19369589;Previsión social;Localizada en Arequipa;;Sí;0
5;ANEXO-5-1;122;188;Gobierno nacional;513;U.N. DE SAN AGUSTIN;Arequipa;;;APNOP;;5001276;Actividad;UNIDADES DE ENSEÑANZA Y PRODUCCION;;72328192;Sin clasificar;Localizada en Arequipa;;Sí;0
5;ANEXO-5-1;122;188;Gobierno nacional;513;U.N. DE SAN AGUSTIN;Arequipa;;;APNOP;;5001820;Actividad;APOYO MEDICO A LA COMUNIDAD;;690000;Salud;Localizada en Arequipa;;Sí;0
5;ANEXO-5-1;122;188;Gobierno nacional;513;U.N. DE SAN AGUSTIN;Arequipa;;;APNOP;;5001904;Actividad;CONSERVACION Y PRESERVACION DE LOS BIENES DE LA INSTITUCION;;847000;Sin clasificar;Localizada en Arequipa;;Sí;0
5;ANEXO-5-1;122;188;Gobierno nacional;513;U.N. DE SAN AGUSTIN;Arequipa;;;APNOP;;5001923;Actividad;DESARROLLO DE INVESTIGACIONES CIENTIFICAS;;36308937;Educación;Localizada en Arequipa;;Sí;0
5;ANEXO-5-2;117;324;Gobierno nacional;011;M. DE SALUD;;;;APNOP;;2078503;Proyecto de inversión;MODERNIZACION Y REORDENAMIENTO DE LA INFRAESTRUCTURA FISICA DEL HOSPITAL GOYENECHE EN LA REGION AREQUIPA;;30000000;Salud;Localizada en Arequipa;;No aplica, el pliego aporta solo su porcion territorial;
5;ANEXO-5-2;119;326;Gobierno nacional;011;M. DE SALUD;;;;APNOP;;2509316;Proyecto de inversión;"ADQUISICION DE TELEVISOR (TELEMEDICINA), COMPUTADORA (TELEMEDICINA), IMPRESORA MULTIFUNCIONAL (TELEMEDICINA) Y SISTEMA DE VIDEOCONFERENCIA; ADEMAS DE OTROS ACTIVOS EN NUEVE ESTABLECIMIENTOS DE SALUD IA, ESTABLECIMIENTOS DE SALUD 1.3 EN LA LOCALIDAD AREQUIPA, DISTRITO DE AREQUIPA, PROVINCIA AREQUIPA, DEPARTAMENTO AREQUIPA";;79632;Salud;Localizada en Arequipa;;No aplica, el pliego aporta solo su porcion territorial;
5;ANEXO-5-2;119;326;Gobierno nacional;011;M. DE SALUD;;;;APNOP;;2509318;Proyecto de inversión;"ADQUISICION DE TELEVISOR (TELEMEDICINA), COMPUTADORA (TELEMEDICINA), IMPRESORA MULTIFUNCIONAL (TELEMEDICINA) Y SISTEMA DE VIDEOCONFERENCIA; ADEMAS DE OTROS ACTIVOS EN DIECISEIS ESTABLECIMIENTOS DE SALUD 1.4, ESTABLECIMIENTOS DE SALUD 1.3 EN LA LOCALIDAD AREQUIPA, DISTRITO DE AREQUIPA, PROVINCIA AREQUIPA, DEPARTAMENTO AREQUIPA";;141568;Salud;Localizada en Arequipa;;No aplica, el pliego aporta solo su porcion territorial;
5;ANEXO-5-3;6;354;Gobierno nacional;013;MINISTERIO DE DESARROLLO AGRARIO Y RIEGO;;;;Programas presupuestales;;2225488;Proyecto de inversión;MEJORAMIENTO DEL SISTEMA DE RIEGO SECTOR CHAYCO DEL DISTRITO DE LARI, PROVINCIA DE CAYLLOMA - AREQUIPA;;2175343;Agropecuario y riego;Localizada en Arequipa;;No aplica, el pliego aporta solo su porcion territorial;
5;ANEXO-5-3;7;355;Gobierno nacional;013;MINISTERIO DE DESARROLLO AGRARIO Y RIEGO;;;;Programas presupuestales;;2420451;Proyecto de inversión;MEJORAMIENTO DEL SERVICIO DE PROVISION DE AGUA PARA RIEGO EN SISTEMA DE RIEGO PARCELARIO DEL GRUPO DE GESTION EMPRESARIAL LOS NEVADOS DE HUALCA HUALCA DISTRITO DE CABANACONDE DE LA PROVINCIA DE CAYLLOMA DEL DEPARTAMENTO DE AREQUIPA;;1048997;Agropecuario y riego;Localizada en Arequipa;;No aplica, el pliego aporta solo su porcion territorial;
5;ANEXO-5-3;8;356;Gobierno nacional;013;MINISTERIO DE DESARROLLO AGRARIO Y RIEGO;;;;Programas presupuestales;;2436681;Proyecto de inversión;MEJORAMIENTO DE LA COBERTURA DE LOS SERVICIOS PARA EL INCREMENTO DE VALOR GENETICO DE ALPACAS EN LAS REGIONES DE AREQUIPA, PUNO, CUSCO, HUANCAVELICA, AYACUCHO, PASCO Y JUNIN. 8 DEPARTAMENTOS;;10565606;Sin clasificar;Multidepartamental, incluye Arequipa;;No aplica, el pliego aporta solo su porcion territorial;
5;ANEXO-5-3;8;356;Gobierno nacional;013;MINISTERIO DE DESARROLLO AGRARIO Y RIEGO;;;;Programas presupuestales;;2437700;Proyecto de inversión;MEJORAMIENTO DE LOS SERVICIOS PARA EL INCREMENTO DEL VALOR AGREGADO PRIMARIO DE LA FIBRA DE ALPACAS EN CRIADORES DE ALPACAS EN AREQUIPA, PUNO, CUSCO Y PASCO 4 DEPARTAMENTOS;;2710163;Sin clasificar;Multidepartamental, incluye Arequipa;;No aplica, el pliego aporta solo su porcion territorial;
5;ANEXO-5-3;9;357;Gobierno nacional;013;MINISTERIO DE DESARROLLO AGRARIO Y RIEGO;;;;Programas presupuestales;;2454286;Proyecto de inversión;MEJORAMIENTO DEL SERVICIO DE AGUA A NIVEL PARCELARIO CON UN SISTEMA DE RIEGO TECNIFICADO PARA EL GRUPO DE GESTION EMPRESARIAL JESUS SEMBRADOR, MOLLENDO DEL DISTRITO DE MOLLENDO - PROVINCIA DE ISLAY - DEPARTAMENTO DE AREQUIPA;;692765;Agropecuario y riego;Localizada en Arequipa;;No aplica, el pliego aporta solo su porcion territorial;
5;ANEXO-5-3;9;357;Gobierno nacional;013;MINISTERIO DE DESARROLLO AGRARIO Y RIEGO;;;;Programas presupuestales;;2465926;Proyecto de inversión;MEJORAMIENTO DEL SERVICIO DE AGUA A NIVEL PARCELARIO CON UN SISTEMA DE RIEGO TECNIFICADO PARA EL GRUPO DE GESTION EMPRESARIAL CORAZON DE JESUS, DISTRITO DE DEAN VALDIVIA - PROVINCIA DE ISLAY - DEPARTAMENTO DE AREQUIPA;;1196028;Agropecuario y riego;Localizada en Arequipa;;No aplica, el pliego aporta solo su porcion territorial;
5;ANEXO-5-3;11;359;Gobierno nacional;013;MINISTERIO DE DESARROLLO AGRARIO Y RIEGO;;;;Programas presupuestales;;2511029;Proyecto de inversión;MEJORAMIENTO DEL SERVICIO DE PROVISION DE AGUA PARA RIEGO DEL SISTEMA DE RIEGO PARCELARIO DEL GRUPO DE GESTION EMPRESARIAL ESPERANZA YURAMAYO, EN LA LOCALIDAD DE CUARTA PAMPA DEL DISTRITO DE SAN JUAN DE SIGUAS - PROVINCIA DE AREQUIPA - DEPARTAMENTO DE AREQUIPA;;301055;Agropecuario y riego;Localizada en Arequipa;;No aplica, el pliego aporta solo su porcion territorial;
5;ANEXO-5-3;11;359;Gobierno nacional;013;MINISTERIO DE DESARROLLO AGRARIO Y RIEGO;;;;Programas presupuestales;;2513710;Proyecto de inversión;MEJORAMIENTO DEL SERVICIO DE PROVISION DE AGUA PARA RIEGO DEL SISTEMA DE RIEGO PARCELARIO DEL GRUPO DE GESTION EMPRESARIAL SAN ISIDRO YURAMAYO 4TA PAMPA, EN LA LOCALIDAD DE PAMPA IV IRRIGACION YURAMAYO DEL DISTRITO DE SAN JUAN DE SIGUAS - PROVINCIA DE AREQUIPA - DEPARTAMENTO DE AREQUIPA;;1572987;Agropecuario y riego;Localizada en Arequipa;;No aplica, el pliego aporta solo su porcion territorial;
5;ANEXO-5-3;11;359;Gobierno nacional;013;MINISTERIO DE DESARROLLO AGRARIO Y RIEGO;;;;Programas presupuestales;;2513922;Proyecto de inversión;MEJORAMIENTO DEL SERVICIO DE PROVISION DE AGUA PARA RIEGO DEL SISTEMA DE RIEGO PARCELARIO DEL GRUPO DE GESTION EMPRESARIAL LA BANDA, EN LA LOCALIDAD DE LA BANDA DEL DISTRITO DE YARABAMBA - PROVINCIA DE AREQUIPA - DEPARTAMENTO DE AREQUIPA;;163468;Agropecuario y riego;Localizada en Arequipa;;No aplica, el pliego aporta solo su porcion territorial;
5;ANEXO-5-3;12;360;Gobierno nacional;013;MINISTERIO DE DESARROLLO AGRARIO Y RIEGO;;;;Programas presupuestales;;2558208;Proyecto de inversión;MEJORAMIENTO DEL SERVICIO DE PROVISION DE AGUA PARA RIEGO DEL SISTEMA DE RIEGO PARCELARIO DEL GRUPO DE GESTION EMPRESARIAL MASCAPAMPA, EN LA LOCALIDAD DE HUARIO ONGORO DEL DISTRITO DE ARAO - PROVINCIA DE CASTILLA - DEPARTAMENTO DE AREQUIPA;;255668;Agropecuario y riego;Localizada en Arequipa;;No aplica, el pliego aporta solo su porcion territorial;
5;ANEXO-5-3;14;362;Gobierno nacional;013;MINISTERIO DE DESARROLLO AGRARIO Y RIEGO;;;;Programas presupuestales;;2649727;Proyecto de inversión;"CONSTRUCCION DE CAPTACION DE AGUA; EN EL(LA) RECARGA HIDRICA PARA LAS UNIDADES PRODUCTORAS BOCATOMA NASPAS, CANAL DE RIEGO ONGORO, DISTRITO DE CHOCO, PROVINCIA CASTILLA, DEPARTAMENTO AREQUIPA";;9380;Agropecuario y riego;Localizada en Arequipa;;No aplica, el pliego aporta solo su porcion territorial;
5;ANEXO-5-3;23;371;Gobierno nacional;163;INSTITUTO NACIONAL DE INNOVACION AGRARIA;;;;Programas presupuestales;;2487112;Proyecto de inversión;MEJORAMIENTO DE LOS SERVICIOS DE INVESTIGACION Y TRANSFERENCIA TECNOLOGICA EN EL MANEJO Y RECUPERACION DE SUELOS AGRICOLAS DEGRADADOS Y AGUAS PARA RIEGO EN LA PEQUEÑA Y MEDIANA AGRICULTURA EN LOS DEPARTAMENTOS DE LIMA, ANCASH, SAN MARTIN, CAJAMARCA, LAMBAYEQUE, JUNIN, AYACUCHO, AREQUIPA, PUNO Y UCAYALI TODOS DEL DISTRITO DE - TODOS - - PROVINCIA DE - TODOS - - DEPARTAMENTO DE -MUL.DEP-;;4905662;Agropecuario y riego;Multidepartamental, incluye Arequipa;;No aplica, el pliego aporta solo su porcion territorial;
5;ANEXO-5-3;23;371;Gobierno nacional;163;INSTITUTO NACIONAL DE INNOVACION AGRARIA;;;;Programas presupuestales;;2491159;Proyecto de inversión;MEJORAMIENTO DE LOS SERVICIOS DE INVESTIGACION Y TRANSFERENCIA DE TECNOLOGIA EN GANADERIA ALTO ANDINA EN 33 DISTRITOS DE LOS DEPARTAMENTOS DE APURIMAC, AREQUIPA, AYACUCHO, CUSCO, HUANCAVELICA, JUNIN, MOQUEGUA, PASCO, PUNO Y TACNA. DISTRITO DE TODOS - PROVINCIA DE TODOS - DEPARTAMENTO DE MUL.DEP-;;18000000;Agropecuario y riego;Multidepartamental, incluye Arequipa;;No aplica, el pliego aporta solo su porcion territorial;
5;ANEXO-5-3;28;376;Gobierno nacional;165;SERVICIO NACIONAL FORESTAL Y DE FAUNA SILVESTRE - SERFOR;;;;Programas presupuestales;;2543158;Proyecto de inversión;RECUPERACION DE ECOSISTEMAS DEGRADADOS EN LAS COMUNIDADES CAMPESINAS DE PISCOPAMPA, RIO BLANCO Y TUHUALLQUE, PISCOPAMPA, TUHUALLQUI Y RIO BLANCO DEL DISTRITO DE PAMPACOLCA - PROVINCIA DE CASTILLA - DEPARTAMENTO DE AREQUIPA;;1130617;Ambiente;Localizada en Arequipa;;No aplica, el pliego aporta solo su porcion territorial;
5;ANEXO-5-3;34;382;Gobierno nacional;016;M. DE ENERGIA Y MINAS;;;;Programas presupuestales;;2620215;Proyecto de inversión;CREACION DEL SERVICIO DE SUMINISTRO ELECTRICO DOMICILIARIO EN ZONAS RURALES EN 8 UNIDADES PRODUCTORAS 8 DISTRITOS DE 4 PROVINCIAS DEL DEPARTAMENTO DE CUSCO, AREQUIPA;;3260000;Energía;Localizada en Arequipa;;No aplica, el pliego aporta solo su porcion territorial;
5;ANEXO-5-3;46;394;Gobierno nacional;022;MINISTERIO PUBLICO;;;;Programas presupuestales;;2480971;Proyecto de inversión;"CREACION DEL CENTRO NACIONAL DE PERFILES GENETICOS HUMANOS Y FORTALECIMIENTO DE LOS LABORATORIOS DE ADN DE LA UNIDAD DE BIOLOGIA MOLECULAR Y GENETICA DE LIMA Y DE LAS UNIDADES MEDICO LEGALES III DE AREQUIPA Y LAMBAYEQUE, DEL INSTITUTO DE MEDICINA LEGAL Y CIENCIAS FORENSES DEL MINISTERIO PUBLICO DE LA PROVINCIA DE AREQUIPA DEL DEPARTAMENTO DE AREQUIPA; LA PROVINCIA DE LIMA DEL DEPARTAMENTO DE LIMA Y LA PROVINCIA DE CHICLAYO DEL DEPARTAMENTO DE LAMBAYEQUE";;18904971;Salud;Multidepartamental, incluye Arequipa;;No aplica, el pliego aporta solo su porcion territorial;
5;ANEXO-5-3;46;394;Gobierno nacional;022;MINISTERIO PUBLICO;;;;Programas presupuestales;;2480972;Proyecto de inversión;MEJORAMIENTO DE LOS SERVICIOS DE EXAMENES AUXILIARES DE LOS LABORATORIOS DE BIOLOGIA, PATOLOGIA Y TOXICOLOGIA DE LAS UNIDADES MEDICO LEGALES II DE LORETO, LA LIBERTAD, LIMA(CAÑETE), TACNA Y LAS UNIDADES MEDICO LEGALES III DE LAMBAYEQUE Y AREQUIPA DEL INSTITUTO DE MEDICINA LEGAL Y CIENCIAS FORENSES DEL MINISTERIO PUBLICO 6 DEPARTAMENTOS;;16672438;Salud;Multidepartamental, incluye Arequipa;;No aplica, el pliego aporta solo su porcion territorial;
5;ANEXO-5-3;46;394;Gobierno nacional;022;MINISTERIO PUBLICO;;;;Programas presupuestales;;2480977;Proyecto de inversión;MEJORAMIENTO DEL SERVICIO DE PERITAJE EN LOS DISTRITOS FISCALES DE LIMA, MADRE DE DIOS, LAMBAYEQUE, AREQUIPA, LORETO, SAN MARTIN, UCAYALI Y JUNIN DEL MINISTERIO PUBLICO 8 DEPARTAMENTOS;;22802959;Justicia;Multidepartamental, incluye Arequipa;;No aplica, el pliego aporta solo su porcion territorial;
5;ANEXO-5-3;49;397;Gobierno nacional;006;M. DE JUSTICIA Y DERECHOS HUMANOS;;;;Programas presupuestales;;2366518;Proyecto de inversión;MEJORAMIENTO Y AMPLIACION DEL SERVICIO DE SENSIBILIZACION, CAPACITACION Y ASISTENCIA HUMANITARIA DE LA DDI- AREQUIPA DISTRITO DE CERRO COLORADO - PROVINCIA DE AREQUIPA - DEPARTAMENTO DE AREQUIPA;;5870734;Sin clasificar;Localizada en Arequipa;;No aplica, el pliego aporta solo su porcion territorial;
5;ANEXO-5-3;54;402;Gobierno nacional;026;M. DE DEFENSA;;;;Programas presupuestales;;2285439;Proyecto de inversión;MEJORAMIENTO DE LOS SERVICIOS BASICOS E INFRAESTRUCTURA VITAL PARA EL COMANDO, PLANEAMIENTO Y CONDUCCION DE OPERACIONES DE ENTRENAMIENTO DE PILOTOS EN LA BASE AEREA COR.FAP VICTOR MALDONADO BEGAZO BASE AEREA NUMERO 4- DISTRITO DE LA JOYA - PROVINCIA DE AREQUIPA - DEPARTAMENTO DE AREQUIPA;;35250796;Planeamiento y gestión administrativa;Localizada en Arequipa;;No aplica, el pliego aporta solo su porcion territorial;
5;ANEXO-5-3;55;403;Gobierno nacional;026;M. DE DEFENSA;;;;Programas presupuestales;;2494066;Proyecto de inversión;"ADQUISICION DE EQUIPO; EN EL(LA) ESCUELA DE COMANDOS, MEDIANTE LA ADQUISICION DE PARACAIDAS SEMIAUTOMATICOS Y PARACAIDAS DE RESERVA DISTRITO DE LA JOYA, PROVINCIA AREQUIPA, DEPARTAMENTO AREQUIPA";;3989052;Sin clasificar;Localizada en Arequipa;;No aplica, el pliego aporta solo su porcion territorial;
5;ANEXO-5-3;55;403;Gobierno nacional;026;M. DE DEFENSA;;;;Programas presupuestales;;2573425;Proyecto de inversión;RECUPERACION DE LA CAPACIDAD DE CONTROL AEROESPACIAL Y PRECISION EN LAS OPERACIONES MILITARES CON AVIONES CAZA DE ALTO RENDIMIENTO DEL GRUPO AEREO N° 4, BASE AEREA LA JOYA CORONEL FAP VICTOR MALDONADO BEGAZO DISTRITO DE LA JOYA - PROVINCIA DE AREQUIPA - DEPARTAMENTO DE AREQUIPA;;881291821;Educación;Localizada en Arequipa;;No aplica, el pliego aporta solo su porcion territorial;
5;ANEXO-5-3;67;415;Gobierno nacional;035;MINISTERIO DE COMERCIO EXTERIOR Y TURISMO;;;;Programas presupuestales;;2192013;Proyecto de inversión;MEJORAMIENTO DE LOS SERVICIOS TURISTICOS EN EL CIRCUITO DEL CENTRO HISTORICO RECORRIDO FUNDO FIERRO, PI A7A DE ARMAS Y RECOLETA, PROVINCIA DE AREQUIPA, REGION AREQUIPA;;165000;Turismo y comercio;Localizada en Arequipa;;No aplica, el pliego aporta solo su porcion territorial;
5;ANEXO-5-3;68;416;Gobierno nacional;035;MINISTERIO DE COMERCIO EXTERIOR Y TURISMO;;;;Programas presupuestales;;2235746;Proyecto de inversión;MEJORAMIENTO DE LOS SERVICIOS TURISTICOS PUBLICOS DE LA RUTA TURISTICA DEL VALLE DEL COLCA EN EL CASCO URBANO DE LA LOCALIDAD DE CHIVAY - PROVINCIA DE CAYLLOMA, REGION AREQUIPA;;10000;Transporte;Localizada en Arequipa;;No aplica, el pliego aporta solo su porcion territorial;
5;ANEXO-5-3;68;416;Gobierno nacional;035;MINISTERIO DE COMERCIO EXTERIOR Y TURISMO;;;;Programas presupuestales;;2411306;Proyecto de inversión;MEJORAMIENTO Y AMPLIACION DE LOS SERVICIOS TURISTICOS PUBLICOS DEL CASTILLO FORGA, DISTRITO DE MOLLENDO - PROVINCIA DE ISLAY - DEPARTAMENTO DE AREQUIPA;;10725887;Turismo y comercio;Localizada en Arequipa;;No aplica, el pliego aporta solo su porcion territorial;
5;ANEXO-5-3;69;417;Gobierno nacional;035;MINISTERIO DE COMERCIO EXTERIOR Y TURISMO;;;;Programas presupuestales;;2578504;Proyecto de inversión;"REPARACION DE SENDERO; CONSTRUCCION DE MIRADOR TURISTICO: ADQUISICION DE SEÑALIZACION TURISTICA DE INTERPRETACION Y SEÑALIZACION TURISTICA DE REGULACION O ADVERTENCIA; ADEMAS DE OTROS ACTIVOS EN EL(LA) CAÑON DEL COLCA DISTRITO DE CABANACONDE, PROVINCIA CAYLLOMA, DEPARTAMENTO AREQUIPA";;351709;Turismo y comercio;Localizada en Arequipa;;No aplica, el pliego aporta solo su porcion territorial;
5;ANEXO-5-3;74;422;Gobierno nacional;036;MINISTERIO DE TRANSPORTES Y COMUNICACIONES;;;;Programas presupuestales;;2046177;Proyecto de inversión;"MEJORAMIENTO DE LA RED VIAL DEPARTAMENTAL MOQUEGUA-AREQUIPA; TRAMO MO-108: CRUZ DE FLORES, DISTRITOS TORATA, OMATE, COALAQUE, PUQUINA, L.D. PAMPA USUÑA, MOQUEGUA; TRAMO AR-118: DISTRITOS POLOBAYA, POCSI, MOLLEBAYA, AREQUIPA";;1650567;Transporte;Localizada en Arequipa;;No aplica, el pliego aporta solo su porcion territorial;
5;ANEXO-5-3;77;425;Gobierno nacional;036;MINISTERIO DE TRANSPORTES Y COMUNICACIONES;;;;Programas presupuestales;;2317548;Proyecto de inversión;INSTAIACION DE BANDA ANCHA PARA LA CONECTIVIDAD INTEGRAL Y DESARROLLO SOCIAL DE LA REGION AREQUIPA;;10966853;Comunicaciones;Localizada en Arequipa;;No aplica, el pliego aporta solo su porcion territorial;
5;ANEXO-5-3;78;426;Gobierno nacional;036;MINISTERIO DE TRANSPORTES Y COMUNICACIONES;;;;Programas presupuestales;;2389093;Proyecto de inversión;"RENOVACION DE PUENTE DE CARRETERA; EN EL(LA) TRAMO 5: MATARANI-AREQUIPA-JULIACA-AZANGAROILO-MOQUEGUA-PUNO-JULIACA DEL PROYECTO CORREDOR VIAL INTEROCEANICO SUR, PERU-BRASIL. REHABILITACION Y MEJORAMIENTO DE LOS PUENTES CUTIMBO, TIMILLO, LORIPONGO, TARUCANI, MALLCOMAYO, MOROCOLLO Y PORKKE SECTOR 13: PUNO - PUENTE GALLATINI. DISTRITO DE PUNO, PROVINCIA PUNO, DEPARTAMENTO PUNO";;16715846;Salud;Multidepartamental, incluye Arequipa;;No aplica, el pliego aporta solo su porcion territorial;
5;ANEXO-5-3;79;427;Gobierno nacional;036;MINISTERIO DE TRANSPORTES Y COMUNICACIONES;;;;Programas presupuestales;;2436555;Proyecto de inversión;REHABILITACION DE PUENTE WAÑUDA VADO Y ACCESOS (REHABILITACION DE PUENTES PAQUETE 5- HUANCAVELICA-AYACUCHO-AREQUIPA 2);;450000;Salud;Multidepartamental, incluye Arequipa;;No aplica, el pliego aporta solo su porcion territorial;
5;ANEXO-5-3;81;429;Gobierno nacional;036;MINISTERIO DE TRANSPORTES Y COMUNICACIONES;;;;Programas presupuestales;;2510135;Proyecto de inversión;MEJORAMIENTO DE LA CARRETERA: YAUCA (EMP. PE-15) - SAN JUAN - CORACORA - (EMP.PE-32) / CHALA (EMP. PE-1S) - CORACORA - PUQUIO (EMP. PE - 30A) / ULLACCASA (EMP. PE - 32) - QUILCATA - PAUSA (EMP. PE - 1SL), POR NIVELES DE SERVICIO LAS PROVINCIAS DE PARINACOCHAS, PAUCAR DEL SARA SARA Y LUCANAS DEL DEPARTAMENTO DE AYACUCHO Y LA PROVINCIA DE CARAVELI DEL DEPARTAMENTO DE AREQUIPA;;14872072;Transporte;Localizada en Arequipa;;No aplica, el pliego aporta solo su porcion territorial;
5;ANEXO-5-3;82;430;Gobierno nacional;036;MINISTERIO DE TRANSPORTES Y COMUNICACIONES;;;;Programas presupuestales;;2591250;Proyecto de inversión;CREACION DE UN NUEVO TRAZADO GEOMETRICO Y SEGUNDA CALZADA DE LA RUTA PE-1S (PANAMERICANA SUR), ENTRE LAS PROGRESIVAS KM 918+750 A KM 921+600 DISTRITO DE MAJES - PROVINCIA DE CAYLLOMA - DEPARTAMENTO DE AREQUIPA;;17500000;Transporte;Localizada en Arequipa;;No aplica, el pliego aporta solo su porcion territorial;
5;ANEXO-5-3;112;460;Gobierno nacional;037;MINISTERIO DE VIVIENDA, CONSTRUCCION Y SANEAMIENTO;;;;Programas presupuestales;;2331087;Proyecto de inversión;CREACION DE LOS SISTEMAS DE AGUA POTABLE DEPENDIENTES DEL RESERVORIO N-31 Y ALCANTARILLADO SANITARIO DEL DISTRITO DE CERRO COLORADO, PROVINCIA, DEPARTAMENTO Y REGION DE AREQUIPA.;;2626586;Saneamiento;Localizada en Arequipa;;No aplica, el pliego aporta solo su porcion territorial;
5;ANEXO-5-3;112;460;Gobierno nacional;037;MINISTERIO DE VIVIENDA, CONSTRUCCION Y SANEAMIENTO;;;;Programas presupuestales;;2331093;Proyecto de inversión;CREACION DE LOS SISTEMAS DE AGUA POTABLE DEPENDIENTES DEL RESERVORIO N-39 Y ALCANTARILLADO SANITARIO DEL DISTRITO DE CERRO COLORADO, PROVINCIA, DEPARTAMENTO Y REGION DE AREQUIPA.;;1770895;Saneamiento;Localizada en Arequipa;;No aplica, el pliego aporta solo su porcion territorial;
5;ANEXO-5-3;112;460;Gobierno nacional;037;MINISTERIO DE VIVIENDA, CONSTRUCCION Y SANEAMIENTO;;;;Programas presupuestales;;2331579;Proyecto de inversión;AMPLIACION Y MEJORAMIENTO DE LOS SERVICIOS DE AGUA POTABLE Y SANEAMIENTO DEL DISTRITO DE CHALA. PROVINCIA DE CARAVELI, DEPARTAMENTO DE AREQUIPA;;11370880;Saneamiento;Localizada en Arequipa;;No aplica, el pliego aporta solo su porcion territorial;
5;ANEXO-5-3;127;475;Gobierno nacional;059;FONDO NACIONAL DE DESARROLLO PESQUERO - FONDEPES;;;;Programas presupuestales;;2172690;Proyecto de inversión;MEJORAMIENTO Y ADECUACION A LA NORMA SANITARIA DE LA INFRAESTRUCTURA PESQUERA PARA CONSUMO HUMANO DIRECTO DE EL FARO MATARANI - DISTRITO DE ISLAY - PROVINCIA ISLAY -REGION AREQUIPA;;12427799;Salud;Localizada en Arequipa;;No aplica, el pliego aporta solo su porcion territorial;
5;ANEXO-5-3;127;475;Gobierno nacional;059;FONDO NACIONAL DE DESARROLLO PESQUERO - FONDEPES;;;;Programas presupuestales;;2195346;Proyecto de inversión;MEJORAMIENTO ADECUADO ACCESO DE LOS PESCADORES A LOS SERVICIOS PRESTADOS DEL DESEMBARCADERO PESQUERO ARTESANAL LA PLANCAHDA CENTRO POBLADO DE LA PLANCHADA - DISTRITO DE OCOÑA - PROVINCIA DE CAMANA - REGION AREQUIPA;;100000;Pesca;Localizada en Arequipa;;No aplica, el pliego aporta solo su porcion territorial;
5;ANEXO-5-3;130;478;Gobierno nacional;241;INSTITUTO TECNOLOGICO DE LA PRODUCCION - ITP;;;;Programas presupuestales;;2261528;Proyecto de inversión;INSTALACION DE SERVICIOS TECNOLOGICOS PARA LOS PRODUCTOS DERIVADOS DE LA CADENA PRODUCTIVA DE FRUTOS, HORTALIZAS Y HIERBAS AROMATICAS, DISTRITO DE MAJES, PROVINCIA DE CAYLLOMA, REGION AREQUIPA;;104421;Agropecuario y riego;Localizada en Arequipa;;No aplica, el pliego aporta solo su porcion territorial;
5;ANEXO-5-3;130;478;Gobierno nacional;241;INSTITUTO TECNOLOGICO DE LA PRODUCCION - ITP;;;;Programas presupuestales;;2267446;Proyecto de inversión;CREACION DE SERVICIOS DE PROMOCION DE INNOVACION TECNOLOGICA PARA LA CADENA DE VALOR DE LOS PRODUCTOS TEXTILES DE LOS CAMELIDOS DOMESTICOS EN LOS DEPARTAMENTOS DE PUNO, AREQUIPA, CUSCO, HUANCAVELICA, AYACUCHO Y APURIMAC;;7881948;Sin clasificar;Multidepartamental, incluye Arequipa;;No aplica, el pliego aporta solo su porcion territorial;
5;ANEXO-5-3;130;478;Gobierno nacional;241;INSTITUTO TECNOLOGICO DE LA PRODUCCION - ITP;;;;Programas presupuestales;;2275814;Proyecto de inversión;INSTALACION DE SERVICIOS TECNOLOGICOS DE LA CADENA PRODUCTIVA DEL SECTOR CUERO, CALZADO E INDUSTRIAS CONEXAS EN EL DISTRITO DE CERRO COLORADO, PROVINCIA DE AREQUIPA EN EL DEPARTAMENTO AREQUIPA;;629322;Agropecuario y riego;Localizada en Arequipa;;No aplica, el pliego aporta solo su porcion territorial;
7;ANEXO-7-1-2;94;1066;Gobierno local;040101;MUNICIPALIDAD PROVINCIAL DE AREQUIPA;Arequipa;Arequipa;Arequipa;;;2.1;Genérica del gasto;Personal y obligaciones sociales;Recursos directamente recaudados;5592677;No sectorizable (gasto por genérica);Localizada en Arequipa;;Sí;0
7;ANEXO-7-1-2;94;1066;Gobierno local;040101;MUNICIPALIDAD PROVINCIAL DE AREQUIPA;Arequipa;Arequipa;Arequipa;;;2.1;Genérica del gasto;Personal y obligaciones sociales;Recursos determinados;97780529;No sectorizable (gasto por genérica);Localizada en Arequipa;;Sí;0
7;ANEXO-7-1-2;94;1066;Gobierno local;040101;MUNICIPALIDAD PROVINCIAL DE AREQUIPA;Arequipa;Arequipa;Arequipa;;;2.2;Genérica del gasto;Pensiones y otras prestaciones sociales;Recursos ordinarios;10074497;Previsión social;Localizada en Arequipa;;Sí;0
7;ANEXO-7-1-2;94;1066;Gobierno local;040101;MUNICIPALIDAD PROVINCIAL DE AREQUIPA;Arequipa;Arequipa;Arequipa;;;2.2;Genérica del gasto;Pensiones y otras prestaciones sociales;Recursos directamente recaudados;300000;Previsión social;Localizada en Arequipa;;Sí;0
7;ANEXO-7-1-2;94;1066;Gobierno local;040101;MUNICIPALIDAD PROVINCIAL DE AREQUIPA;Arequipa;Arequipa;Arequipa;;;2.2;Genérica del gasto;Pensiones y otras prestaciones sociales;Recursos determinados;6384293;Previsión social;Localizada en Arequipa;;Sí;0
7;ANEXO-7-1-2;94;1066;Gobierno local;040101;MUNICIPALIDAD PROVINCIAL DE AREQUIPA;Arequipa;Arequipa;Arequipa;;;2.3;Genérica del gasto;Bienes y servicios;Recursos ordinarios;2903273;No sectorizable (gasto por genérica);Localizada en Arequipa;;Sí;0
7;ANEXO-7-1-2;94;1066;Gobierno local;040101;MUNICIPALIDAD PROVINCIAL DE AREQUIPA;Arequipa;Arequipa;Arequipa;;;2.3;Genérica del gasto;Bienes y servicios;Recursos directamente recaudados;38206827;No sectorizable (gasto por genérica);Localizada en Arequipa;;Sí;0
7;ANEXO-7-1-2;94;1066;Gobierno local;040101;MUNICIPALIDAD PROVINCIAL DE AREQUIPA;Arequipa;Arequipa;Arequipa;;;2.3;Genérica del gasto;Bienes y servicios;Recursos determinados;35403513;No sectorizable (gasto por genérica);Localizada en Arequipa;;Sí;0
7;ANEXO-7-1-2;94;1066;Gobierno local;040101;MUNICIPALIDAD PROVINCIAL DE AREQUIPA;Arequipa;Arequipa;Arequipa;;;2.4;Genérica del gasto;Donaciones y transferencias;Recursos directamente recaudados;1309506;No sectorizable (gasto por genérica);Localizada en Arequipa;;Sí;0
7;ANEXO-7-1-2;94;1066;Gobierno local;040101;MUNICIPALIDAD PROVINCIAL DE AREQUIPA;Arequipa;Arequipa;Arequipa;;;2.4;Genérica del gasto;Donaciones y transferencias;Recursos determinados;468000;No sectorizable (gasto por genérica);Localizada en Arequipa;;Sí;0
7;ANEXO-7-1-2;94;1066;Gobierno local;040101;MUNICIPALIDAD PROVINCIAL DE AREQUIPA;Arequipa;Arequipa;Arequipa;;;2.5;Genérica del gasto;Otros gastos;Recursos ordinarios;888675;No sectorizable (gasto por genérica);Localizada en Arequipa;;Sí;0
7;ANEXO-7-1-2;94;1066;Gobierno local;040101;MUNICIPALIDAD PROVINCIAL DE AREQUIPA;Arequipa;Arequipa;Arequipa;;;2.5;Genérica del gasto;Otros gastos;Recursos directamente recaudados;4358300;No sectorizable (gasto por genérica);Localizada en Arequipa;;Sí;0
7;ANEXO-7-1-2;94;1066;Gobierno local;040101;MUNICIPALIDAD PROVINCIAL DE AREQUIPA;Arequipa;Arequipa;Arequipa;;;2.5;Genérica del gasto;Otros gastos;Recursos determinados;4500000;No sectorizable (gasto por genérica);Localizada en Arequipa;;Sí;0
7;ANEXO-7-1-2;94;1066;Gobierno local;040101;MUNICIPALIDAD PROVINCIAL DE AREQUIPA;Arequipa;Arequipa;Arequipa;;;2.6;Genérica del gasto;Adquisición de activos no financieros;Recursos directamente recaudados;50467947;No sectorizable (gasto por genérica);Localizada en Arequipa;;Sí;0
7;ANEXO-7-1-2;94;1066;Gobierno local;040101;MUNICIPALIDAD PROVINCIAL DE AREQUIPA;Arequipa;Arequipa;Arequipa;;;2.6;Genérica del gasto;Adquisición de activos no financieros;Recursos determinados;33167911;No sectorizable (gasto por genérica);Localizada en Arequipa;;Sí;0
7;ANEXO-7-1-2;94;1066;Gobierno local;040102;MUNICIPALIDAD DISTRITAL DE ALTO SELVA ALEGRE;Arequipa;Arequipa;Alto Selva Alegre;;;2.1;Genérica del gasto;Personal y obligaciones sociales;Recursos directamente recaudados;2428606;No sectorizable (gasto por genérica);Localizada en Arequipa;;Sí;0
7;ANEXO-7-1-2;94;1066;Gobierno local;040102;MUNICIPALIDAD DISTRITAL DE ALTO SELVA ALEGRE;Arequipa;Arequipa;Alto Selva Alegre;;;2.1;Genérica del gasto;Personal y obligaciones sociales;Recursos determinados;12646371;No sectorizable (gasto por genérica);Localizada en Arequipa;;Sí;0
7;ANEXO-7-1-2;94;1066;Gobierno local;040102;MUNICIPALIDAD DISTRITAL DE ALTO SELVA ALEGRE;Arequipa;Arequipa;Alto Selva Alegre;;;2.2;Genérica del gasto;Pensiones y otras prestaciones sociales;Recursos ordinarios;760465;Previsión social;Localizada en Arequipa;;Sí;0
7;ANEXO-7-1-2;94;1066;Gobierno local;040102;MUNICIPALIDAD DISTRITAL DE ALTO SELVA ALEGRE;Arequipa;Arequipa;Alto Selva Alegre;;;2.2;Genérica del gasto;Pensiones y otras prestaciones sociales;Recursos determinados;127374;Previsión social;Localizada en Arequipa;;Sí;0
7;ANEXO-7-1-2;94;1066;Gobierno local;040102;MUNICIPALIDAD DISTRITAL DE ALTO SELVA ALEGRE;Arequipa;Arequipa;Alto Selva Alegre;;;2.3;Genérica del gasto;Bienes y servicios;Recursos ordinarios;107931;No sectorizable (gasto por genérica);Localizada en Arequipa;;Sí;0
7;ANEXO-7-1-2;94;1066;Gobierno local;040102;MUNICIPALIDAD DISTRITAL DE ALTO SELVA ALEGRE;Arequipa;Arequipa;Alto Selva Alegre;;;2.3;Genérica del gasto;Bienes y servicios;Recursos directamente recaudados;1579643;No sectorizable (gasto por genérica);Localizada en Arequipa;;Sí;0
7;ANEXO-7-1-2;94;1066;Gobierno local;040102;MUNICIPALIDAD DISTRITAL DE ALTO SELVA ALEGRE;Arequipa;Arequipa;Alto Selva Alegre;;;2.3;Genérica del gasto;Bienes y servicios;Recursos determinados;13752447;No sectorizable (gasto por genérica);Localizada en Arequipa;;Sí;0
7;ANEXO-7-1-2;94;1066;Gobierno local;040102;MUNICIPALIDAD DISTRITAL DE ALTO SELVA ALEGRE;Arequipa;Arequipa;Alto Selva Alegre;;;2.4;Genérica del gasto;Donaciones y transferencias;Recursos determinados;79749;No sectorizable (gasto por genérica);Localizada en Arequipa;;Sí;0
7;ANEXO-7-1-2;94;1066;Gobierno local;040102;MUNICIPALIDAD DISTRITAL DE ALTO SELVA ALEGRE;Arequipa;Arequipa;Alto Selva Alegre;;;2.5;Genérica del gasto;Otros gastos;Recursos determinados;259000;No sectorizable (gasto por genérica);Localizada en Arequipa;;Sí;0
7;ANEXO-7-1-2;94;1066;Gobierno local;040102;MUNICIPALIDAD DISTRITAL DE ALTO SELVA ALEGRE;Arequipa;Arequipa;Alto Selva Alegre;;;2.6;Genérica del gasto;Adquisición de activos no financieros;Recursos determinados;42914338;No sectorizable (gasto por genérica);Localizada en Arequipa;;Sí;0
7;ANEXO-7-1-2;94;1066;Gobierno local;040102;MUNICIPALIDAD DISTRITAL DE ALTO SELVA ALEGRE;Arequipa;Arequipa;Alto Selva Alegre;;;2.8;Genérica del gasto;Servicio de la deuda pública;Recursos determinados;1761794;Deuda pública;Localizada en Arequipa;;Sí;0
7;ANEXO-7-1-2;94;1066;Gobierno local;040103;MUNICIPALIDAD DISTRITAL DE CAYMA;Arequipa;Arequipa;Cayma;;;2.1;Genérica del gasto;Personal y obligaciones sociales;Recursos directamente recaudados;3127893;No sectorizable (gasto por genérica);Localizada en Arequipa;;Sí;0
7;ANEXO-7-1-2;94;1066;Gobierno local;040103;MUNICIPALIDAD DISTRITAL DE CAYMA;Arequipa;Arequipa;Cayma;;;2.1;Genérica del gasto;Personal y obligaciones sociales;Recursos determinados;22292153;No sectorizable (gasto por genérica);Localizada en Arequipa;;Sí;0
7;ANEXO-7-1-2;94;1066;Gobierno local;040103;MUNICIPALIDAD DISTRITAL DE CAYMA;Arequipa;Arequipa;Cayma;;;2.2;Genérica del gasto;Pensiones y otras prestaciones sociales;Recursos ordinarios;734892;Previsión social;Localizada en Arequipa;;Sí;0
7;ANEXO-7-1-2;94;1066;Gobierno local;040103;MUNICIPALIDAD DISTRITAL DE CAYMA;Arequipa;Arequipa;Cayma;;;2.2;Genérica del gasto;Pensiones y otras prestaciones sociales;Recursos directamente recaudados;104000;Previsión social;Localizada en Arequipa;;Sí;0
7;ANEXO-7-1-2;94;1066;Gobierno local;040103;MUNICIPALIDAD DISTRITAL DE CAYMA;Arequipa;Arequipa;Cayma;;;2.2;Genérica del gasto;Pensiones y otras prestaciones sociales;Recursos determinados;26790;Previsión social;Localizada en Arequipa;;Sí;0
7;ANEXO-7-1-2;94;1066;Gobierno local;040103;MUNICIPALIDAD DISTRITAL DE CAYMA;Arequipa;Arequipa;Cayma;;;2.3;Genérica del gasto;Bienes y servicios;Recursos ordinarios;83690;No sectorizable (gasto por genérica);Localizada en Arequipa;;Sí;0
7;ANEXO-7-1-2;94;1066;Gobierno local;040103;MUNICIPALIDAD DISTRITAL DE CAYMA;Arequipa;Arequipa;Cayma;;;2.3;Genérica del gasto;Bienes y servicios;Recursos directamente recaudados;6528337;No sectorizable (gasto por genérica);Localizada en Arequipa;;Sí;0
7;ANEXO-7-1-2;94;1066;Gobierno local;040103;MUNICIPALIDAD DISTRITAL DE CAYMA;Arequipa;Arequipa;Cayma;;;2.3;Genérica del gasto;Bienes y servicios;Recursos determinados;20894816;No sectorizable (gasto por genérica);Localizada en Arequipa;;Sí;0
7;ANEXO-7-1-2;95;1067;Gobierno local;040103;MUNICIPALIDAD DISTRITAL DE CAYMA;Arequipa;Arequipa;Cayma;;;2.4;Genérica del gasto;Donaciones y transferencias;Recursos determinados;86395;No sectorizable (gasto por genérica);Localizada en Arequipa;;Sí;0
7;ANEXO-7-1-2;95;1067;Gobierno local;040103;MUNICIPALIDAD DISTRITAL DE CAYMA;Arequipa;Arequipa;Cayma;;;2.5;Genérica del gasto;Otros gastos;Recursos directamente recaudados;1001970;No sectorizable (gasto por genérica);Localizada en Arequipa;;Sí;0
7;ANEXO-7-1-2;95;1067;Gobierno local;040103;MUNICIPALIDAD DISTRITAL DE CAYMA;Arequipa;Arequipa;Cayma;;;2.5;Genérica del gasto;Otros gastos;Recursos determinados;604393;No sectorizable (gasto por genérica);Localizada en Arequipa;;Sí;0
7;ANEXO-7-1-2;95;1067;Gobierno local;040103;MUNICIPALIDAD DISTRITAL DE CAYMA;Arequipa;Arequipa;Cayma;;;2.6;Genérica del gasto;Adquisición de activos no financieros;Recursos determinados;37369988;No sectorizable (gasto por genérica);Localizada en Arequipa;;Sí;0
7;ANEXO-7-1-2;95;1067;Gobierno local;040103;MUNICIPALIDAD DISTRITAL DE CAYMA;Arequipa;Arequipa;Cayma;;;2.8;Genérica del gasto;Servicio de la deuda pública;Recursos determinados;12174138;Deuda pública;Localizada en Arequipa;;Sí;0
7;ANEXO-7-1-2;95;1067;Gobierno local;040104;MUNICIPALIDAD DISTRITAL DE CERRO COLORADO;Arequipa;Arequipa;Cerro Colorado;;;2.1;Genérica del gasto;Personal y obligaciones sociales;Recursos directamente recaudados;10403597;No sectorizable (gasto por genérica);Localizada en Arequipa;;Sí;0
7;ANEXO-7-1-2;95;1067;Gobierno local;040104;MUNICIPALIDAD DISTRITAL DE CERRO COLORADO;Arequipa;Arequipa;Cerro Colorado;;;2.1;Genérica del gasto;Personal y obligaciones sociales;Recursos determinados;40003159;No sectorizable (gasto por genérica);Localizada en Arequipa;;Sí;0
7;ANEXO-7-1-2;95;1067;Gobierno local;040104;MUNICIPALIDAD DISTRITAL DE CERRO COLORADO;Arequipa;Arequipa;Cerro Colorado;;;2.2;Genérica del gasto;Pensiones y otras prestaciones sociales;Recursos ordinarios;813061;Previsión social;Localizada en Arequipa;;Sí;0
7;ANEXO-7-1-2;95;1067;Gobierno local;040104;MUNICIPALIDAD DISTRITAL DE CERRO COLORADO;Arequipa;Arequipa;Cerro Colorado;;;2.2;Genérica del gasto;Pensiones y otras prestaciones sociales;Recursos directamente recaudados;1378037;Previsión social;Localizada en Arequipa;;Sí;0
7;ANEXO-7-1-2;95;1067;Gobierno local;040104;MUNICIPALIDAD DISTRITAL DE CERRO COLORADO;Arequipa;Arequipa;Cerro Colorado;;;2.3;Genérica del gasto;Bienes y servicios;Recursos ordinarios;13910692;No sectorizable (gasto por genérica);Localizada en Arequipa;;Sí;0
7;ANEXO-7-1-2;95;1067;Gobierno local;040104;MUNICIPALIDAD DISTRITAL DE CERRO COLORADO;Arequipa;Arequipa;Cerro Colorado;;;2.3;Genérica del gasto;Bienes y servicios;Recursos directamente recaudados;2056356;No sectorizable (gasto por genérica);Localizada en Arequipa;;Sí;0
7;ANEXO-7-1-2;95;1067;Gobierno local;040104;MUNICIPALIDAD DISTRITAL DE CERRO COLORADO;Arequipa;Arequipa;Cerro Colorado;;;2.3;Genérica del gasto;Bienes y servicios;Recursos determinados;29080252;No sectorizable (gasto por genérica);Localizada en Arequipa;;Sí;0
7;ANEXO-7-1-2;95;1067;Gobierno local;040104;MUNICIPALIDAD DISTRITAL DE CERRO COLORADO;Arequipa;Arequipa;Cerro Colorado;;;2.5;Genérica del gasto;Otros gastos;Recursos determinados;2913400;No sectorizable (gasto por genérica);Localizada en Arequipa;;Sí;0
7;ANEXO-7-1-2;95;1067;Gobierno local;040104;MUNICIPALIDAD DISTRITAL DE CERRO COLORADO;Arequipa;Arequipa;Cerro Colorado;;;2.6;Genérica del gasto;Adquisición de activos no financieros;Recursos determinados;219003816;No sectorizable (gasto por genérica);Localizada en Arequipa;;Sí;0
7;ANEXO-7-1-2;95;1067;Gobierno local;040104;MUNICIPALIDAD DISTRITAL DE CERRO COLORADO;Arequipa;Arequipa;Cerro Colorado;;;2.8;Genérica del gasto;Servicio de la deuda pública;Recursos determinados;1960721;Deuda pública;Localizada en Arequipa;;Sí;0
7;ANEXO-7-1-2;95;1067;Gobierno local;040105;MUNICIPALIDAD DISTRITAL DE CHARACATO;Arequipa;Arequipa;Characato;;;2.1;Genérica del gasto;Personal y obligaciones sociales;Recursos directamente recaudados;37650;No sectorizable (gasto por genérica);Localizada en Arequipa;;Sí;0
7;ANEXO-7-1-2;95;1067;Gobierno local;040105;MUNICIPALIDAD DISTRITAL DE CHARACATO;Arequipa;Arequipa;Characato;;;2.1;Genérica del gasto;Personal y obligaciones sociales;Recursos determinados;2286285;No sectorizable (gasto por genérica);Localizada en Arequipa;;Sí;0
7;ANEXO-7-1-2;95;1067;Gobierno local;040105;MUNICIPALIDAD DISTRITAL DE CHARACATO;Arequipa;Arequipa;Characato;;;2.2;Genérica del gasto;Pensiones y otras prestaciones sociales;Recursos ordinarios;39341;Previsión social;Localizada en Arequipa;;Sí;0
7;ANEXO-7-1-2;95;1067;Gobierno local;040105;MUNICIPALIDAD DISTRITAL DE CHARACATO;Arequipa;Arequipa;Characato;;;2.2;Genérica del gasto;Pensiones y otras prestaciones sociales;Recursos determinados;19779;Previsión social;Localizada en Arequipa;;Sí;0
7;ANEXO-7-1-2;95;1067;Gobierno local;040105;MUNICIPALIDAD DISTRITAL DE CHARACATO;Arequipa;Arequipa;Characato;;;2.3;Genérica del gasto;Bienes y servicios;Recursos directamente recaudados;1345492;No sectorizable (gasto por genérica);Localizada en Arequipa;;Sí;0
7;ANEXO-7-1-2;95;1067;Gobierno local;040105;MUNICIPALIDAD DISTRITAL DE CHARACATO;Arequipa;Arequipa;Characato;;;2.3;Genérica del gasto;Bienes y servicios;Recursos determinados;4079768;No sectorizable (gasto por genérica);Localizada en Arequipa;;Sí;0
7;ANEXO-7-1-2;95;1067;Gobierno local;040105;MUNICIPALIDAD DISTRITAL DE CHARACATO;Arequipa;Arequipa;Characato;;;2.4;Genérica del gasto;Donaciones y transferencias;Recursos determinados;3289;No sectorizable (gasto por genérica);Localizada en Arequipa;;Sí;0
7;ANEXO-7-1-2;95;1067;Gobierno local;040105;MUNICIPALIDAD DISTRITAL DE CHARACATO;Arequipa;Arequipa;Characato;;;2.5;Genérica del gasto;Otros gastos;Recursos determinados;141223;No sectorizable (gasto por genérica);Localizada en Arequipa;;Sí;0
7;ANEXO-7-1-2;95;1067;Gobierno local;040105;MUNICIPALIDAD DISTRITAL DE CHARACATO;Arequipa;Arequipa;Characato;;;2.6;Genérica del gasto;Adquisición de activos no financieros;Recursos directamente recaudados;14910;No sectorizable (gasto por genérica);Localizada en Arequipa;;Sí;0
7;ANEXO-7-1-2;95;1067;Gobierno local;040105;MUNICIPALIDAD DISTRITAL DE CHARACATO;Arequipa;Arequipa;Characato;;;2.6;Genérica del gasto;Adquisición de activos no financieros;Recursos determinados;13973567;No sectorizable (gasto por genérica);Localizada en Arequipa;;Sí;0
7;ANEXO-7-1-2;95;1067;Gobierno local;040106;MUNICIPALIDAD DISTRITAL DE CHIGUATA;Arequipa;Arequipa;Chiguata;;;2.1;Genérica del gasto;Personal y obligaciones sociales;Recursos determinados;468156;No sectorizable (gasto por genérica);Localizada en Arequipa;;Sí;0
7;ANEXO-7-1-2;95;1067;Gobierno local;040106;MUNICIPALIDAD DISTRITAL DE CHIGUATA;Arequipa;Arequipa;Chiguata;;;2.2;Genérica del gasto;Pensiones y otras prestaciones sociales;Recursos ordinarios;39735;Previsión social;Localizada en Arequipa;;Sí;0
7;ANEXO-7-1-2;95;1067;Gobierno local;040106;MUNICIPALIDAD DISTRITAL DE CHIGUATA;Arequipa;Arequipa;Chiguata;;;2.2;Genérica del gasto;Pensiones y otras prestaciones sociales;Recursos directamente recaudados;8348;Previsión social;Localizada en Arequipa;;Sí;0
7;ANEXO-7-1-2;95;1067;Gobierno local;040106;MUNICIPALIDAD DISTRITAL DE CHIGUATA;Arequipa;Arequipa;Chiguata;;;2.3;Genérica del gasto;Bienes y servicios;Recursos directamente recaudados;237925;No sectorizable (gasto por genérica);Localizada en Arequipa;;Sí;0
7;ANEXO-7-1-2;95;1067;Gobierno local;040106;MUNICIPALIDAD DISTRITAL DE CHIGUATA;Arequipa;Arequipa;Chiguata;;;2.3;Genérica del gasto;Bienes y servicios;Recursos determinados;2313610;No sectorizable (gasto por genérica);Localizada en Arequipa;;Sí;0
7;ANEXO-7-1-2;96;1068;Gobierno local;040106;MUNICIPALIDAD DISTRITAL DE CHIGUATA;Arequipa;Arequipa;Chiguata;;;2.6;Genérica del gasto;Adquisición de activos no financieros;Recursos directamente recaudados;25102;No sectorizable (gasto por genérica);Localizada en Arequipa;;Sí;0
7;ANEXO-7-1-2;96;1068;Gobierno local;040106;MUNICIPALIDAD DISTRITAL DE CHIGUATA;Arequipa;Arequipa;Chiguata;;;2.6;Genérica del gasto;Adquisición de activos no financieros;Recursos determinados;6495058;No sectorizable (gasto por genérica);Localizada en Arequipa;;Sí;0
7;ANEXO-7-1-2;96;1068;Gobierno local;040107;MUNICIPALIDAD DISTRITAL DE JACOBO HUNTER;Arequipa;Arequipa;Jacobo Hunter;;;2.1;Genérica del gasto;Personal y obligaciones sociales;Recursos directamente recaudados;1691541;No sectorizable (gasto por genérica);Localizada en Arequipa;;Sí;0
7;ANEXO-7-1-2;96;1068;Gobierno local;040107;MUNICIPALIDAD DISTRITAL DE JACOBO HUNTER;Arequipa;Arequipa;Jacobo Hunter;;;2.1;Genérica del gasto;Personal y obligaciones sociales;Recursos determinados;9365818;No sectorizable (gasto por genérica);Localizada en Arequipa;;Sí;0
7;ANEXO-7-1-2;96;1068;Gobierno local;040107;MUNICIPALIDAD DISTRITAL DE JACOBO HUNTER;Arequipa;Arequipa;Jacobo Hunter;;;2.2;Genérica del gasto;Pensiones y otras prestaciones sociales;Recursos ordinarios;461591;Previsión social;Localizada en Arequipa;;Sí;0
7;ANEXO-7-1-2;96;1068;Gobierno local;040107;MUNICIPALIDAD DISTRITAL DE JACOBO HUNTER;Arequipa;Arequipa;Jacobo Hunter;;;2.2;Genérica del gasto;Pensiones y otras prestaciones sociales;Recursos directamente recaudados;33000;Previsión social;Localizada en Arequipa;;Sí;0
7;ANEXO-7-1-2;96;1068;Gobierno local;040107;MUNICIPALIDAD DISTRITAL DE JACOBO HUNTER;Arequipa;Arequipa;Jacobo Hunter;;;2.2;Genérica del gasto;Pensiones y otras prestaciones sociales;Recursos determinados;53759;Previsión social;Localizada en Arequipa;;Sí;0
7;ANEXO-7-1-2;96;1068;Gobierno local;040107;MUNICIPALIDAD DISTRITAL DE JACOBO HUNTER;Arequipa;Arequipa;Jacobo Hunter;;;2.3;Genérica del gasto;Bienes y servicios;Recursos ordinarios;58262;No sectorizable (gasto por genérica);Localizada en Arequipa;;Sí;0
7;ANEXO-7-1-2;96;1068;Gobierno local;040107;MUNICIPALIDAD DISTRITAL DE JACOBO HUNTER;Arequipa;Arequipa;Jacobo Hunter;;;2.3;Genérica del gasto;Bienes y servicios;Recursos directamente recaudados;2054200;No sectorizable (gasto por genérica);Localizada en Arequipa;;Sí;0
7;ANEXO-7-1-2;96;1068;Gobierno local;040107;MUNICIPALIDAD DISTRITAL DE JACOBO HUNTER;Arequipa;Arequipa;Jacobo Hunter;;;2.3;Genérica del gasto;Bienes y servicios;Recursos determinados;6252050;No sectorizable (gasto por genérica);Localizada en Arequipa;;Sí;0
7;ANEXO-7-1-2;96;1068;Gobierno local;040107;MUNICIPALIDAD DISTRITAL DE JACOBO HUNTER;Arequipa;Arequipa;Jacobo Hunter;;;2.4;Genérica del gasto;Donaciones y transferencias;Recursos determinados;75203;No sectorizable (gasto por genérica);Localizada en Arequipa;;Sí;0
7;ANEXO-7-1-2;96;1068;Gobierno local;040107;MUNICIPALIDAD DISTRITAL DE JACOBO HUNTER;Arequipa;Arequipa;Jacobo Hunter;;;2.5;Genérica del gasto;Otros gastos;Recursos directamente recaudados;164400;No sectorizable (gasto por genérica);Localizada en Arequipa;;Sí;0
7;ANEXO-7-1-2;96;1068;Gobierno local;040107;MUNICIPALIDAD DISTRITAL DE JACOBO HUNTER;Arequipa;Arequipa;Jacobo Hunter;;;2.5;Genérica del gasto;Otros gastos;Recursos determinados;180845;No sectorizable (gasto por genérica);Localizada en Arequipa;;Sí;0
7;ANEXO-7-1-2;96;1068;Gobierno local;040107;MUNICIPALIDAD DISTRITAL DE JACOBO HUNTER;Arequipa;Arequipa;Jacobo Hunter;;;2.6;Genérica del gasto;Adquisición de activos no financieros;Recursos determinados;25435440;No sectorizable (gasto por genérica);Localizada en Arequipa;;Sí;0
7;ANEXO-7-1-2;96;1068;Gobierno local;040108;MUNICIPALIDAD DISTRITAL DE LA JOYA;Arequipa;Arequipa;La Joya;;;2.1;Genérica del gasto;Personal y obligaciones sociales;Recursos determinados;9100303;No sectorizable (gasto por genérica);Localizada en Arequipa;;Sí;0
7;ANEXO-7-1-2;96;1068;Gobierno local;040108;MUNICIPALIDAD DISTRITAL DE LA JOYA;Arequipa;Arequipa;La Joya;;;2.2;Genérica del gasto;Pensiones y otras prestaciones sociales;Recursos ordinarios;194855;Previsión social;Localizada en Arequipa;;Sí;0
7;ANEXO-7-1-2;96;1068;Gobierno local;040108;MUNICIPALIDAD DISTRITAL DE LA JOYA;Arequipa;Arequipa;La Joya;;;2.2;Genérica del gasto;Pensiones y otras prestaciones sociales;Recursos directamente recaudados;289000;Previsión social;Localizada en Arequipa;;Sí;0
7;ANEXO-7-1-2;96;1068;Gobierno local;040108;MUNICIPALIDAD DISTRITAL DE LA JOYA;Arequipa;Arequipa;La Joya;;;2.3;Genérica del gasto;Bienes y servicios;Recursos ordinarios;87432;No sectorizable (gasto por genérica);Localizada en Arequipa;;Sí;0
7;ANEXO-7-1-2;96;1068;Gobierno local;040108;MUNICIPALIDAD DISTRITAL DE LA JOYA;Arequipa;Arequipa;La Joya;;;2.3;Genérica del gasto;Bienes y servicios;Recursos directamente recaudados;48000;No sectorizable (gasto por genérica);Localizada en Arequipa;;Sí;0
7;ANEXO-7-1-2;96;1068;Gobierno local;040108;MUNICIPALIDAD DISTRITAL DE LA JOYA;Arequipa;Arequipa;La Joya;;;2.3;Genérica del gasto;Bienes y servicios;Recursos determinados;11532403;No sectorizable (gasto por genérica);Localizada en Arequipa;;Sí;0
7;ANEXO-7-1-2;96;1068;Gobierno local;040108;MUNICIPALIDAD DISTRITAL DE LA JOYA;Arequipa;Arequipa;La Joya;;;2.6;Genérica del gasto;Adquisición de activos no financieros;Recursos determinados;48828900;No sectorizable (gasto por genérica);Localizada en Arequipa;;Sí;0
7;ANEXO-7-1-2;96;1068;Gobierno local;040108;MUNICIPALIDAD DISTRITAL DE LA JOYA;Arequipa;Arequipa;La Joya;;;2.8;Genérica del gasto;Servicio de la deuda pública;Recursos determinados;16538162;Deuda pública;Localizada en Arequipa;;Sí;0
7;ANEXO-7-1-2;96;1068;Gobierno local;040109;MUNICIPALIDAD DISTRITAL DE MARIANO MELGAR;Arequipa;Arequipa;Mariano Melgar;;;2.1;Genérica del gasto;Personal y obligaciones sociales;Recursos directamente recaudados;561679;No sectorizable (gasto por genérica);Localizada en Arequipa;;Sí;0
7;ANEXO-7-1-2;96;1068;Gobierno local;040109;MUNICIPALIDAD DISTRITAL DE MARIANO MELGAR;Arequipa;Arequipa;Mariano Melgar;;;2.1;Genérica del gasto;Personal y obligaciones sociales;Recursos determinados;8602356;No sectorizable (gasto por genérica);Localizada en Arequipa;;Sí;0
7;ANEXO-7-1-2;96;1068;Gobierno local;040109;MUNICIPALIDAD DISTRITAL DE MARIANO MELGAR;Arequipa;Arequipa;Mariano Melgar;;;2.2;Genérica del gasto;Pensiones y otras prestaciones sociales;Recursos ordinarios;579917;Previsión social;Localizada en Arequipa;;Sí;0
7;ANEXO-7-1-2;96;1068;Gobierno local;040109;MUNICIPALIDAD DISTRITAL DE MARIANO MELGAR;Arequipa;Arequipa;Mariano Melgar;;;2.2;Genérica del gasto;Pensiones y otras prestaciones sociales;Recursos determinados;169550;Previsión social;Localizada en Arequipa;;Sí;0
7;ANEXO-7-1-2;96;1068;Gobierno local;040109;MUNICIPALIDAD DISTRITAL DE MARIANO MELGAR;Arequipa;Arequipa;Mariano Melgar;;;2.3;Genérica del gasto;Bienes y servicios;Recursos directamente recaudados;2474707;No sectorizable (gasto por genérica);Localizada en Arequipa;;Sí;0
7;ANEXO-7-1-2;96;1068;Gobierno local;040109;MUNICIPALIDAD DISTRITAL DE MARIANO MELGAR;Arequipa;Arequipa;Mariano Melgar;;;2.3;Genérica del gasto;Bienes y servicios;Recursos determinados;9256451;No sectorizable (gasto por genérica);Localizada en Arequipa;;Sí;0
7;ANEXO-7-1-2;96;1068;Gobierno local;040109;MUNICIPALIDAD DISTRITAL DE MARIANO MELGAR;Arequipa;Arequipa;Mariano Melgar;;;2.6;Genérica del gasto;Adquisición de activos no financieros;Recursos directamente recaudados;30000;No sectorizable (gasto por genérica);Localizada en Arequipa;;Sí;0
7;ANEXO-7-1-2;96;1068;Gobierno local;040109;MUNICIPALIDAD DISTRITAL DE MARIANO MELGAR;Arequipa;Arequipa;Mariano Melgar;;;2.6;Genérica del gasto;Adquisición de activos no financieros;Recursos determinados;43855136;No sectorizable (gasto por genérica);Localizada en Arequipa;;Sí;0
7;ANEXO-7-1-2;96;1068;Gobierno local;040109;MUNICIPALIDAD DISTRITAL DE MARIANO MELGAR;Arequipa;Arequipa;Mariano Melgar;;;2.8;Genérica del gasto;Servicio de la deuda pública;Recursos determinados;8905434;Deuda pública;Localizada en Arequipa;;Sí;0
7;ANEXO-7-1-2;97;1069;Gobierno local;040110;MUNICIPALIDAD DISTRITAL DE MIRAFLORES;Arequipa;Arequipa;Miraflores;;;2.1;Genérica del gasto;Personal y obligaciones sociales;Recursos directamente recaudados;170000;No sectorizable (gasto por genérica);Localizada en Arequipa;;Sí;0
7;ANEXO-7-1-2;97;1069;Gobierno local;040110;MUNICIPALIDAD DISTRITAL DE MIRAFLORES;Arequipa;Arequipa;Miraflores;;;2.1;Genérica del gasto;Personal y obligaciones sociales;Recursos determinados;13173661;No sectorizable (gasto por genérica);Localizada en Arequipa;;Sí;0
7;ANEXO-7-1-2;97;1069;Gobierno local;040110;MUNICIPALIDAD DISTRITAL DE MIRAFLORES;Arequipa;Arequipa;Miraflores;;;2.2;Genérica del gasto;Pensiones y otras prestaciones sociales;Recursos ordinarios;607439;Previsión social;Localizada en Arequipa;;Sí;0
7;ANEXO-7-1-2;97;1069;Gobierno local;040110;MUNICIPALIDAD DISTRITAL DE MIRAFLORES;Arequipa;Arequipa;Miraflores;;;2.2;Genérica del gasto;Pensiones y otras prestaciones sociales;Recursos directamente recaudados;9000;Previsión social;Localizada en Arequipa;;Sí;0
7;ANEXO-7-1-2;97;1069;Gobierno local;040110;MUNICIPALIDAD DISTRITAL DE MIRAFLORES;Arequipa;Arequipa;Miraflores;;;2.2;Genérica del gasto;Pensiones y otras prestaciones sociales;Recursos determinados;90263;Previsión social;Localizada en Arequipa;;Sí;0
7;ANEXO-7-1-2;97;1069;Gobierno local;040110;MUNICIPALIDAD DISTRITAL DE MIRAFLORES;Arequipa;Arequipa;Miraflores;;;2.3;Genérica del gasto;Bienes y servicios;Recursos ordinarios;59758;No sectorizable (gasto por genérica);Localizada en Arequipa;;Sí;0
7;ANEXO-7-1-2;97;1069;Gobierno local;040110;MUNICIPALIDAD DISTRITAL DE MIRAFLORES;Arequipa;Arequipa;Miraflores;;;2.3;Genérica del gasto;Bienes y servicios;Recursos directamente recaudados;2891231;No sectorizable (gasto por genérica);Localizada en Arequipa;;Sí;0
7;ANEXO-7-1-2;97;1069;Gobierno local;040110;MUNICIPALIDAD DISTRITAL DE MIRAFLORES;Arequipa;Arequipa;Miraflores;;;2.3;Genérica del gasto;Bienes y servicios;Recursos determinados;5428810;No sectorizable (gasto por genérica);Localizada en Arequipa;;Sí;0
7;ANEXO-7-1-2;97;1069;Gobierno local;040110;MUNICIPALIDAD DISTRITAL DE MIRAFLORES;Arequipa;Arequipa;Miraflores;;;2.5;Genérica del gasto;Otros gastos;Recursos determinados;424000;No sectorizable (gasto por genérica);Localizada en Arequipa;;Sí;0
7;ANEXO-7-1-2;97;1069;Gobierno local;040110;MUNICIPALIDAD DISTRITAL DE MIRAFLORES;Arequipa;Arequipa;Miraflores;;;2.6;Genérica del gasto;Adquisición de activos no financieros;Recursos determinados;36076637;No sectorizable (gasto por genérica);Localizada en Arequipa;;Sí;0
7;ANEXO-7-1-2;97;1069;Gobierno local;040110;MUNICIPALIDAD DISTRITAL DE MIRAFLORES;Arequipa;Arequipa;Miraflores;;;2.8;Genérica del gasto;Servicio de la deuda pública;Recursos determinados;6269955;Deuda pública;Localizada en Arequipa;;Sí;0
7;ANEXO-7-1-2;97;1069;Gobierno local;040111;MUNICIPALIDAD DISTRITAL DE MOLLEBAYA;Arequipa;Arequipa;Mollebaya;;;2.1;Genérica del gasto;Personal y obligaciones sociales;Recursos directamente recaudados;235056;No sectorizable (gasto por genérica);Localizada en Arequipa;;Sí;0
7;ANEXO-7-1-2;97;1069;Gobierno local;040111;MUNICIPALIDAD DISTRITAL DE MOLLEBAYA;Arequipa;Arequipa;Mollebaya;;;2.1;Genérica del gasto;Personal y obligaciones sociales;Recursos determinados;456263;No sectorizable (gasto por genérica);Localizada en Arequipa;;Sí;0
7;ANEXO-7-1-2;97;1069;Gobierno local;040111;MUNICIPALIDAD DISTRITAL DE MOLLEBAYA;Arequipa;Arequipa;Mollebaya;;;2.2;Genérica del gasto;Pensiones y otras prestaciones sociales;Recursos ordinarios;14308;Previsión social;Localizada en Arequipa;;Sí;0
7;ANEXO-7-1-2;97;1069;Gobierno local;040111;MUNICIPALIDAD DISTRITAL DE MOLLEBAYA;Arequipa;Arequipa;Mollebaya;;;2.2;Genérica del gasto;Pensiones y otras prestaciones sociales;Recursos directamente recaudados;16142;Previsión social;Localizada en Arequipa;;Sí;0
7;ANEXO-7-1-2;97;1069;Gobierno local;040111;MUNICIPALIDAD DISTRITAL DE MOLLEBAYA;Arequipa;Arequipa;Mollebaya;;;2.2;Genérica del gasto;Pensiones y otras prestaciones sociales;Recursos determinados;7754;Previsión social;Localizada en Arequipa;;Sí;0
7;ANEXO-7-1-2;97;1069;Gobierno local;040111;MUNICIPALIDAD DISTRITAL DE MOLLEBAYA;Arequipa;Arequipa;Mollebaya;;;2.3;Genérica del gasto;Bienes y servicios;Recursos directamente recaudados;461820;No sectorizable (gasto por genérica);Localizada en Arequipa;;Sí;0
7;ANEXO-7-1-2;97;1069;Gobierno local;040111;MUNICIPALIDAD DISTRITAL DE MOLLEBAYA;Arequipa;Arequipa;Mollebaya;;;2.3;Genérica del gasto;Bienes y servicios;Recursos determinados;3479206;No sectorizable (gasto por genérica);Localizada en Arequipa;;Sí;0
7;ANEXO-7-1-2;97;1069;Gobierno local;040111;MUNICIPALIDAD DISTRITAL DE MOLLEBAYA;Arequipa;Arequipa;Mollebaya;;;2.4;Genérica del gasto;Donaciones y transferencias;Recursos determinados;7100;No sectorizable (gasto por genérica);Localizada en Arequipa;;Sí;0
7;ANEXO-7-1-2;97;1069;Gobierno local;040111;MUNICIPALIDAD DISTRITAL DE MOLLEBAYA;Arequipa;Arequipa;Mollebaya;;;2.5;Genérica del gasto;Otros gastos;Recursos directamente recaudados;1743;No sectorizable (gasto por genérica);Localizada en Arequipa;;Sí;0
7;ANEXO-7-1-2;97;1069;Gobierno local;040111;MUNICIPALIDAD DISTRITAL DE MOLLEBAYA;Arequipa;Arequipa;Mollebaya;;;2.6;Genérica del gasto;Adquisición de activos no financieros;Recursos determinados;8916039;No sectorizable (gasto por genérica);Localizada en Arequipa;;Sí;0
7;ANEXO-7-1-2;97;1069;Gobierno local;040112;MUNICIPALIDAD DISTRITAL DE PAUCARPATA;Arequipa;Arequipa;Paucarpata;;;2.1;Genérica del gasto;Personal y obligaciones sociales;Recursos directamente recaudados;601000;No sectorizable (gasto por genérica);Localizada en Arequipa;;Sí;0
7;ANEXO-7-1-2;97;1069;Gobierno local;040112;MUNICIPALIDAD DISTRITAL DE PAUCARPATA;Arequipa;Arequipa;Paucarpata;;;2.1;Genérica del gasto;Personal y obligaciones sociales;Recursos determinados;20433819;No sectorizable (gasto por genérica);Localizada en Arequipa;;Sí;0
7;ANEXO-7-1-2;97;1069;Gobierno local;040112;MUNICIPALIDAD DISTRITAL DE PAUCARPATA;Arequipa;Arequipa;Paucarpata;;;2.2;Genérica del gasto;Pensiones y otras prestaciones sociales;Recursos ordinarios;1647762;Previsión social;Localizada en Arequipa;;Sí;0
7;ANEXO-7-1-2;97;1069;Gobierno local;040112;MUNICIPALIDAD DISTRITAL DE PAUCARPATA;Arequipa;Arequipa;Paucarpata;;;2.2;Genérica del gasto;Pensiones y otras prestaciones sociales;Recursos determinados;289693;Previsión social;Localizada en Arequipa;;Sí;0
7;ANEXO-7-1-2;97;1069;Gobierno local;040112;MUNICIPALIDAD DISTRITAL DE PAUCARPATA;Arequipa;Arequipa;Paucarpata;;;2.3;Genérica del gasto;Bienes y servicios;Recursos ordinarios;172341;No sectorizable (gasto por genérica);Localizada en Arequipa;;Sí;0
7;ANEXO-7-1-2;97;1069;Gobierno local;040112;MUNICIPALIDAD DISTRITAL DE PAUCARPATA;Arequipa;Arequipa;Paucarpata;;;2.3;Genérica del gasto;Bienes y servicios;Recursos directamente recaudados;3681329;No sectorizable (gasto por genérica);Localizada en Arequipa;;Sí;0
7;ANEXO-7-1-2;97;1069;Gobierno local;040112;MUNICIPALIDAD DISTRITAL DE PAUCARPATA;Arequipa;Arequipa;Paucarpata;;;2.3;Genérica del gasto;Bienes y servicios;Recursos determinados;12472086;No sectorizable (gasto por genérica);Localizada en Arequipa;;Sí;0
7;ANEXO-7-1-2;97;1069;Gobierno local;040112;MUNICIPALIDAD DISTRITAL DE PAUCARPATA;Arequipa;Arequipa;Paucarpata;;;2.5;Genérica del gasto;Otros gastos;Recursos directamente recaudados;829656;No sectorizable (gasto por genérica);Localizada en Arequipa;;Sí;0
7;ANEXO-7-1-2;97;1069;Gobierno local;040112;MUNICIPALIDAD DISTRITAL DE PAUCARPATA;Arequipa;Arequipa;Paucarpata;;;2.5;Genérica del gasto;Otros gastos;Recursos determinados;700000;No sectorizable (gasto por genérica);Localizada en Arequipa;;Sí;0
7;ANEXO-7-1-2;97;1069;Gobierno local;040112;MUNICIPALIDAD DISTRITAL DE PAUCARPATA;Arequipa;Arequipa;Paucarpata;;;2.6;Genérica del gasto;Adquisición de activos no financieros;Recursos directamente recaudados;261160;No sectorizable (gasto por genérica);Localizada en Arequipa;;Sí;0
7;ANEXO-7-1-2;97;1069;Gobierno local;040112;MUNICIPALIDAD DISTRITAL DE PAUCARPATA;Arequipa;Arequipa;Paucarpata;;;2.6;Genérica del gasto;Adquisición de activos no financieros;Recursos determinados;51611808;No sectorizable (gasto por genérica);Localizada en Arequipa;;Sí;0
7;ANEXO-7-1-2;97;1069;Gobierno local;040112;MUNICIPALIDAD DISTRITAL DE PAUCARPATA;Arequipa;Arequipa;Paucarpata;;;2.8;Genérica del gasto;Servicio de la deuda pública;Recursos determinados;13621703;Deuda pública;Localizada en Arequipa;;Sí;0
7;ANEXO-7-1-2;97;1069;Gobierno local;040113;MUNICIPALIDAD DISTRITAL DE POCSI;Arequipa;Arequipa;Pocsi;;;2.1;Genérica del gasto;Personal y obligaciones sociales;Recursos determinados;325339;No sectorizable (gasto por genérica);Localizada en Arequipa;;Sí;0
7;ANEXO-7-1-2;98;1070;Gobierno local;040113;MUNICIPALIDAD DISTRITAL DE POCSI;Arequipa;Arequipa;Pocsi;;;2.2;Genérica del gasto;Pensiones y otras prestaciones sociales;Recursos ordinarios;13305;Previsión social;Localizada en Arequipa;;Sí;0
7;ANEXO-7-1-2;98;1070;Gobierno local;040113;MUNICIPALIDAD DISTRITAL DE POCSI;Arequipa;Arequipa;Pocsi;;;2.3;Genérica del gasto;Bienes y servicios;Recursos directamente recaudados;16920;No sectorizable (gasto por genérica);Localizada en Arequipa;;Sí;0
7;ANEXO-7-1-2;98;1070;Gobierno local;040113;MUNICIPALIDAD DISTRITAL DE POCSI;Arequipa;Arequipa;Pocsi;;;2.3;Genérica del gasto;Bienes y servicios;Recursos determinados;841709;No sectorizable (gasto por genérica);Localizada en Arequipa;;Sí;0
7;ANEXO-7-1-2;98;1070;Gobierno local;040113;MUNICIPALIDAD DISTRITAL DE POCSI;Arequipa;Arequipa;Pocsi;;;2.4;Genérica del gasto;Donaciones y transferencias;Recursos determinados;4391;No sectorizable (gasto por genérica);Localizada en Arequipa;;Sí;0
7;ANEXO-7-1-2;98;1070;Gobierno local;040113;MUNICIPALIDAD DISTRITAL DE POCSI;Arequipa;Arequipa;Pocsi;;;2.6;Genérica del gasto;Adquisición de activos no financieros;Recursos determinados;1468422;No sectorizable (gasto por genérica);Localizada en Arequipa;;Sí;0
7;ANEXO-7-1-2;98;1070;Gobierno local;040114;MUNICIPALIDAD DISTRITAL DE POLOBAYA;Arequipa;Arequipa;Polobaya;;;2.1;Genérica del gasto;Personal y obligaciones sociales;Recursos determinados;205183;No sectorizable (gasto por genérica);Localizada en Arequipa;;Sí;0
7;ANEXO-7-1-2;98;1070;Gobierno local;040114;MUNICIPALIDAD DISTRITAL DE POLOBAYA;Arequipa;Arequipa;Polobaya;;;2.2;Genérica del gasto;Pensiones y otras prestaciones sociales;Recursos ordinarios;24392;Previsión social;Localizada en Arequipa;;Sí;0
7;ANEXO-7-1-2;98;1070;Gobierno local;040114;MUNICIPALIDAD DISTRITAL DE POLOBAYA;Arequipa;Arequipa;Polobaya;;;2.3;Genérica del gasto;Bienes y servicios;Recursos directamente recaudados;512000;No sectorizable (gasto por genérica);Localizada en Arequipa;;Sí;0
7;ANEXO-7-1-2;98;1070;Gobierno local;040114;MUNICIPALIDAD DISTRITAL DE POLOBAYA;Arequipa;Arequipa;Polobaya;;;2.3;Genérica del gasto;Bienes y servicios;Recursos determinados;1052269;No sectorizable (gasto por genérica);Localizada en Arequipa;;Sí;0
7;ANEXO-7-1-2;98;1070;Gobierno local;040114;MUNICIPALIDAD DISTRITAL DE POLOBAYA;Arequipa;Arequipa;Polobaya;;;2.4;Genérica del gasto;Donaciones y transferencias;Recursos determinados;10000;No sectorizable (gasto por genérica);Localizada en Arequipa;;Sí;0
7;ANEXO-7-1-2;98;1070;Gobierno local;040114;MUNICIPALIDAD DISTRITAL DE POLOBAYA;Arequipa;Arequipa;Polobaya;;;2.6;Genérica del gasto;Adquisición de activos no financieros;Recursos determinados;1217637;No sectorizable (gasto por genérica);Localizada en Arequipa;;Sí;0
7;ANEXO-7-1-2;98;1070;Gobierno local;040115;MUNICIPALIDAD DISTRITAL DE QUEQUEÑA;Arequipa;Arequipa;Quequena;;;2.1;Genérica del gasto;Personal y obligaciones sociales;Recursos determinados;581968;No sectorizable (gasto por genérica);Localizada en Arequipa;;Sí;0
7;ANEXO-7-1-2;98;1070;Gobierno local;040115;MUNICIPALIDAD DISTRITAL DE QUEQUEÑA;Arequipa;Arequipa;Quequena;;;2.2;Genérica del gasto;Pensiones y otras prestaciones sociales;Recursos ordinarios;17614;Previsión social;Localizada en Arequipa;Componente ajustado por cierre del pliego;Sí;0
7;ANEXO-7-1-2;98;1070;Gobierno local;040115;MUNICIPALIDAD DISTRITAL DE QUEQUEÑA;Arequipa;Arequipa;Quequena;;;2.2;Genérica del gasto;Pensiones y otras prestaciones sociales;Recursos determinados;2008;Previsión social;Localizada en Arequipa;;Sí;0
7;ANEXO-7-1-2;98;1070;Gobierno local;040115;MUNICIPALIDAD DISTRITAL DE QUEQUEÑA;Arequipa;Arequipa;Quequena;;;2.3;Genérica del gasto;Bienes y servicios;Recursos directamente recaudados;101600;No sectorizable (gasto por genérica);Localizada en Arequipa;;Sí;0
7;ANEXO-7-1-2;98;1070;Gobierno local;040115;MUNICIPALIDAD DISTRITAL DE QUEQUEÑA;Arequipa;Arequipa;Quequena;;;2.3;Genérica del gasto;Bienes y servicios;Recursos determinados;3251995;No sectorizable (gasto por genérica);Localizada en Arequipa;;Sí;0
7;ANEXO-7-1-2;98;1070;Gobierno local;040115;MUNICIPALIDAD DISTRITAL DE QUEQUEÑA;Arequipa;Arequipa;Quequena;;;2.4;Genérica del gasto;Donaciones y transferencias;Recursos determinados;22916;No sectorizable (gasto por genérica);Localizada en Arequipa;;Sí;0
7;ANEXO-7-1-2;98;1070;Gobierno local;040115;MUNICIPALIDAD DISTRITAL DE QUEQUEÑA;Arequipa;Arequipa;Quequena;;;2.6;Genérica del gasto;Adquisición de activos no financieros;Recursos determinados;11901710;No sectorizable (gasto por genérica);Localizada en Arequipa;;Sí;0
7;ANEXO-7-1-2;98;1070;Gobierno local;040116;MUNICIPALIDAD DISTRITAL DE SABANDIA;Arequipa;Arequipa;Sabandia;;;2.1;Genérica del gasto;Personal y obligaciones sociales;Recursos directamente recaudados;226214;No sectorizable (gasto por genérica);Localizada en Arequipa;;Sí;0
7;ANEXO-7-1-2;98;1070;Gobierno local;040116;MUNICIPALIDAD DISTRITAL DE SABANDIA;Arequipa;Arequipa;Sabandia;;;2.1;Genérica del gasto;Personal y obligaciones sociales;Recursos determinados;1337037;No sectorizable (gasto por genérica);Localizada en Arequipa;;Sí;0
7;ANEXO-7-1-2;98;1070;Gobierno local;040116;MUNICIPALIDAD DISTRITAL DE SABANDIA;Arequipa;Arequipa;Sabandia;;;2.2;Genérica del gasto;Pensiones y otras prestaciones sociales;Recursos ordinarios;38398;Previsión social;Localizada en Arequipa;;Sí;0
7;ANEXO-7-1-2;98;1070;Gobierno local;040116;MUNICIPALIDAD DISTRITAL DE SABANDIA;Arequipa;Arequipa;Sabandia;;;2.2;Genérica del gasto;Pensiones y otras prestaciones sociales;Recursos directamente recaudados;4457;Previsión social;Localizada en Arequipa;;Sí;0
7;ANEXO-7-1-2;98;1070;Gobierno local;040116;MUNICIPALIDAD DISTRITAL DE SABANDIA;Arequipa;Arequipa;Sabandia;;;2.3;Genérica del gasto;Bienes y servicios;Recursos directamente recaudados;532894;No sectorizable (gasto por genérica);Localizada en Arequipa;;Sí;0
7;ANEXO-7-1-2;98;1070;Gobierno local;040116;MUNICIPALIDAD DISTRITAL DE SABANDIA;Arequipa;Arequipa;Sabandia;;;2.3;Genérica del gasto;Bienes y servicios;Recursos determinados;1510196;No sectorizable (gasto por genérica);Localizada en Arequipa;;Sí;0
7;ANEXO-7-1-2;98;1070;Gobierno local;040116;MUNICIPALIDAD DISTRITAL DE SABANDIA;Arequipa;Arequipa;Sabandia;;;2.4;Genérica del gasto;Donaciones y transferencias;Recursos determinados;4000;No sectorizable (gasto por genérica);Localizada en Arequipa;;Sí;0
7;ANEXO-7-1-2;98;1070;Gobierno local;040116;MUNICIPALIDAD DISTRITAL DE SABANDIA;Arequipa;Arequipa;Sabandia;;;2.5;Genérica del gasto;Otros gastos;Recursos directamente recaudados;50233;No sectorizable (gasto por genérica);Localizada en Arequipa;;Sí;0
7;ANEXO-7-1-2;98;1070;Gobierno local;040116;MUNICIPALIDAD DISTRITAL DE SABANDIA;Arequipa;Arequipa;Sabandia;;;2.5;Genérica del gasto;Otros gastos;Recursos determinados;60000;No sectorizable (gasto por genérica);Localizada en Arequipa;;Sí;0
7;ANEXO-7-1-2;98;1070;Gobierno local;040116;MUNICIPALIDAD DISTRITAL DE SABANDIA;Arequipa;Arequipa;Sabandia;;;2.6;Genérica del gasto;Adquisición de activos no financieros;Recursos determinados;2052651;No sectorizable (gasto por genérica);Localizada en Arequipa;;Sí;0
7;ANEXO-7-1-2;99;1071;Gobierno local;040116;MUNICIPALIDAD DISTRITAL DE SABANDIA;Arequipa;Arequipa;Sabandia;;;2.8;Genérica del gasto;Servicio de la deuda pública;Recursos determinados;719909;Deuda pública;Localizada en Arequipa;;Sí;0
7;ANEXO-7-1-2;99;1071;Gobierno local;040117;MUNICIPALIDAD DISTRITAL DE SACHACA;Arequipa;Arequipa;Sachaca;;;2.1;Genérica del gasto;Personal y obligaciones sociales;Recursos directamente recaudados;949100;No sectorizable (gasto por genérica);Localizada en Arequipa;;Sí;0
7;ANEXO-7-1-2;99;1071;Gobierno local;040117;MUNICIPALIDAD DISTRITAL DE SACHACA;Arequipa;Arequipa;Sachaca;;;2.1;Genérica del gasto;Personal y obligaciones sociales;Recursos determinados;10152464;No sectorizable (gasto por genérica);Localizada en Arequipa;;Sí;0
7;ANEXO-7-1-2;99;1071;Gobierno local;040117;MUNICIPALIDAD DISTRITAL DE SACHACA;Arequipa;Arequipa;Sachaca;;;2.2;Genérica del gasto;Pensiones y otras prestaciones sociales;Recursos ordinarios;184099;Previsión social;Localizada en Arequipa;;Sí;0
7;ANEXO-7-1-2;99;1071;Gobierno local;040117;MUNICIPALIDAD DISTRITAL DE SACHACA;Arequipa;Arequipa;Sachaca;;;2.2;Genérica del gasto;Pensiones y otras prestaciones sociales;Recursos determinados;35417;Previsión social;Localizada en Arequipa;;Sí;0
7;ANEXO-7-1-2;99;1071;Gobierno local;040117;MUNICIPALIDAD DISTRITAL DE SACHACA;Arequipa;Arequipa;Sachaca;;;2.3;Genérica del gasto;Bienes y servicios;Recursos directamente recaudados;2032145;No sectorizable (gasto por genérica);Localizada en Arequipa;;Sí;0
7;ANEXO-7-1-2;99;1071;Gobierno local;040117;MUNICIPALIDAD DISTRITAL DE SACHACA;Arequipa;Arequipa;Sachaca;;;2.3;Genérica del gasto;Bienes y servicios;Recursos determinados;8150518;No sectorizable (gasto por genérica);Localizada en Arequipa;;Sí;0
7;ANEXO-7-1-2;99;1071;Gobierno local;040117;MUNICIPALIDAD DISTRITAL DE SACHACA;Arequipa;Arequipa;Sachaca;;;2.5;Genérica del gasto;Otros gastos;Recursos determinados;210000;No sectorizable (gasto por genérica);Localizada en Arequipa;;Sí;0
7;ANEXO-7-1-2;99;1071;Gobierno local;040117;MUNICIPALIDAD DISTRITAL DE SACHACA;Arequipa;Arequipa;Sachaca;;;2.6;Genérica del gasto;Adquisición de activos no financieros;Recursos determinados;24512127;No sectorizable (gasto por genérica);Localizada en Arequipa;;Sí;0
7;ANEXO-7-1-2;99;1071;Gobierno local;040118;MUNICIPALIDAD DISTRITAL DE SAN JUAN DE SIGUAS;Arequipa;Arequipa;San Juan De Siguas;;;2.1;Genérica del gasto;Personal y obligaciones sociales;Recursos determinados;337521;No sectorizable (gasto por genérica);Localizada en Arequipa;;Sí;0
7;ANEXO-7-1-2;99;1071;Gobierno local;040118;MUNICIPALIDAD DISTRITAL DE SAN JUAN DE SIGUAS;Arequipa;Arequipa;San Juan De Siguas;;;2.2;Genérica del gasto;Pensiones y otras prestaciones sociales;Recursos ordinarios;30123;Previsión social;Localizada en Arequipa;;Sí;0
7;ANEXO-7-1-2;99;1071;Gobierno local;040118;MUNICIPALIDAD DISTRITAL DE SAN JUAN DE SIGUAS;Arequipa;Arequipa;San Juan De Siguas;;;2.2;Genérica del gasto;Pensiones y otras prestaciones sociales;Recursos determinados;5409;Previsión social;Localizada en Arequipa;;Sí;0
7;ANEXO-7-1-2;99;1071;Gobierno local;040118;MUNICIPALIDAD DISTRITAL DE SAN JUAN DE SIGUAS;Arequipa;Arequipa;San Juan De Siguas;;;2.3;Genérica del gasto;Bienes y servicios;Recursos directamente recaudados;88410;No sectorizable (gasto por genérica);Localizada en Arequipa;;Sí;0
7;ANEXO-7-1-2;99;1071;Gobierno local;040118;MUNICIPALIDAD DISTRITAL DE SAN JUAN DE SIGUAS;Arequipa;Arequipa;San Juan De Siguas;;;2.3;Genérica del gasto;Bienes y servicios;Recursos determinados;1044784;No sectorizable (gasto por genérica);Localizada en Arequipa;;Sí;0
7;ANEXO-7-1-2;99;1071;Gobierno local;040118;MUNICIPALIDAD DISTRITAL DE SAN JUAN DE SIGUAS;Arequipa;Arequipa;San Juan De Siguas;;;2.5;Genérica del gasto;Otros gastos;Recursos determinados;5000;No sectorizable (gasto por genérica);Localizada en Arequipa;;Sí;0
7;ANEXO-7-1-2;99;1071;Gobierno local;040118;MUNICIPALIDAD DISTRITAL DE SAN JUAN DE SIGUAS;Arequipa;Arequipa;San Juan De Siguas;;;2.6;Genérica del gasto;Adquisición de activos no financieros;Recursos determinados;652244;No sectorizable (gasto por genérica);Localizada en Arequipa;;Sí;0
7;ANEXO-7-1-2;99;1071;Gobierno local;040119;MUNICIPALIDAD DISTRITAL DE SAN JUAN DE TARUCANI;Arequipa;Arequipa;San Juan De Tarucani;;;2.1;Genérica del gasto;Personal y obligaciones sociales;Recursos determinados;1317647;No sectorizable (gasto por genérica);Localizada en Arequipa;;Sí;0
7;ANEXO-7-1-2;99;1071;Gobierno local;040119;MUNICIPALIDAD DISTRITAL DE SAN JUAN DE TARUCANI;Arequipa;Arequipa;San Juan De Tarucani;;;2.2;Genérica del gasto;Pensiones y otras prestaciones sociales;Recursos ordinarios;34836;Previsión social;Localizada en Arequipa;;Sí;0
7;ANEXO-7-1-2;99;1071;Gobierno local;040119;MUNICIPALIDAD DISTRITAL DE SAN JUAN DE TARUCANI;Arequipa;Arequipa;San Juan De Tarucani;;;2.2;Genérica del gasto;Pensiones y otras prestaciones sociales;Recursos determinados;24924;Previsión social;Localizada en Arequipa;;Sí;0
7;ANEXO-7-1-2;99;1071;Gobierno local;040119;MUNICIPALIDAD DISTRITAL DE SAN JUAN DE TARUCANI;Arequipa;Arequipa;San Juan De Tarucani;;;2.3;Genérica del gasto;Bienes y servicios;Recursos directamente recaudados;102500;No sectorizable (gasto por genérica);Localizada en Arequipa;;Sí;0
7;ANEXO-7-1-2;99;1071;Gobierno local;040119;MUNICIPALIDAD DISTRITAL DE SAN JUAN DE TARUCANI;Arequipa;Arequipa;San Juan De Tarucani;;;2.3;Genérica del gasto;Bienes y servicios;Recursos determinados;2228057;No sectorizable (gasto por genérica);Localizada en Arequipa;;Sí;0
7;ANEXO-7-1-2;99;1071;Gobierno local;040119;MUNICIPALIDAD DISTRITAL DE SAN JUAN DE TARUCANI;Arequipa;Arequipa;San Juan De Tarucani;;;2.6;Genérica del gasto;Adquisición de activos no financieros;Recursos determinados;4863762;No sectorizable (gasto por genérica);Localizada en Arequipa;;Sí;0
7;ANEXO-7-1-2;99;1071;Gobierno local;040120;MUNICIPALIDAD DISTRITAL DE SANTA ISABEL DE SIGUAS;Arequipa;Arequipa;Santa Isabel De Siguas;;;2.1;Genérica del gasto;Personal y obligaciones sociales;Recursos determinados;494449;No sectorizable (gasto por genérica);Localizada en Arequipa;;Sí;0
7;ANEXO-7-1-2;99;1071;Gobierno local;040120;MUNICIPALIDAD DISTRITAL DE SANTA ISABEL DE SIGUAS;Arequipa;Arequipa;Santa Isabel De Siguas;;;2.2;Genérica del gasto;Pensiones y otras prestaciones sociales;Recursos ordinarios;43277;Previsión social;Localizada en Arequipa;;Sí;0
7;ANEXO-7-1-2;99;1071;Gobierno local;040120;MUNICIPALIDAD DISTRITAL DE SANTA ISABEL DE SIGUAS;Arequipa;Arequipa;Santa Isabel De Siguas;;;2.3;Genérica del gasto;Bienes y servicios;Recursos directamente recaudados;87500;No sectorizable (gasto por genérica);Localizada en Arequipa;;Sí;0
7;ANEXO-7-1-2;99;1071;Gobierno local;040120;MUNICIPALIDAD DISTRITAL DE SANTA ISABEL DE SIGUAS;Arequipa;Arequipa;Santa Isabel De Siguas;;;2.3;Genérica del gasto;Bienes y servicios;Recursos determinados;778822;No sectorizable (gasto por genérica);Localizada en Arequipa;;Sí;0
7;ANEXO-7-1-2;100;1072;Gobierno local;040120;MUNICIPALIDAD DISTRITAL DE SANTA ISABEL DE SIGUAS;Arequipa;Arequipa;Santa Isabel De Siguas;;;2.6;Genérica del gasto;Adquisición de activos no financieros;Recursos determinados;1287377;No sectorizable (gasto por genérica);Localizada en Arequipa;;Sí;0
7;ANEXO-7-1-2;100;1072;Gobierno local;040121;MUNICIPALIDAD DISTRITAL DE SANTA RITA DE SIGUAS;Arequipa;Arequipa;Santa Rita De Siguas;;;2.1;Genérica del gasto;Personal y obligaciones sociales;Recursos determinados;1237140;No sectorizable (gasto por genérica);Localizada en Arequipa;;Sí;0
7;ANEXO-7-1-2;100;1072;Gobierno local;040121;MUNICIPALIDAD DISTRITAL DE SANTA RITA DE SIGUAS;Arequipa;Arequipa;Santa Rita De Siguas;;;2.2;Genérica del gasto;Pensiones y otras prestaciones sociales;Recursos ordinarios;45826;Previsión social;Localizada en Arequipa;;Sí;0
7;ANEXO-7-1-2;100;1072;Gobierno local;040121;MUNICIPALIDAD DISTRITAL DE SANTA RITA DE SIGUAS;Arequipa;Arequipa;Santa Rita De Siguas;;;2.3;Genérica del gasto;Bienes y servicios;Recursos directamente recaudados;252700;No sectorizable (gasto por genérica);Localizada en Arequipa;;Sí;0
7;ANEXO-7-1-2;100;1072;Gobierno local;040121;MUNICIPALIDAD DISTRITAL DE SANTA RITA DE SIGUAS;Arequipa;Arequipa;Santa Rita De Siguas;;;2.3;Genérica del gasto;Bienes y servicios;Recursos determinados;2244177;No sectorizable (gasto por genérica);Localizada en Arequipa;;Sí;0
7;ANEXO-7-1-2;100;1072;Gobierno local;040121;MUNICIPALIDAD DISTRITAL DE SANTA RITA DE SIGUAS;Arequipa;Arequipa;Santa Rita De Siguas;;;2.4;Genérica del gasto;Donaciones y transferencias;Recursos determinados;9700;No sectorizable (gasto por genérica);Localizada en Arequipa;;Sí;0
7;ANEXO-7-1-2;100;1072;Gobierno local;040121;MUNICIPALIDAD DISTRITAL DE SANTA RITA DE SIGUAS;Arequipa;Arequipa;Santa Rita De Siguas;;;2.6;Genérica del gasto;Adquisición de activos no financieros;Recursos determinados;7441986;No sectorizable (gasto por genérica);Localizada en Arequipa;;Sí;0
7;ANEXO-7-1-2;100;1072;Gobierno local;040122;MUNICIPALIDAD DISTRITAL DE SOCABAYA;Arequipa;Arequipa;Socabaya;;;2.1;Genérica del gasto;Personal y obligaciones sociales;Recursos directamente recaudados;808965;No sectorizable (gasto por genérica);Localizada en Arequipa;;Sí;0
7;ANEXO-7-1-2;100;1072;Gobierno local;040122;MUNICIPALIDAD DISTRITAL DE SOCABAYA;Arequipa;Arequipa;Socabaya;;;2.1;Genérica del gasto;Personal y obligaciones sociales;Recursos determinados;13438013;No sectorizable (gasto por genérica);Localizada en Arequipa;;Sí;0
7;ANEXO-7-1-2;100;1072;Gobierno local;040122;MUNICIPALIDAD DISTRITAL DE SOCABAYA;Arequipa;Arequipa;Socabaya;;;2.2;Genérica del gasto;Pensiones y otras prestaciones sociales;Recursos ordinarios;528825;Previsión social;Localizada en Arequipa;;Sí;0
7;ANEXO-7-1-2;100;1072;Gobierno local;040122;MUNICIPALIDAD DISTRITAL DE SOCABAYA;Arequipa;Arequipa;Socabaya;;;2.2;Genérica del gasto;Pensiones y otras prestaciones sociales;Recursos determinados;52105;Previsión social;Localizada en Arequipa;;Sí;0
7;ANEXO-7-1-2;100;1072;Gobierno local;040122;MUNICIPALIDAD DISTRITAL DE SOCABAYA;Arequipa;Arequipa;Socabaya;;;2.3;Genérica del gasto;Bienes y servicios;Recursos ordinarios;89407;No sectorizable (gasto por genérica);Localizada en Arequipa;;Sí;0
7;ANEXO-7-1-2;100;1072;Gobierno local;040122;MUNICIPALIDAD DISTRITAL DE SOCABAYA;Arequipa;Arequipa;Socabaya;;;2.3;Genérica del gasto;Bienes y servicios;Recursos directamente recaudados;2613054;No sectorizable (gasto por genérica);Localizada en Arequipa;;Sí;0
7;ANEXO-7-1-2;100;1072;Gobierno local;040122;MUNICIPALIDAD DISTRITAL DE SOCABAYA;Arequipa;Arequipa;Socabaya;;;2.3;Genérica del gasto;Bienes y servicios;Recursos determinados;17268953;No sectorizable (gasto por genérica);Localizada en Arequipa;;Sí;0
7;ANEXO-7-1-2;100;1072;Gobierno local;040122;MUNICIPALIDAD DISTRITAL DE SOCABAYA;Arequipa;Arequipa;Socabaya;;;2.4;Genérica del gasto;Donaciones y transferencias;Recursos directamente recaudados;39500;No sectorizable (gasto por genérica);Localizada en Arequipa;;Sí;0
7;ANEXO-7-1-2;100;1072;Gobierno local;040122;MUNICIPALIDAD DISTRITAL DE SOCABAYA;Arequipa;Arequipa;Socabaya;;;2.5;Genérica del gasto;Otros gastos;Recursos directamente recaudados;346800;No sectorizable (gasto por genérica);Localizada en Arequipa;;Sí;0
7;ANEXO-7-1-2;100;1072;Gobierno local;040122;MUNICIPALIDAD DISTRITAL DE SOCABAYA;Arequipa;Arequipa;Socabaya;;;2.5;Genérica del gasto;Otros gastos;Recursos determinados;13251;No sectorizable (gasto por genérica);Localizada en Arequipa;;Sí;0
7;ANEXO-7-1-2;100;1072;Gobierno local;040122;MUNICIPALIDAD DISTRITAL DE SOCABAYA;Arequipa;Arequipa;Socabaya;;;2.6;Genérica del gasto;Adquisición de activos no financieros;Recursos directamente recaudados;74218;No sectorizable (gasto por genérica);Localizada en Arequipa;;Sí;0
7;ANEXO-7-1-2;100;1072;Gobierno local;040122;MUNICIPALIDAD DISTRITAL DE SOCABAYA;Arequipa;Arequipa;Socabaya;;;2.6;Genérica del gasto;Adquisición de activos no financieros;Recursos determinados;54993399;No sectorizable (gasto por genérica);Localizada en Arequipa;;Sí;0
7;ANEXO-7-1-2;100;1072;Gobierno local;040123;MUNICIPALIDAD DISTRITAL DE TIABAYA;Arequipa;Arequipa;Tiabaya;;;2.1;Genérica del gasto;Personal y obligaciones sociales;Recursos directamente recaudados;898934;No sectorizable (gasto por genérica);Localizada en Arequipa;;Sí;0
7;ANEXO-7-1-2;100;1072;Gobierno local;040123;MUNICIPALIDAD DISTRITAL DE TIABAYA;Arequipa;Arequipa;Tiabaya;;;2.1;Genérica del gasto;Personal y obligaciones sociales;Recursos determinados;3363793;No sectorizable (gasto por genérica);Localizada en Arequipa;;Sí;0
7;ANEXO-7-1-2;100;1072;Gobierno local;040123;MUNICIPALIDAD DISTRITAL DE TIABAYA;Arequipa;Arequipa;Tiabaya;;;2.2;Genérica del gasto;Pensiones y otras prestaciones sociales;Recursos ordinarios;190301;Previsión social;Localizada en Arequipa;;Sí;0
7;ANEXO-7-1-2;100;1072;Gobierno local;040123;MUNICIPALIDAD DISTRITAL DE TIABAYA;Arequipa;Arequipa;Tiabaya;;;2.2;Genérica del gasto;Pensiones y otras prestaciones sociales;Recursos directamente recaudados;18800;Previsión social;Localizada en Arequipa;;Sí;0
7;ANEXO-7-1-2;100;1072;Gobierno local;040123;MUNICIPALIDAD DISTRITAL DE TIABAYA;Arequipa;Arequipa;Tiabaya;;;2.2;Genérica del gasto;Pensiones y otras prestaciones sociales;Recursos determinados;117921;Previsión social;Localizada en Arequipa;;Sí;0
7;ANEXO-7-1-2;100;1072;Gobierno local;040123;MUNICIPALIDAD DISTRITAL DE TIABAYA;Arequipa;Arequipa;Tiabaya;;;2.3;Genérica del gasto;Bienes y servicios;Recursos directamente recaudados;708057;No sectorizable (gasto por genérica);Localizada en Arequipa;;Sí;0
7;ANEXO-7-1-2;100;1072;Gobierno local;040123;MUNICIPALIDAD DISTRITAL DE TIABAYA;Arequipa;Arequipa;Tiabaya;;;2.3;Genérica del gasto;Bienes y servicios;Recursos determinados;9209188;No sectorizable (gasto por genérica);Localizada en Arequipa;;Sí;0
7;ANEXO-7-1-2;100;1072;Gobierno local;040123;MUNICIPALIDAD DISTRITAL DE TIABAYA;Arequipa;Arequipa;Tiabaya;;;2.4;Genérica del gasto;Donaciones y transferencias;Recursos directamente recaudados;75000;No sectorizable (gasto por genérica);Localizada en Arequipa;;Sí;0
7;ANEXO-7-1-2;100;1072;Gobierno local;040123;MUNICIPALIDAD DISTRITAL DE TIABAYA;Arequipa;Arequipa;Tiabaya;;;2.5;Genérica del gasto;Otros gastos;Recursos directamente recaudados;33602;No sectorizable (gasto por genérica);Localizada en Arequipa;;Sí;0
7;ANEXO-7-1-2;100;1072;Gobierno local;040123;MUNICIPALIDAD DISTRITAL DE TIABAYA;Arequipa;Arequipa;Tiabaya;;;2.5;Genérica del gasto;Otros gastos;Recursos determinados;24592;No sectorizable (gasto por genérica);Localizada en Arequipa;;Sí;0
7;ANEXO-7-1-2;100;1072;Gobierno local;040123;MUNICIPALIDAD DISTRITAL DE TIABAYA;Arequipa;Arequipa;Tiabaya;;;2.6;Genérica del gasto;Adquisición de activos no financieros;Recursos determinados;28357209;No sectorizable (gasto por genérica);Localizada en Arequipa;;Sí;0
7;ANEXO-7-1-2;100;1072;Gobierno local;040123;MUNICIPALIDAD DISTRITAL DE TIABAYA;Arequipa;Arequipa;Tiabaya;;;2.8;Genérica del gasto;Servicio de la deuda pública;Recursos determinados;12437581;Deuda pública;Localizada en Arequipa;;Sí;0
7;ANEXO-7-1-2;101;1073;Gobierno local;040124;MUNICIPALIDAD DISTRITAL DE UCHUMAYO;Arequipa;Arequipa;Uchumayo;;;2.1;Genérica del gasto;Personal y obligaciones sociales;Recursos directamente recaudados;122547;No sectorizable (gasto por genérica);Localizada en Arequipa;;Sí;0
7;ANEXO-7-1-2;101;1073;Gobierno local;040124;MUNICIPALIDAD DISTRITAL DE UCHUMAYO;Arequipa;Arequipa;Uchumayo;;;2.1;Genérica del gasto;Personal y obligaciones sociales;Recursos determinados;5285311;No sectorizable (gasto por genérica);Localizada en Arequipa;;Sí;0
7;ANEXO-7-1-2;101;1073;Gobierno local;040124;MUNICIPALIDAD DISTRITAL DE UCHUMAYO;Arequipa;Arequipa;Uchumayo;;;2.2;Genérica del gasto;Pensiones y otras prestaciones sociales;Recursos ordinarios;96613;Previsión social;Localizada en Arequipa;;Sí;0
7;ANEXO-7-1-2;101;1073;Gobierno local;040124;MUNICIPALIDAD DISTRITAL DE UCHUMAYO;Arequipa;Arequipa;Uchumayo;;;2.2;Genérica del gasto;Pensiones y otras prestaciones sociales;Recursos directamente recaudados;60317;Previsión social;Localizada en Arequipa;;Sí;0
7;ANEXO-7-1-2;101;1073;Gobierno local;040124;MUNICIPALIDAD DISTRITAL DE UCHUMAYO;Arequipa;Arequipa;Uchumayo;;;2.2;Genérica del gasto;Pensiones y otras prestaciones sociales;Recursos determinados;20000;Previsión social;Localizada en Arequipa;;Sí;0
7;ANEXO-7-1-2;101;1073;Gobierno local;040124;MUNICIPALIDAD DISTRITAL DE UCHUMAYO;Arequipa;Arequipa;Uchumayo;;;2.3;Genérica del gasto;Bienes y servicios;Recursos directamente recaudados;5368796;No sectorizable (gasto por genérica);Localizada en Arequipa;;Sí;0
7;ANEXO-7-1-2;101;1073;Gobierno local;040124;MUNICIPALIDAD DISTRITAL DE UCHUMAYO;Arequipa;Arequipa;Uchumayo;;;2.3;Genérica del gasto;Bienes y servicios;Recursos determinados;8800840;No sectorizable (gasto por genérica);Localizada en Arequipa;;Sí;0
7;ANEXO-7-1-2;101;1073;Gobierno local;040124;MUNICIPALIDAD DISTRITAL DE UCHUMAYO;Arequipa;Arequipa;Uchumayo;;;2.4;Genérica del gasto;Donaciones y transferencias;Recursos directamente recaudados;70687;No sectorizable (gasto por genérica);Localizada en Arequipa;;Sí;0
7;ANEXO-7-1-2;101;1073;Gobierno local;040124;MUNICIPALIDAD DISTRITAL DE UCHUMAYO;Arequipa;Arequipa;Uchumayo;;;2.5;Genérica del gasto;Otros gastos;Recursos directamente recaudados;177484;No sectorizable (gasto por genérica);Localizada en Arequipa;;Sí;0
7;ANEXO-7-1-2;101;1073;Gobierno local;040124;MUNICIPALIDAD DISTRITAL DE UCHUMAYO;Arequipa;Arequipa;Uchumayo;;;2.5;Genérica del gasto;Otros gastos;Recursos determinados;296040;No sectorizable (gasto por genérica);Localizada en Arequipa;;Sí;0
7;ANEXO-7-1-2;101;1073;Gobierno local;040124;MUNICIPALIDAD DISTRITAL DE UCHUMAYO;Arequipa;Arequipa;Uchumayo;;;2.6;Genérica del gasto;Adquisición de activos no financieros;Recursos determinados;34399640;No sectorizable (gasto por genérica);Localizada en Arequipa;;Sí;0
7;ANEXO-7-1-2;101;1073;Gobierno local;040124;MUNICIPALIDAD DISTRITAL DE UCHUMAYO;Arequipa;Arequipa;Uchumayo;;;2.8;Genérica del gasto;Servicio de la deuda pública;Recursos determinados;13886954;Deuda pública;Localizada en Arequipa;;Sí;0
7;ANEXO-7-1-2;101;1073;Gobierno local;040125;MUNICIPALIDAD DISTRITAL DE VITOR;Arequipa;Arequipa;Vitor;;;2.1;Genérica del gasto;Personal y obligaciones sociales;Recursos determinados;1301023;No sectorizable (gasto por genérica);Localizada en Arequipa;;Sí;0
7;ANEXO-7-1-2;101;1073;Gobierno local;040125;MUNICIPALIDAD DISTRITAL DE VITOR;Arequipa;Arequipa;Vitor;;;2.2;Genérica del gasto;Pensiones y otras prestaciones sociales;Recursos ordinarios;52000;Previsión social;Localizada en Arequipa;;Sí;0
7;ANEXO-7-1-2;101;1073;Gobierno local;040125;MUNICIPALIDAD DISTRITAL DE VITOR;Arequipa;Arequipa;Vitor;;;2.2;Genérica del gasto;Pensiones y otras prestaciones sociales;Recursos determinados;23800;Previsión social;Localizada en Arequipa;;Sí;0
7;ANEXO-7-1-2;101;1073;Gobierno local;040125;MUNICIPALIDAD DISTRITAL DE VITOR;Arequipa;Arequipa;Vitor;;;2.3;Genérica del gasto;Bienes y servicios;Recursos directamente recaudados;80000;No sectorizable (gasto por genérica);Localizada en Arequipa;;Sí;0
7;ANEXO-7-1-2;101;1073;Gobierno local;040125;MUNICIPALIDAD DISTRITAL DE VITOR;Arequipa;Arequipa;Vitor;;;2.3;Genérica del gasto;Bienes y servicios;Recursos determinados;3657598;No sectorizable (gasto por genérica);Localizada en Arequipa;;Sí;0
7;ANEXO-7-1-2;101;1073;Gobierno local;040125;MUNICIPALIDAD DISTRITAL DE VITOR;Arequipa;Arequipa;Vitor;;;2.6;Genérica del gasto;Adquisición de activos no financieros;Recursos directamente recaudados;550000;No sectorizable (gasto por genérica);Localizada en Arequipa;;Sí;0
7;ANEXO-7-1-2;101;1073;Gobierno local;040125;MUNICIPALIDAD DISTRITAL DE VITOR;Arequipa;Arequipa;Vitor;;;2.6;Genérica del gasto;Adquisición de activos no financieros;Recursos determinados;11736431;No sectorizable (gasto por genérica);Localizada en Arequipa;;Sí;0
7;ANEXO-7-1-2;101;1073;Gobierno local;040126;MUNICIPALIDAD DISTRITAL DE YANAHUARA;Arequipa;Arequipa;Yanahuara;;;2.1;Genérica del gasto;Personal y obligaciones sociales;Recursos directamente recaudados;3024114;No sectorizable (gasto por genérica);Localizada en Arequipa;;Sí;0
7;ANEXO-7-1-2;101;1073;Gobierno local;040126;MUNICIPALIDAD DISTRITAL DE YANAHUARA;Arequipa;Arequipa;Yanahuara;;;2.1;Genérica del gasto;Personal y obligaciones sociales;Recursos determinados;13441382;No sectorizable (gasto por genérica);Localizada en Arequipa;;Sí;0
7;ANEXO-7-1-2;101;1073;Gobierno local;040126;MUNICIPALIDAD DISTRITAL DE YANAHUARA;Arequipa;Arequipa;Yanahuara;;;2.2;Genérica del gasto;Pensiones y otras prestaciones sociales;Recursos ordinarios;199210;Previsión social;Localizada en Arequipa;;Sí;0
7;ANEXO-7-1-2;101;1073;Gobierno local;040126;MUNICIPALIDAD DISTRITAL DE YANAHUARA;Arequipa;Arequipa;Yanahuara;;;2.2;Genérica del gasto;Pensiones y otras prestaciones sociales;Recursos determinados;75591;Previsión social;Localizada en Arequipa;;Sí;0
7;ANEXO-7-1-2;101;1073;Gobierno local;040126;MUNICIPALIDAD DISTRITAL DE YANAHUARA;Arequipa;Arequipa;Yanahuara;;;2.3;Genérica del gasto;Bienes y servicios;Recursos directamente recaudados;2358013;No sectorizable (gasto por genérica);Localizada en Arequipa;;Sí;0
7;ANEXO-7-1-2;101;1073;Gobierno local;040126;MUNICIPALIDAD DISTRITAL DE YANAHUARA;Arequipa;Arequipa;Yanahuara;;;2.3;Genérica del gasto;Bienes y servicios;Recursos determinados;3045322;No sectorizable (gasto por genérica);Localizada en Arequipa;;Sí;0
7;ANEXO-7-1-2;101;1073;Gobierno local;040126;MUNICIPALIDAD DISTRITAL DE YANAHUARA;Arequipa;Arequipa;Yanahuara;;;2.5;Genérica del gasto;Otros gastos;Recursos directamente recaudados;503907;No sectorizable (gasto por genérica);Localizada en Arequipa;;Sí;0
7;ANEXO-7-1-2;101;1073;Gobierno local;040126;MUNICIPALIDAD DISTRITAL DE YANAHUARA;Arequipa;Arequipa;Yanahuara;;;2.5;Genérica del gasto;Otros gastos;Recursos determinados;1250002;No sectorizable (gasto por genérica);Localizada en Arequipa;;Sí;0
7;ANEXO-7-1-2;101;1073;Gobierno local;040126;MUNICIPALIDAD DISTRITAL DE YANAHUARA;Arequipa;Arequipa;Yanahuara;;;2.6;Genérica del gasto;Adquisición de activos no financieros;Recursos directamente recaudados;10000;No sectorizable (gasto por genérica);Localizada en Arequipa;;Sí;0
7;ANEXO-7-1-2;101;1073;Gobierno local;040126;MUNICIPALIDAD DISTRITAL DE YANAHUARA;Arequipa;Arequipa;Yanahuara;;;2.6;Genérica del gasto;Adquisición de activos no financieros;Recursos determinados;2886336;No sectorizable (gasto por genérica);Localizada en Arequipa;;Sí;0
7;ANEXO-7-1-2;101;1073;Gobierno local;040126;MUNICIPALIDAD DISTRITAL DE YANAHUARA;Arequipa;Arequipa;Yanahuara;;;2.8;Genérica del gasto;Servicio de la deuda pública;Recursos determinados;578126;Deuda pública;Localizada en Arequipa;;Sí;0
7;ANEXO-7-1-2;101;1073;Gobierno local;040127;MUNICIPALIDAD DISTRITAL DE YARABAMBA;Arequipa;Arequipa;Yarabamba;;;2.1;Genérica del gasto;Personal y obligaciones sociales;Recursos directamente recaudados;179036;No sectorizable (gasto por genérica);Localizada en Arequipa;;Sí;0
7;ANEXO-7-1-2;101;1073;Gobierno local;040127;MUNICIPALIDAD DISTRITAL DE YARABAMBA;Arequipa;Arequipa;Yarabamba;;;2.1;Genérica del gasto;Personal y obligaciones sociales;Recursos determinados;1326389;No sectorizable (gasto por genérica);Localizada en Arequipa;;Sí;0
7;ANEXO-7-1-2;101;1073;Gobierno local;040127;MUNICIPALIDAD DISTRITAL DE YARABAMBA;Arequipa;Arequipa;Yarabamba;;;2.2;Genérica del gasto;Pensiones y otras prestaciones sociales;Recursos ordinarios;16347;Previsión social;Localizada en Arequipa;;Sí;0
7;ANEXO-7-1-2;102;1074;Gobierno local;040127;MUNICIPALIDAD DISTRITAL DE YARABAMBA;Arequipa;Arequipa;Yarabamba;;;2.3;Genérica del gasto;Bienes y servicios;Recursos directamente recaudados;199750;No sectorizable (gasto por genérica);Localizada en Arequipa;;Sí;0
7;ANEXO-7-1-2;102;1074;Gobierno local;040127;MUNICIPALIDAD DISTRITAL DE YARABAMBA;Arequipa;Arequipa;Yarabamba;;;2.3;Genérica del gasto;Bienes y servicios;Recursos determinados;15605496;No sectorizable (gasto por genérica);Localizada en Arequipa;;Sí;0
7;ANEXO-7-1-2;102;1074;Gobierno local;040127;MUNICIPALIDAD DISTRITAL DE YARABAMBA;Arequipa;Arequipa;Yarabamba;;;2.4;Genérica del gasto;Donaciones y transferencias;Recursos directamente recaudados;11300;No sectorizable (gasto por genérica);Localizada en Arequipa;;Sí;0
7;ANEXO-7-1-2;102;1074;Gobierno local;040127;MUNICIPALIDAD DISTRITAL DE YARABAMBA;Arequipa;Arequipa;Yarabamba;;;2.6;Genérica del gasto;Adquisición de activos no financieros;Recursos determinados;70816260;No sectorizable (gasto por genérica);Localizada en Arequipa;;Sí;0
7;ANEXO-7-1-2;102;1074;Gobierno local;040128;MUNICIPALIDAD DISTRITAL DE YURA;Arequipa;Arequipa;Yura;;;2.1;Genérica del gasto;Personal y obligaciones sociales;Recursos directamente recaudados;1913200;No sectorizable (gasto por genérica);Localizada en Arequipa;;Sí;0
7;ANEXO-7-1-2;102;1074;Gobierno local;040128;MUNICIPALIDAD DISTRITAL DE YURA;Arequipa;Arequipa;Yura;;;2.1;Genérica del gasto;Personal y obligaciones sociales;Recursos determinados;8614043;No sectorizable (gasto por genérica);Localizada en Arequipa;;Sí;0
7;ANEXO-7-1-2;102;1074;Gobierno local;040128;MUNICIPALIDAD DISTRITAL DE YURA;Arequipa;Arequipa;Yura;;;2.2;Genérica del gasto;Pensiones y otras prestaciones sociales;Recursos ordinarios;163294;Previsión social;Localizada en Arequipa;;Sí;0
7;ANEXO-7-1-2;102;1074;Gobierno local;040128;MUNICIPALIDAD DISTRITAL DE YURA;Arequipa;Arequipa;Yura;;;2.2;Genérica del gasto;Pensiones y otras prestaciones sociales;Recursos directamente recaudados;106913;Previsión social;Localizada en Arequipa;;Sí;0
7;ANEXO-7-1-2;102;1074;Gobierno local;040128;MUNICIPALIDAD DISTRITAL DE YURA;Arequipa;Arequipa;Yura;;;2.2;Genérica del gasto;Pensiones y otras prestaciones sociales;Recursos determinados;149824;Previsión social;Localizada en Arequipa;;Sí;0
7;ANEXO-7-1-2;102;1074;Gobierno local;040128;MUNICIPALIDAD DISTRITAL DE YURA;Arequipa;Arequipa;Yura;;;2.3;Genérica del gasto;Bienes y servicios;Recursos ordinarios;56099;No sectorizable (gasto por genérica);Localizada en Arequipa;;Sí;0
7;ANEXO-7-1-2;102;1074;Gobierno local;040128;MUNICIPALIDAD DISTRITAL DE YURA;Arequipa;Arequipa;Yura;;;2.3;Genérica del gasto;Bienes y servicios;Recursos directamente recaudados;571069;No sectorizable (gasto por genérica);Localizada en Arequipa;;Sí;0
7;ANEXO-7-1-2;102;1074;Gobierno local;040128;MUNICIPALIDAD DISTRITAL DE YURA;Arequipa;Arequipa;Yura;;;2.3;Genérica del gasto;Bienes y servicios;Recursos determinados;9266899;No sectorizable (gasto por genérica);Localizada en Arequipa;;Sí;0
7;ANEXO-7-1-2;102;1074;Gobierno local;040128;MUNICIPALIDAD DISTRITAL DE YURA;Arequipa;Arequipa;Yura;;;2.4;Genérica del gasto;Donaciones y transferencias;Recursos determinados;94249;No sectorizable (gasto por genérica);Localizada en Arequipa;;Sí;0
7;ANEXO-7-1-2;102;1074;Gobierno local;040128;MUNICIPALIDAD DISTRITAL DE YURA;Arequipa;Arequipa;Yura;;;2.5;Genérica del gasto;Otros gastos;Recursos determinados;414792;No sectorizable (gasto por genérica);Localizada en Arequipa;;Sí;0
7;ANEXO-7-1-2;102;1074;Gobierno local;040128;MUNICIPALIDAD DISTRITAL DE YURA;Arequipa;Arequipa;Yura;;;2.4;Genérica del gasto;Donaciones y transferencias;Recursos determinados;61330;No sectorizable (gasto por genérica);Localizada en Arequipa;;Sí;0
7;ANEXO-7-1-2;102;1074;Gobierno local;040128;MUNICIPALIDAD DISTRITAL DE YURA;Arequipa;Arequipa;Yura;;;2.6;Genérica del gasto;Adquisición de activos no financieros;Recursos directamente recaudados;829679;No sectorizable (gasto por genérica);Localizada en Arequipa;;Sí;0
7;ANEXO-7-1-2;102;1074;Gobierno local;040128;MUNICIPALIDAD DISTRITAL DE YURA;Arequipa;Arequipa;Yura;;;2.6;Genérica del gasto;Adquisición de activos no financieros;Recursos determinados;43345104;No sectorizable (gasto por genérica);Localizada en Arequipa;;Sí;0
7;ANEXO-7-1-2;102;1074;Gobierno local;040128;MUNICIPALIDAD DISTRITAL DE YURA;Arequipa;Arequipa;Yura;;;2.8;Genérica del gasto;Servicio de la deuda pública;Recursos determinados;9236365;Deuda pública;Localizada en Arequipa;;Sí;0
7;ANEXO-7-1-2;102;1074;Gobierno local;040129;MUNICIPALIDAD DISTRITAL DE JOSE LUIS BUSTAMANTE Y RIVERO;Arequipa;Arequipa;Jose Luis Bustamante Y Rivero;;;2.1;Genérica del gasto;Personal y obligaciones sociales;Recursos directamente recaudados;5115840;No sectorizable (gasto por genérica);Localizada en Arequipa;;No, el pliego no cierra contra su total impreso;74312
7;ANEXO-7-1-2;102;1074;Gobierno local;040129;MUNICIPALIDAD DISTRITAL DE JOSE LUIS BUSTAMANTE Y RIVERO;Arequipa;Arequipa;Jose Luis Bustamante Y Rivero;;;2.1;Genérica del gasto;Personal y obligaciones sociales;Recursos determinados;23900434;No sectorizable (gasto por genérica);Localizada en Arequipa;;No, el pliego no cierra contra su total impreso;74312
7;ANEXO-7-1-2;102;1074;Gobierno local;040129;MUNICIPALIDAD DISTRITAL DE JOSE LUIS BUSTAMANTE Y RIVERO;Arequipa;Arequipa;Jose Luis Bustamante Y Rivero;;;2.2;Genérica del gasto;Pensiones y otras prestaciones sociales;Recursos ordinarios;724480;Previsión social;Localizada en Arequipa;;No, el pliego no cierra contra su total impreso;74312
7;ANEXO-7-1-2;102;1074;Gobierno local;040129;MUNICIPALIDAD DISTRITAL DE JOSE LUIS BUSTAMANTE Y RIVERO;Arequipa;Arequipa;Jose Luis Bustamante Y Rivero;;;2.2;Genérica del gasto;Pensiones y otras prestaciones sociales;Recursos determinados;100000;Previsión social;Localizada en Arequipa;;No, el pliego no cierra contra su total impreso;74312
7;ANEXO-7-1-2;102;1074;Gobierno local;040129;MUNICIPALIDAD DISTRITAL DE JOSE LUIS BUSTAMANTE Y RIVERO;Arequipa;Arequipa;Jose Luis Bustamante Y Rivero;;;2.3;Genérica del gasto;Bienes y servicios;Recursos ordinarios;41885;No sectorizable (gasto por genérica);Localizada en Arequipa;;No, el pliego no cierra contra su total impreso;74312
7;ANEXO-7-1-2;102;1074;Gobierno local;040129;MUNICIPALIDAD DISTRITAL DE JOSE LUIS BUSTAMANTE Y RIVERO;Arequipa;Arequipa;Jose Luis Bustamante Y Rivero;;;2.3;Genérica del gasto;Bienes y servicios;Recursos directamente recaudados;5744160;No sectorizable (gasto por genérica);Localizada en Arequipa;;No, el pliego no cierra contra su total impreso;74312
7;ANEXO-7-1-2;102;1074;Gobierno local;040129;MUNICIPALIDAD DISTRITAL DE JOSE LUIS BUSTAMANTE Y RIVERO;Arequipa;Arequipa;Jose Luis Bustamante Y Rivero;;;2.3;Genérica del gasto;Bienes y servicios;Recursos determinados;12003136;No sectorizable (gasto por genérica);Localizada en Arequipa;;No, el pliego no cierra contra su total impreso;74312
7;ANEXO-7-1-2;102;1074;Gobierno local;040129;MUNICIPALIDAD DISTRITAL DE JOSE LUIS BUSTAMANTE Y RIVERO;Arequipa;Arequipa;Jose Luis Bustamante Y Rivero;;;2.5;Genérica del gasto;Otros gastos;Recursos directamente recaudados;384558;No sectorizable (gasto por genérica);Localizada en Arequipa;;No, el pliego no cierra contra su total impreso;74312
7;ANEXO-7-1-2;102;1074;Gobierno local;040129;MUNICIPALIDAD DISTRITAL DE JOSE LUIS BUSTAMANTE Y RIVERO;Arequipa;Arequipa;Jose Luis Bustamante Y Rivero;;;2.5;Genérica del gasto;Otros gastos;Recursos determinados;758880;No sectorizable (gasto por genérica);Localizada en Arequipa;;No, el pliego no cierra contra su total impreso;74312
7;ANEXO-7-1-2;102;1074;Gobierno local;040129;MUNICIPALIDAD DISTRITAL DE JOSE LUIS BUSTAMANTE Y RIVERO;Arequipa;Arequipa;Jose Luis Bustamante Y Rivero;;;2.6;Genérica del gasto;Adquisición de activos no financieros;Recursos determinados;21503273;No sectorizable (gasto por genérica);Localizada en Arequipa;;No, el pliego no cierra contra su total impreso;74312
7;ANEXO-7-1-2;102;1074;Gobierno local;040129;MUNICIPALIDAD DISTRITAL DE JOSE LUIS BUSTAMANTE Y RIVERO;Arequipa;Arequipa;Jose Luis Bustamante Y Rivero;;;2.8;Genérica del gasto;Servicio de la deuda pública;Recursos determinados;4645103;Deuda pública;Localizada en Arequipa;;No, el pliego no cierra contra su total impreso;74312
7;ANEXO-7-1-2;103;1075;Gobierno local;040201;MUNICIPALIDAD PROVINCIAL DE CAMANA;Arequipa;Camana;Camana;;;2.1;Genérica del gasto;Personal y obligaciones sociales;Recursos directamente recaudados;2197137;No sectorizable (gasto por genérica);Localizada en Arequipa;;Sí;0
7;ANEXO-7-1-2;103;1075;Gobierno local;040201;MUNICIPALIDAD PROVINCIAL DE CAMANA;Arequipa;Camana;Camana;;;2.1;Genérica del gasto;Personal y obligaciones sociales;Recursos determinados;4856014;No sectorizable (gasto por genérica);Localizada en Arequipa;;Sí;0
7;ANEXO-7-1-2;103;1075;Gobierno local;040201;MUNICIPALIDAD PROVINCIAL DE CAMANA;Arequipa;Camana;Camana;;;2.2;Genérica del gasto;Pensiones y otras prestaciones sociales;Recursos ordinarios;544643;Previsión social;Localizada en Arequipa;;Sí;0
7;ANEXO-7-1-2;103;1075;Gobierno local;040201;MUNICIPALIDAD PROVINCIAL DE CAMANA;Arequipa;Camana;Camana;;;2.2;Genérica del gasto;Pensiones y otras prestaciones sociales;Recursos directamente recaudados;30000;Previsión social;Localizada en Arequipa;;Sí;0
7;ANEXO-7-1-2;103;1075;Gobierno local;040201;MUNICIPALIDAD PROVINCIAL DE CAMANA;Arequipa;Camana;Camana;;;2.2;Genérica del gasto;Pensiones y otras prestaciones sociales;Recursos determinados;211239;Previsión social;Localizada en Arequipa;;Sí;0
7;ANEXO-7-1-2;103;1075;Gobierno local;040201;MUNICIPALIDAD PROVINCIAL DE CAMANA;Arequipa;Camana;Camana;;;2.3;Genérica del gasto;Bienes y servicios;Recursos directamente recaudados;1253563;No sectorizable (gasto por genérica);Localizada en Arequipa;;Sí;0
7;ANEXO-7-1-2;103;1075;Gobierno local;040201;MUNICIPALIDAD PROVINCIAL DE CAMANA;Arequipa;Camana;Camana;;;2.3;Genérica del gasto;Bienes y servicios;Donaciones y transferencias;10000;No sectorizable (gasto por genérica);Localizada en Arequipa;;Sí;0
7;ANEXO-7-1-2;103;1075;Gobierno local;040201;MUNICIPALIDAD PROVINCIAL DE CAMANA;Arequipa;Camana;Camana;;;2.3;Genérica del gasto;Bienes y servicios;Recursos determinados;2563750;No sectorizable (gasto por genérica);Localizada en Arequipa;;Sí;0
7;ANEXO-7-1-2;103;1075;Gobierno local;040201;MUNICIPALIDAD PROVINCIAL DE CAMANA;Arequipa;Camana;Camana;;;2.4;Genérica del gasto;Donaciones y transferencias;Recursos ordinarios;1631744;No sectorizable (gasto por genérica);Localizada en Arequipa;;Sí;0
7;ANEXO-7-1-2;103;1075;Gobierno local;040201;MUNICIPALIDAD PROVINCIAL DE CAMANA;Arequipa;Camana;Camana;;;2.4;Genérica del gasto;Donaciones y transferencias;Recursos directamente recaudados;242700;No sectorizable (gasto por genérica);Localizada en Arequipa;;Sí;0
7;ANEXO-7-1-2;103;1075;Gobierno local;040201;MUNICIPALIDAD PROVINCIAL DE CAMANA;Arequipa;Camana;Camana;;;2.4;Genérica del gasto;Donaciones y transferencias;Recursos determinados;92700;No sectorizable (gasto por genérica);Localizada en Arequipa;;Sí;0
7;ANEXO-7-1-2;103;1075;Gobierno local;040201;MUNICIPALIDAD PROVINCIAL DE CAMANA;Arequipa;Camana;Camana;;;2.5;Genérica del gasto;Otros gastos;Recursos ordinarios;708926;No sectorizable (gasto por genérica);Localizada en Arequipa;;Sí;0
7;ANEXO-7-1-2;103;1075;Gobierno local;040201;MUNICIPALIDAD PROVINCIAL DE CAMANA;Arequipa;Camana;Camana;;;2.5;Genérica del gasto;Otros gastos;Recursos determinados;267738;No sectorizable (gasto por genérica);Localizada en Arequipa;;Sí;0
7;ANEXO-7-1-2;103;1075;Gobierno local;040201;MUNICIPALIDAD PROVINCIAL DE CAMANA;Arequipa;Camana;Camana;;;2.6;Genérica del gasto;Adquisición de activos no financieros;Recursos ordinarios;1497267;No sectorizable (gasto por genérica);Localizada en Arequipa;;Sí;0
7;ANEXO-7-1-2;103;1075;Gobierno local;040201;MUNICIPALIDAD PROVINCIAL DE CAMANA;Arequipa;Camana;Camana;;;2.6;Genérica del gasto;Adquisición de activos no financieros;Recursos directamente recaudados;15000;No sectorizable (gasto por genérica);Localizada en Arequipa;;Sí;0
7;ANEXO-7-1-2;103;1075;Gobierno local;040201;MUNICIPALIDAD PROVINCIAL DE CAMANA;Arequipa;Camana;Camana;;;2.6;Genérica del gasto;Adquisición de activos no financieros;Recursos determinados;5430307;No sectorizable (gasto por genérica);Localizada en Arequipa;;Sí;0
7;ANEXO-7-1-2;103;1075;Gobierno local;040202;MUNICIPALIDAD DISTRITAL DE JOSE MARIA QUIMPER;Arequipa;Camana;Jose Maria Quimper;;;2.1;Genérica del gasto;Personal y obligaciones sociales;Recursos directamente recaudados;7303;No sectorizable (gasto por genérica);Localizada en Arequipa;;Sí;0
7;ANEXO-7-1-2;103;1075;Gobierno local;040202;MUNICIPALIDAD DISTRITAL DE JOSE MARIA QUIMPER;Arequipa;Camana;Jose Maria Quimper;;;2.1;Genérica del gasto;Personal y obligaciones sociales;Recursos determinados;843035;No sectorizable (gasto por genérica);Localizada en Arequipa;;Sí;0
7;ANEXO-7-1-2;103;1075;Gobierno local;040202;MUNICIPALIDAD DISTRITAL DE JOSE MARIA QUIMPER;Arequipa;Camana;Jose Maria Quimper;;;2.2;Genérica del gasto;Pensiones y otras prestaciones sociales;Recursos ordinarios;47142;Previsión social;Localizada en Arequipa;;Sí;0
7;ANEXO-7-1-2;103;1075;Gobierno local;040202;MUNICIPALIDAD DISTRITAL DE JOSE MARIA QUIMPER;Arequipa;Camana;Jose Maria Quimper;;;2.3;Genérica del gasto;Bienes y servicios;Recursos directamente recaudados;540697;No sectorizable (gasto por genérica);Localizada en Arequipa;;Sí;0
7;ANEXO-7-1-2;103;1075;Gobierno local;040202;MUNICIPALIDAD DISTRITAL DE JOSE MARIA QUIMPER;Arequipa;Camana;Jose Maria Quimper;;;2.3;Genérica del gasto;Bienes y servicios;Recursos determinados;851378;No sectorizable (gasto por genérica);Localizada en Arequipa;;Sí;0
7;ANEXO-7-1-2;103;1075;Gobierno local;040202;MUNICIPALIDAD DISTRITAL DE JOSE MARIA QUIMPER;Arequipa;Camana;Jose Maria Quimper;;;2.4;Genérica del gasto;Donaciones y transferencias;Recursos determinados;16920;No sectorizable (gasto por genérica);Localizada en Arequipa;;Sí;0
7;ANEXO-7-1-2;103;1075;Gobierno local;040202;MUNICIPALIDAD DISTRITAL DE JOSE MARIA QUIMPER;Arequipa;Camana;Jose Maria Quimper;;;2.6;Genérica del gasto;Adquisición de activos no financieros;Recursos determinados;3259277;No sectorizable (gasto por genérica);Localizada en Arequipa;;Sí;0
7;ANEXO-7-1-2;103;1075;Gobierno local;040203;MUNICIPALIDAD DISTRITAL DE MARIANO NICOLAS VALCARCEL;Arequipa;Camana;Mariano Nicolas Valcarcel;;;2.1;Genérica del gasto;Personal y obligaciones sociales;Recursos determinados;1282448;No sectorizable (gasto por genérica);Localizada en Arequipa;;Sí;0
7;ANEXO-7-1-2;103;1075;Gobierno local;040203;MUNICIPALIDAD DISTRITAL DE MARIANO NICOLAS VALCARCEL;Arequipa;Camana;Mariano Nicolas Valcarcel;;;2.2;Genérica del gasto;Pensiones y otras prestaciones sociales;Recursos ordinarios;100041;Previsión social;Localizada en Arequipa;;Sí;0
7;ANEXO-7-1-2;103;1075;Gobierno local;040203;MUNICIPALIDAD DISTRITAL DE MARIANO NICOLAS VALCARCEL;Arequipa;Camana;Mariano Nicolas Valcarcel;;;2.2;Genérica del gasto;Pensiones y otras prestaciones sociales;Recursos directamente recaudados;11000;Previsión social;Localizada en Arequipa;;Sí;0
7;ANEXO-7-1-2;103;1075;Gobierno local;040203;MUNICIPALIDAD DISTRITAL DE MARIANO NICOLAS VALCARCEL;Arequipa;Camana;Mariano Nicolas Valcarcel;;;2.2;Genérica del gasto;Pensiones y otras prestaciones sociales;Recursos determinados;21000;Previsión social;Localizada en Arequipa;;Sí;0
7;ANEXO-7-1-2;103;1075;Gobierno local;040203;MUNICIPALIDAD DISTRITAL DE MARIANO NICOLAS VALCARCEL;Arequipa;Camana;Mariano Nicolas Valcarcel;;;2.3;Genérica del gasto;Bienes y servicios;Recursos ordinarios;31629;No sectorizable (gasto por genérica);Localizada en Arequipa;;Sí;0
7;ANEXO-7-1-2;103;1075;Gobierno local;040203;MUNICIPALIDAD DISTRITAL DE MARIANO NICOLAS VALCARCEL;Arequipa;Camana;Mariano Nicolas Valcarcel;;;2.3;Genérica del gasto;Bienes y servicios;Recursos directamente recaudados;607990;No sectorizable (gasto por genérica);Localizada en Arequipa;;Sí;0
7;ANEXO-7-1-2;103;1075;Gobierno local;040203;MUNICIPALIDAD DISTRITAL DE MARIANO NICOLAS VALCARCEL;Arequipa;Camana;Mariano Nicolas Valcarcel;;;2.3;Genérica del gasto;Bienes y servicios;Recursos determinados;3739504;No sectorizable (gasto por genérica);Localizada en Arequipa;;Sí;0
7;ANEXO-7-1-2;103;1075;Gobierno local;040203;MUNICIPALIDAD DISTRITAL DE MARIANO NICOLAS VALCARCEL;Arequipa;Camana;Mariano Nicolas Valcarcel;;;2.5;Genérica del gasto;Otros gastos;Recursos directamente recaudados;26000;No sectorizable (gasto por genérica);Localizada en Arequipa;;Sí;0
7;ANEXO-7-1-2;103;1075;Gobierno local;040203;MUNICIPALIDAD DISTRITAL DE MARIANO NICOLAS VALCARCEL;Arequipa;Camana;Mariano Nicolas Valcarcel;;;2.6;Genérica del gasto;Adquisición de activos no financieros;Recursos determinados;9834590;No sectorizable (gasto por genérica);Localizada en Arequipa;;Sí;0
7;ANEXO-7-1-2;103;1075;Gobierno local;040204;MUNICIPALIDAD DISTRITAL DE MARISCAL CACERES;Arequipa;Camana;Mariscal Caceres;;;2.1;Genérica del gasto;Personal y obligaciones sociales;Recursos determinados;371537;No sectorizable (gasto por genérica);Localizada en Arequipa;;Sí;0
7;ANEXO-7-1-2;103;1075;Gobierno local;040204;MUNICIPALIDAD DISTRITAL DE MARISCAL CACERES;Arequipa;Camana;Mariscal Caceres;;;2.2;Genérica del gasto;Pensiones y otras prestaciones sociales;Recursos ordinarios;55477;Previsión social;Localizada en Arequipa;;Sí;0
7;ANEXO-7-1-2;103;1075;Gobierno local;040204;MUNICIPALIDAD DISTRITAL DE MARISCAL CACERES;Arequipa;Camana;Mariscal Caceres;;;2.2;Genérica del gasto;Pensiones y otras prestaciones sociales;Recursos directamente recaudados;9000;Previsión social;Localizada en Arequipa;;Sí;0
7;ANEXO-7-1-2;103;1075;Gobierno local;040204;MUNICIPALIDAD DISTRITAL DE MARISCAL CACERES;Arequipa;Camana;Mariscal Caceres;;;2.3;Genérica del gasto;Bienes y servicios;Recursos directamente recaudados;346000;No sectorizable (gasto por genérica);Localizada en Arequipa;;Sí;0
7;ANEXO-7-1-2;103;1075;Gobierno local;040204;MUNICIPALIDAD DISTRITAL DE MARISCAL CACERES;Arequipa;Camana;Mariscal Caceres;;;2.3;Genérica del gasto;Bienes y servicios;Recursos determinados;2438456;No sectorizable (gasto por genérica);Localizada en Arequipa;;Sí;0
7;ANEXO-7-1-2;103;1075;Gobierno local;040204;MUNICIPALIDAD DISTRITAL DE MARISCAL CACERES;Arequipa;Camana;Mariscal Caceres;;;2.4;Genérica del gasto;Donaciones y transferencias;Recursos determinados;65400;No sectorizable (gasto por genérica);Localizada en Arequipa;;Sí;0
7;ANEXO-7-1-2;103;1075;Gobierno local;040204;MUNICIPALIDAD DISTRITAL DE MARISCAL CACERES;Arequipa;Camana;Mariscal Caceres;;;2.5;Genérica del gasto;Otros gastos;Recursos determinados;36000;No sectorizable (gasto por genérica);Localizada en Arequipa;;Sí;0
7;ANEXO-7-1-2;104;1076;Gobierno local;040204;MUNICIPALIDAD DISTRITAL DE MARISCAL CACERES;Arequipa;Camana;Mariscal Caceres;;;2.6;Genérica del gasto;Adquisición de activos no financieros;Recursos directamente recaudados;5000;No sectorizable (gasto por genérica);Localizada en Arequipa;;Sí;0
7;ANEXO-7-1-2;104;1076;Gobierno local;040204;MUNICIPALIDAD DISTRITAL DE MARISCAL CACERES;Arequipa;Camana;Mariscal Caceres;;;2.6;Genérica del gasto;Adquisición de activos no financieros;Recursos determinados;5247130;No sectorizable (gasto por genérica);Localizada en Arequipa;;Sí;0
7;ANEXO-7-1-2;104;1076;Gobierno local;040205;MUNICIPALIDAD DISTRITAL DE NICOLAS DE PIEROLA;Arequipa;Camana;Nicolas De Pierola;;;2.1;Genérica del gasto;Personal y obligaciones sociales;Recursos determinados;958399;No sectorizable (gasto por genérica);Localizada en Arequipa;;Sí;0
7;ANEXO-7-1-2;104;1076;Gobierno local;040205;MUNICIPALIDAD DISTRITAL DE NICOLAS DE PIEROLA;Arequipa;Camana;Nicolas De Pierola;;;2.2;Genérica del gasto;Pensiones y otras prestaciones sociales;Recursos ordinarios;84235;Previsión social;Localizada en Arequipa;;Sí;0
7;ANEXO-7-1-2;104;1076;Gobierno local;040205;MUNICIPALIDAD DISTRITAL DE NICOLAS DE PIEROLA;Arequipa;Camana;Nicolas De Pierola;;;2.2;Genérica del gasto;Pensiones y otras prestaciones sociales;Recursos determinados;15000;Previsión social;Localizada en Arequipa;;Sí;0
7;ANEXO-7-1-2;104;1076;Gobierno local;040205;MUNICIPALIDAD DISTRITAL DE NICOLAS DE PIEROLA;Arequipa;Camana;Nicolas De Pierola;;;2.3;Genérica del gasto;Bienes y servicios;Recursos directamente recaudados;394125;No sectorizable (gasto por genérica);Localizada en Arequipa;;Sí;0
7;ANEXO-7-1-2;104;1076;Gobierno local;040205;MUNICIPALIDAD DISTRITAL DE NICOLAS DE PIEROLA;Arequipa;Camana;Nicolas De Pierola;;;2.3;Genérica del gasto;Bienes y servicios;Recursos determinados;1736236;No sectorizable (gasto por genérica);Localizada en Arequipa;;Sí;0
7;ANEXO-7-1-2;104;1076;Gobierno local;040205;MUNICIPALIDAD DISTRITAL DE NICOLAS DE PIEROLA;Arequipa;Camana;Nicolas De Pierola;;;2.5;Genérica del gasto;Otros gastos;Recursos directamente recaudados;1000;No sectorizable (gasto por genérica);Localizada en Arequipa;;Sí;0
7;ANEXO-7-1-2;104;1076;Gobierno local;040205;MUNICIPALIDAD DISTRITAL DE NICOLAS DE PIEROLA;Arequipa;Camana;Nicolas De Pierola;;;2.5;Genérica del gasto;Otros gastos;Recursos determinados;6500;No sectorizable (gasto por genérica);Localizada en Arequipa;;Sí;0
7;ANEXO-7-1-2;104;1076;Gobierno local;040205;MUNICIPALIDAD DISTRITAL DE NICOLAS DE PIEROLA;Arequipa;Camana;Nicolas De Pierola;;;2.6;Genérica del gasto;Adquisición de activos no financieros;Recursos determinados;3696454;No sectorizable (gasto por genérica);Localizada en Arequipa;;Sí;0
7;ANEXO-7-1-2;104;1076;Gobierno local;040205;MUNICIPALIDAD DISTRITAL DE NICOLAS DE PIEROLA;Arequipa;Camana;Nicolas De Pierola;;;2.8;Genérica del gasto;Servicio de la deuda pública;Recursos determinados;1183694;Deuda pública;Localizada en Arequipa;;Sí;0
7;ANEXO-7-1-2;104;1076;Gobierno local;040206;MUNICIPALIDAD DISTRITAL DE OCOÑA;Arequipa;Camana;Ocona;;;2.1;Genérica del gasto;Personal y obligaciones sociales;Recursos directamente recaudados;15303;No sectorizable (gasto por genérica);Localizada en Arequipa;;Sí;0
7;ANEXO-7-1-2;104;1076;Gobierno local;040206;MUNICIPALIDAD DISTRITAL DE OCOÑA;Arequipa;Camana;Ocona;;;2.1;Genérica del gasto;Personal y obligaciones sociales;Recursos determinados;951875;No sectorizable (gasto por genérica);Localizada en Arequipa;;Sí;0
7;ANEXO-7-1-2;104;1076;Gobierno local;040206;MUNICIPALIDAD DISTRITAL DE OCOÑA;Arequipa;Camana;Ocona;;;2.2;Genérica del gasto;Pensiones y otras prestaciones sociales;Recursos ordinarios;57077;Previsión social;Localizada en Arequipa;;Sí;0
7;ANEXO-7-1-2;104;1076;Gobierno local;040206;MUNICIPALIDAD DISTRITAL DE OCOÑA;Arequipa;Camana;Ocona;;;2.2;Genérica del gasto;Pensiones y otras prestaciones sociales;Recursos determinados;14965;Previsión social;Localizada en Arequipa;;Sí;0
7;ANEXO-7-1-2;104;1076;Gobierno local;040206;MUNICIPALIDAD DISTRITAL DE OCOÑA;Arequipa;Camana;Ocona;;;2.3;Genérica del gasto;Bienes y servicios;Recursos directamente recaudados;559697;No sectorizable (gasto por genérica);Localizada en Arequipa;;Sí;0
7;ANEXO-7-1-2;104;1076;Gobierno local;040206;MUNICIPALIDAD DISTRITAL DE OCOÑA;Arequipa;Camana;Ocona;;;2.3;Genérica del gasto;Bienes y servicios;Recursos determinados;1309877;No sectorizable (gasto por genérica);Localizada en Arequipa;;Sí;0
7;ANEXO-7-1-2;104;1076;Gobierno local;040206;MUNICIPALIDAD DISTRITAL DE OCOÑA;Arequipa;Camana;Ocona;;;2.5;Genérica del gasto;Otros gastos;Recursos directamente recaudados;2000;No sectorizable (gasto por genérica);Localizada en Arequipa;;Sí;0
7;ANEXO-7-1-2;104;1076;Gobierno local;040206;MUNICIPALIDAD DISTRITAL DE OCOÑA;Arequipa;Camana;Ocona;;;2.5;Genérica del gasto;Otros gastos;Recursos determinados;29063;No sectorizable (gasto por genérica);Localizada en Arequipa;;Sí;0
7;ANEXO-7-1-2;104;1076;Gobierno local;040206;MUNICIPALIDAD DISTRITAL DE OCOÑA;Arequipa;Camana;Ocona;;;2.6;Genérica del gasto;Adquisición de activos no financieros;Recursos directamente recaudados;30000;No sectorizable (gasto por genérica);Localizada en Arequipa;;Sí;0
7;ANEXO-7-1-2;104;1076;Gobierno local;040206;MUNICIPALIDAD DISTRITAL DE OCOÑA;Arequipa;Camana;Ocona;;;2.6;Genérica del gasto;Adquisición de activos no financieros;Recursos determinados;2769653;No sectorizable (gasto por genérica);Localizada en Arequipa;;Sí;0
7;ANEXO-7-1-2;104;1076;Gobierno local;040207;MUNICIPALIDAD DISTRITAL DE QUILCA;Arequipa;Camana;Quilca;;;2.1;Genérica del gasto;Personal y obligaciones sociales;Recursos determinados;352949;No sectorizable (gasto por genérica);Localizada en Arequipa;;No, el pliego no cierra contra su total impreso;1070361
7;ANEXO-7-1-2;104;1076;Gobierno local;040207;MUNICIPALIDAD DISTRITAL DE QUILCA;Arequipa;Camana;Quilca;;;2.2;Genérica del gasto;Pensiones y otras prestaciones sociales;Recursos ordinarios;47215;Previsión social;Localizada en Arequipa;;No, el pliego no cierra contra su total impreso;1070361
7;ANEXO-7-1-2;104;1076;Gobierno local;040207;MUNICIPALIDAD DISTRITAL DE QUILCA;Arequipa;Camana;Quilca;;;2.3;Genérica del gasto;Bienes y servicios;Recursos directamente recaudados;104719;No sectorizable (gasto por genérica);Localizada en Arequipa;;No, el pliego no cierra contra su total impreso;1070361
7;ANEXO-7-1-2;104;1076;Gobierno local;040207;MUNICIPALIDAD DISTRITAL DE QUILCA;Arequipa;Camana;Quilca;;;2.3;Genérica del gasto;Bienes y servicios;Recursos determinados;1718921;No sectorizable (gasto por genérica);Localizada en Arequipa;;No, el pliego no cierra contra su total impreso;1070361
7;ANEXO-7-1-2;104;1076;Gobierno local;040207;MUNICIPALIDAD DISTRITAL DE QUILCA;Arequipa;Camana;Quilca;;;2.4;Genérica del gasto;Donaciones y transferencias;Recursos determinados;11562;No sectorizable (gasto por genérica);Localizada en Arequipa;;No, el pliego no cierra contra su total impreso;1070361
7;ANEXO-7-1-2;104;1076;Gobierno local;040207;MUNICIPALIDAD DISTRITAL DE QUILCA;Arequipa;Camana;Quilca;;;2.5;Genérica del gasto;Otros gastos;Recursos directamente recaudados;2999;No sectorizable (gasto por genérica);Localizada en Arequipa;;No, el pliego no cierra contra su total impreso;1070361
7;ANEXO-7-1-2;105;1077;Gobierno local;040208;MUNICIPALIDAD DISTRITAL DE SAMUEL PASTOR;Arequipa;Camana;Samuel Pastor;;;2.1;Genérica del gasto;Personal y obligaciones sociales;Recursos directamente recaudados;646100;No sectorizable (gasto por genérica);Localizada en Arequipa;;Sí;0
7;ANEXO-7-1-2;105;1077;Gobierno local;040208;MUNICIPALIDAD DISTRITAL DE SAMUEL PASTOR;Arequipa;Camana;Samuel Pastor;;;2.1;Genérica del gasto;Personal y obligaciones sociales;Recursos determinados;2975214;No sectorizable (gasto por genérica);Localizada en Arequipa;;Sí;0
7;ANEXO-7-1-2;105;1077;Gobierno local;040208;MUNICIPALIDAD DISTRITAL DE SAMUEL PASTOR;Arequipa;Camana;Samuel Pastor;;;2.2;Genérica del gasto;Pensiones y otras prestaciones sociales;Recursos ordinarios;153017;Previsión social;Localizada en Arequipa;;Sí;0
7;ANEXO-7-1-2;105;1077;Gobierno local;040208;MUNICIPALIDAD DISTRITAL DE SAMUEL PASTOR;Arequipa;Camana;Samuel Pastor;;;2.2;Genérica del gasto;Pensiones y otras prestaciones sociales;Recursos determinados;20000;Previsión social;Localizada en Arequipa;;Sí;0
7;ANEXO-7-1-2;105;1077;Gobierno local;040208;MUNICIPALIDAD DISTRITAL DE SAMUEL PASTOR;Arequipa;Camana;Samuel Pastor;;;2.3;Genérica del gasto;Bienes y servicios;Recursos directamente recaudados;969670;No sectorizable (gasto por genérica);Localizada en Arequipa;;Sí;0
7;ANEXO-7-1-2;105;1077;Gobierno local;040208;MUNICIPALIDAD DISTRITAL DE SAMUEL PASTOR;Arequipa;Camana;Samuel Pastor;;;2.3;Genérica del gasto;Bienes y servicios;Recursos determinados;3191118;No sectorizable (gasto por genérica);Localizada en Arequipa;;Sí;0
7;ANEXO-7-1-2;105;1077;Gobierno local;040208;MUNICIPALIDAD DISTRITAL DE SAMUEL PASTOR;Arequipa;Camana;Samuel Pastor;;;2.4;Genérica del gasto;Donaciones y transferencias;Recursos determinados;143640;No sectorizable (gasto por genérica);Localizada en Arequipa;;Sí;0
7;ANEXO-7-1-2;105;1077;Gobierno local;040208;MUNICIPALIDAD DISTRITAL DE SAMUEL PASTOR;Arequipa;Camana;Samuel Pastor;;;2.5;Genérica del gasto;Otros gastos;Recursos directamente recaudados;5950;No sectorizable (gasto por genérica);Localizada en Arequipa;;Sí;0
7;ANEXO-7-1-2;105;1077;Gobierno local;040208;MUNICIPALIDAD DISTRITAL DE SAMUEL PASTOR;Arequipa;Camana;Samuel Pastor;;;2.5;Genérica del gasto;Otros gastos;Recursos determinados;221410;No sectorizable (gasto por genérica);Localizada en Arequipa;;Sí;0
7;ANEXO-7-1-2;105;1077;Gobierno local;040208;MUNICIPALIDAD DISTRITAL DE SAMUEL PASTOR;Arequipa;Camana;Samuel Pastor;;;2.6;Genérica del gasto;Adquisición de activos no financieros;Recursos directamente recaudados;8000;No sectorizable (gasto por genérica);Localizada en Arequipa;;Sí;0
7;ANEXO-7-1-2;105;1077;Gobierno local;040208;MUNICIPALIDAD DISTRITAL DE SAMUEL PASTOR;Arequipa;Camana;Samuel Pastor;;;2.6;Genérica del gasto;Adquisición de activos no financieros;Recursos determinados;8378174;No sectorizable (gasto por genérica);Localizada en Arequipa;;Sí;0
7;ANEXO-7-1-2;105;1077;Gobierno local;040208;MUNICIPALIDAD DISTRITAL DE SAMUEL PASTOR;Arequipa;Camana;Samuel Pastor;;;2.8;Genérica del gasto;Servicio de la deuda pública;Recursos determinados;2796381;Deuda pública;Localizada en Arequipa;;Sí;0
7;ANEXO-7-1-2;105;1077;Gobierno local;040301;MUNICIPALIDAD PROVINCIAL DE CARAVELI;Arequipa;Caraveli;Caraveli;;;2.1;Genérica del gasto;Personal y obligaciones sociales;Recursos determinados;2990912;No sectorizable (gasto por genérica);Localizada en Arequipa;;Sí;0
7;ANEXO-7-1-2;105;1077;Gobierno local;040301;MUNICIPALIDAD PROVINCIAL DE CARAVELI;Arequipa;Caraveli;Caraveli;;;2.2;Genérica del gasto;Pensiones y otras prestaciones sociales;Recursos ordinarios;482491;Previsión social;Localizada en Arequipa;;Sí;0
7;ANEXO-7-1-2;105;1077;Gobierno local;040301;MUNICIPALIDAD PROVINCIAL DE CARAVELI;Arequipa;Caraveli;Caraveli;;;2.3;Genérica del gasto;Bienes y servicios;Recursos ordinarios;714488;No sectorizable (gasto por genérica);Localizada en Arequipa;;Sí;0
7;ANEXO-7-1-2;105;1077;Gobierno local;040301;MUNICIPALIDAD PROVINCIAL DE CARAVELI;Arequipa;Caraveli;Caraveli;;;2.3;Genérica del gasto;Bienes y servicios;Recursos directamente recaudados;1336450;No sectorizable (gasto por genérica);Localizada en Arequipa;;Sí;0
7;ANEXO-7-1-2;105;1077;Gobierno local;040301;MUNICIPALIDAD PROVINCIAL DE CARAVELI;Arequipa;Caraveli;Caraveli;;;2.3;Genérica del gasto;Bienes y servicios;Recursos determinados;3167854;No sectorizable (gasto por genérica);Localizada en Arequipa;;Sí;0
7;ANEXO-7-1-2;105;1077;Gobierno local;040301;MUNICIPALIDAD PROVINCIAL DE CARAVELI;Arequipa;Caraveli;Caraveli;;;2.4;Genérica del gasto;Donaciones y transferencias;Recursos ordinarios;10132;No sectorizable (gasto por genérica);Localizada en Arequipa;;Sí;0
7;ANEXO-7-1-2;105;1077;Gobierno local;040301;MUNICIPALIDAD PROVINCIAL DE CARAVELI;Arequipa;Caraveli;Caraveli;;;2.5;Genérica del gasto;Otros gastos;Recursos ordinarios;41578;No sectorizable (gasto por genérica);Localizada en Arequipa;;Sí;0
7;ANEXO-7-1-2;105;1077;Gobierno local;040301;MUNICIPALIDAD PROVINCIAL DE CARAVELI;Arequipa;Caraveli;Caraveli;;;2.5;Genérica del gasto;Otros gastos;Recursos directamente recaudados;15000;No sectorizable (gasto por genérica);Localizada en Arequipa;;Sí;0
7;ANEXO-7-1-2;105;1077;Gobierno local;040301;MUNICIPALIDAD PROVINCIAL DE CARAVELI;Arequipa;Caraveli;Caraveli;;;2.5;Genérica del gasto;Otros gastos;Recursos determinados;14900;No sectorizable (gasto por genérica);Localizada en Arequipa;;Sí;0
7;ANEXO-7-1-2;105;1077;Gobierno local;040301;MUNICIPALIDAD PROVINCIAL DE CARAVELI;Arequipa;Caraveli;Caraveli;;;2.6;Genérica del gasto;Adquisición de activos no financieros;Recursos determinados;5562365;No sectorizable (gasto por genérica);Localizada en Arequipa;;Sí;0
7;ANEXO-7-1-2;105;1077;Gobierno local;040302;MUNICIPALIDAD DISTRITAL DE ACARI;Arequipa;Caraveli;Acari;;;2.1;Genérica del gasto;Personal y obligaciones sociales;Recursos determinados;425892;No sectorizable (gasto por genérica);Localizada en Arequipa;;Sí;0
7;ANEXO-7-1-2;105;1077;Gobierno local;040302;MUNICIPALIDAD DISTRITAL DE ACARI;Arequipa;Caraveli;Acari;;;2.2;Genérica del gasto;Pensiones y otras prestaciones sociales;Recursos ordinarios;85732;Previsión social;Localizada en Arequipa;;Sí;0
7;ANEXO-7-1-2;105;1077;Gobierno local;040302;MUNICIPALIDAD DISTRITAL DE ACARI;Arequipa;Caraveli;Acari;;;2.2;Genérica del gasto;Pensiones y otras prestaciones sociales;Recursos determinados;17592;Previsión social;Localizada en Arequipa;;Sí;0
7;ANEXO-7-1-2;105;1077;Gobierno local;040302;MUNICIPALIDAD DISTRITAL DE ACARI;Arequipa;Caraveli;Acari;;;2.3;Genérica del gasto;Bienes y servicios;Recursos directamente recaudados;1269774;No sectorizable (gasto por genérica);Localizada en Arequipa;;Sí;0
7;ANEXO-7-1-2;105;1077;Gobierno local;040302;MUNICIPALIDAD DISTRITAL DE ACARI;Arequipa;Caraveli;Acari;;;2.3;Genérica del gasto;Bienes y servicios;Recursos determinados;1933470;No sectorizable (gasto por genérica);Localizada en Arequipa;;Sí;0
7;ANEXO-7-1-2;105;1077;Gobierno local;040302;MUNICIPALIDAD DISTRITAL DE ACARI;Arequipa;Caraveli;Acari;;;2.5;Genérica del gasto;Otros gastos;Recursos directamente recaudados;25000;No sectorizable (gasto por genérica);Localizada en Arequipa;;Sí;0
7;ANEXO-7-1-2;105;1077;Gobierno local;040302;MUNICIPALIDAD DISTRITAL DE ACARI;Arequipa;Caraveli;Acari;;;2.6;Genérica del gasto;Adquisición de activos no financieros;Recursos directamente recaudados;579226;No sectorizable (gasto por genérica);Localizada en Arequipa;;Sí;0
7;ANEXO-7-1-2;105;1077;Gobierno local;040302;MUNICIPALIDAD DISTRITAL DE ACARI;Arequipa;Caraveli;Acari;;;2.6;Genérica del gasto;Adquisición de activos no financieros;Recursos determinados;4430329;No sectorizable (gasto por genérica);Localizada en Arequipa;;Sí;0
7;ANEXO-7-1-2;105;1077;Gobierno local;040303;MUNICIPALIDAD DISTRITAL DE ATICO;Arequipa;Caraveli;Atico;;;2.1;Genérica del gasto;Personal y obligaciones sociales;Recursos directamente recaudados;24585;No sectorizable (gasto por genérica);Localizada en Arequipa;;Sí;0
7;ANEXO-7-1-2;105;1077;Gobierno local;040303;MUNICIPALIDAD DISTRITAL DE ATICO;Arequipa;Caraveli;Atico;;;2.1;Genérica del gasto;Personal y obligaciones sociales;Recursos determinados;491211;No sectorizable (gasto por genérica);Localizada en Arequipa;;Sí;0
7;ANEXO-7-1-2;106;1078;Gobierno local;040303;MUNICIPALIDAD DISTRITAL DE ATICO;Arequipa;Caraveli;Atico;;;2.2;Genérica del gasto;Pensiones y otras prestaciones sociales;Recursos ordinarios;48458;Previsión social;Localizada en Arequipa;;Sí;0
7;ANEXO-7-1-2;106;1078;Gobierno local;040303;MUNICIPALIDAD DISTRITAL DE ATICO;Arequipa;Caraveli;Atico;;;2.2;Genérica del gasto;Pensiones y otras prestaciones sociales;Recursos directamente recaudados;500;Previsión social;Localizada en Arequipa;;Sí;0
7;ANEXO-7-1-2;106;1078;Gobierno local;040303;MUNICIPALIDAD DISTRITAL DE ATICO;Arequipa;Caraveli;Atico;;;2.3;Genérica del gasto;Bienes y servicios;Recursos directamente recaudados;1679872;No sectorizable (gasto por genérica);Localizada en Arequipa;;Sí;0
7;ANEXO-7-1-2;106;1078;Gobierno local;040303;MUNICIPALIDAD DISTRITAL DE ATICO;Arequipa;Caraveli;Atico;;;2.3;Genérica del gasto;Bienes y servicios;Recursos determinados;2466791;No sectorizable (gasto por genérica);Localizada en Arequipa;;Sí;0
7;ANEXO-7-1-2;106;1078;Gobierno local;040303;MUNICIPALIDAD DISTRITAL DE ATICO;Arequipa;Caraveli;Atico;;;2.5;Genérica del gasto;Otros gastos;Recursos directamente recaudados;12293;No sectorizable (gasto por genérica);Localizada en Arequipa;;Sí;0
7;ANEXO-7-1-2;106;1078;Gobierno local;040303;MUNICIPALIDAD DISTRITAL DE ATICO;Arequipa;Caraveli;Atico;;;2.5;Genérica del gasto;Otros gastos;Recursos determinados;8600;No sectorizable (gasto por genérica);Localizada en Arequipa;;Sí;0
7;ANEXO-7-1-2;106;1078;Gobierno local;040303;MUNICIPALIDAD DISTRITAL DE ATICO;Arequipa;Caraveli;Atico;;;2.6;Genérica del gasto;Adquisición de activos no financieros;Recursos directamente recaudados;4750;No sectorizable (gasto por genérica);Localizada en Arequipa;;Sí;0
7;ANEXO-7-1-2;106;1078;Gobierno local;040303;MUNICIPALIDAD DISTRITAL DE ATICO;Arequipa;Caraveli;Atico;;;2.6;Genérica del gasto;Adquisición de activos no financieros;Recursos determinados;9638962;No sectorizable (gasto por genérica);Localizada en Arequipa;;Sí;0
7;ANEXO-7-1-2;106;1078;Gobierno local;040304;MUNICIPALIDAD DISTRITAL DE ATIQUIPA;Arequipa;Caraveli;Atiquipa;;;2.1;Genérica del gasto;Personal y obligaciones sociales;Recursos determinados;257383;No sectorizable (gasto por genérica);Localizada en Arequipa;;Sí;0
7;ANEXO-7-1-2;106;1078;Gobierno local;040304;MUNICIPALIDAD DISTRITAL DE ATIQUIPA;Arequipa;Caraveli;Atiquipa;;;2.2;Genérica del gasto;Pensiones y otras prestaciones sociales;Recursos ordinarios;12460;Previsión social;Localizada en Arequipa;;Sí;0
7;ANEXO-7-1-2;106;1078;Gobierno local;040304;MUNICIPALIDAD DISTRITAL DE ATIQUIPA;Arequipa;Caraveli;Atiquipa;;;2.2;Genérica del gasto;Pensiones y otras prestaciones sociales;Recursos determinados;11131;Previsión social;Localizada en Arequipa;;Sí;0
7;ANEXO-7-1-2;106;1078;Gobierno local;040304;MUNICIPALIDAD DISTRITAL DE ATIQUIPA;Arequipa;Caraveli;Atiquipa;;;2.3;Genérica del gasto;Bienes y servicios;Recursos directamente recaudados;100000;No sectorizable (gasto por genérica);Localizada en Arequipa;;Sí;0
7;ANEXO-7-1-2;106;1078;Gobierno local;040304;MUNICIPALIDAD DISTRITAL DE ATIQUIPA;Arequipa;Caraveli;Atiquipa;;;2.3;Genérica del gasto;Bienes y servicios;Recursos determinados;857542;No sectorizable (gasto por genérica);Localizada en Arequipa;;Sí;0
7;ANEXO-7-1-2;106;1078;Gobierno local;040304;MUNICIPALIDAD DISTRITAL DE ATIQUIPA;Arequipa;Caraveli;Atiquipa;;;2.6;Genérica del gasto;Adquisición de activos no financieros;Recursos determinados;2063318;No sectorizable (gasto por genérica);Localizada en Arequipa;;Sí;0
7;ANEXO-7-1-2;106;1078;Gobierno local;040305;MUNICIPALIDAD DISTRITAL DE BELLA UNION;Arequipa;Caraveli;Bella Union;;;2.1;Genérica del gasto;Personal y obligaciones sociales;Recursos determinados;735996;No sectorizable (gasto por genérica);Localizada en Arequipa;;Sí;0
7;ANEXO-7-1-2;106;1078;Gobierno local;040305;MUNICIPALIDAD DISTRITAL DE BELLA UNION;Arequipa;Caraveli;Bella Union;;;2.2;Genérica del gasto;Pensiones y otras prestaciones sociales;Recursos ordinarios;19665;Previsión social;Localizada en Arequipa;;Sí;0
7;ANEXO-7-1-2;106;1078;Gobierno local;040305;MUNICIPALIDAD DISTRITAL DE BELLA UNION;Arequipa;Caraveli;Bella Union;;;2.3;Genérica del gasto;Bienes y servicios;Recursos directamente recaudados;73377;No sectorizable (gasto por genérica);Localizada en Arequipa;;Sí;0
7;ANEXO-7-1-2;106;1078;Gobierno local;040305;MUNICIPALIDAD DISTRITAL DE BELLA UNION;Arequipa;Caraveli;Bella Union;;;2.3;Genérica del gasto;Bienes y servicios;Recursos determinados;1589679;No sectorizable (gasto por genérica);Localizada en Arequipa;;Sí;0
7;ANEXO-7-1-2;106;1078;Gobierno local;040305;MUNICIPALIDAD DISTRITAL DE BELLA UNION;Arequipa;Caraveli;Bella Union;;;2.5;Genérica del gasto;Otros gastos;Recursos determinados;2325;No sectorizable (gasto por genérica);Localizada en Arequipa;;Sí;0
7;ANEXO-7-1-2;106;1078;Gobierno local;040305;MUNICIPALIDAD DISTRITAL DE BELLA UNION;Arequipa;Caraveli;Bella Union;;;2.6;Genérica del gasto;Adquisición de activos no financieros;Recursos directamente recaudados;13000;No sectorizable (gasto por genérica);Localizada en Arequipa;;Sí;0
7;ANEXO-7-1-2;106;1078;Gobierno local;040305;MUNICIPALIDAD DISTRITAL DE BELLA UNION;Arequipa;Caraveli;Bella Union;;;2.6;Genérica del gasto;Adquisición de activos no financieros;Recursos determinados;5668196;No sectorizable (gasto por genérica);Localizada en Arequipa;;Sí;0
7;ANEXO-7-1-2;106;1078;Gobierno local;040306;MUNICIPALIDAD DISTRITAL DE CAHUACHO;Arequipa;Caraveli;Cahuacho;;;2.1;Genérica del gasto;Personal y obligaciones sociales;Recursos determinados;299905;No sectorizable (gasto por genérica);Localizada en Arequipa;;Sí;0
7;ANEXO-7-1-2;106;1078;Gobierno local;040306;MUNICIPALIDAD DISTRITAL DE CAHUACHO;Arequipa;Caraveli;Cahuacho;;;2.2;Genérica del gasto;Pensiones y otras prestaciones sociales;Recursos ordinarios;21476;Previsión social;Localizada en Arequipa;;Sí;0
7;ANEXO-7-1-2;106;1078;Gobierno local;040306;MUNICIPALIDAD DISTRITAL DE CAHUACHO;Arequipa;Caraveli;Cahuacho;;;2.3;Genérica del gasto;Bienes y servicios;Recursos directamente recaudados;60937;No sectorizable (gasto por genérica);Localizada en Arequipa;;Sí;0
7;ANEXO-7-1-2;106;1078;Gobierno local;040306;MUNICIPALIDAD DISTRITAL DE CAHUACHO;Arequipa;Caraveli;Cahuacho;;;2.3;Genérica del gasto;Bienes y servicios;Recursos determinados;779384;No sectorizable (gasto por genérica);Localizada en Arequipa;;Sí;0
7;ANEXO-7-1-2;106;1078;Gobierno local;040306;MUNICIPALIDAD DISTRITAL DE CAHUACHO;Arequipa;Caraveli;Cahuacho;;;2.6;Genérica del gasto;Adquisición de activos no financieros;Recursos determinados;633710;No sectorizable (gasto por genérica);Localizada en Arequipa;;Sí;0
7;ANEXO-7-1-2;106;1078;Gobierno local;040307;MUNICIPALIDAD DISTRITAL DE CHALA;Arequipa;Caraveli;Chala;;;2.1;Genérica del gasto;Personal y obligaciones sociales;Recursos directamente recaudados;9000;No sectorizable (gasto por genérica);Localizada en Arequipa;;Sí;0
7;ANEXO-7-1-2;106;1078;Gobierno local;040307;MUNICIPALIDAD DISTRITAL DE CHALA;Arequipa;Caraveli;Chala;;;2.1;Genérica del gasto;Personal y obligaciones sociales;Recursos determinados;2284059;No sectorizable (gasto por genérica);Localizada en Arequipa;;Sí;0
7;ANEXO-7-1-2;107;1079;Gobierno local;040307;MUNICIPALIDAD DISTRITAL DE CHALA;Arequipa;Caraveli;Chala;;;2.2;Genérica del gasto;Pensiones y otras prestaciones sociales;Recursos ordinarios;39650;Previsión social;Localizada en Arequipa;;Sí;0
7;ANEXO-7-1-2;107;1079;Gobierno local;040307;MUNICIPALIDAD DISTRITAL DE CHALA;Arequipa;Caraveli;Chala;;;2.2;Genérica del gasto;Pensiones y otras prestaciones sociales;Recursos directamente recaudados;1500;Previsión social;Localizada en Arequipa;;Sí;0
7;ANEXO-7-1-2;107;1079;Gobierno local;040307;MUNICIPALIDAD DISTRITAL DE CHALA;Arequipa;Caraveli;Chala;;;2.3;Genérica del gasto;Bienes y servicios;Recursos ordinarios;34098;No sectorizable (gasto por genérica);Localizada en Arequipa;;Sí;0
7;ANEXO-7-1-2;107;1079;Gobierno local;040307;MUNICIPALIDAD DISTRITAL DE CHALA;Arequipa;Caraveli;Chala;;;2.3;Genérica del gasto;Bienes y servicios;Recursos directamente recaudados;458500;No sectorizable (gasto por genérica);Localizada en Arequipa;;Sí;0
7;ANEXO-7-1-2;107;1079;Gobierno local;040307;MUNICIPALIDAD DISTRITAL DE CHALA;Arequipa;Caraveli;Chala;;;2.3;Genérica del gasto;Bienes y servicios;Recursos determinados;4340753;No sectorizable (gasto por genérica);Localizada en Arequipa;;Sí;0
7;ANEXO-7-1-2;107;1079;Gobierno local;040307;MUNICIPALIDAD DISTRITAL DE CHALA;Arequipa;Caraveli;Chala;;;2.5;Genérica del gasto;Otros gastos;Recursos directamente recaudados;1000;No sectorizable (gasto por genérica);Localizada en Arequipa;;Sí;0
7;ANEXO-7-1-2;107;1079;Gobierno local;040307;MUNICIPALIDAD DISTRITAL DE CHALA;Arequipa;Caraveli;Chala;;;2.6;Genérica del gasto;Adquisición de activos no financieros;Recursos directamente recaudados;10000;No sectorizable (gasto por genérica);Localizada en Arequipa;;Sí;0
7;ANEXO-7-1-2;107;1079;Gobierno local;040307;MUNICIPALIDAD DISTRITAL DE CHALA;Arequipa;Caraveli;Chala;;;2.6;Genérica del gasto;Adquisición de activos no financieros;Recursos determinados;19814736;No sectorizable (gasto por genérica);Localizada en Arequipa;;Sí;0
7;ANEXO-7-1-2;107;1079;Gobierno local;040308;MUNICIPALIDAD DISTRITAL DE CHAPARRA;Arequipa;Caraveli;Chaparra;;;2.1;Genérica del gasto;Personal y obligaciones sociales;Recursos determinados;688672;No sectorizable (gasto por genérica);Localizada en Arequipa;;Sí;0
7;ANEXO-7-1-2;107;1079;Gobierno local;040308;MUNICIPALIDAD DISTRITAL DE CHAPARRA;Arequipa;Caraveli;Chaparra;;;2.2;Genérica del gasto;Pensiones y otras prestaciones sociales;Recursos ordinarios;29790;Previsión social;Localizada en Arequipa;;Sí;0
7;ANEXO-7-1-2;107;1079;Gobierno local;040308;MUNICIPALIDAD DISTRITAL DE CHAPARRA;Arequipa;Caraveli;Chaparra;;;2.3;Genérica del gasto;Bienes y servicios;Recursos directamente recaudados;131800;No sectorizable (gasto por genérica);Localizada en Arequipa;;Sí;0
7;ANEXO-7-1-2;107;1079;Gobierno local;040308;MUNICIPALIDAD DISTRITAL DE CHAPARRA;Arequipa;Caraveli;Chaparra;;;2.3;Genérica del gasto;Bienes y servicios;Recursos determinados;1516542;No sectorizable (gasto por genérica);Localizada en Arequipa;;Sí;0
7;ANEXO-7-1-2;107;1079;Gobierno local;040308;MUNICIPALIDAD DISTRITAL DE CHAPARRA;Arequipa;Caraveli;Chaparra;;;2.6;Genérica del gasto;Adquisición de activos no financieros;Recursos determinados;5737733;No sectorizable (gasto por genérica);Localizada en Arequipa;;Sí;0
7;ANEXO-7-1-2;107;1079;Gobierno local;040309;MUNICIPALIDAD DISTRITAL DE HUANUHUANU;Arequipa;Caraveli;Huanuhuanu;;;2.1;Genérica del gasto;Personal y obligaciones sociales;Recursos determinados;414689;No sectorizable (gasto por genérica);Localizada en Arequipa;;Sí;0
7;ANEXO-7-1-2;107;1079;Gobierno local;040309;MUNICIPALIDAD DISTRITAL DE HUANUHUANU;Arequipa;Caraveli;Huanuhuanu;;;2.2;Genérica del gasto;Pensiones y otras prestaciones sociales;Recursos ordinarios;38804;Previsión social;Localizada en Arequipa;;Sí;0
7;ANEXO-7-1-2;107;1079;Gobierno local;040309;MUNICIPALIDAD DISTRITAL DE HUANUHUANU;Arequipa;Caraveli;Huanuhuanu;;;2.2;Genérica del gasto;Pensiones y otras prestaciones sociales;Recursos directamente recaudados;2000;Previsión social;Localizada en Arequipa;;Sí;0
7;ANEXO-7-1-2;107;1079;Gobierno local;040309;MUNICIPALIDAD DISTRITAL DE HUANUHUANU;Arequipa;Caraveli;Huanuhuanu;;;2.2;Genérica del gasto;Pensiones y otras prestaciones sociales;Recursos determinados;65217;Previsión social;Localizada en Arequipa;;Sí;0
7;ANEXO-7-1-2;107;1079;Gobierno local;040309;MUNICIPALIDAD DISTRITAL DE HUANUHUANU;Arequipa;Caraveli;Huanuhuanu;;;2.3;Genérica del gasto;Bienes y servicios;Recursos directamente recaudados;143700;No sectorizable (gasto por genérica);Localizada en Arequipa;;Sí;0
7;ANEXO-7-1-2;107;1079;Gobierno local;040309;MUNICIPALIDAD DISTRITAL DE HUANUHUANU;Arequipa;Caraveli;Huanuhuanu;;;2.3;Genérica del gasto;Bienes y servicios;Recursos determinados;2036332;No sectorizable (gasto por genérica);Localizada en Arequipa;;Sí;0
7;ANEXO-7-1-2;107;1079;Gobierno local;040309;MUNICIPALIDAD DISTRITAL DE HUANUHUANU;Arequipa;Caraveli;Huanuhuanu;;;2.4;Genérica del gasto;Donaciones y transferencias;Recursos determinados;16000;No sectorizable (gasto por genérica);Localizada en Arequipa;;Sí;0
7;ANEXO-7-1-2;107;1079;Gobierno local;040309;MUNICIPALIDAD DISTRITAL DE HUANUHUANU;Arequipa;Caraveli;Huanuhuanu;;;2.5;Genérica del gasto;Otros gastos;Recursos determinados;4000;No sectorizable (gasto por genérica);Localizada en Arequipa;;Sí;0
7;ANEXO-7-1-2;107;1079;Gobierno local;040309;MUNICIPALIDAD DISTRITAL DE HUANUHUANU;Arequipa;Caraveli;Huanuhuanu;;;2.6;Genérica del gasto;Adquisición de activos no financieros;Recursos directamente recaudados;690950;No sectorizable (gasto por genérica);Localizada en Arequipa;;Sí;0
7;ANEXO-7-1-2;107;1079;Gobierno local;040309;MUNICIPALIDAD DISTRITAL DE HUANUHUANU;Arequipa;Caraveli;Huanuhuanu;;;2.6;Genérica del gasto;Adquisición de activos no financieros;Recursos determinados;6923537;No sectorizable (gasto por genérica);Localizada en Arequipa;;Sí;0
7;ANEXO-7-1-2;107;1079;Gobierno local;040310;MUNICIPALIDAD DISTRITAL DE JAQUI;Arequipa;Caraveli;Jaqui;;;2.1;Genérica del gasto;Personal y obligaciones sociales;Recursos determinados;306693;No sectorizable (gasto por genérica);Localizada en Arequipa;;Sí;0
7;ANEXO-7-1-2;107;1079;Gobierno local;040310;MUNICIPALIDAD DISTRITAL DE JAQUI;Arequipa;Caraveli;Jaqui;;;2.2;Genérica del gasto;Pensiones y otras prestaciones sociales;Recursos ordinarios;42761;Previsión social;Localizada en Arequipa;;Sí;0
7;ANEXO-7-1-2;107;1079;Gobierno local;040310;MUNICIPALIDAD DISTRITAL DE JAQUI;Arequipa;Caraveli;Jaqui;;;2.3;Genérica del gasto;Bienes y servicios;Recursos directamente recaudados;50000;No sectorizable (gasto por genérica);Localizada en Arequipa;;Sí;0
7;ANEXO-7-1-2;107;1079;Gobierno local;040310;MUNICIPALIDAD DISTRITAL DE JAQUI;Arequipa;Caraveli;Jaqui;;;2.3;Genérica del gasto;Bienes y servicios;Recursos determinados;864478;No sectorizable (gasto por genérica);Localizada en Arequipa;;Sí;0
7;ANEXO-7-1-2;107;1079;Gobierno local;040310;MUNICIPALIDAD DISTRITAL DE JAQUI;Arequipa;Caraveli;Jaqui;;;2.6;Genérica del gasto;Adquisición de activos no financieros;Recursos determinados;1313704;No sectorizable (gasto por genérica);Localizada en Arequipa;;Sí;0
7;ANEXO-7-1-2;108;1080;Gobierno local;040311;MUNICIPALIDAD DISTRITAL DE LOMAS;Arequipa;Caraveli;Lomas;;;2.1;Genérica del gasto;Personal y obligaciones sociales;Recursos determinados;198496;No sectorizable (gasto por genérica);Localizada en Arequipa;;Sí;0
7;ANEXO-7-1-2;108;1080;Gobierno local;040311;MUNICIPALIDAD DISTRITAL DE LOMAS;Arequipa;Caraveli;Lomas;;;2.2;Genérica del gasto;Pensiones y otras prestaciones sociales;Recursos ordinarios;19076;Previsión social;Localizada en Arequipa;;Sí;0
7;ANEXO-7-1-2;108;1080;Gobierno local;040311;MUNICIPALIDAD DISTRITAL DE LOMAS;Arequipa;Caraveli;Lomas;;;2.2;Genérica del gasto;Pensiones y otras prestaciones sociales;Recursos directamente recaudados;13323;Previsión social;Localizada en Arequipa;;Sí;0
7;ANEXO-7-1-2;108;1080;Gobierno local;040311;MUNICIPALIDAD DISTRITAL DE LOMAS;Arequipa;Caraveli;Lomas;;;2.3;Genérica del gasto;Bienes y servicios;Recursos directamente recaudados;116677;No sectorizable (gasto por genérica);Localizada en Arequipa;;Sí;0
7;ANEXO-7-1-2;108;1080;Gobierno local;040311;MUNICIPALIDAD DISTRITAL DE LOMAS;Arequipa;Caraveli;Lomas;;;2.3;Genérica del gasto;Bienes y servicios;Recursos determinados;1137983;No sectorizable (gasto por genérica);Localizada en Arequipa;;Sí;0
7;ANEXO-7-1-2;108;1080;Gobierno local;040311;MUNICIPALIDAD DISTRITAL DE LOMAS;Arequipa;Caraveli;Lomas;;;2.6;Genérica del gasto;Adquisición de activos no financieros;Recursos determinados;2262435;No sectorizable (gasto por genérica);Localizada en Arequipa;;Sí;0
7;ANEXO-7-1-2;108;1080;Gobierno local;040312;MUNICIPALIDAD DISTRITAL DE QUICACHA;Arequipa;Caraveli;Quicacha;;;2.1;Genérica del gasto;Personal y obligaciones sociales;Recursos determinados;375980;No sectorizable (gasto por genérica);Localizada en Arequipa;;Sí;0
7;ANEXO-7-1-2;108;1080;Gobierno local;040312;MUNICIPALIDAD DISTRITAL DE QUICACHA;Arequipa;Caraveli;Quicacha;;;2.2;Genérica del gasto;Pensiones y otras prestaciones sociales;Recursos ordinarios;43958;Previsión social;Localizada en Arequipa;;Sí;0
7;ANEXO-7-1-2;108;1080;Gobierno local;040312;MUNICIPALIDAD DISTRITAL DE QUICACHA;Arequipa;Caraveli;Quicacha;;;2.2;Genérica del gasto;Pensiones y otras prestaciones sociales;Recursos directamente recaudados;500;Previsión social;Localizada en Arequipa;;Sí;0
7;ANEXO-7-1-2;108;1080;Gobierno local;040312;MUNICIPALIDAD DISTRITAL DE QUICACHA;Arequipa;Caraveli;Quicacha;;;2.3;Genérica del gasto;Bienes y servicios;Recursos directamente recaudados;208000;No sectorizable (gasto por genérica);Localizada en Arequipa;;Sí;0
7;ANEXO-7-1-2;108;1080;Gobierno local;040312;MUNICIPALIDAD DISTRITAL DE QUICACHA;Arequipa;Caraveli;Quicacha;;;2.3;Genérica del gasto;Bienes y servicios;Recursos determinados;879295;No sectorizable (gasto por genérica);Localizada en Arequipa;;Sí;0
7;ANEXO-7-1-2;108;1080;Gobierno local;040312;MUNICIPALIDAD DISTRITAL DE QUICACHA;Arequipa;Caraveli;Quicacha;;;2.6;Genérica del gasto;Adquisición de activos no financieros;Recursos determinados;3338598;No sectorizable (gasto por genérica);Localizada en Arequipa;;Sí;0
7;ANEXO-7-1-2;108;1080;Gobierno local;040313;MUNICIPALIDAD DISTRITAL DE YAUCA;Arequipa;Caraveli;Yauca;;;2.1;Genérica del gasto;Personal y obligaciones sociales;Recursos determinados;284789;No sectorizable (gasto por genérica);Localizada en Arequipa;;Sí;0
7;ANEXO-7-1-2;108;1080;Gobierno local;040313;MUNICIPALIDAD DISTRITAL DE YAUCA;Arequipa;Caraveli;Yauca;;;2.2;Genérica del gasto;Pensiones y otras prestaciones sociales;Recursos ordinarios;25714;Previsión social;Localizada en Arequipa;;Sí;0
7;ANEXO-7-1-2;108;1080;Gobierno local;040313;MUNICIPALIDAD DISTRITAL DE YAUCA;Arequipa;Caraveli;Yauca;;;2.2;Genérica del gasto;Pensiones y otras prestaciones sociales;Recursos determinados;15800;Previsión social;Localizada en Arequipa;;Sí;0
7;ANEXO-7-1-2;108;1080;Gobierno local;040313;MUNICIPALIDAD DISTRITAL DE YAUCA;Arequipa;Caraveli;Yauca;;;2.3;Genérica del gasto;Bienes y servicios;Recursos directamente recaudados;130000;No sectorizable (gasto por genérica);Localizada en Arequipa;;Sí;0
7;ANEXO-7-1-2;108;1080;Gobierno local;040313;MUNICIPALIDAD DISTRITAL DE YAUCA;Arequipa;Caraveli;Yauca;;;2.3;Genérica del gasto;Bienes y servicios;Recursos determinados;1061114;No sectorizable (gasto por genérica);Localizada en Arequipa;;Sí;0
7;ANEXO-7-1-2;108;1080;Gobierno local;040313;MUNICIPALIDAD DISTRITAL DE YAUCA;Arequipa;Caraveli;Yauca;;;2.6;Genérica del gasto;Adquisición de activos no financieros;Recursos determinados;2302679;No sectorizable (gasto por genérica);Localizada en Arequipa;;Sí;0
7;ANEXO-7-1-2;108;1080;Gobierno local;040401;MUNICIPALIDAD PROVINCIAL DE CASTILLA -APIA0;Arequipa;Castilla;Castilla;;;2.1;Genérica del gasto;Personal y obligaciones sociales;Recursos directamente recaudados;224900;No sectorizable (gasto por genérica);Localizada en Arequipa;;Sí;0
7;ANEXO-7-1-2;108;1080;Gobierno local;040401;MUNICIPALIDAD PROVINCIAL DE CASTILLA -APIA0;Arequipa;Castilla;Castilla;;;2.1;Genérica del gasto;Personal y obligaciones sociales;Recursos determinados;3825326;No sectorizable (gasto por genérica);Localizada en Arequipa;;Sí;0
7;ANEXO-7-1-2;108;1080;Gobierno local;040401;MUNICIPALIDAD PROVINCIAL DE CASTILLA -APIA0;Arequipa;Castilla;Castilla;;;2.2;Genérica del gasto;Pensiones y otras prestaciones sociales;Recursos ordinarios;534878;Previsión social;Localizada en Arequipa;;Sí;0
7;ANEXO-7-1-2;108;1080;Gobierno local;040401;MUNICIPALIDAD PROVINCIAL DE CASTILLA -APIA0;Arequipa;Castilla;Castilla;;;2.2;Genérica del gasto;Pensiones y otras prestaciones sociales;Recursos directamente recaudados;36000;Previsión social;Localizada en Arequipa;;Sí;0
7;ANEXO-7-1-2;108;1080;Gobierno local;040401;MUNICIPALIDAD PROVINCIAL DE CASTILLA -APIA0;Arequipa;Castilla;Castilla;;;2.3;Genérica del gasto;Bienes y servicios;Recursos ordinarios;21614;No sectorizable (gasto por genérica);Localizada en Arequipa;;Sí;0
7;ANEXO-7-1-2;108;1080;Gobierno local;040401;MUNICIPALIDAD PROVINCIAL DE CASTILLA -APIA0;Arequipa;Castilla;Castilla;;;2.3;Genérica del gasto;Bienes y servicios;Recursos directamente recaudados;481390;No sectorizable (gasto por genérica);Localizada en Arequipa;;Sí;0
7;ANEXO-7-1-2;108;1080;Gobierno local;040401;MUNICIPALIDAD PROVINCIAL DE CASTILLA -APIA0;Arequipa;Castilla;Castilla;;;2.3;Genérica del gasto;Bienes y servicios;Recursos determinados;1378763;No sectorizable (gasto por genérica);Localizada en Arequipa;;Sí;0
7;ANEXO-7-1-2;108;1080;Gobierno local;040401;MUNICIPALIDAD PROVINCIAL DE CASTILLA -APIA0;Arequipa;Castilla;Castilla;;;2.4;Genérica del gasto;Donaciones y transferencias;Recursos ordinarios;1234384;No sectorizable (gasto por genérica);Localizada en Arequipa;;Sí;0
7;ANEXO-7-1-2;108;1080;Gobierno local;040401;MUNICIPALIDAD PROVINCIAL DE CASTILLA -APIA0;Arequipa;Castilla;Castilla;;;2.4;Genérica del gasto;Donaciones y transferencias;Recursos determinados;83285;No sectorizable (gasto por genérica);Localizada en Arequipa;;Sí;0
7;ANEXO-7-1-2;108;1080;Gobierno local;040401;MUNICIPALIDAD PROVINCIAL DE CASTILLA -APIA0;Arequipa;Castilla;Castilla;;;2.5;Genérica del gasto;Otros gastos;Recursos ordinarios;59352;No sectorizable (gasto por genérica);Localizada en Arequipa;;Sí;0
7;ANEXO-7-1-2;108;1080;Gobierno local;040401;MUNICIPALIDAD PROVINCIAL DE CASTILLA -APIA0;Arequipa;Castilla;Castilla;;;2.5;Genérica del gasto;Otros gastos;Recursos determinados;30000;No sectorizable (gasto por genérica);Localizada en Arequipa;;Sí;0
7;ANEXO-7-1-2;108;1080;Gobierno local;040401;MUNICIPALIDAD PROVINCIAL DE CASTILLA -APIA0;Arequipa;Castilla;Castilla;;;2.6;Genérica del gasto;Adquisición de activos no financieros;Recursos determinados;7125325;No sectorizable (gasto por genérica);Localizada en Arequipa;;Sí;0
7;ANEXO-7-1-2;109;1081;Gobierno local;040401;MUNICIPALIDAD PROVINCIAL DE CASTILLA -APIA0;Arequipa;Castilla;Castilla;;;2.8;Genérica del gasto;Servicio de la deuda pública;Recursos determinados;290824;Deuda pública;Localizada en Arequipa;;Sí;0
7;ANEXO-7-1-2;109;1081;Gobierno local;040402;MUNICIPALIDAD DISTRITAL DE ANDAGUA;Arequipa;Castilla;Andagua;;;2.1;Genérica del gasto;Personal y obligaciones sociales;Recursos determinados;197602;No sectorizable (gasto por genérica);Localizada en Arequipa;;Sí;0
7;ANEXO-7-1-2;109;1081;Gobierno local;040402;MUNICIPALIDAD DISTRITAL DE ANDAGUA;Arequipa;Castilla;Andagua;;;2.2;Genérica del gasto;Pensiones y otras prestaciones sociales;Recursos ordinarios;34850;Previsión social;Localizada en Arequipa;;Sí;0
7;ANEXO-7-1-2;109;1081;Gobierno local;040402;MUNICIPALIDAD DISTRITAL DE ANDAGUA;Arequipa;Castilla;Andagua;;;2.2;Genérica del gasto;Pensiones y otras prestaciones sociales;Recursos directamente recaudados;9181;Previsión social;Localizada en Arequipa;;Sí;0
7;ANEXO-7-1-2;109;1081;Gobierno local;040402;MUNICIPALIDAD DISTRITAL DE ANDAGUA;Arequipa;Castilla;Andagua;;;2.3;Genérica del gasto;Bienes y servicios;Recursos directamente recaudados;139819;No sectorizable (gasto por genérica);Localizada en Arequipa;;Sí;0
7;ANEXO-7-1-2;109;1081;Gobierno local;040402;MUNICIPALIDAD DISTRITAL DE ANDAGUA;Arequipa;Castilla;Andagua;;;2.3;Genérica del gasto;Bienes y servicios;Recursos determinados;1001159;No sectorizable (gasto por genérica);Localizada en Arequipa;;Sí;0
7;ANEXO-7-1-2;109;1081;Gobierno local;040402;MUNICIPALIDAD DISTRITAL DE ANDAGUA;Arequipa;Castilla;Andagua;;;2.5;Genérica del gasto;Otros gastos;Recursos directamente recaudados;1000;No sectorizable (gasto por genérica);Localizada en Arequipa;;Sí;0
7;ANEXO-7-1-2;109;1081;Gobierno local;040402;MUNICIPALIDAD DISTRITAL DE ANDAGUA;Arequipa;Castilla;Andagua;;;2.6;Genérica del gasto;Adquisición de activos no financieros;Recursos determinados;1324766;No sectorizable (gasto por genérica);Localizada en Arequipa;;Sí;0
7;ANEXO-7-1-2;109;1081;Gobierno local;040403;MUNICIPALIDAD DISTRITAL DE AYO;Arequipa;Castilla;Ayo;;;2.1;Genérica del gasto;Personal y obligaciones sociales;Recursos determinados;218192;No sectorizable (gasto por genérica);Localizada en Arequipa;;Sí;0
7;ANEXO-7-1-2;109;1081;Gobierno local;040403;MUNICIPALIDAD DISTRITAL DE AYO;Arequipa;Castilla;Ayo;;;2.2;Genérica del gasto;Pensiones y otras prestaciones sociales;Recursos ordinarios;7705;Previsión social;Localizada en Arequipa;;Sí;0
7;ANEXO-7-1-2;109;1081;Gobierno local;040403;MUNICIPALIDAD DISTRITAL DE AYO;Arequipa;Castilla;Ayo;;;2.2;Genérica del gasto;Pensiones y otras prestaciones sociales;Recursos determinados;3746;Previsión social;Localizada en Arequipa;;Sí;0
7;ANEXO-7-1-2;109;1081;Gobierno local;040403;MUNICIPALIDAD DISTRITAL DE AYO;Arequipa;Castilla;Ayo;;;2.3;Genérica del gasto;Bienes y servicios;Recursos directamente recaudados;61000;No sectorizable (gasto por genérica);Localizada en Arequipa;;Sí;0
7;ANEXO-7-1-2;109;1081;Gobierno local;040403;MUNICIPALIDAD DISTRITAL DE AYO;Arequipa;Castilla;Ayo;;;2.3;Genérica del gasto;Bienes y servicios;Recursos determinados;785254;No sectorizable (gasto por genérica);Localizada en Arequipa;;Sí;0
7;ANEXO-7-1-2;109;1081;Gobierno local;040403;MUNICIPALIDAD DISTRITAL DE AYO;Arequipa;Castilla;Ayo;;;2.5;Genérica del gasto;Otros gastos;Recursos determinados;9600;No sectorizable (gasto por genérica);Localizada en Arequipa;;Sí;0
7;ANEXO-7-1-2;109;1081;Gobierno local;040403;MUNICIPALIDAD DISTRITAL DE AYO;Arequipa;Castilla;Ayo;;;2.6;Genérica del gasto;Adquisición de activos no financieros;Recursos determinados;170731;No sectorizable (gasto por genérica);Localizada en Arequipa;;Sí;0
7;ANEXO-7-1-2;109;1081;Gobierno local;040404;MUNICIPALIDAD DISTRITAL DE CHACHAS;Arequipa;Castilla;Chachas;;;2.1;Genérica del gasto;Personal y obligaciones sociales;Recursos determinados;295904;No sectorizable (gasto por genérica);Localizada en Arequipa;;Sí;0
7;ANEXO-7-1-2;109;1081;Gobierno local;040404;MUNICIPALIDAD DISTRITAL DE CHACHAS;Arequipa;Castilla;Chachas;;;2.2;Genérica del gasto;Pensiones y otras prestaciones sociales;Recursos ordinarios;74648;Previsión social;Localizada en Arequipa;;Sí;0
7;ANEXO-7-1-2;109;1081;Gobierno local;040404;MUNICIPALIDAD DISTRITAL DE CHACHAS;Arequipa;Castilla;Chachas;;;2.3;Genérica del gasto;Bienes y servicios;Recursos determinados;791992;No sectorizable (gasto por genérica);Localizada en Arequipa;;Sí;0
7;ANEXO-7-1-2;109;1081;Gobierno local;040404;MUNICIPALIDAD DISTRITAL DE CHACHAS;Arequipa;Castilla;Chachas;;;2.4;Genérica del gasto;Donaciones y transferencias;Recursos determinados;61380;No sectorizable (gasto por genérica);Localizada en Arequipa;;Sí;0
7;ANEXO-7-1-2;109;1081;Gobierno local;040404;MUNICIPALIDAD DISTRITAL DE CHACHAS;Arequipa;Castilla;Chachas;;;2.5;Genérica del gasto;Otros gastos;Recursos determinados;7000;No sectorizable (gasto por genérica);Localizada en Arequipa;;Sí;0
7;ANEXO-7-1-2;109;1081;Gobierno local;040404;MUNICIPALIDAD DISTRITAL DE CHACHAS;Arequipa;Castilla;Chachas;;;2.6;Genérica del gasto;Adquisición de activos no financieros;Recursos directamente recaudados;34500;No sectorizable (gasto por genérica);Localizada en Arequipa;;Sí;0
7;ANEXO-7-1-2;109;1081;Gobierno local;040404;MUNICIPALIDAD DISTRITAL DE CHACHAS;Arequipa;Castilla;Chachas;;;2.6;Genérica del gasto;Adquisición de activos no financieros;Recursos determinados;2116982;No sectorizable (gasto por genérica);Localizada en Arequipa;;Sí;0
7;ANEXO-7-1-2;109;1081;Gobierno local;040405;MUNICIPALIDAD DISTRITAL DE CHILCAYMARCA;Arequipa;Castilla;Chilcaymarca;;;2.1;Genérica del gasto;Personal y obligaciones sociales;Recursos determinados;194083;No sectorizable (gasto por genérica);Localizada en Arequipa;;Sí;0
7;ANEXO-7-1-2;109;1081;Gobierno local;040405;MUNICIPALIDAD DISTRITAL DE CHILCAYMARCA;Arequipa;Castilla;Chilcaymarca;;;2.2;Genérica del gasto;Pensiones y otras prestaciones sociales;Recursos ordinarios;14846;Previsión social;Localizada en Arequipa;;Sí;0
7;ANEXO-7-1-2;109;1081;Gobierno local;040405;MUNICIPALIDAD DISTRITAL DE CHILCAYMARCA;Arequipa;Castilla;Chilcaymarca;;;2.2;Genérica del gasto;Pensiones y otras prestaciones sociales;Recursos directamente recaudados;2758;Previsión social;Localizada en Arequipa;;Sí;0
7;ANEXO-7-1-2;110;1082;Gobierno local;040405;MUNICIPALIDAD DISTRITAL DE CHILCAYMARCA;Arequipa;Castilla;Chilcaymarca;;;2.3;Genérica del gasto;Bienes y servicios;Recursos directamente recaudados;71542;No sectorizable (gasto por genérica);Localizada en Arequipa;;Sí;0
7;ANEXO-7-1-2;110;1082;Gobierno local;040405;MUNICIPALIDAD DISTRITAL DE CHILCAYMARCA;Arequipa;Castilla;Chilcaymarca;;;2.3;Genérica del gasto;Bienes y servicios;Recursos determinados;1055503;No sectorizable (gasto por genérica);Localizada en Arequipa;;Sí;0
7;ANEXO-7-1-2;110;1082;Gobierno local;040405;MUNICIPALIDAD DISTRITAL DE CHILCAYMARCA;Arequipa;Castilla;Chilcaymarca;;;2.6;Genérica del gasto;Adquisición de activos no financieros;Recursos determinados;2729441;No sectorizable (gasto por genérica);Localizada en Arequipa;;Sí;0
7;ANEXO-7-1-2;110;1082;Gobierno local;040405;MUNICIPALIDAD DISTRITAL DE CHILCAYMARCA;Arequipa;Castilla;Chilcaymarca;;;2.8;Genérica del gasto;Servicio de la deuda pública;Recursos determinados;383380;Deuda pública;Localizada en Arequipa;;Sí;0
7;ANEXO-7-1-2;110;1082;Gobierno local;040406;MUNICIPALIDAD DISTRITAL DE CHOCO;Arequipa;Castilla;Choco;;;2.1;Genérica del gasto;Personal y obligaciones sociales;Recursos determinados;655946;No sectorizable (gasto por genérica);Localizada en Arequipa;;Sí;0
7;ANEXO-7-1-2;110;1082;Gobierno local;040406;MUNICIPALIDAD DISTRITAL DE CHOCO;Arequipa;Castilla;Choco;;;2.2;Genérica del gasto;Pensiones y otras prestaciones sociales;Recursos ordinarios;33969;Previsión social;Localizada en Arequipa;;Sí;0
7;ANEXO-7-1-2;110;1082;Gobierno local;040406;MUNICIPALIDAD DISTRITAL DE CHOCO;Arequipa;Castilla;Choco;;;2.3;Genérica del gasto;Bienes y servicios;Recursos directamente recaudados;208480;No sectorizable (gasto por genérica);Localizada en Arequipa;;Sí;0
7;ANEXO-7-1-2;110;1082;Gobierno local;040406;MUNICIPALIDAD DISTRITAL DE CHOCO;Arequipa;Castilla;Choco;;;2.3;Genérica del gasto;Bienes y servicios;Recursos determinados;526347;No sectorizable (gasto por genérica);Localizada en Arequipa;;Sí;0
7;ANEXO-7-1-2;110;1082;Gobierno local;040406;MUNICIPALIDAD DISTRITAL DE CHOCO;Arequipa;Castilla;Choco;;;2.5;Genérica del gasto;Otros gastos;Recursos determinados;6620;No sectorizable (gasto por genérica);Localizada en Arequipa;;Sí;0
7;ANEXO-7-1-2;110;1082;Gobierno local;040406;MUNICIPALIDAD DISTRITAL DE CHOCO;Arequipa;Castilla;Choco;;;2.6;Genérica del gasto;Adquisición de activos no financieros;Recursos directamente recaudados;1000;No sectorizable (gasto por genérica);Localizada en Arequipa;;Sí;0
7;ANEXO-7-1-2;110;1082;Gobierno local;040406;MUNICIPALIDAD DISTRITAL DE CHOCO;Arequipa;Castilla;Choco;;;2.6;Genérica del gasto;Adquisición de activos no financieros;Recursos determinados;1140192;No sectorizable (gasto por genérica);Localizada en Arequipa;;Sí;0
7;ANEXO-7-1-2;110;1082;Gobierno local;040407;MUNICIPALIDAD DISTRITAL DE HUANCARQUI;Arequipa;Castilla;Huancarqui;;;2.1;Genérica del gasto;Personal y obligaciones sociales;Recursos determinados;386383;No sectorizable (gasto por genérica);Localizada en Arequipa;;Sí;0
7;ANEXO-7-1-2;110;1082;Gobierno local;040407;MUNICIPALIDAD DISTRITAL DE HUANCARQUI;Arequipa;Castilla;Huancarqui;;;2.2;Genérica del gasto;Pensiones y otras prestaciones sociales;Recursos ordinarios;30961;Previsión social;Localizada en Arequipa;;Sí;0
7;ANEXO-7-1-2;110;1082;Gobierno local;040407;MUNICIPALIDAD DISTRITAL DE HUANCARQUI;Arequipa;Castilla;Huancarqui;;;2.3;Genérica del gasto;Bienes y servicios;Recursos directamente recaudados;380400;No sectorizable (gasto por genérica);Localizada en Arequipa;;Sí;0
7;ANEXO-7-1-2;110;1082;Gobierno local;040407;MUNICIPALIDAD DISTRITAL DE HUANCARQUI;Arequipa;Castilla;Huancarqui;;;2.3;Genérica del gasto;Bienes y servicios;Recursos determinados;988238;No sectorizable (gasto por genérica);Localizada en Arequipa;;Sí;0
7;ANEXO-7-1-2;110;1082;Gobierno local;040407;MUNICIPALIDAD DISTRITAL DE HUANCARQUI;Arequipa;Castilla;Huancarqui;;;2.5;Genérica del gasto;Otros gastos;Recursos determinados;6220;No sectorizable (gasto por genérica);Localizada en Arequipa;;Sí;0
7;ANEXO-7-1-2;110;1082;Gobierno local;040407;MUNICIPALIDAD DISTRITAL DE HUANCARQUI;Arequipa;Castilla;Huancarqui;;;2.6;Genérica del gasto;Adquisición de activos no financieros;Recursos directamente recaudados;600;No sectorizable (gasto por genérica);Localizada en Arequipa;;Sí;0
7;ANEXO-7-1-2;110;1082;Gobierno local;040407;MUNICIPALIDAD DISTRITAL DE HUANCARQUI;Arequipa;Castilla;Huancarqui;;;2.6;Genérica del gasto;Adquisición de activos no financieros;Recursos determinados;1195891;No sectorizable (gasto por genérica);Localizada en Arequipa;;Sí;0
7;ANEXO-7-1-2;110;1082;Gobierno local;040408;MUNICIPALIDAD DISTRITAL DE MACHAGUAY;Arequipa;Castilla;Machaguay;;;2.1;Genérica del gasto;Personal y obligaciones sociales;Recursos determinados;172990;No sectorizable (gasto por genérica);Localizada en Arequipa;;Sí;0
7;ANEXO-7-1-2;110;1082;Gobierno local;040408;MUNICIPALIDAD DISTRITAL DE MACHAGUAY;Arequipa;Castilla;Machaguay;;;2.2;Genérica del gasto;Pensiones y otras prestaciones sociales;Recursos ordinarios;21477;Previsión social;Localizada en Arequipa;;Sí;0
7;ANEXO-7-1-2;110;1082;Gobierno local;040408;MUNICIPALIDAD DISTRITAL DE MACHAGUAY;Arequipa;Castilla;Machaguay;;;2.3;Genérica del gasto;Bienes y servicios;Recursos directamente recaudados;38200;No sectorizable (gasto por genérica);Localizada en Arequipa;;Sí;0
7;ANEXO-7-1-2;110;1082;Gobierno local;040408;MUNICIPALIDAD DISTRITAL DE MACHAGUAY;Arequipa;Castilla;Machaguay;;;2.3;Genérica del gasto;Bienes y servicios;Recursos determinados;880739;No sectorizable (gasto por genérica);Localizada en Arequipa;;Sí;0
7;ANEXO-7-1-2;110;1082;Gobierno local;040408;MUNICIPALIDAD DISTRITAL DE MACHAGUAY;Arequipa;Castilla;Machaguay;;;2.6;Genérica del gasto;Adquisición de activos no financieros;Recursos determinados;346999;No sectorizable (gasto por genérica);Localizada en Arequipa;;Sí;0
7;ANEXO-7-1-2;111;1083;Gobierno local;040409;MUNICIPALIDAD DISTRITAL DE ORCOPAMPA;Arequipa;Castilla;Orcopampa;;;2.1;Genérica del gasto;Personal y obligaciones sociales;Recursos determinados;626068;No sectorizable (gasto por genérica);Localizada en Arequipa;;Sí;0
7;ANEXO-7-1-2;111;1083;Gobierno local;040409;MUNICIPALIDAD DISTRITAL DE ORCOPAMPA;Arequipa;Castilla;Orcopampa;;;2.2;Genérica del gasto;Pensiones y otras prestaciones sociales;Recursos ordinarios;95823;Previsión social;Localizada en Arequipa;;Sí;0
7;ANEXO-7-1-2;111;1083;Gobierno local;040409;MUNICIPALIDAD DISTRITAL DE ORCOPAMPA;Arequipa;Castilla;Orcopampa;;;2.3;Genérica del gasto;Bienes y servicios;Recursos directamente recaudados;150730;No sectorizable (gasto por genérica);Localizada en Arequipa;;Sí;0
7;ANEXO-7-1-2;111;1083;Gobierno local;040409;MUNICIPALIDAD DISTRITAL DE ORCOPAMPA;Arequipa;Castilla;Orcopampa;;;2.3;Genérica del gasto;Bienes y servicios;Recursos determinados;1675562;No sectorizable (gasto por genérica);Localizada en Arequipa;;Sí;0
7;ANEXO-7-1-2;111;1083;Gobierno local;040409;MUNICIPALIDAD DISTRITAL DE ORCOPAMPA;Arequipa;Castilla;Orcopampa;;;2.6;Genérica del gasto;Adquisición de activos no financieros;Recursos determinados;6814010;No sectorizable (gasto por genérica);Localizada en Arequipa;;Sí;0
7;ANEXO-7-1-2;111;1083;Gobierno local;040410;MUNICIPALIDAD DISTRITAL DE PAMPACOLCA;Arequipa;Castilla;Pampacolca;;;2.1;Genérica del gasto;Personal y obligaciones sociales;Recursos determinados;265912;No sectorizable (gasto por genérica);Localizada en Arequipa;;Sí;0
7;ANEXO-7-1-2;111;1083;Gobierno local;040410;MUNICIPALIDAD DISTRITAL DE PAMPACOLCA;Arequipa;Castilla;Pampacolca;;;2.2;Genérica del gasto;Pensiones y otras prestaciones sociales;Recursos ordinarios;68079;Previsión social;Localizada en Arequipa;;Sí;0
7;ANEXO-7-1-2;111;1083;Gobierno local;040410;MUNICIPALIDAD DISTRITAL DE PAMPACOLCA;Arequipa;Castilla;Pampacolca;;;2.2;Genérica del gasto;Pensiones y otras prestaciones sociales;Recursos determinados;5000;Previsión social;Localizada en Arequipa;;Sí;0
7;ANEXO-7-1-2;111;1083;Gobierno local;040410;MUNICIPALIDAD DISTRITAL DE PAMPACOLCA;Arequipa;Castilla;Pampacolca;;;2.3;Genérica del gasto;Bienes y servicios;Recursos directamente recaudados;102130;No sectorizable (gasto por genérica);Localizada en Arequipa;;Sí;0
7;ANEXO-7-1-2;111;1083;Gobierno local;040410;MUNICIPALIDAD DISTRITAL DE PAMPACOLCA;Arequipa;Castilla;Pampacolca;;;2.3;Genérica del gasto;Bienes y servicios;Recursos determinados;974790;No sectorizable (gasto por genérica);Localizada en Arequipa;;Sí;0
7;ANEXO-7-1-2;111;1083;Gobierno local;040410;MUNICIPALIDAD DISTRITAL DE PAMPACOLCA;Arequipa;Castilla;Pampacolca;;;2.6;Genérica del gasto;Adquisición de activos no financieros;Recursos determinados;1075749;No sectorizable (gasto por genérica);Localizada en Arequipa;;Sí;0
7;ANEXO-7-1-2;111;1083;Gobierno local;040411;MUNICIPALIDAD DISTRITAL DE TIPAN;Arequipa;Castilla;Tipan;;;2.1;Genérica del gasto;Personal y obligaciones sociales;Recursos determinados;238949;No sectorizable (gasto por genérica);Localizada en Arequipa;;Sí;0
7;ANEXO-7-1-2;111;1083;Gobierno local;040411;MUNICIPALIDAD DISTRITAL DE TIPAN;Arequipa;Castilla;Tipan;;;2.2;Genérica del gasto;Pensiones y otras prestaciones sociales;Recursos ordinarios;8159;Previsión social;Localizada en Arequipa;;Sí;0
7;ANEXO-7-1-2;111;1083;Gobierno local;040411;MUNICIPALIDAD DISTRITAL DE TIPAN;Arequipa;Castilla;Tipan;;;2.3;Genérica del gasto;Bienes y servicios;Recursos directamente recaudados;4920;No sectorizable (gasto por genérica);Localizada en Arequipa;;Sí;0
7;ANEXO-7-1-2;111;1083;Gobierno local;040411;MUNICIPALIDAD DISTRITAL DE TIPAN;Arequipa;Castilla;Tipan;;;2.3;Genérica del gasto;Bienes y servicios;Recursos determinados;827761;No sectorizable (gasto por genérica);Localizada en Arequipa;;Sí;0
7;ANEXO-7-1-2;111;1083;Gobierno local;040411;MUNICIPALIDAD DISTRITAL DE TIPAN;Arequipa;Castilla;Tipan;;;2.6;Genérica del gasto;Adquisición de activos no financieros;Recursos determinados;345062;No sectorizable (gasto por genérica);Localizada en Arequipa;;Sí;0
7;ANEXO-7-1-2;111;1083;Gobierno local;040412;MUNICIPALIDAD DISTRITAL DE UÑON;Arequipa;Castilla;Unon;;;2.1;Genérica del gasto;Personal y obligaciones sociales;Recursos determinados;173209;No sectorizable (gasto por genérica);Localizada en Arequipa;;Sí;0
7;ANEXO-7-1-2;111;1083;Gobierno local;040412;MUNICIPALIDAD DISTRITAL DE UÑON;Arequipa;Castilla;Unon;;;2.2;Genérica del gasto;Pensiones y otras prestaciones sociales;Recursos ordinarios;4060;Previsión social;Localizada en Arequipa;;Sí;0
7;ANEXO-7-1-2;111;1083;Gobierno local;040412;MUNICIPALIDAD DISTRITAL DE UÑON;Arequipa;Castilla;Unon;;;2.2;Genérica del gasto;Pensiones y otras prestaciones sociales;Recursos determinados;2376;Previsión social;Localizada en Arequipa;;Sí;0
7;ANEXO-7-1-2;111;1083;Gobierno local;040412;MUNICIPALIDAD DISTRITAL DE UÑON;Arequipa;Castilla;Unon;;;2.3;Genérica del gasto;Bienes y servicios;Recursos directamente recaudados;84500;No sectorizable (gasto por genérica);Localizada en Arequipa;;Sí;0
7;ANEXO-7-1-2;111;1083;Gobierno local;040412;MUNICIPALIDAD DISTRITAL DE UÑON;Arequipa;Castilla;Unon;;;2.3;Genérica del gasto;Bienes y servicios;Recursos determinados;582699;No sectorizable (gasto por genérica);Localizada en Arequipa;;Sí;0
7;ANEXO-7-1-2;111;1083;Gobierno local;040412;MUNICIPALIDAD DISTRITAL DE UÑON;Arequipa;Castilla;Unon;;;2.6;Genérica del gasto;Adquisición de activos no financieros;Recursos determinados;570920;No sectorizable (gasto por genérica);Localizada en Arequipa;;Sí;0
7;ANEXO-7-1-2;111;1083;Gobierno local;040413;MUNICIPALIDAD DISTRITAL DE URACA;Arequipa;Castilla;Uraca;;;2.1;Genérica del gasto;Personal y obligaciones sociales;Recursos determinados;1173704;No sectorizable (gasto por genérica);Localizada en Arequipa;;Sí;0
7;ANEXO-7-1-2;111;1083;Gobierno local;040413;MUNICIPALIDAD DISTRITAL DE URACA;Arequipa;Castilla;Uraca;;;2.2;Genérica del gasto;Pensiones y otras prestaciones sociales;Recursos ordinarios;89561;Previsión social;Localizada en Arequipa;;Sí;0
7;ANEXO-7-1-2;111;1083;Gobierno local;040413;MUNICIPALIDAD DISTRITAL DE URACA;Arequipa;Castilla;Uraca;;;2.2;Genérica del gasto;Pensiones y otras prestaciones sociales;Recursos directamente recaudados;1000;Previsión social;Localizada en Arequipa;;Sí;0
7;ANEXO-7-1-2;111;1083;Gobierno local;040413;MUNICIPALIDAD DISTRITAL DE URACA;Arequipa;Castilla;Uraca;;;2.2;Genérica del gasto;Pensiones y otras prestaciones sociales;Recursos determinados;5000;Previsión social;Localizada en Arequipa;;Sí;0
7;ANEXO-7-1-2;112;1084;Gobierno local;040413;MUNICIPALIDAD DISTRITAL DE URACA;Arequipa;Castilla;Uraca;;;2.3;Genérica del gasto;Bienes y servicios;Recursos directamente recaudados;352000;No sectorizable (gasto por genérica);Localizada en Arequipa;;Sí;0
7;ANEXO-7-1-2;112;1084;Gobierno local;040413;MUNICIPALIDAD DISTRITAL DE URACA;Arequipa;Castilla;Uraca;;;2.3;Genérica del gasto;Bienes y servicios;Recursos determinados;1660687;No sectorizable (gasto por genérica);Localizada en Arequipa;;Sí;0
7;ANEXO-7-1-2;112;1084;Gobierno local;040413;MUNICIPALIDAD DISTRITAL DE URACA;Arequipa;Castilla;Uraca;;;2.4;Genérica del gasto;Donaciones y transferencias;Recursos determinados;66000;No sectorizable (gasto por genérica);Localizada en Arequipa;;Sí;0
7;ANEXO-7-1-2;112;1084;Gobierno local;040413;MUNICIPALIDAD DISTRITAL DE URACA;Arequipa;Castilla;Uraca;;;2.6;Genérica del gasto;Adquisición de activos no financieros;Recursos determinados;5357177;No sectorizable (gasto por genérica);Localizada en Arequipa;;Sí;0
7;ANEXO-7-1-2;112;1084;Gobierno local;040414;MUNICIPALIDAD DISTRITAL DE VIRACO;Arequipa;Castilla;Viraco;;;2.1;Genérica del gasto;Personal y obligaciones sociales;Recursos determinados;213615;No sectorizable (gasto por genérica);Localizada en Arequipa;;Sí;0
7;ANEXO-7-1-2;112;1084;Gobierno local;040414;MUNICIPALIDAD DISTRITAL DE VIRACO;Arequipa;Castilla;Viraco;;;2.2;Genérica del gasto;Pensiones y otras prestaciones sociales;Recursos ordinarios;36060;Previsión social;Localizada en Arequipa;;Sí;0
7;ANEXO-7-1-2;112;1084;Gobierno local;040414;MUNICIPALIDAD DISTRITAL DE VIRACO;Arequipa;Castilla;Viraco;;;2.2;Genérica del gasto;Pensiones y otras prestaciones sociales;Recursos determinados;10000;Previsión social;Localizada en Arequipa;;Sí;0
7;ANEXO-7-1-2;112;1084;Gobierno local;040414;MUNICIPALIDAD DISTRITAL DE VIRACO;Arequipa;Castilla;Viraco;;;2.3;Genérica del gasto;Bienes y servicios;Recursos directamente recaudados;90776;No sectorizable (gasto por genérica);Localizada en Arequipa;;Sí;0
7;ANEXO-7-1-2;112;1084;Gobierno local;040414;MUNICIPALIDAD DISTRITAL DE VIRACO;Arequipa;Castilla;Viraco;;;2.3;Genérica del gasto;Bienes y servicios;Recursos determinados;1095536;No sectorizable (gasto por genérica);Localizada en Arequipa;;Sí;0
7;ANEXO-7-1-2;112;1084;Gobierno local;040414;MUNICIPALIDAD DISTRITAL DE VIRACO;Arequipa;Castilla;Viraco;;;2.6;Genérica del gasto;Adquisición de activos no financieros;Recursos determinados;1174503;No sectorizable (gasto por genérica);Localizada en Arequipa;;Sí;0
7;ANEXO-7-1-2;112;1084;Gobierno local;040501;MUNICIPALIDAD PROVINCIAL DE CAYLLOMA -CHIVAY;Arequipa;Caylloma;Caylloma;;;2.1;Genérica del gasto;Personal y obligaciones sociales;Recursos directamente recaudados;4707256;No sectorizable (gasto por genérica);Localizada en Arequipa;;Sí;0
7;ANEXO-7-1-2;112;1084;Gobierno local;040501;MUNICIPALIDAD PROVINCIAL DE CAYLLOMA -CHIVAY;Arequipa;Caylloma;Caylloma;;;2.1;Genérica del gasto;Personal y obligaciones sociales;Recursos determinados;5247213;No sectorizable (gasto por genérica);Localizada en Arequipa;;Sí;0
7;ANEXO-7-1-2;112;1084;Gobierno local;040501;MUNICIPALIDAD PROVINCIAL DE CAYLLOMA -CHIVAY;Arequipa;Caylloma;Caylloma;;;2.2;Genérica del gasto;Pensiones y otras prestaciones sociales;Recursos ordinarios;833140;Previsión social;Localizada en Arequipa;;Sí;0
7;ANEXO-7-1-2;112;1084;Gobierno local;040501;MUNICIPALIDAD PROVINCIAL DE CAYLLOMA -CHIVAY;Arequipa;Caylloma;Caylloma;;;2.2;Genérica del gasto;Pensiones y otras prestaciones sociales;Recursos directamente recaudados;5555;Previsión social;Localizada en Arequipa;;Sí;0
7;ANEXO-7-1-2;112;1084;Gobierno local;040501;MUNICIPALIDAD PROVINCIAL DE CAYLLOMA -CHIVAY;Arequipa;Caylloma;Caylloma;;;2.2;Genérica del gasto;Pensiones y otras prestaciones sociales;Recursos determinados;168367;Previsión social;Localizada en Arequipa;;Sí;0
7;ANEXO-7-1-2;112;1084;Gobierno local;040501;MUNICIPALIDAD PROVINCIAL DE CAYLLOMA -CHIVAY;Arequipa;Caylloma;Caylloma;;;2.3;Genérica del gasto;Bienes y servicios;Recursos ordinarios;8415;No sectorizable (gasto por genérica);Localizada en Arequipa;;Sí;0
7;ANEXO-7-1-2;112;1084;Gobierno local;040501;MUNICIPALIDAD PROVINCIAL DE CAYLLOMA -CHIVAY;Arequipa;Caylloma;Caylloma;;;2.3;Genérica del gasto;Bienes y servicios;Recursos directamente recaudados;11035905;No sectorizable (gasto por genérica);Localizada en Arequipa;;Sí;0
7;ANEXO-7-1-2;112;1084;Gobierno local;040501;MUNICIPALIDAD PROVINCIAL DE CAYLLOMA -CHIVAY;Arequipa;Caylloma;Caylloma;;;2.3;Genérica del gasto;Bienes y servicios;Recursos determinados;3484804;No sectorizable (gasto por genérica);Localizada en Arequipa;;Sí;0
7;ANEXO-7-1-2;112;1084;Gobierno local;040501;MUNICIPALIDAD PROVINCIAL DE CAYLLOMA -CHIVAY;Arequipa;Caylloma;Caylloma;;;2.4;Genérica del gasto;Donaciones y transferencias;Recursos ordinarios;710356;No sectorizable (gasto por genérica);Localizada en Arequipa;;Sí;0
7;ANEXO-7-1-2;112;1084;Gobierno local;040501;MUNICIPALIDAD PROVINCIAL DE CAYLLOMA -CHIVAY;Arequipa;Caylloma;Caylloma;;;2.4;Genérica del gasto;Donaciones y transferencias;Recursos directamente recaudados;1371663;No sectorizable (gasto por genérica);Localizada en Arequipa;;Sí;0
7;ANEXO-7-1-2;112;1084;Gobierno local;040501;MUNICIPALIDAD PROVINCIAL DE CAYLLOMA -CHIVAY;Arequipa;Caylloma;Caylloma;;;2.4;Genérica del gasto;Donaciones y transferencias;Recursos determinados;527760;No sectorizable (gasto por genérica);Localizada en Arequipa;;Sí;0
7;ANEXO-7-1-2;112;1084;Gobierno local;040501;MUNICIPALIDAD PROVINCIAL DE CAYLLOMA -CHIVAY;Arequipa;Caylloma;Caylloma;;;2.5;Genérica del gasto;Otros gastos;Recursos ordinarios;82190;No sectorizable (gasto por genérica);Localizada en Arequipa;;Sí;0
7;ANEXO-7-1-2;112;1084;Gobierno local;040501;MUNICIPALIDAD PROVINCIAL DE CAYLLOMA -CHIVAY;Arequipa;Caylloma;Caylloma;;;2.5;Genérica del gasto;Otros gastos;Recursos directamente recaudados;78000;No sectorizable (gasto por genérica);Localizada en Arequipa;;Sí;0
7;ANEXO-7-1-2;112;1084;Gobierno local;040501;MUNICIPALIDAD PROVINCIAL DE CAYLLOMA -CHIVAY;Arequipa;Caylloma;Caylloma;;;2.4;Genérica del gasto;Donaciones y transferencias;Recursos directamente recaudados;1000000;No sectorizable (gasto por genérica);Localizada en Arequipa;;Sí;0
7;ANEXO-7-1-2;112;1084;Gobierno local;040501;MUNICIPALIDAD PROVINCIAL DE CAYLLOMA -CHIVAY;Arequipa;Caylloma;Caylloma;;;2.6;Genérica del gasto;Adquisición de activos no financieros;Recursos directamente recaudados;1880540;No sectorizable (gasto por genérica);Localizada en Arequipa;;Sí;0
7;ANEXO-7-1-2;112;1084;Gobierno local;040501;MUNICIPALIDAD PROVINCIAL DE CAYLLOMA -CHIVAY;Arequipa;Caylloma;Caylloma;;;2.6;Genérica del gasto;Adquisición de activos no financieros;Recursos determinados;11581737;No sectorizable (gasto por genérica);Localizada en Arequipa;;Sí;0
7;ANEXO-7-1-2;112;1084;Gobierno local;040502;MUNICIPALIDAD DISTRITAL DE ACHOMA;Arequipa;Caylloma;Achoma;;;2.1;Genérica del gasto;Personal y obligaciones sociales;Recursos determinados;170810;No sectorizable (gasto por genérica);Localizada en Arequipa;;Sí;0
7;ANEXO-7-1-2;112;1084;Gobierno local;040502;MUNICIPALIDAD DISTRITAL DE ACHOMA;Arequipa;Caylloma;Achoma;;;2.2;Genérica del gasto;Pensiones y otras prestaciones sociales;Recursos ordinarios;25886;Previsión social;Localizada en Arequipa;;Sí;0
7;ANEXO-7-1-2;112;1084;Gobierno local;040502;MUNICIPALIDAD DISTRITAL DE ACHOMA;Arequipa;Caylloma;Achoma;;;2.3;Genérica del gasto;Bienes y servicios;Recursos directamente recaudados;32338;No sectorizable (gasto por genérica);Localizada en Arequipa;;Sí;0
7;ANEXO-7-1-2;112;1084;Gobierno local;040502;MUNICIPALIDAD DISTRITAL DE ACHOMA;Arequipa;Caylloma;Achoma;;;2.3;Genérica del gasto;Bienes y servicios;Recursos determinados;956999;No sectorizable (gasto por genérica);Localizada en Arequipa;;Sí;0
7;ANEXO-7-1-2;112;1084;Gobierno local;040502;MUNICIPALIDAD DISTRITAL DE ACHOMA;Arequipa;Caylloma;Achoma;;;2.6;Genérica del gasto;Adquisición de activos no financieros;Recursos determinados;895543;No sectorizable (gasto por genérica);Localizada en Arequipa;;Sí;0
7;ANEXO-7-1-2;113;1085;Gobierno local;040503;MUNICIPALIDAD DISTRITAL DE CABANACONDE;Arequipa;Caylloma;Cabanaconde;;;2.1;Genérica del gasto;Personal y obligaciones sociales;Recursos determinados;312944;No sectorizable (gasto por genérica);Localizada en Arequipa;;Sí;0
7;ANEXO-7-1-2;113;1085;Gobierno local;040503;MUNICIPALIDAD DISTRITAL DE CABANACONDE;Arequipa;Caylloma;Cabanaconde;;;2.2;Genérica del gasto;Pensiones y otras prestaciones sociales;Recursos ordinarios;62032;Previsión social;Localizada en Arequipa;;Sí;0
7;ANEXO-7-1-2;113;1085;Gobierno local;040503;MUNICIPALIDAD DISTRITAL DE CABANACONDE;Arequipa;Caylloma;Cabanaconde;;;2.2;Genérica del gasto;Pensiones y otras prestaciones sociales;Recursos determinados;8098;Previsión social;Localizada en Arequipa;;Sí;0
7;ANEXO-7-1-2;113;1085;Gobierno local;040503;MUNICIPALIDAD DISTRITAL DE CABANACONDE;Arequipa;Caylloma;Cabanaconde;;;2.3;Genérica del gasto;Bienes y servicios;Recursos directamente recaudados;134397;No sectorizable (gasto por genérica);Localizada en Arequipa;;Sí;0
7;ANEXO-7-1-2;113;1085;Gobierno local;040503;MUNICIPALIDAD DISTRITAL DE CABANACONDE;Arequipa;Caylloma;Cabanaconde;;;2.3;Genérica del gasto;Bienes y servicios;Recursos determinados;1129490;No sectorizable (gasto por genérica);Localizada en Arequipa;;Sí;0
7;ANEXO-7-1-2;113;1085;Gobierno local;040503;MUNICIPALIDAD DISTRITAL DE CABANACONDE;Arequipa;Caylloma;Cabanaconde;;;2.4;Genérica del gasto;Donaciones y transferencias;Recursos determinados;40380;No sectorizable (gasto por genérica);Localizada en Arequipa;;Sí;0
7;ANEXO-7-1-2;113;1085;Gobierno local;040503;MUNICIPALIDAD DISTRITAL DE CABANACONDE;Arequipa;Caylloma;Cabanaconde;;;2.6;Genérica del gasto;Adquisición de activos no financieros;Recursos determinados;2472799;No sectorizable (gasto por genérica);Localizada en Arequipa;;Sí;0
7;ANEXO-7-1-2;113;1085;Gobierno local;040504;MUNICIPALIDAD DISTRITAL DE CALLALLI;Arequipa;Caylloma;Callalli;;;2.1;Genérica del gasto;Personal y obligaciones sociales;Recursos determinados;297000;No sectorizable (gasto por genérica);Localizada en Arequipa;;Sí;0
7;ANEXO-7-1-2;113;1085;Gobierno local;040504;MUNICIPALIDAD DISTRITAL DE CALLALLI;Arequipa;Caylloma;Callalli;;;2.2;Genérica del gasto;Pensiones y otras prestaciones sociales;Recursos ordinarios;57296;Previsión social;Localizada en Arequipa;;Sí;0
7;ANEXO-7-1-2;113;1085;Gobierno local;040504;MUNICIPALIDAD DISTRITAL DE CALLALLI;Arequipa;Caylloma;Callalli;;;2.3;Genérica del gasto;Bienes y servicios;Recursos directamente recaudados;58400;No sectorizable (gasto por genérica);Localizada en Arequipa;;Sí;0
7;ANEXO-7-1-2;113;1085;Gobierno local;040504;MUNICIPALIDAD DISTRITAL DE CALLALLI;Arequipa;Caylloma;Callalli;;;2.3;Genérica del gasto;Bienes y servicios;Recursos determinados;1000414;No sectorizable (gasto por genérica);Localizada en Arequipa;;Sí;0
7;ANEXO-7-1-2;113;1085;Gobierno local;040504;MUNICIPALIDAD DISTRITAL DE CALLALLI;Arequipa;Caylloma;Callalli;;;2.6;Genérica del gasto;Adquisición de activos no financieros;Recursos determinados;1443341;No sectorizable (gasto por genérica);Localizada en Arequipa;;Sí;0
7;ANEXO-7-1-2;113;1085;Gobierno local;040505;MUNICIPALIDAD DISTRITAL DE CAYLLOMA;Arequipa;Caylloma;Caylloma;;;2.1;Genérica del gasto;Personal y obligaciones sociales;Recursos determinados;671057;No sectorizable (gasto por genérica);Localizada en Arequipa;;Sí;0
7;ANEXO-7-1-2;113;1085;Gobierno local;040505;MUNICIPALIDAD DISTRITAL DE CAYLLOMA;Arequipa;Caylloma;Caylloma;;;2.2;Genérica del gasto;Pensiones y otras prestaciones sociales;Recursos ordinarios;139768;Previsión social;Localizada en Arequipa;;Sí;0
7;ANEXO-7-1-2;113;1085;Gobierno local;040505;MUNICIPALIDAD DISTRITAL DE CAYLLOMA;Arequipa;Caylloma;Caylloma;;;2.3;Genérica del gasto;Bienes y servicios;Recursos directamente recaudados;499000;No sectorizable (gasto por genérica);Localizada en Arequipa;;Sí;0
7;ANEXO-7-1-2;113;1085;Gobierno local;040505;MUNICIPALIDAD DISTRITAL DE CAYLLOMA;Arequipa;Caylloma;Caylloma;;;2.3;Genérica del gasto;Bienes y servicios;Recursos determinados;1595828;No sectorizable (gasto por genérica);Localizada en Arequipa;;Sí;0
7;ANEXO-7-1-2;113;1085;Gobierno local;040505;MUNICIPALIDAD DISTRITAL DE CAYLLOMA;Arequipa;Caylloma;Caylloma;;;2.4;Genérica del gasto;Donaciones y transferencias;Recursos determinados;78360;No sectorizable (gasto por genérica);Localizada en Arequipa;;Sí;0
7;ANEXO-7-1-2;113;1085;Gobierno local;040505;MUNICIPALIDAD DISTRITAL DE CAYLLOMA;Arequipa;Caylloma;Caylloma;;;2.5;Genérica del gasto;Otros gastos;Recursos determinados;5000;No sectorizable (gasto por genérica);Localizada en Arequipa;;Sí;0
7;ANEXO-7-1-2;113;1085;Gobierno local;040505;MUNICIPALIDAD DISTRITAL DE CAYLLOMA;Arequipa;Caylloma;Caylloma;;;2.6;Genérica del gasto;Adquisición de activos no financieros;Recursos directamente recaudados;6000;No sectorizable (gasto por genérica);Localizada en Arequipa;;Sí;0
7;ANEXO-7-1-2;113;1085;Gobierno local;040505;MUNICIPALIDAD DISTRITAL DE CAYLLOMA;Arequipa;Caylloma;Caylloma;;;2.6;Genérica del gasto;Adquisición de activos no financieros;Recursos determinados;6316517;No sectorizable (gasto por genérica);Localizada en Arequipa;;Sí;0
7;ANEXO-7-1-2;113;1085;Gobierno local;040506;MUNICIPALIDAD DISTRITAL DE COPORAQUE;Arequipa;Caylloma;Coporaque;;;2.1;Genérica del gasto;Personal y obligaciones sociales;Recursos determinados;233211;No sectorizable (gasto por genérica);Localizada en Arequipa;;Sí;0
7;ANEXO-7-1-2;113;1085;Gobierno local;040506;MUNICIPALIDAD DISTRITAL DE COPORAQUE;Arequipa;Caylloma;Coporaque;;;2.2;Genérica del gasto;Pensiones y otras prestaciones sociales;Recursos ordinarios;25038;Previsión social;Localizada en Arequipa;;Sí;0
7;ANEXO-7-1-2;113;1085;Gobierno local;040506;MUNICIPALIDAD DISTRITAL DE COPORAQUE;Arequipa;Caylloma;Coporaque;;;2.2;Genérica del gasto;Pensiones y otras prestaciones sociales;Recursos directamente recaudados;5202;Previsión social;Localizada en Arequipa;;Sí;0
7;ANEXO-7-1-2;113;1085;Gobierno local;040506;MUNICIPALIDAD DISTRITAL DE COPORAQUE;Arequipa;Caylloma;Coporaque;;;2.3;Genérica del gasto;Bienes y servicios;Recursos directamente recaudados;164563;No sectorizable (gasto por genérica);Localizada en Arequipa;;Sí;0
7;ANEXO-7-1-2;113;1085;Gobierno local;040506;MUNICIPALIDAD DISTRITAL DE COPORAQUE;Arequipa;Caylloma;Coporaque;;;2.3;Genérica del gasto;Bienes y servicios;Recursos determinados;986493;No sectorizable (gasto por genérica);Localizada en Arequipa;;Sí;0
7;ANEXO-7-1-2;113;1085;Gobierno local;040506;MUNICIPALIDAD DISTRITAL DE COPORAQUE;Arequipa;Caylloma;Coporaque;;;2.6;Genérica del gasto;Adquisición de activos no financieros;Recursos determinados;1057202;No sectorizable (gasto por genérica);Localizada en Arequipa;;Sí;0
7;ANEXO-7-1-2;114;1086;Gobierno local;040507;MUNICIPALIDAD DISTRITAL DE HUAMBO;Arequipa;Caylloma;Huambo;;;2.1;Genérica del gasto;Personal y obligaciones sociales;Recursos determinados;206220;No sectorizable (gasto por genérica);Localizada en Arequipa;;Sí;0
7;ANEXO-7-1-2;114;1086;Gobierno local;040507;MUNICIPALIDAD DISTRITAL DE HUAMBO;Arequipa;Caylloma;Huambo;;;2.2;Genérica del gasto;Pensiones y otras prestaciones sociales;Recursos ordinarios;25956;Previsión social;Localizada en Arequipa;;Sí;0
7;ANEXO-7-1-2;114;1086;Gobierno local;040507;MUNICIPALIDAD DISTRITAL DE HUAMBO;Arequipa;Caylloma;Huambo;;;2.3;Genérica del gasto;Bienes y servicios;Recursos directamente recaudados;60200;No sectorizable (gasto por genérica);Localizada en Arequipa;;Sí;0
7;ANEXO-7-1-2;114;1086;Gobierno local;040507;MUNICIPALIDAD DISTRITAL DE HUAMBO;Arequipa;Caylloma;Huambo;;;2.3;Genérica del gasto;Bienes y servicios;Recursos determinados;898992;No sectorizable (gasto por genérica);Localizada en Arequipa;;Sí;0
7;ANEXO-7-1-2;114;1086;Gobierno local;040507;MUNICIPALIDAD DISTRITAL DE HUAMBO;Arequipa;Caylloma;Huambo;;;2.6;Genérica del gasto;Adquisición de activos no financieros;Recursos determinados;714990;No sectorizable (gasto por genérica);Localizada en Arequipa;;Sí;0
7;ANEXO-7-1-2;114;1086;Gobierno local;040508;MUNICIPALIDAD DISTRITAL DE HUANCA;Arequipa;Caylloma;Huanca;;;2.1;Genérica del gasto;Personal y obligaciones sociales;Recursos determinados;351701;No sectorizable (gasto por genérica);Localizada en Arequipa;;Sí;0
7;ANEXO-7-1-2;114;1086;Gobierno local;040508;MUNICIPALIDAD DISTRITAL DE HUANCA;Arequipa;Caylloma;Huanca;;;2.2;Genérica del gasto;Pensiones y otras prestaciones sociales;Recursos ordinarios;47360;Previsión social;Localizada en Arequipa;;Sí;0
7;ANEXO-7-1-2;114;1086;Gobierno local;040508;MUNICIPALIDAD DISTRITAL DE HUANCA;Arequipa;Caylloma;Huanca;;;2.2;Genérica del gasto;Pensiones y otras prestaciones sociales;Recursos determinados;10000;Previsión social;Localizada en Arequipa;;Sí;0
7;ANEXO-7-1-2;114;1086;Gobierno local;040508;MUNICIPALIDAD DISTRITAL DE HUANCA;Arequipa;Caylloma;Huanca;;;2.3;Genérica del gasto;Bienes y servicios;Recursos directamente recaudados;170000;No sectorizable (gasto por genérica);Localizada en Arequipa;;Sí;0
7;ANEXO-7-1-2;114;1086;Gobierno local;040508;MUNICIPALIDAD DISTRITAL DE HUANCA;Arequipa;Caylloma;Huanca;;;2.3;Genérica del gasto;Bienes y servicios;Recursos determinados;902732;No sectorizable (gasto por genérica);Localizada en Arequipa;;Sí;0
7;ANEXO-7-1-2;114;1086;Gobierno local;040508;MUNICIPALIDAD DISTRITAL DE HUANCA;Arequipa;Caylloma;Huanca;;;2.5;Genérica del gasto;Otros gastos;Recursos determinados;12000;No sectorizable (gasto por genérica);Localizada en Arequipa;;Sí;0
7;ANEXO-7-1-2;114;1086;Gobierno local;040508;MUNICIPALIDAD DISTRITAL DE HUANCA;Arequipa;Caylloma;Huanca;;;2.6;Genérica del gasto;Adquisición de activos no financieros;Recursos determinados;1703502;No sectorizable (gasto por genérica);Localizada en Arequipa;;Sí;0
7;ANEXO-7-1-2;114;1086;Gobierno local;040509;MUNICIPALIDAD DISTRITAL DE ICHUPAMPA;Arequipa;Caylloma;Ichupampa;;;2.1;Genérica del gasto;Personal y obligaciones sociales;Recursos determinados;150471;No sectorizable (gasto por genérica);Localizada en Arequipa;;Sí;0
7;ANEXO-7-1-2;114;1086;Gobierno local;040509;MUNICIPALIDAD DISTRITAL DE ICHUPAMPA;Arequipa;Caylloma;Ichupampa;;;2.2;Genérica del gasto;Pensiones y otras prestaciones sociales;Recursos ordinarios;16079;Previsión social;Localizada en Arequipa;;Sí;0
7;ANEXO-7-1-2;114;1086;Gobierno local;040509;MUNICIPALIDAD DISTRITAL DE ICHUPAMPA;Arequipa;Caylloma;Ichupampa;;;2.2;Genérica del gasto;Pensiones y otras prestaciones sociales;Recursos determinados;6357;Previsión social;Localizada en Arequipa;;Sí;0
7;ANEXO-7-1-2;114;1086;Gobierno local;040509;MUNICIPALIDAD DISTRITAL DE ICHUPAMPA;Arequipa;Caylloma;Ichupampa;;;2.3;Genérica del gasto;Bienes y servicios;Recursos directamente recaudados;46863;No sectorizable (gasto por genérica);Localizada en Arequipa;;Sí;0
7;ANEXO-7-1-2;114;1086;Gobierno local;040509;MUNICIPALIDAD DISTRITAL DE ICHUPAMPA;Arequipa;Caylloma;Ichupampa;;;2.3;Genérica del gasto;Bienes y servicios;Recursos determinados;920899;No sectorizable (gasto por genérica);Localizada en Arequipa;;Sí;0
7;ANEXO-7-1-2;114;1086;Gobierno local;040509;MUNICIPALIDAD DISTRITAL DE ICHUPAMPA;Arequipa;Caylloma;Ichupampa;;;2.5;Genérica del gasto;Otros gastos;Recursos determinados;11600;No sectorizable (gasto por genérica);Localizada en Arequipa;;Sí;0
7;ANEXO-7-1-2;114;1086;Gobierno local;040509;MUNICIPALIDAD DISTRITAL DE ICHUPAMPA;Arequipa;Caylloma;Ichupampa;;;2.6;Genérica del gasto;Adquisición de activos no financieros;Recursos determinados;804686;No sectorizable (gasto por genérica);Localizada en Arequipa;;Sí;0
7;ANEXO-7-1-2;114;1086;Gobierno local;040510;MUNICIPALIDAD DISTRITAL DE LARI;Arequipa;Caylloma;Lari;;;2.1;Genérica del gasto;Personal y obligaciones sociales;Recursos determinados;175726;No sectorizable (gasto por genérica);Localizada en Arequipa;;Sí;0
7;ANEXO-7-1-2;114;1086;Gobierno local;040510;MUNICIPALIDAD DISTRITAL DE LARI;Arequipa;Caylloma;Lari;;;2.2;Genérica del gasto;Pensiones y otras prestaciones sociales;Recursos ordinarios;26493;Previsión social;Localizada en Arequipa;;Sí;0
7;ANEXO-7-1-2;114;1086;Gobierno local;040510;MUNICIPALIDAD DISTRITAL DE LARI;Arequipa;Caylloma;Lari;;;2.3;Genérica del gasto;Bienes y servicios;Recursos directamente recaudados;45950;No sectorizable (gasto por genérica);Localizada en Arequipa;;Sí;0
7;ANEXO-7-1-2;114;1086;Gobierno local;040510;MUNICIPALIDAD DISTRITAL DE LARI;Arequipa;Caylloma;Lari;;;2.3;Genérica del gasto;Bienes y servicios;Recursos determinados;1028455;No sectorizable (gasto por genérica);Localizada en Arequipa;;Sí;0
7;ANEXO-7-1-2;114;1086;Gobierno local;040510;MUNICIPALIDAD DISTRITAL DE LARI;Arequipa;Caylloma;Lari;;;2.6;Genérica del gasto;Adquisición de activos no financieros;Recursos determinados;1010621;No sectorizable (gasto por genérica);Localizada en Arequipa;;Sí;0
7;ANEXO-7-1-2;115;1087;Gobierno local;040511;MUNICIPALIDAD DISTRITAL DE LLUTA;Arequipa;Caylloma;Lluta;;;2.1;Genérica del gasto;Personal y obligaciones sociales;Recursos determinados;341594;No sectorizable (gasto por genérica);Localizada en Arequipa;;Sí;0
7;ANEXO-7-1-2;115;1087;Gobierno local;040511;MUNICIPALIDAD DISTRITAL DE LLUTA;Arequipa;Caylloma;Lluta;;;2.2;Genérica del gasto;Pensiones y otras prestaciones sociales;Recursos ordinarios;63884;Previsión social;Localizada en Arequipa;;Sí;0
7;ANEXO-7-1-2;115;1087;Gobierno local;040511;MUNICIPALIDAD DISTRITAL DE LLUTA;Arequipa;Caylloma;Lluta;;;2.3;Genérica del gasto;Bienes y servicios;Recursos directamente recaudados;251700;No sectorizable (gasto por genérica);Localizada en Arequipa;;Sí;0
7;ANEXO-7-1-2;115;1087;Gobierno local;040511;MUNICIPALIDAD DISTRITAL DE LLUTA;Arequipa;Caylloma;Lluta;;;2.3;Genérica del gasto;Bienes y servicios;Recursos determinados;773262;No sectorizable (gasto por genérica);Localizada en Arequipa;;Sí;0
7;ANEXO-7-1-2;115;1087;Gobierno local;040511;MUNICIPALIDAD DISTRITAL DE LLUTA;Arequipa;Caylloma;Lluta;;;2.4;Genérica del gasto;Donaciones y transferencias;Recursos determinados;37500;No sectorizable (gasto por genérica);Localizada en Arequipa;;Sí;0
7;ANEXO-7-1-2;115;1087;Gobierno local;040511;MUNICIPALIDAD DISTRITAL DE LLUTA;Arequipa;Caylloma;Lluta;;;2.6;Genérica del gasto;Adquisición de activos no financieros;Recursos determinados;1064498;No sectorizable (gasto por genérica);Localizada en Arequipa;;Sí;0
7;ANEXO-7-1-2;115;1087;Gobierno local;040512;MUNICIPALIDAD DISTRITAL DE MACA;Arequipa;Caylloma;Maca;;;2.1;Genérica del gasto;Personal y obligaciones sociales;Recursos determinados;187864;No sectorizable (gasto por genérica);Localizada en Arequipa;;Sí;0
7;ANEXO-7-1-2;115;1087;Gobierno local;040512;MUNICIPALIDAD DISTRITAL DE MACA;Arequipa;Caylloma;Maca;;;2.2;Genérica del gasto;Pensiones y otras prestaciones sociales;Recursos ordinarios;21491;Previsión social;Localizada en Arequipa;;Sí;0
7;ANEXO-7-1-2;115;1087;Gobierno local;040512;MUNICIPALIDAD DISTRITAL DE MACA;Arequipa;Caylloma;Maca;;;2.3;Genérica del gasto;Bienes y servicios;Recursos directamente recaudados;32700;No sectorizable (gasto por genérica);Localizada en Arequipa;;Sí;0
7;ANEXO-7-1-2;115;1087;Gobierno local;040512;MUNICIPALIDAD DISTRITAL DE MACA;Arequipa;Caylloma;Maca;;;2.3;Genérica del gasto;Bienes y servicios;Recursos determinados;900749;No sectorizable (gasto por genérica);Localizada en Arequipa;;Sí;0
7;ANEXO-7-1-2;115;1087;Gobierno local;040512;MUNICIPALIDAD DISTRITAL DE MACA;Arequipa;Caylloma;Maca;;;2.6;Genérica del gasto;Adquisición de activos no financieros;Recursos determinados;799314;No sectorizable (gasto por genérica);Localizada en Arequipa;;Sí;0
7;ANEXO-7-1-2;115;1087;Gobierno local;040513;MUNICIPALIDAD DISTRITAL DE MADRIGAL;Arequipa;Caylloma;Madrigal;;;2.1;Genérica del gasto;Personal y obligaciones sociales;Recursos determinados;244897;No sectorizable (gasto por genérica);Localizada en Arequipa;;Sí;0
7;ANEXO-7-1-2;115;1087;Gobierno local;040513;MUNICIPALIDAD DISTRITAL DE MADRIGAL;Arequipa;Caylloma;Madrigal;;;2.2;Genérica del gasto;Pensiones y otras prestaciones sociales;Recursos ordinarios;18701;Previsión social;Localizada en Arequipa;;Sí;0
7;ANEXO-7-1-2;115;1087;Gobierno local;040513;MUNICIPALIDAD DISTRITAL DE MADRIGAL;Arequipa;Caylloma;Madrigal;;;2.3;Genérica del gasto;Bienes y servicios;Recursos directamente recaudados;142841;No sectorizable (gasto por genérica);Localizada en Arequipa;;Sí;0
7;ANEXO-7-1-2;115;1087;Gobierno local;040513;MUNICIPALIDAD DISTRITAL DE MADRIGAL;Arequipa;Caylloma;Madrigal;;;2.3;Genérica del gasto;Bienes y servicios;Recursos determinados;939655;No sectorizable (gasto por genérica);Localizada en Arequipa;;Sí;0
7;ANEXO-7-1-2;115;1087;Gobierno local;040513;MUNICIPALIDAD DISTRITAL DE MADRIGAL;Arequipa;Caylloma;Madrigal;;;2.6;Genérica del gasto;Adquisición de activos no financieros;Recursos determinados;985666;No sectorizable (gasto por genérica);Localizada en Arequipa;;Sí;0
7;ANEXO-7-1-2;115;1087;Gobierno local;040514;MUNICIPALIDAD DISTRITAL DE SAN ANTONIO DE CHUCA;Arequipa;Caylloma;San Antonio De Chuca;;;2.1;Genérica del gasto;Personal y obligaciones sociales;Recursos determinados;504200;No sectorizable (gasto por genérica);Localizada en Arequipa;;Sí;0
7;ANEXO-7-1-2;115;1087;Gobierno local;040514;MUNICIPALIDAD DISTRITAL DE SAN ANTONIO DE CHUCA;Arequipa;Caylloma;San Antonio De Chuca;;;2.2;Genérica del gasto;Pensiones y otras prestaciones sociales;Recursos ordinarios;17313;Previsión social;Localizada en Arequipa;;Sí;0
7;ANEXO-7-1-2;115;1087;Gobierno local;040514;MUNICIPALIDAD DISTRITAL DE SAN ANTONIO DE CHUCA;Arequipa;Caylloma;San Antonio De Chuca;;;2.2;Genérica del gasto;Pensiones y otras prestaciones sociales;Recursos directamente recaudados;13235;Previsión social;Localizada en Arequipa;;Sí;0
7;ANEXO-7-1-2;115;1087;Gobierno local;040514;MUNICIPALIDAD DISTRITAL DE SAN ANTONIO DE CHUCA;Arequipa;Caylloma;San Antonio De Chuca;;;2.3;Genérica del gasto;Bienes y servicios;Recursos directamente recaudados;121773;No sectorizable (gasto por genérica);Localizada en Arequipa;;Sí;0
7;ANEXO-7-1-2;115;1087;Gobierno local;040514;MUNICIPALIDAD DISTRITAL DE SAN ANTONIO DE CHUCA;Arequipa;Caylloma;San Antonio De Chuca;;;2.3;Genérica del gasto;Bienes y servicios;Recursos determinados;1407456;No sectorizable (gasto por genérica);Localizada en Arequipa;;Sí;0
7;ANEXO-7-1-2;115;1087;Gobierno local;040514;MUNICIPALIDAD DISTRITAL DE SAN ANTONIO DE CHUCA;Arequipa;Caylloma;San Antonio De Chuca;;;2.6;Genérica del gasto;Adquisición de activos no financieros;Recursos directamente recaudados;14295;No sectorizable (gasto por genérica);Localizada en Arequipa;;Sí;0
7;ANEXO-7-1-2;115;1087;Gobierno local;040514;MUNICIPALIDAD DISTRITAL DE SAN ANTONIO DE CHUCA;Arequipa;Caylloma;San Antonio De Chuca;;;2.6;Genérica del gasto;Adquisición de activos no financieros;Recursos determinados;1332648;No sectorizable (gasto por genérica);Localizada en Arequipa;;Sí;0
7;ANEXO-7-1-2;115;1087;Gobierno local;040515;MUNICIPALIDAD DISTRITAL DE SIBAYO;Arequipa;Caylloma;Sibayo;;;2.1;Genérica del gasto;Personal y obligaciones sociales;Recursos determinados;135304;No sectorizable (gasto por genérica);Localizada en Arequipa;;Sí;0
7;ANEXO-7-1-2;116;1088;Gobierno local;040515;MUNICIPALIDAD DISTRITAL DE SIBAYO;Arequipa;Caylloma;Sibayo;;;2.2;Genérica del gasto;Pensiones y otras prestaciones sociales;Recursos ordinarios;19116;Previsión social;Localizada en Arequipa;;Sí;0
7;ANEXO-7-1-2;116;1088;Gobierno local;040515;MUNICIPALIDAD DISTRITAL DE SIBAYO;Arequipa;Caylloma;Sibayo;;;2.2;Genérica del gasto;Pensiones y otras prestaciones sociales;Recursos directamente recaudados;1710;Previsión social;Localizada en Arequipa;;Sí;0
7;ANEXO-7-1-2;116;1088;Gobierno local;040515;MUNICIPALIDAD DISTRITAL DE SIBAYO;Arequipa;Caylloma;Sibayo;;;2.3;Genérica del gasto;Bienes y servicios;Recursos directamente recaudados;32090;No sectorizable (gasto por genérica);Localizada en Arequipa;;Sí;0
7;ANEXO-7-1-2;116;1088;Gobierno local;040515;MUNICIPALIDAD DISTRITAL DE SIBAYO;Arequipa;Caylloma;Sibayo;;;2.3;Genérica del gasto;Bienes y servicios;Recursos determinados;992567;No sectorizable (gasto por genérica);Localizada en Arequipa;;Sí;0
7;ANEXO-7-1-2;116;1088;Gobierno local;040515;MUNICIPALIDAD DISTRITAL DE SIBAYO;Arequipa;Caylloma;Sibayo;;;2.6;Genérica del gasto;Adquisición de activos no financieros;Recursos determinados;1006501;No sectorizable (gasto por genérica);Localizada en Arequipa;;Sí;0
7;ANEXO-7-1-2;116;1088;Gobierno local;040516;MUNICIPALIDAD DISTRITAL DE TAPAY;Arequipa;Caylloma;Tapay;;;2.1;Genérica del gasto;Personal y obligaciones sociales;Recursos determinados;190041;No sectorizable (gasto por genérica);Localizada en Arequipa;;Sí;0
7;ANEXO-7-1-2;116;1088;Gobierno local;040516;MUNICIPALIDAD DISTRITAL DE TAPAY;Arequipa;Caylloma;Tapay;;;2.2;Genérica del gasto;Pensiones y otras prestaciones sociales;Recursos ordinarios;25779;Previsión social;Localizada en Arequipa;;Sí;0
7;ANEXO-7-1-2;116;1088;Gobierno local;040516;MUNICIPALIDAD DISTRITAL DE TAPAY;Arequipa;Caylloma;Tapay;;;2.3;Genérica del gasto;Bienes y servicios;Recursos directamente recaudados;15000;No sectorizable (gasto por genérica);Localizada en Arequipa;;Sí;0
7;ANEXO-7-1-2;116;1088;Gobierno local;040516;MUNICIPALIDAD DISTRITAL DE TAPAY;Arequipa;Caylloma;Tapay;;;2.3;Genérica del gasto;Bienes y servicios;Recursos determinados;1252862;No sectorizable (gasto por genérica);Localizada en Arequipa;;Sí;0
7;ANEXO-7-1-2;116;1088;Gobierno local;040516;MUNICIPALIDAD DISTRITAL DE TAPAY;Arequipa;Caylloma;Tapay;;;2.6;Genérica del gasto;Adquisición de activos no financieros;Recursos determinados;3379346;No sectorizable (gasto por genérica);Localizada en Arequipa;;Sí;0
7;ANEXO-7-1-2;116;1088;Gobierno local;040517;MUNICIPALIDAD DISTRITAL DE TISCO;Arequipa;Caylloma;Tisco;;;2.1;Genérica del gasto;Personal y obligaciones sociales;Recursos determinados;388892;No sectorizable (gasto por genérica);Localizada en Arequipa;;Sí;0
7;ANEXO-7-1-2;116;1088;Gobierno local;040517;MUNICIPALIDAD DISTRITAL DE TISCO;Arequipa;Caylloma;Tisco;;;2.2;Genérica del gasto;Pensiones y otras prestaciones sociales;Recursos ordinarios;56008;Previsión social;Localizada en Arequipa;;Sí;0
7;ANEXO-7-1-2;116;1088;Gobierno local;040517;MUNICIPALIDAD DISTRITAL DE TISCO;Arequipa;Caylloma;Tisco;;;2.3;Genérica del gasto;Bienes y servicios;Recursos directamente recaudados;71650;No sectorizable (gasto por genérica);Localizada en Arequipa;;Sí;0
7;ANEXO-7-1-2;116;1088;Gobierno local;040517;MUNICIPALIDAD DISTRITAL DE TISCO;Arequipa;Caylloma;Tisco;;;2.3;Genérica del gasto;Bienes y servicios;Recursos determinados;952008;No sectorizable (gasto por genérica);Localizada en Arequipa;;Sí;0
7;ANEXO-7-1-2;116;1088;Gobierno local;040517;MUNICIPALIDAD DISTRITAL DE TISCO;Arequipa;Caylloma;Tisco;;;2.4;Genérica del gasto;Donaciones y transferencias;Recursos determinados;59760;No sectorizable (gasto por genérica);Localizada en Arequipa;;Sí;0
7;ANEXO-7-1-2;116;1088;Gobierno local;040517;MUNICIPALIDAD DISTRITAL DE TISCO;Arequipa;Caylloma;Tisco;;;2.6;Genérica del gasto;Adquisición de activos no financieros;Recursos determinados;2539624;No sectorizable (gasto por genérica);Localizada en Arequipa;;Sí;0
7;ANEXO-7-1-2;116;1088;Gobierno local;040518;MUNICIPALIDAD DISTRITAL DE TUTI;Arequipa;Caylloma;Tuti;;;2.1;Genérica del gasto;Personal y obligaciones sociales;Recursos determinados;235085;No sectorizable (gasto por genérica);Localizada en Arequipa;;Sí;0
7;ANEXO-7-1-2;116;1088;Gobierno local;040518;MUNICIPALIDAD DISTRITAL DE TUTI;Arequipa;Caylloma;Tuti;;;2.2;Genérica del gasto;Pensiones y otras prestaciones sociales;Recursos ordinarios;25913;Previsión social;Localizada en Arequipa;;Sí;0
7;ANEXO-7-1-2;116;1088;Gobierno local;040518;MUNICIPALIDAD DISTRITAL DE TUTI;Arequipa;Caylloma;Tuti;;;2.3;Genérica del gasto;Bienes y servicios;Recursos directamente recaudados;92193;No sectorizable (gasto por genérica);Localizada en Arequipa;;Sí;0
7;ANEXO-7-1-2;116;1088;Gobierno local;040518;MUNICIPALIDAD DISTRITAL DE TUTI;Arequipa;Caylloma;Tuti;;;2.3;Genérica del gasto;Bienes y servicios;Recursos determinados;746177;No sectorizable (gasto por genérica);Localizada en Arequipa;;Sí;0
7;ANEXO-7-1-2;116;1088;Gobierno local;040518;MUNICIPALIDAD DISTRITAL DE TUTI;Arequipa;Caylloma;Tuti;;;2.6;Genérica del gasto;Adquisición de activos no financieros;Recursos determinados;887257;No sectorizable (gasto por genérica);Localizada en Arequipa;;Sí;0
7;ANEXO-7-1-2;116;1088;Gobierno local;040519;MUNICIPALIDAD DISTRITAL DE YANQUE;Arequipa;Caylloma;Yanque;;;2.1;Genérica del gasto;Personal y obligaciones sociales;Recursos determinados;292735;No sectorizable (gasto por genérica);Localizada en Arequipa;;Sí;0
7;ANEXO-7-1-2;116;1088;Gobierno local;040519;MUNICIPALIDAD DISTRITAL DE YANQUE;Arequipa;Caylloma;Yanque;;;2.2;Genérica del gasto;Pensiones y otras prestaciones sociales;Recursos ordinarios;39855;Previsión social;Localizada en Arequipa;;Sí;0
7;ANEXO-7-1-2;116;1088;Gobierno local;040519;MUNICIPALIDAD DISTRITAL DE YANQUE;Arequipa;Caylloma;Yanque;;;2.2;Genérica del gasto;Pensiones y otras prestaciones sociales;Recursos directamente recaudados;14173;Previsión social;Localizada en Arequipa;;Sí;0
7;ANEXO-7-1-2;117;1089;Gobierno local;040519;MUNICIPALIDAD DISTRITAL DE YANQUE;Arequipa;Caylloma;Yanque;;;2.3;Genérica del gasto;Bienes y servicios;Recursos directamente recaudados;410827;No sectorizable (gasto por genérica);Localizada en Arequipa;;Sí;0
7;ANEXO-7-1-2;117;1089;Gobierno local;040519;MUNICIPALIDAD DISTRITAL DE YANQUE;Arequipa;Caylloma;Yanque;;;2.3;Genérica del gasto;Bienes y servicios;Recursos determinados;1283947;No sectorizable (gasto por genérica);Localizada en Arequipa;;Sí;0
7;ANEXO-7-1-2;117;1089;Gobierno local;040519;MUNICIPALIDAD DISTRITAL DE YANQUE;Arequipa;Caylloma;Yanque;;;2.4;Genérica del gasto;Donaciones y transferencias;Recursos determinados;81766;No sectorizable (gasto por genérica);Localizada en Arequipa;;Sí;0
7;ANEXO-7-1-2;117;1089;Gobierno local;040519;MUNICIPALIDAD DISTRITAL DE YANQUE;Arequipa;Caylloma;Yanque;;;2.6;Genérica del gasto;Adquisición de activos no financieros;Recursos determinados;2422935;No sectorizable (gasto por genérica);Localizada en Arequipa;;Sí;0
7;ANEXO-7-1-2;117;1089;Gobierno local;040520;MUNICIPALIDAD DISTRITAL DE MAJES;Arequipa;Caylloma;Majes;;;2.1;Genérica del gasto;Personal y obligaciones sociales;Recursos directamente recaudados;2337432;No sectorizable (gasto por genérica);Localizada en Arequipa;;Sí;0
7;ANEXO-7-1-2;117;1089;Gobierno local;040520;MUNICIPALIDAD DISTRITAL DE MAJES;Arequipa;Caylloma;Majes;;;2.1;Genérica del gasto;Personal y obligaciones sociales;Recursos determinados;19177292;No sectorizable (gasto por genérica);Localizada en Arequipa;;Sí;0
7;ANEXO-7-1-2;117;1089;Gobierno local;040520;MUNICIPALIDAD DISTRITAL DE MAJES;Arequipa;Caylloma;Majes;;;2.2;Genérica del gasto;Pensiones y otras prestaciones sociales;Recursos ordinarios;227630;Previsión social;Localizada en Arequipa;;Sí;0
7;ANEXO-7-1-2;117;1089;Gobierno local;040520;MUNICIPALIDAD DISTRITAL DE MAJES;Arequipa;Caylloma;Majes;;;2.2;Genérica del gasto;Pensiones y otras prestaciones sociales;Recursos directamente recaudados;50000;Previsión social;Localizada en Arequipa;;Sí;0
7;ANEXO-7-1-2;117;1089;Gobierno local;040520;MUNICIPALIDAD DISTRITAL DE MAJES;Arequipa;Caylloma;Majes;;;2.3;Genérica del gasto;Bienes y servicios;Recursos ordinarios;200307;No sectorizable (gasto por genérica);Localizada en Arequipa;;Sí;0
7;ANEXO-7-1-2;117;1089;Gobierno local;040520;MUNICIPALIDAD DISTRITAL DE MAJES;Arequipa;Caylloma;Majes;;;2.3;Genérica del gasto;Bienes y servicios;Recursos directamente recaudados;4778544;No sectorizable (gasto por genérica);Localizada en Arequipa;;Sí;0
7;ANEXO-7-1-2;117;1089;Gobierno local;040520;MUNICIPALIDAD DISTRITAL DE MAJES;Arequipa;Caylloma;Majes;;;2.3;Genérica del gasto;Bienes y servicios;Recursos determinados;13886900;No sectorizable (gasto por genérica);Localizada en Arequipa;;Sí;0
7;ANEXO-7-1-2;117;1089;Gobierno local;040520;MUNICIPALIDAD DISTRITAL DE MAJES;Arequipa;Caylloma;Majes;;;2.4;Genérica del gasto;Donaciones y transferencias;Recursos directamente recaudados;64080;No sectorizable (gasto por genérica);Localizada en Arequipa;;Sí;0
7;ANEXO-7-1-2;117;1089;Gobierno local;040520;MUNICIPALIDAD DISTRITAL DE MAJES;Arequipa;Caylloma;Majes;;;2.4;Genérica del gasto;Donaciones y transferencias;Recursos determinados;333595;No sectorizable (gasto por genérica);Localizada en Arequipa;;Sí;0
7;ANEXO-7-1-2;117;1089;Gobierno local;040520;MUNICIPALIDAD DISTRITAL DE MAJES;Arequipa;Caylloma;Majes;;;2.5;Genérica del gasto;Otros gastos;Recursos determinados;449566;No sectorizable (gasto por genérica);Localizada en Arequipa;;Sí;0
7;ANEXO-7-1-2;117;1089;Gobierno local;040520;MUNICIPALIDAD DISTRITAL DE MAJES;Arequipa;Caylloma;Majes;;;2.6;Genérica del gasto;Adquisición de activos no financieros;Recursos directamente recaudados;250000;No sectorizable (gasto por genérica);Localizada en Arequipa;;Sí;0
7;ANEXO-7-1-2;117;1089;Gobierno local;040520;MUNICIPALIDAD DISTRITAL DE MAJES;Arequipa;Caylloma;Majes;;;2.6;Genérica del gasto;Adquisición de activos no financieros;Recursos determinados;79059274;No sectorizable (gasto por genérica);Localizada en Arequipa;;Sí;0
7;ANEXO-7-1-2;117;1089;Gobierno local;040601;MUNICIPALIDAD PROVINCIAL DE CONDESUYOS -CHUQUIBAMBA;Arequipa;Condesuyos;Condesuyos;;;2.1;Genérica del gasto;Personal y obligaciones sociales;Recursos determinados;2026419;No sectorizable (gasto por genérica);Localizada en Arequipa;;Sí;0
7;ANEXO-7-1-2;117;1089;Gobierno local;040601;MUNICIPALIDAD PROVINCIAL DE CONDESUYOS -CHUQUIBAMBA;Arequipa;Condesuyos;Condesuyos;;;2.2;Genérica del gasto;Pensiones y otras prestaciones sociales;Recursos ordinarios;509784;Previsión social;Localizada en Arequipa;;Sí;0
7;ANEXO-7-1-2;117;1089;Gobierno local;040601;MUNICIPALIDAD PROVINCIAL DE CONDESUYOS -CHUQUIBAMBA;Arequipa;Condesuyos;Condesuyos;;;2.2;Genérica del gasto;Pensiones y otras prestaciones sociales;Recursos determinados;34997;Previsión social;Localizada en Arequipa;;Sí;0
7;ANEXO-7-1-2;117;1089;Gobierno local;040601;MUNICIPALIDAD PROVINCIAL DE CONDESUYOS -CHUQUIBAMBA;Arequipa;Condesuyos;Condesuyos;;;2.3;Genérica del gasto;Bienes y servicios;Recursos ordinarios;754498;No sectorizable (gasto por genérica);Localizada en Arequipa;;Sí;0
7;ANEXO-7-1-2;117;1089;Gobierno local;040601;MUNICIPALIDAD PROVINCIAL DE CONDESUYOS -CHUQUIBAMBA;Arequipa;Condesuyos;Condesuyos;;;2.3;Genérica del gasto;Bienes y servicios;Recursos directamente recaudados;405964;No sectorizable (gasto por genérica);Localizada en Arequipa;;Sí;0
7;ANEXO-7-1-2;117;1089;Gobierno local;040601;MUNICIPALIDAD PROVINCIAL DE CONDESUYOS -CHUQUIBAMBA;Arequipa;Condesuyos;Condesuyos;;;2.3;Genérica del gasto;Bienes y servicios;Recursos determinados;1691691;No sectorizable (gasto por genérica);Localizada en Arequipa;;Sí;0
7;ANEXO-7-1-2;117;1089;Gobierno local;040601;MUNICIPALIDAD PROVINCIAL DE CONDESUYOS -CHUQUIBAMBA;Arequipa;Condesuyos;Condesuyos;;;2.4;Genérica del gasto;Donaciones y transferencias;Recursos ordinarios;18032;No sectorizable (gasto por genérica);Localizada en Arequipa;;Sí;0
7;ANEXO-7-1-2;117;1089;Gobierno local;040601;MUNICIPALIDAD PROVINCIAL DE CONDESUYOS -CHUQUIBAMBA;Arequipa;Condesuyos;Condesuyos;;;2.4;Genérica del gasto;Donaciones y transferencias;Recursos determinados;264612;No sectorizable (gasto por genérica);Localizada en Arequipa;;Sí;0
7;ANEXO-7-1-2;117;1089;Gobierno local;040601;MUNICIPALIDAD PROVINCIAL DE CONDESUYOS -CHUQUIBAMBA;Arequipa;Condesuyos;Condesuyos;;;2.5;Genérica del gasto;Otros gastos;Recursos ordinarios;53936;No sectorizable (gasto por genérica);Localizada en Arequipa;;Sí;0
7;ANEXO-7-1-2;117;1089;Gobierno local;040601;MUNICIPALIDAD PROVINCIAL DE CONDESUYOS -CHUQUIBAMBA;Arequipa;Condesuyos;Condesuyos;;;2.5;Genérica del gasto;Otros gastos;Recursos determinados;50270;No sectorizable (gasto por genérica);Localizada en Arequipa;;Sí;0
7;ANEXO-7-1-2;117;1089;Gobierno local;040601;MUNICIPALIDAD PROVINCIAL DE CONDESUYOS -CHUQUIBAMBA;Arequipa;Condesuyos;Condesuyos;;;2.6;Genérica del gasto;Adquisición de activos no financieros;Recursos determinados;4092817;No sectorizable (gasto por genérica);Localizada en Arequipa;;Sí;0
7;ANEXO-7-1-2;117;1089;Gobierno local;040602;MUNICIPALIDAD DISTRITAL DE ANDARAY;Arequipa;Condesuyos;Andaray;;;2.1;Genérica del gasto;Personal y obligaciones sociales;Recursos determinados;235492;No sectorizable (gasto por genérica);Localizada en Arequipa;;Sí;0
7;ANEXO-7-1-2;117;1089;Gobierno local;040602;MUNICIPALIDAD DISTRITAL DE ANDARAY;Arequipa;Condesuyos;Andaray;;;2.2;Genérica del gasto;Pensiones y otras prestaciones sociales;Recursos ordinarios;15412;Previsión social;Localizada en Arequipa;;Sí;0
7;ANEXO-7-1-2;117;1089;Gobierno local;040602;MUNICIPALIDAD DISTRITAL DE ANDARAY;Arequipa;Condesuyos;Andaray;;;2.3;Genérica del gasto;Bienes y servicios;Recursos directamente recaudados;171793;No sectorizable (gasto por genérica);Localizada en Arequipa;;Sí;0
7;ANEXO-7-1-2;117;1089;Gobierno local;040602;MUNICIPALIDAD DISTRITAL DE ANDARAY;Arequipa;Condesuyos;Andaray;;;2.3;Genérica del gasto;Bienes y servicios;Recursos determinados;477894;No sectorizable (gasto por genérica);Localizada en Arequipa;;Sí;0
7;ANEXO-7-1-2;117;1089;Gobierno local;040602;MUNICIPALIDAD DISTRITAL DE ANDARAY;Arequipa;Condesuyos;Andaray;;;2.6;Genérica del gasto;Adquisición de activos no financieros;Recursos determinados;1563995;No sectorizable (gasto por genérica);Localizada en Arequipa;;Sí;0
7;ANEXO-7-1-2;118;1090;Gobierno local;040603;MUNICIPALIDAD DISTRITAL DE CAYARANI;Arequipa;Condesuyos;Cayarani;;;2.1;Genérica del gasto;Personal y obligaciones sociales;Recursos determinados;414780;No sectorizable (gasto por genérica);Localizada en Arequipa;;Sí;0
7;ANEXO-7-1-2;118;1090;Gobierno local;040603;MUNICIPALIDAD DISTRITAL DE CAYARANI;Arequipa;Condesuyos;Cayarani;;;2.2;Genérica del gasto;Pensiones y otras prestaciones sociales;Recursos ordinarios;119722;Previsión social;Localizada en Arequipa;;Sí;0
7;ANEXO-7-1-2;118;1090;Gobierno local;040603;MUNICIPALIDAD DISTRITAL DE CAYARANI;Arequipa;Condesuyos;Cayarani;;;2.3;Genérica del gasto;Bienes y servicios;Recursos directamente recaudados;102000;No sectorizable (gasto por genérica);Localizada en Arequipa;;Sí;0
7;ANEXO-7-1-2;118;1090;Gobierno local;040603;MUNICIPALIDAD DISTRITAL DE CAYARANI;Arequipa;Condesuyos;Cayarani;;;2.3;Genérica del gasto;Bienes y servicios;Recursos determinados;2175905;No sectorizable (gasto por genérica);Localizada en Arequipa;;Sí;0
7;ANEXO-7-1-2;118;1090;Gobierno local;040603;MUNICIPALIDAD DISTRITAL DE CAYARANI;Arequipa;Condesuyos;Cayarani;;;2.6;Genérica del gasto;Adquisición de activos no financieros;Recursos determinados;5458899;No sectorizable (gasto por genérica);Localizada en Arequipa;;Sí;0
7;ANEXO-7-1-2;118;1090;Gobierno local;040604;MUNICIPALIDAD DISTRITAL DE CHICHAS;Arequipa;Condesuyos;Chichas;;;2.1;Genérica del gasto;Personal y obligaciones sociales;Recursos determinados;338597;No sectorizable (gasto por genérica);Localizada en Arequipa;;Sí;0
7;ANEXO-7-1-2;118;1090;Gobierno local;040604;MUNICIPALIDAD DISTRITAL DE CHICHAS;Arequipa;Condesuyos;Chichas;;;2.2;Genérica del gasto;Pensiones y otras prestaciones sociales;Recursos ordinarios;23883;Previsión social;Localizada en Arequipa;;Sí;0
7;ANEXO-7-1-2;118;1090;Gobierno local;040604;MUNICIPALIDAD DISTRITAL DE CHICHAS;Arequipa;Condesuyos;Chichas;;;2.3;Genérica del gasto;Bienes y servicios;Recursos directamente recaudados;20000;No sectorizable (gasto por genérica);Localizada en Arequipa;;Sí;0
7;ANEXO-7-1-2;118;1090;Gobierno local;040604;MUNICIPALIDAD DISTRITAL DE CHICHAS;Arequipa;Condesuyos;Chichas;;;2.3;Genérica del gasto;Bienes y servicios;Recursos determinados;804864;No sectorizable (gasto por genérica);Localizada en Arequipa;;Sí;0
7;ANEXO-7-1-2;118;1090;Gobierno local;040604;MUNICIPALIDAD DISTRITAL DE CHICHAS;Arequipa;Condesuyos;Chichas;;;2.6;Genérica del gasto;Adquisición de activos no financieros;Recursos determinados;1140612;No sectorizable (gasto por genérica);Localizada en Arequipa;;Sí;0
7;ANEXO-7-1-2;118;1090;Gobierno local;040605;MUNICIPALIDAD DISTRITAL DE IRAY;Arequipa;Condesuyos;Iray;;;2.1;Genérica del gasto;Personal y obligaciones sociales;Recursos determinados;207736;No sectorizable (gasto por genérica);Localizada en Arequipa;;Sí;0
7;ANEXO-7-1-2;118;1090;Gobierno local;040605;MUNICIPALIDAD DISTRITAL DE IRAY;Arequipa;Condesuyos;Iray;;;2.2;Genérica del gasto;Pensiones y otras prestaciones sociales;Recursos ordinarios;11756;Previsión social;Localizada en Arequipa;;Sí;0
7;ANEXO-7-1-2;118;1090;Gobierno local;040605;MUNICIPALIDAD DISTRITAL DE IRAY;Arequipa;Condesuyos;Iray;;;2.3;Genérica del gasto;Bienes y servicios;Recursos directamente recaudados;34714;No sectorizable (gasto por genérica);Localizada en Arequipa;;Sí;0
7;ANEXO-7-1-2;118;1090;Gobierno local;040605;MUNICIPALIDAD DISTRITAL DE IRAY;Arequipa;Condesuyos;Iray;;;2.3;Genérica del gasto;Bienes y servicios;Recursos determinados;862797;No sectorizable (gasto por genérica);Localizada en Arequipa;;Sí;0
7;ANEXO-7-1-2;118;1090;Gobierno local;040605;MUNICIPALIDAD DISTRITAL DE IRAY;Arequipa;Condesuyos;Iray;;;2.6;Genérica del gasto;Adquisición de activos no financieros;Recursos determinados;691915;No sectorizable (gasto por genérica);Localizada en Arequipa;;Sí;0
7;ANEXO-7-1-2;118;1090;Gobierno local;040606;MUNICIPALIDAD DISTRITAL DE RIO GRANDE;Arequipa;Condesuyos;Rio Grande;;;2.1;Genérica del gasto;Personal y obligaciones sociales;Recursos determinados;488535;No sectorizable (gasto por genérica);Localizada en Arequipa;;Sí;0
7;ANEXO-7-1-2;118;1090;Gobierno local;040606;MUNICIPALIDAD DISTRITAL DE RIO GRANDE;Arequipa;Condesuyos;Rio Grande;;;2.2;Genérica del gasto;Pensiones y otras prestaciones sociales;Recursos ordinarios;89106;Previsión social;Localizada en Arequipa;;Sí;0
7;ANEXO-7-1-2;118;1090;Gobierno local;040606;MUNICIPALIDAD DISTRITAL DE RIO GRANDE;Arequipa;Condesuyos;Rio Grande;;;2.2;Genérica del gasto;Pensiones y otras prestaciones sociales;Recursos directamente recaudados;17000;Previsión social;Localizada en Arequipa;;Sí;0
7;ANEXO-7-1-2;118;1090;Gobierno local;040606;MUNICIPALIDAD DISTRITAL DE RIO GRANDE;Arequipa;Condesuyos;Rio Grande;;;2.3;Genérica del gasto;Bienes y servicios;Recursos directamente recaudados;342854;No sectorizable (gasto por genérica);Localizada en Arequipa;;Sí;0
7;ANEXO-7-1-2;118;1090;Gobierno local;040606;MUNICIPALIDAD DISTRITAL DE RIO GRANDE;Arequipa;Condesuyos;Rio Grande;;;2.3;Genérica del gasto;Bienes y servicios;Recursos determinados;2259758;No sectorizable (gasto por genérica);Localizada en Arequipa;;Sí;0
7;ANEXO-7-1-2;118;1090;Gobierno local;040606;MUNICIPALIDAD DISTRITAL DE RIO GRANDE;Arequipa;Condesuyos;Rio Grande;;;2.4;Genérica del gasto;Donaciones y transferencias;Recursos directamente recaudados;33400;No sectorizable (gasto por genérica);Localizada en Arequipa;;Sí;0
7;ANEXO-7-1-2;118;1090;Gobierno local;040606;MUNICIPALIDAD DISTRITAL DE RIO GRANDE;Arequipa;Condesuyos;Rio Grande;;;2.6;Genérica del gasto;Adquisición de activos no financieros;Recursos determinados;7993426;No sectorizable (gasto por genérica);Localizada en Arequipa;;Sí;0
7;ANEXO-7-1-2;118;1090;Gobierno local;040607;MUNICIPALIDAD DISTRITAL DE SALAMANCA;Arequipa;Condesuyos;Salamanca;;;2.1;Genérica del gasto;Personal y obligaciones sociales;Recursos determinados;249341;No sectorizable (gasto por genérica);Localizada en Arequipa;;Sí;0
7;ANEXO-7-1-2;119;1091;Gobierno local;040607;MUNICIPALIDAD DISTRITAL DE SALAMANCA;Arequipa;Condesuyos;Salamanca;;;2.2;Genérica del gasto;Pensiones y otras prestaciones sociales;Recursos ordinarios;36248;Previsión social;Localizada en Arequipa;;Sí;0
7;ANEXO-7-1-2;119;1091;Gobierno local;040607;MUNICIPALIDAD DISTRITAL DE SALAMANCA;Arequipa;Condesuyos;Salamanca;;;2.3;Genérica del gasto;Bienes y servicios;Recursos directamente recaudados;70790;No sectorizable (gasto por genérica);Localizada en Arequipa;;Sí;0
7;ANEXO-7-1-2;119;1091;Gobierno local;040607;MUNICIPALIDAD DISTRITAL DE SALAMANCA;Arequipa;Condesuyos;Salamanca;;;2.3;Genérica del gasto;Bienes y servicios;Recursos determinados;819163;No sectorizable (gasto por genérica);Localizada en Arequipa;;Sí;0
7;ANEXO-7-1-2;119;1091;Gobierno local;040607;MUNICIPALIDAD DISTRITAL DE SALAMANCA;Arequipa;Condesuyos;Salamanca;;;2.6;Genérica del gasto;Adquisición de activos no financieros;Recursos determinados;599405;No sectorizable (gasto por genérica);Localizada en Arequipa;;Sí;0
7;ANEXO-7-1-2;119;1091;Gobierno local;040608;MUNICIPALIDAD DISTRITAL DE YANAQUIHUA;Arequipa;Condesuyos;Yanaquihua;;;2.1;Genérica del gasto;Personal y obligaciones sociales;Recursos determinados;818927;No sectorizable (gasto por genérica);Localizada en Arequipa;;Sí;0
7;ANEXO-7-1-2;119;1091;Gobierno local;040608;MUNICIPALIDAD DISTRITAL DE YANAQUIHUA;Arequipa;Condesuyos;Yanaquihua;;;2.2;Genérica del gasto;Pensiones y otras prestaciones sociales;Recursos ordinarios;71613;Previsión social;Localizada en Arequipa;;Sí;0
7;ANEXO-7-1-2;119;1091;Gobierno local;040608;MUNICIPALIDAD DISTRITAL DE YANAQUIHUA;Arequipa;Condesuyos;Yanaquihua;;;2.3;Genérica del gasto;Bienes y servicios;Recursos directamente recaudados;202449;No sectorizable (gasto por genérica);Localizada en Arequipa;;Sí;0
7;ANEXO-7-1-2;119;1091;Gobierno local;040608;MUNICIPALIDAD DISTRITAL DE YANAQUIHUA;Arequipa;Condesuyos;Yanaquihua;;;2.3;Genérica del gasto;Bienes y servicios;Recursos determinados;2220084;No sectorizable (gasto por genérica);Localizada en Arequipa;;Sí;0
7;ANEXO-7-1-2;119;1091;Gobierno local;040608;MUNICIPALIDAD DISTRITAL DE YANAQUIHUA;Arequipa;Condesuyos;Yanaquihua;;;2.4;Genérica del gasto;Donaciones y transferencias;Recursos determinados;62550;No sectorizable (gasto por genérica);Localizada en Arequipa;;Sí;0
7;ANEXO-7-1-2;119;1091;Gobierno local;040608;MUNICIPALIDAD DISTRITAL DE YANAQUIHUA;Arequipa;Condesuyos;Yanaquihua;;;2.5;Genérica del gasto;Otros gastos;Recursos directamente recaudados;1156;No sectorizable (gasto por genérica);Localizada en Arequipa;;Sí;0
7;ANEXO-7-1-2;119;1091;Gobierno local;040608;MUNICIPALIDAD DISTRITAL DE YANAQUIHUA;Arequipa;Condesuyos;Yanaquihua;;;2.5;Genérica del gasto;Otros gastos;Recursos determinados;3290;No sectorizable (gasto por genérica);Localizada en Arequipa;;Sí;0
7;ANEXO-7-1-2;119;1091;Gobierno local;040608;MUNICIPALIDAD DISTRITAL DE YANAQUIHUA;Arequipa;Condesuyos;Yanaquihua;;;2.6;Genérica del gasto;Adquisición de activos no financieros;Recursos directamente recaudados;7000;No sectorizable (gasto por genérica);Localizada en Arequipa;;Sí;0
7;ANEXO-7-1-2;119;1091;Gobierno local;040608;MUNICIPALIDAD DISTRITAL DE YANAQUIHUA;Arequipa;Condesuyos;Yanaquihua;;;2.6;Genérica del gasto;Adquisición de activos no financieros;Recursos determinados;5542978;No sectorizable (gasto por genérica);Localizada en Arequipa;;Sí;0
7;ANEXO-7-1-2;119;1091;Gobierno local;040608;MUNICIPALIDAD DISTRITAL DE YANAQUIHUA;Arequipa;Condesuyos;Yanaquihua;;;2.8;Genérica del gasto;Servicio de la deuda pública;Recursos determinados;1936138;Deuda pública;Localizada en Arequipa;;Sí;0
7;ANEXO-7-1-2;119;1091;Gobierno local;040701;MUNICIPALIDAD PROVINCIAL DE ISLAY -MOLIENDO;Arequipa;Islay;Islay;;;2.1;Genérica del gasto;Personal y obligaciones sociales;Recursos directamente recaudados;2669868;No sectorizable (gasto por genérica);Localizada en Arequipa;;Sí;0
7;ANEXO-7-1-2;119;1091;Gobierno local;040701;MUNICIPALIDAD PROVINCIAL DE ISLAY -MOLIENDO;Arequipa;Islay;Islay;;;2.1;Genérica del gasto;Personal y obligaciones sociales;Recursos determinados;11805237;No sectorizable (gasto por genérica);Localizada en Arequipa;;Sí;0
7;ANEXO-7-1-2;119;1091;Gobierno local;040701;MUNICIPALIDAD PROVINCIAL DE ISLAY -MOLIENDO;Arequipa;Islay;Islay;;;2.2;Genérica del gasto;Pensiones y otras prestaciones sociales;Recursos ordinarios;706541;Previsión social;Localizada en Arequipa;;Sí;0
7;ANEXO-7-1-2;119;1091;Gobierno local;040701;MUNICIPALIDAD PROVINCIAL DE ISLAY -MOLIENDO;Arequipa;Islay;Islay;;;2.2;Genérica del gasto;Pensiones y otras prestaciones sociales;Recursos determinados;606325;Previsión social;Localizada en Arequipa;;Sí;0
7;ANEXO-7-1-2;119;1091;Gobierno local;040701;MUNICIPALIDAD PROVINCIAL DE ISLAY -MOLIENDO;Arequipa;Islay;Islay;;;2.3;Genérica del gasto;Bienes y servicios;Recursos ordinarios;336013;No sectorizable (gasto por genérica);Localizada en Arequipa;;Sí;0
7;ANEXO-7-1-2;119;1091;Gobierno local;040701;MUNICIPALIDAD PROVINCIAL DE ISLAY -MOLIENDO;Arequipa;Islay;Islay;;;2.3;Genérica del gasto;Bienes y servicios;Recursos directamente recaudados;472255;No sectorizable (gasto por genérica);Localizada en Arequipa;;Sí;0
7;ANEXO-7-1-2;119;1091;Gobierno local;040701;MUNICIPALIDAD PROVINCIAL DE ISLAY -MOLIENDO;Arequipa;Islay;Islay;;;2.3;Genérica del gasto;Bienes y servicios;Recursos determinados;8937052;No sectorizable (gasto por genérica);Localizada en Arequipa;;Sí;0
7;ANEXO-7-1-2;119;1091;Gobierno local;040701;MUNICIPALIDAD PROVINCIAL DE ISLAY -MOLIENDO;Arequipa;Islay;Islay;;;2.4;Genérica del gasto;Donaciones y transferencias;Recursos ordinarios;149192;No sectorizable (gasto por genérica);Localizada en Arequipa;;Sí;0
7;ANEXO-7-1-2;119;1091;Gobierno local;040701;MUNICIPALIDAD PROVINCIAL DE ISLAY -MOLIENDO;Arequipa;Islay;Islay;;;2.4;Genérica del gasto;Donaciones y transferencias;Recursos directamente recaudados;150000;No sectorizable (gasto por genérica);Localizada en Arequipa;;Sí;0
7;ANEXO-7-1-2;119;1091;Gobierno local;040701;MUNICIPALIDAD PROVINCIAL DE ISLAY -MOLIENDO;Arequipa;Islay;Islay;;;2.4;Genérica del gasto;Donaciones y transferencias;Recursos determinados;170000;No sectorizable (gasto por genérica);Localizada en Arequipa;;Sí;0
7;ANEXO-7-1-2;119;1091;Gobierno local;040701;MUNICIPALIDAD PROVINCIAL DE ISLAY -MOLIENDO;Arequipa;Islay;Islay;;;2.5;Genérica del gasto;Otros gastos;Recursos ordinarios;32859;No sectorizable (gasto por genérica);Localizada en Arequipa;;Sí;0
7;ANEXO-7-1-2;119;1091;Gobierno local;040701;MUNICIPALIDAD PROVINCIAL DE ISLAY -MOLIENDO;Arequipa;Islay;Islay;;;2.5;Genérica del gasto;Otros gastos;Recursos directamente recaudados;39800;No sectorizable (gasto por genérica);Localizada en Arequipa;Componente ajustado por cierre del pliego;Sí;0
7;ANEXO-7-1-2;119;1091;Gobierno local;040701;MUNICIPALIDAD PROVINCIAL DE ISLAY -MOLIENDO;Arequipa;Islay;Islay;;;2.6;Genérica del gasto;Adquisición de activos no financieros;Recursos directamente recaudados;9610377;No sectorizable (gasto por genérica);Localizada en Arequipa;;Sí;0
7;ANEXO-7-1-2;119;1091;Gobierno local;040701;MUNICIPALIDAD PROVINCIAL DE ISLAY -MOLIENDO;Arequipa;Islay;Islay;;;2.6;Genérica del gasto;Adquisición de activos no financieros;Recursos determinados;35000223;No sectorizable (gasto por genérica);Localizada en Arequipa;;Sí;0
7;ANEXO-7-1-2;119;1091;Gobierno local;040702;MUNICIPALIDAD DISTRITAL DE COCACHACRA;Arequipa;Islay;Cocachacra;;;2.1;Genérica del gasto;Personal y obligaciones sociales;Recursos determinados;6403497;No sectorizable (gasto por genérica);Localizada en Arequipa;;Sí;0
7;ANEXO-7-1-2;119;1091;Gobierno local;040702;MUNICIPALIDAD DISTRITAL DE COCACHACRA;Arequipa;Islay;Cocachacra;;;2.2;Genérica del gasto;Pensiones y otras prestaciones sociales;Recursos ordinarios;104882;Previsión social;Localizada en Arequipa;;Sí;0
7;ANEXO-7-1-2;119;1091;Gobierno local;040702;MUNICIPALIDAD DISTRITAL DE COCACHACRA;Arequipa;Islay;Cocachacra;;;2.2;Genérica del gasto;Pensiones y otras prestaciones sociales;Recursos directamente recaudados;5327;Previsión social;Localizada en Arequipa;;Sí;0
7;ANEXO-7-1-2;119;1091;Gobierno local;040702;MUNICIPALIDAD DISTRITAL DE COCACHACRA;Arequipa;Islay;Cocachacra;;;2.2;Genérica del gasto;Pensiones y otras prestaciones sociales;Recursos determinados;129907;Previsión social;Localizada en Arequipa;;Sí;0
7;ANEXO-7-1-2;119;1091;Gobierno local;040702;MUNICIPALIDAD DISTRITAL DE COCACHACRA;Arequipa;Islay;Cocachacra;;;2.3;Genérica del gasto;Bienes y servicios;Recursos directamente recaudados;314437;No sectorizable (gasto por genérica);Localizada en Arequipa;;Sí;0
7;ANEXO-7-1-2;119;1091;Gobierno local;040702;MUNICIPALIDAD DISTRITAL DE COCACHACRA;Arequipa;Islay;Cocachacra;;;2.3;Genérica del gasto;Bienes y servicios;Recursos determinados;3193961;No sectorizable (gasto por genérica);Localizada en Arequipa;;Sí;0
7;ANEXO-7-1-2;120;1092;Gobierno local;040702;MUNICIPALIDAD DISTRITAL DE COCACHACRA;Arequipa;Islay;Cocachacra;;;2.4;Genérica del gasto;Donaciones y transferencias;Recursos determinados;129360;No sectorizable (gasto por genérica);Localizada en Arequipa;;Sí;0
7;ANEXO-7-1-2;120;1092;Gobierno local;040702;MUNICIPALIDAD DISTRITAL DE COCACHACRA;Arequipa;Islay;Cocachacra;;;2.5;Genérica del gasto;Otros gastos;Recursos directamente recaudados;92386;No sectorizable (gasto por genérica);Localizada en Arequipa;;Sí;0
7;ANEXO-7-1-2;120;1092;Gobierno local;040702;MUNICIPALIDAD DISTRITAL DE COCACHACRA;Arequipa;Islay;Cocachacra;;;2.5;Genérica del gasto;Otros gastos;Recursos determinados;260576;No sectorizable (gasto por genérica);Localizada en Arequipa;;Sí;0
7;ANEXO-7-1-2;120;1092;Gobierno local;040702;MUNICIPALIDAD DISTRITAL DE COCACHACRA;Arequipa;Islay;Cocachacra;;;2.6;Genérica del gasto;Adquisición de activos no financieros;Recursos directamente recaudados;7015000;No sectorizable (gasto por genérica);Localizada en Arequipa;;Sí;0
7;ANEXO-7-1-2;120;1092;Gobierno local;040702;MUNICIPALIDAD DISTRITAL DE COCACHACRA;Arequipa;Islay;Cocachacra;;;2.6;Genérica del gasto;Adquisición de activos no financieros;Recursos determinados;10620839;No sectorizable (gasto por genérica);Localizada en Arequipa;;Sí;0
7;ANEXO-7-1-2;120;1092;Gobierno local;040702;MUNICIPALIDAD DISTRITAL DE COCACHACRA;Arequipa;Islay;Cocachacra;;;2.8;Genérica del gasto;Servicio de la deuda pública;Recursos determinados;2424874;Deuda pública;Localizada en Arequipa;;Sí;0
7;ANEXO-7-1-2;120;1092;Gobierno local;040703;MUNICIPALIDAD DISTRITAL DE DEAN VALDIVIA;Arequipa;Islay;Dean Valdivia;;;2.1;Genérica del gasto;Personal y obligaciones sociales;Recursos directamente recaudados;311268;No sectorizable (gasto por genérica);Localizada en Arequipa;;Sí;0
7;ANEXO-7-1-2;120;1092;Gobierno local;040703;MUNICIPALIDAD DISTRITAL DE DEAN VALDIVIA;Arequipa;Islay;Dean Valdivia;;;2.1;Genérica del gasto;Personal y obligaciones sociales;Recursos determinados;5510629;No sectorizable (gasto por genérica);Localizada en Arequipa;;Sí;0
7;ANEXO-7-1-2;120;1092;Gobierno local;040703;MUNICIPALIDAD DISTRITAL DE DEAN VALDIVIA;Arequipa;Islay;Dean Valdivia;;;2.2;Genérica del gasto;Pensiones y otras prestaciones sociales;Recursos ordinarios;73787;Previsión social;Localizada en Arequipa;;Sí;0
7;ANEXO-7-1-2;120;1092;Gobierno local;040703;MUNICIPALIDAD DISTRITAL DE DEAN VALDIVIA;Arequipa;Islay;Dean Valdivia;;;2.2;Genérica del gasto;Pensiones y otras prestaciones sociales;Recursos determinados;51000;Previsión social;Localizada en Arequipa;;Sí;0
7;ANEXO-7-1-2;120;1092;Gobierno local;040703;MUNICIPALIDAD DISTRITAL DE DEAN VALDIVIA;Arequipa;Islay;Dean Valdivia;;;2.3;Genérica del gasto;Bienes y servicios;Recursos directamente recaudados;3211140;No sectorizable (gasto por genérica);Localizada en Arequipa;;Sí;0
7;ANEXO-7-1-2;120;1092;Gobierno local;040703;MUNICIPALIDAD DISTRITAL DE DEAN VALDIVIA;Arequipa;Islay;Dean Valdivia;;;2.3;Genérica del gasto;Bienes y servicios;Recursos determinados;1287585;No sectorizable (gasto por genérica);Localizada en Arequipa;;Sí;0
7;ANEXO-7-1-2;120;1092;Gobierno local;040703;MUNICIPALIDAD DISTRITAL DE DEAN VALDIVIA;Arequipa;Islay;Dean Valdivia;;;2.4;Genérica del gasto;Donaciones y transferencias;Recursos directamente recaudados;65000;No sectorizable (gasto por genérica);Localizada en Arequipa;;Sí;0
7;ANEXO-7-1-2;120;1092;Gobierno local;040703;MUNICIPALIDAD DISTRITAL DE DEAN VALDIVIA;Arequipa;Islay;Dean Valdivia;;;2.4;Genérica del gasto;Donaciones y transferencias;Recursos determinados;190000;No sectorizable (gasto por genérica);Localizada en Arequipa;;Sí;0
7;ANEXO-7-1-2;120;1092;Gobierno local;040703;MUNICIPALIDAD DISTRITAL DE DEAN VALDIVIA;Arequipa;Islay;Dean Valdivia;;;2.5;Genérica del gasto;Otros gastos;Recursos directamente recaudados;45000;No sectorizable (gasto por genérica);Localizada en Arequipa;;Sí;0
7;ANEXO-7-1-2;120;1092;Gobierno local;040703;MUNICIPALIDAD DISTRITAL DE DEAN VALDIVIA;Arequipa;Islay;Dean Valdivia;;;2.5;Genérica del gasto;Otros gastos;Recursos determinados;170000;No sectorizable (gasto por genérica);Localizada en Arequipa;;Sí;0
7;ANEXO-7-1-2;120;1092;Gobierno local;040703;MUNICIPALIDAD DISTRITAL DE DEAN VALDIVIA;Arequipa;Islay;Dean Valdivia;;;2.6;Genérica del gasto;Adquisición de activos no financieros;Recursos directamente recaudados;160421;No sectorizable (gasto por genérica);Localizada en Arequipa;;Sí;0
7;ANEXO-7-1-2;120;1092;Gobierno local;040703;MUNICIPALIDAD DISTRITAL DE DEAN VALDIVIA;Arequipa;Islay;Dean Valdivia;;;2.6;Genérica del gasto;Adquisición de activos no financieros;Recursos determinados;5746693;No sectorizable (gasto por genérica);Localizada en Arequipa;;Sí;0
7;ANEXO-7-1-2;120;1092;Gobierno local;040703;MUNICIPALIDAD DISTRITAL DE DEAN VALDIVIA;Arequipa;Islay;Dean Valdivia;;;2.8;Genérica del gasto;Servicio de la deuda pública;Recursos determinados;3153463;Deuda pública;Localizada en Arequipa;;Sí;0
7;ANEXO-7-1-2;120;1092;Gobierno local;040704;MUNICIPALIDAD DISTRITAL DE ISLAY;Arequipa;Islay;Islay;;;2.1;Genérica del gasto;Personal y obligaciones sociales;Recursos directamente recaudados;812695;No sectorizable (gasto por genérica);Localizada en Arequipa;;Sí;0
7;ANEXO-7-1-2;120;1092;Gobierno local;040704;MUNICIPALIDAD DISTRITAL DE ISLAY;Arequipa;Islay;Islay;;;2.1;Genérica del gasto;Personal y obligaciones sociales;Recursos determinados;3728620;No sectorizable (gasto por genérica);Localizada en Arequipa;;Sí;0
7;ANEXO-7-1-2;120;1092;Gobierno local;040704;MUNICIPALIDAD DISTRITAL DE ISLAY;Arequipa;Islay;Islay;;;2.2;Genérica del gasto;Pensiones y otras prestaciones sociales;Recursos ordinarios;25678;Previsión social;Localizada en Arequipa;;Sí;0
7;ANEXO-7-1-2;120;1092;Gobierno local;040704;MUNICIPALIDAD DISTRITAL DE ISLAY;Arequipa;Islay;Islay;;;2.3;Genérica del gasto;Bienes y servicios;Recursos directamente recaudados;2588833;No sectorizable (gasto por genérica);Localizada en Arequipa;;Sí;0
7;ANEXO-7-1-2;120;1092;Gobierno local;040704;MUNICIPALIDAD DISTRITAL DE ISLAY;Arequipa;Islay;Islay;;;2.3;Genérica del gasto;Bienes y servicios;Recursos determinados;4979697;No sectorizable (gasto por genérica);Localizada en Arequipa;;Sí;0
7;ANEXO-7-1-2;120;1092;Gobierno local;040704;MUNICIPALIDAD DISTRITAL DE ISLAY;Arequipa;Islay;Islay;;;2.6;Genérica del gasto;Adquisición de activos no financieros;Recursos directamente recaudados;543497;No sectorizable (gasto por genérica);Localizada en Arequipa;;Sí;0
7;ANEXO-7-1-2;120;1092;Gobierno local;040704;MUNICIPALIDAD DISTRITAL DE ISLAY;Arequipa;Islay;Islay;;;2.6;Genérica del gasto;Adquisición de activos no financieros;Recursos determinados;4310598;No sectorizable (gasto por genérica);Localizada en Arequipa;;Sí;0
7;ANEXO-7-1-2;120;1092;Gobierno local;040704;MUNICIPALIDAD DISTRITAL DE ISLAY;Arequipa;Islay;Islay;;;2.8;Genérica del gasto;Servicio de la deuda pública;Recursos determinados;3297712;Deuda pública;Localizada en Arequipa;;Sí;0
7;ANEXO-7-1-2;120;1092;Gobierno local;040705;MUNICIPALIDAD DISTRITAL DE MEJIA;Arequipa;Islay;Mejia;;;2.1;Genérica del gasto;Personal y obligaciones sociales;Recursos directamente recaudados;387364;No sectorizable (gasto por genérica);Localizada en Arequipa;;Sí;0
7;ANEXO-7-1-2;120;1092;Gobierno local;040705;MUNICIPALIDAD DISTRITAL DE MEJIA;Arequipa;Islay;Mejia;;;2.1;Genérica del gasto;Personal y obligaciones sociales;Recursos determinados;3274581;No sectorizable (gasto por genérica);Localizada en Arequipa;;Sí;0
7;ANEXO-7-1-2;120;1092;Gobierno local;040705;MUNICIPALIDAD DISTRITAL DE MEJIA;Arequipa;Islay;Mejia;;;2.2;Genérica del gasto;Pensiones y otras prestaciones sociales;Recursos ordinarios;14725;Previsión social;Localizada en Arequipa;;Sí;0
7;ANEXO-7-1-2;120;1092;Gobierno local;040705;MUNICIPALIDAD DISTRITAL DE MEJIA;Arequipa;Islay;Mejia;;;2.2;Genérica del gasto;Pensiones y otras prestaciones sociales;Recursos directamente recaudados;15516;Previsión social;Localizada en Arequipa;;Sí;0
7;ANEXO-7-1-2;121;1093;Gobierno local;040705;MUNICIPALIDAD DISTRITAL DE MEJIA;Arequipa;Islay;Mejia;;;2.3;Genérica del gasto;Bienes y servicios;Recursos directamente recaudados;852687;No sectorizable (gasto por genérica);Localizada en Arequipa;;Sí;0
7;ANEXO-7-1-2;121;1093;Gobierno local;040705;MUNICIPALIDAD DISTRITAL DE MEJIA;Arequipa;Islay;Mejia;;;2.3;Genérica del gasto;Bienes y servicios;Recursos determinados;3744391;No sectorizable (gasto por genérica);Localizada en Arequipa;;Sí;0
7;ANEXO-7-1-2;121;1093;Gobierno local;040705;MUNICIPALIDAD DISTRITAL DE MEJIA;Arequipa;Islay;Mejia;;;2.5;Genérica del gasto;Otros gastos;Recursos determinados;48000;No sectorizable (gasto por genérica);Localizada en Arequipa;;Sí;0
7;ANEXO-7-1-2;121;1093;Gobierno local;040705;MUNICIPALIDAD DISTRITAL DE MEJIA;Arequipa;Islay;Mejia;;;2.6;Genérica del gasto;Adquisición de activos no financieros;Recursos directamente recaudados;832019;No sectorizable (gasto por genérica);Localizada en Arequipa;;Sí;0
7;ANEXO-7-1-2;121;1093;Gobierno local;040705;MUNICIPALIDAD DISTRITAL DE MEJIA;Arequipa;Islay;Mejia;;;2.6;Genérica del gasto;Adquisición de activos no financieros;Recursos determinados;2967052;No sectorizable (gasto por genérica);Localizada en Arequipa;;Sí;0
7;ANEXO-7-1-2;121;1093;Gobierno local;040706;MUNICIPALIDAD DISTRITAL DE PUNTA DE BOMBON;Arequipa;Islay;Punta De Bombon;;;2.1;Genérica del gasto;Personal y obligaciones sociales;Recursos directamente recaudados;37116;No sectorizable (gasto por genérica);Localizada en Arequipa;;Sí;0
7;ANEXO-7-1-2;121;1093;Gobierno local;040706;MUNICIPALIDAD DISTRITAL DE PUNTA DE BOMBON;Arequipa;Islay;Punta De Bombon;;;2.1;Genérica del gasto;Personal y obligaciones sociales;Recursos determinados;3250950;No sectorizable (gasto por genérica);Localizada en Arequipa;;Sí;0
7;ANEXO-7-1-2;121;1093;Gobierno local;040706;MUNICIPALIDAD DISTRITAL DE PUNTA DE BOMBON;Arequipa;Islay;Punta De Bombon;;;2.2;Genérica del gasto;Pensiones y otras prestaciones sociales;Recursos ordinarios;64446;Previsión social;Localizada en Arequipa;;Sí;0
7;ANEXO-7-1-2;121;1093;Gobierno local;040706;MUNICIPALIDAD DISTRITAL DE PUNTA DE BOMBON;Arequipa;Islay;Punta De Bombon;;;2.2;Genérica del gasto;Pensiones y otras prestaciones sociales;Recursos directamente recaudados;32200;Previsión social;Localizada en Arequipa;;Sí;0
7;ANEXO-7-1-2;121;1093;Gobierno local;040706;MUNICIPALIDAD DISTRITAL DE PUNTA DE BOMBON;Arequipa;Islay;Punta De Bombon;;;2.3;Genérica del gasto;Bienes y servicios;Recursos directamente recaudados;1870074;No sectorizable (gasto por genérica);Localizada en Arequipa;;Sí;0
7;ANEXO-7-1-2;121;1093;Gobierno local;040706;MUNICIPALIDAD DISTRITAL DE PUNTA DE BOMBON;Arequipa;Islay;Punta De Bombon;;;2.3;Genérica del gasto;Bienes y servicios;Recursos determinados;2764582;No sectorizable (gasto por genérica);Localizada en Arequipa;;Sí;0
7;ANEXO-7-1-2;121;1093;Gobierno local;040706;MUNICIPALIDAD DISTRITAL DE PUNTA DE BOMBON;Arequipa;Islay;Punta De Bombon;;;2.5;Genérica del gasto;Otros gastos;Recursos directamente recaudados;41690;No sectorizable (gasto por genérica);Localizada en Arequipa;;Sí;0
7;ANEXO-7-1-2;121;1093;Gobierno local;040706;MUNICIPALIDAD DISTRITAL DE PUNTA DE BOMBON;Arequipa;Islay;Punta De Bombon;;;2.5;Genérica del gasto;Otros gastos;Recursos determinados;3327;No sectorizable (gasto por genérica);Localizada en Arequipa;;Sí;0
7;ANEXO-7-1-2;121;1093;Gobierno local;040706;MUNICIPALIDAD DISTRITAL DE PUNTA DE BOMBON;Arequipa;Islay;Punta De Bombon;;;2.6;Genérica del gasto;Adquisición de activos no financieros;Recursos directamente recaudados;30456;No sectorizable (gasto por genérica);Localizada en Arequipa;;Sí;0
7;ANEXO-7-1-2;121;1093;Gobierno local;040706;MUNICIPALIDAD DISTRITAL DE PUNTA DE BOMBON;Arequipa;Islay;Punta De Bombon;;;2.6;Genérica del gasto;Adquisición de activos no financieros;Recursos determinados;10713336;No sectorizable (gasto por genérica);Localizada en Arequipa;;Sí;0
7;ANEXO-7-1-2;121;1093;Gobierno local;040801;MUNICIPALIDAD PROVINCIAL DE LA UNION -COTA}UASI;Arequipa;La Union;La Union;;;2.1;Genérica del gasto;Personal y obligaciones sociales;Recursos determinados;936529;No sectorizable (gasto por genérica);Localizada en Arequipa;;Sí;0
7;ANEXO-7-1-2;121;1093;Gobierno local;040801;MUNICIPALIDAD PROVINCIAL DE LA UNION -COTA}UASI;Arequipa;La Union;La Union;;;2.2;Genérica del gasto;Pensiones y otras prestaciones sociales;Recursos ordinarios;384665;Previsión social;Localizada en Arequipa;;Sí;0
7;ANEXO-7-1-2;121;1093;Gobierno local;040801;MUNICIPALIDAD PROVINCIAL DE LA UNION -COTA}UASI;Arequipa;La Union;La Union;;;2.2;Genérica del gasto;Pensiones y otras prestaciones sociales;Recursos directamente recaudados;2000;Previsión social;Localizada en Arequipa;;Sí;0
7;ANEXO-7-1-2;121;1093;Gobierno local;040801;MUNICIPALIDAD PROVINCIAL DE LA UNION -COTA}UASI;Arequipa;La Union;La Union;;;2.2;Genérica del gasto;Pensiones y otras prestaciones sociales;Recursos determinados;19739;Previsión social;Localizada en Arequipa;;Sí;0
7;ANEXO-7-1-2;121;1093;Gobierno local;040801;MUNICIPALIDAD PROVINCIAL DE LA UNION -COTA}UASI;Arequipa;La Union;La Union;;;2.3;Genérica del gasto;Bienes y servicios;Recursos ordinarios;127910;No sectorizable (gasto por genérica);Localizada en Arequipa;;Sí;0
7;ANEXO-7-1-2;121;1093;Gobierno local;040801;MUNICIPALIDAD PROVINCIAL DE LA UNION -COTA}UASI;Arequipa;La Union;La Union;;;2.3;Genérica del gasto;Bienes y servicios;Recursos directamente recaudados;418442;No sectorizable (gasto por genérica);Localizada en Arequipa;;Sí;0
7;ANEXO-7-1-2;121;1093;Gobierno local;040801;MUNICIPALIDAD PROVINCIAL DE LA UNION -COTA}UASI;Arequipa;La Union;La Union;;;2.3;Genérica del gasto;Bienes y servicios;Recursos determinados;1610785;No sectorizable (gasto por genérica);Localizada en Arequipa;;Sí;0
7;ANEXO-7-1-2;121;1093;Gobierno local;040801;MUNICIPALIDAD PROVINCIAL DE LA UNION -COTA}UASI;Arequipa;La Union;La Union;;;2.4;Genérica del gasto;Donaciones y transferencias;Recursos determinados;60000;No sectorizable (gasto por genérica);Localizada en Arequipa;;Sí;0
7;ANEXO-7-1-2;121;1093;Gobierno local;040801;MUNICIPALIDAD PROVINCIAL DE LA UNION -COTA}UASI;Arequipa;La Union;La Union;;;2.5;Genérica del gasto;Otros gastos;Recursos ordinarios;27959;No sectorizable (gasto por genérica);Localizada en Arequipa;;Sí;0
7;ANEXO-7-1-2;121;1093;Gobierno local;040801;MUNICIPALIDAD PROVINCIAL DE LA UNION -COTA}UASI;Arequipa;La Union;La Union;;;2.6;Genérica del gasto;Adquisición de activos no financieros;Recursos determinados;3803864;No sectorizable (gasto por genérica);Localizada en Arequipa;;Sí;0
7;ANEXO-7-1-2;121;1093;Gobierno local;040802;MUNICIPALIDAD DISTRITAL DE ALCA;Arequipa;La Union;Alca;;;2.1;Genérica del gasto;Personal y obligaciones sociales;Recursos determinados;467476;No sectorizable (gasto por genérica);Localizada en Arequipa;;Sí;0
7;ANEXO-7-1-2;121;1093;Gobierno local;040802;MUNICIPALIDAD DISTRITAL DE ALCA;Arequipa;La Union;Alca;;;2.2;Genérica del gasto;Pensiones y otras prestaciones sociales;Recursos ordinarios;69168;Previsión social;Localizada en Arequipa;;Sí;0
7;ANEXO-7-1-2;121;1093;Gobierno local;040802;MUNICIPALIDAD DISTRITAL DE ALCA;Arequipa;La Union;Alca;;;2.3;Genérica del gasto;Bienes y servicios;Recursos directamente recaudados;136500;No sectorizable (gasto por genérica);Localizada en Arequipa;;Sí;0
7;ANEXO-7-1-2;121;1093;Gobierno local;040802;MUNICIPALIDAD DISTRITAL DE ALCA;Arequipa;La Union;Alca;;;2.3;Genérica del gasto;Bienes y servicios;Recursos determinados;827278;No sectorizable (gasto por genérica);Localizada en Arequipa;;Sí;0
7;ANEXO-7-1-2;121;1093;Gobierno local;040802;MUNICIPALIDAD DISTRITAL DE ALCA;Arequipa;La Union;Alca;;;2.5;Genérica del gasto;Otros gastos;Recursos directamente recaudados;2000;No sectorizable (gasto por genérica);Localizada en Arequipa;;Sí;0
7;ANEXO-7-1-2;121;1093;Gobierno local;040802;MUNICIPALIDAD DISTRITAL DE ALCA;Arequipa;La Union;Alca;;;2.6;Genérica del gasto;Adquisición de activos no financieros;Recursos determinados;1509640;No sectorizable (gasto por genérica);Localizada en Arequipa;;Sí;0
7;ANEXO-7-1-2;122;1094;Gobierno local;040803;MUNICIPALIDAD DISTRITAL DE CHARCANA;Arequipa;La Union;Charcana;;;2.1;Genérica del gasto;Personal y obligaciones sociales;Recursos determinados;196907;No sectorizable (gasto por genérica);Localizada en Arequipa;;Sí;0
7;ANEXO-7-1-2;122;1094;Gobierno local;040803;MUNICIPALIDAD DISTRITAL DE CHARCANA;Arequipa;La Union;Charcana;;;2.2;Genérica del gasto;Pensiones y otras prestaciones sociales;Recursos ordinarios;21820;Previsión social;Localizada en Arequipa;;Sí;0
7;ANEXO-7-1-2;122;1094;Gobierno local;040803;MUNICIPALIDAD DISTRITAL DE CHARCANA;Arequipa;La Union;Charcana;;;2.3;Genérica del gasto;Bienes y servicios;Recursos directamente recaudados;8000;No sectorizable (gasto por genérica);Localizada en Arequipa;;Sí;0
7;ANEXO-7-1-2;122;1094;Gobierno local;040803;MUNICIPALIDAD DISTRITAL DE CHARCANA;Arequipa;La Union;Charcana;;;2.3;Genérica del gasto;Bienes y servicios;Recursos determinados;866320;No sectorizable (gasto por genérica);Localizada en Arequipa;;Sí;0
7;ANEXO-7-1-2;122;1094;Gobierno local;040803;MUNICIPALIDAD DISTRITAL DE CHARCANA;Arequipa;La Union;Charcana;;;2.6;Genérica del gasto;Adquisición de activos no financieros;Recursos determinados;517349;No sectorizable (gasto por genérica);Localizada en Arequipa;;Sí;0
7;ANEXO-7-1-2;122;1094;Gobierno local;040804;MUNICIPALIDAD DISTRITAL DE HUAYNACOTAS;Arequipa;La Union;Huaynacotas;;;2.1;Genérica del gasto;Personal y obligaciones sociales;Recursos determinados;393982;No sectorizable (gasto por genérica);Localizada en Arequipa;;Sí;0
7;ANEXO-7-1-2;122;1094;Gobierno local;040804;MUNICIPALIDAD DISTRITAL DE HUAYNACOTAS;Arequipa;La Union;Huaynacotas;;;2.2;Genérica del gasto;Pensiones y otras prestaciones sociales;Recursos ordinarios;65042;Previsión social;Localizada en Arequipa;;Sí;0
7;ANEXO-7-1-2;122;1094;Gobierno local;040804;MUNICIPALIDAD DISTRITAL DE HUAYNACOTAS;Arequipa;La Union;Huaynacotas;;;2.2;Genérica del gasto;Pensiones y otras prestaciones sociales;Recursos directamente recaudados;832;Previsión social;Localizada en Arequipa;;Sí;0
7;ANEXO-7-1-2;122;1094;Gobierno local;040804;MUNICIPALIDAD DISTRITAL DE HUAYNACOTAS;Arequipa;La Union;Huaynacotas;;;2.3;Genérica del gasto;Bienes y servicios;Recursos directamente recaudados;318168;No sectorizable (gasto por genérica);Localizada en Arequipa;;Sí;0
7;ANEXO-7-1-2;122;1094;Gobierno local;040804;MUNICIPALIDAD DISTRITAL DE HUAYNACOTAS;Arequipa;La Union;Huaynacotas;;;2.3;Genérica del gasto;Bienes y servicios;Recursos determinados;904196;No sectorizable (gasto por genérica);Localizada en Arequipa;;Sí;0
7;ANEXO-7-1-2;122;1094;Gobierno local;040804;MUNICIPALIDAD DISTRITAL DE HUAYNACOTAS;Arequipa;La Union;Huaynacotas;;;2.4;Genérica del gasto;Donaciones y transferencias;Recursos determinados;8000;No sectorizable (gasto por genérica);Localizada en Arequipa;;Sí;0
7;ANEXO-7-1-2;122;1094;Gobierno local;040804;MUNICIPALIDAD DISTRITAL DE HUAYNACOTAS;Arequipa;La Union;Huaynacotas;;;2.6;Genérica del gasto;Adquisición de activos no financieros;Recursos determinados;1874470;No sectorizable (gasto por genérica);Localizada en Arequipa;;Sí;0
7;ANEXO-7-1-2;122;1094;Gobierno local;040805;MUNICIPALIDAD DISTRITAL DE PAMPAMARCA;Arequipa;La Union;Pampamarca;;;2.1;Genérica del gasto;Personal y obligaciones sociales;Recursos determinados;234282;No sectorizable (gasto por genérica);Localizada en Arequipa;;Sí;0
7;ANEXO-7-1-2;122;1094;Gobierno local;040805;MUNICIPALIDAD DISTRITAL DE PAMPAMARCA;Arequipa;La Union;Pampamarca;;;2.2;Genérica del gasto;Pensiones y otras prestaciones sociales;Recursos ordinarios;52166;Previsión social;Localizada en Arequipa;;Sí;0
7;ANEXO-7-1-2;122;1094;Gobierno local;040805;MUNICIPALIDAD DISTRITAL DE PAMPAMARCA;Arequipa;La Union;Pampamarca;;;2.3;Genérica del gasto;Bienes y servicios;Recursos directamente recaudados;27000;No sectorizable (gasto por genérica);Localizada en Arequipa;;Sí;0
7;ANEXO-7-1-2;122;1094;Gobierno local;040805;MUNICIPALIDAD DISTRITAL DE PAMPAMARCA;Arequipa;La Union;Pampamarca;;;2.3;Genérica del gasto;Bienes y servicios;Recursos determinados;889481;No sectorizable (gasto por genérica);Localizada en Arequipa;;Sí;0
7;ANEXO-7-1-2;122;1094;Gobierno local;040805;MUNICIPALIDAD DISTRITAL DE PAMPAMARCA;Arequipa;La Union;Pampamarca;;;2.6;Genérica del gasto;Adquisición de activos no financieros;Recursos determinados;865125;No sectorizable (gasto por genérica);Localizada en Arequipa;;Sí;0
7;ANEXO-7-1-2;122;1094;Gobierno local;040806;MUNICIPALIDAD DISTRITAL DE PUYCA;Arequipa;La Union;Puyca;;;2.1;Genérica del gasto;Personal y obligaciones sociales;Recursos determinados;540070;No sectorizable (gasto por genérica);Localizada en Arequipa;;Sí;0
7;ANEXO-7-1-2;122;1094;Gobierno local;040806;MUNICIPALIDAD DISTRITAL DE PUYCA;Arequipa;La Union;Puyca;;;2.2;Genérica del gasto;Pensiones y otras prestaciones sociales;Recursos ordinarios;102983;Previsión social;Localizada en Arequipa;;Sí;0
7;ANEXO-7-1-2;122;1094;Gobierno local;040806;MUNICIPALIDAD DISTRITAL DE PUYCA;Arequipa;La Union;Puyca;;;2.3;Genérica del gasto;Bienes y servicios;Recursos directamente recaudados;16500;No sectorizable (gasto por genérica);Localizada en Arequipa;;Sí;0
7;ANEXO-7-1-2;122;1094;Gobierno local;040806;MUNICIPALIDAD DISTRITAL DE PUYCA;Arequipa;La Union;Puyca;;;2.3;Genérica del gasto;Bienes y servicios;Recursos determinados;915957;No sectorizable (gasto por genérica);Localizada en Arequipa;;Sí;0
7;ANEXO-7-1-2;122;1094;Gobierno local;040806;MUNICIPALIDAD DISTRITAL DE PUYCA;Arequipa;La Union;Puyca;;;2.6;Genérica del gasto;Adquisición de activos no financieros;Recursos determinados;2459766;No sectorizable (gasto por genérica);Localizada en Arequipa;;Sí;0
7;ANEXO-7-1-2;122;1094;Gobierno local;040807;MUNICIPALIDAD DISTRITAL DE QUECHUAL1A;Arequipa;La Union;Quechual1A;;;2.1;Genérica del gasto;Personal y obligaciones sociales;Recursos determinados;181415;No sectorizable (gasto por genérica);Localizada en Arequipa;;Sí;0
7;ANEXO-7-1-2;123;1095;Gobierno local;040807;MUNICIPALIDAD DISTRITAL DE QUECHUAL1A;Arequipa;La Union;Quechual1A;;;2.2;Genérica del gasto;Pensiones y otras prestaciones sociales;Recursos ordinarios;7824;Previsión social;Localizada en Arequipa;;Sí;0
7;ANEXO-7-1-2;123;1095;Gobierno local;040807;MUNICIPALIDAD DISTRITAL DE QUECHUAL1A;Arequipa;La Union;Quechual1A;;;2.2;Genérica del gasto;Pensiones y otras prestaciones sociales;Recursos determinados;2799;Previsión social;Localizada en Arequipa;;Sí;0
7;ANEXO-7-1-2;123;1095;Gobierno local;040807;MUNICIPALIDAD DISTRITAL DE QUECHUAL1A;Arequipa;La Union;Quechual1A;;;2.3;Genérica del gasto;Bienes y servicios;Recursos directamente recaudados;18000;No sectorizable (gasto por genérica);Localizada en Arequipa;;Sí;0
7;ANEXO-7-1-2;123;1095;Gobierno local;040807;MUNICIPALIDAD DISTRITAL DE QUECHUAL1A;Arequipa;La Union;Quechual1A;;;2.3;Genérica del gasto;Bienes y servicios;Recursos determinados;861698;No sectorizable (gasto por genérica);Localizada en Arequipa;;Sí;0
7;ANEXO-7-1-2;123;1095;Gobierno local;040807;MUNICIPALIDAD DISTRITAL DE QUECHUAL1A;Arequipa;La Union;Quechual1A;;;2.6;Genérica del gasto;Adquisición de activos no financieros;Recursos determinados;373040;No sectorizable (gasto por genérica);Localizada en Arequipa;;Sí;0
7;ANEXO-7-1-2;123;1095;Gobierno local;040808;MUNICIPALIDAD DISTRITAL DE SAYLA;Arequipa;La Union;Sayla;;;2.1;Genérica del gasto;Personal y obligaciones sociales;Recursos determinados;150840;No sectorizable (gasto por genérica);Localizada en Arequipa;;Sí;0
7;ANEXO-7-1-2;123;1095;Gobierno local;040808;MUNICIPALIDAD DISTRITAL DE SAYLA;Arequipa;La Union;Sayla;;;2.2;Genérica del gasto;Pensiones y otras prestaciones sociales;Recursos ordinarios;9925;Previsión social;Localizada en Arequipa;;Sí;0
7;ANEXO-7-1-2;123;1095;Gobierno local;040808;MUNICIPALIDAD DISTRITAL DE SAYLA;Arequipa;La Union;Sayla;;;2.2;Genérica del gasto;Pensiones y otras prestaciones sociales;Recursos determinados;1163;Previsión social;Localizada en Arequipa;;Sí;0
7;ANEXO-7-1-2;123;1095;Gobierno local;040808;MUNICIPALIDAD DISTRITAL DE SAYLA;Arequipa;La Union;Sayla;;;2.3;Genérica del gasto;Bienes y servicios;Recursos directamente recaudados;3000;No sectorizable (gasto por genérica);Localizada en Arequipa;;Sí;0
7;ANEXO-7-1-2;123;1095;Gobierno local;040808;MUNICIPALIDAD DISTRITAL DE SAYLA;Arequipa;La Union;Sayla;;;2.3;Genérica del gasto;Bienes y servicios;Recursos determinados;881783;No sectorizable (gasto por genérica);Localizada en Arequipa;;Sí;0
7;ANEXO-7-1-2;123;1095;Gobierno local;040808;MUNICIPALIDAD DISTRITAL DE SAYLA;Arequipa;La Union;Sayla;;;2.6;Genérica del gasto;Adquisición de activos no financieros;Recursos determinados;278860;No sectorizable (gasto por genérica);Localizada en Arequipa;;Sí;0
7;ANEXO-7-1-2;123;1095;Gobierno local;040809;MUNICIPALIDAD DISTRITAL DE TAURIA;Arequipa;La Union;Tauria;;;2.1;Genérica del gasto;Personal y obligaciones sociales;Recursos determinados;232635;No sectorizable (gasto por genérica);Localizada en Arequipa;;Sí;0
7;ANEXO-7-1-2;123;1095;Gobierno local;040809;MUNICIPALIDAD DISTRITAL DE TAURIA;Arequipa;La Union;Tauria;;;2.2;Genérica del gasto;Pensiones y otras prestaciones sociales;Recursos ordinarios;8831;Previsión social;Localizada en Arequipa;;Sí;0
7;ANEXO-7-1-2;123;1095;Gobierno local;040809;MUNICIPALIDAD DISTRITAL DE TAURIA;Arequipa;La Union;Tauria;;;2.3;Genérica del gasto;Bienes y servicios;Recursos directamente recaudados;16000;No sectorizable (gasto por genérica);Localizada en Arequipa;;Sí;0
7;ANEXO-7-1-2;123;1095;Gobierno local;040809;MUNICIPALIDAD DISTRITAL DE TAURIA;Arequipa;La Union;Tauria;;;2.3;Genérica del gasto;Bienes y servicios;Recursos determinados;807427;No sectorizable (gasto por genérica);Localizada en Arequipa;;Sí;0
7;ANEXO-7-1-2;123;1095;Gobierno local;040809;MUNICIPALIDAD DISTRITAL DE TAURIA;Arequipa;La Union;Tauria;;;2.6;Genérica del gasto;Adquisición de activos no financieros;Recursos determinados;309720;No sectorizable (gasto por genérica);Localizada en Arequipa;;Sí;0
7;ANEXO-7-1-2;123;1095;Gobierno local;040810;MUNICIPALIDAD DISTRITAL DE TOMEPAMPA;Arequipa;La Union;Tomepampa;;;2.1;Genérica del gasto;Personal y obligaciones sociales;Recursos determinados;242033;No sectorizable (gasto por genérica);Localizada en Arequipa;;Sí;0
7;ANEXO-7-1-2;123;1095;Gobierno local;040810;MUNICIPALIDAD DISTRITAL DE TOMEPAMPA;Arequipa;La Union;Tomepampa;;;2.2;Genérica del gasto;Pensiones y otras prestaciones sociales;Recursos ordinarios;18829;Previsión social;Localizada en Arequipa;;Sí;0
7;ANEXO-7-1-2;123;1095;Gobierno local;040810;MUNICIPALIDAD DISTRITAL DE TOMEPAMPA;Arequipa;La Union;Tomepampa;;;2.3;Genérica del gasto;Bienes y servicios;Recursos directamente recaudados;9200;No sectorizable (gasto por genérica);Localizada en Arequipa;;Sí;0
7;ANEXO-7-1-2;123;1095;Gobierno local;040810;MUNICIPALIDAD DISTRITAL DE TOMEPAMPA;Arequipa;La Union;Tomepampa;;;2.3;Genérica del gasto;Bienes y servicios;Recursos determinados;830893;No sectorizable (gasto por genérica);Localizada en Arequipa;;Sí;0
7;ANEXO-7-1-2;123;1095;Gobierno local;040810;MUNICIPALIDAD DISTRITAL DE TOMEPAMPA;Arequipa;La Union;Tomepampa;;;2.6;Genérica del gasto;Adquisición de activos no financieros;Recursos determinados;553517;No sectorizable (gasto por genérica);Localizada en Arequipa;;Sí;0
7;ANEXO-7-1-2;123;1095;Gobierno local;040811;MUNICIPALIDAD DISTRITAL DE TORO;Arequipa;La Union;Toro;;;2.1;Genérica del gasto;Personal y obligaciones sociales;Recursos determinados;266138;No sectorizable (gasto por genérica);Localizada en Arequipa;;No, el pliego no cierra contra su total impreso;200000
7;ANEXO-7-1-2;123;1095;Gobierno local;040811;MUNICIPALIDAD DISTRITAL DE TORO;Arequipa;La Union;Toro;;;2.2;Genérica del gasto;Pensiones y otras prestaciones sociales;Recursos ordinarios;35576;Previsión social;Localizada en Arequipa;;No, el pliego no cierra contra su total impreso;200000
7;ANEXO-7-1-2;123;1095;Gobierno local;040811;MUNICIPALIDAD DISTRITAL DE TORO;Arequipa;La Union;Toro;;;2.3;Genérica del gasto;Bienes y servicios;Recursos directamente recaudados;10000;No sectorizable (gasto por genérica);Localizada en Arequipa;;No, el pliego no cierra contra su total impreso;200000
7;ANEXO-7-1-2;123;1095;Gobierno local;040811;MUNICIPALIDAD DISTRITAL DE TORO;Arequipa;La Union;Toro;;;2.3;Genérica del gasto;Bienes y servicios;Recursos determinados;864689;No sectorizable (gasto por genérica);Localizada en Arequipa;;No, el pliego no cierra contra su total impreso;200000
7;ANEXO-7-1-2;124;1096;Gobierno local;040811;MUNICIPALIDAD DISTRITAL DE TORO;Arequipa;La Union;Toro;;;2.6;Genérica del gasto;Adquisición de activos no financieros;Recursos determinados;526820;No sectorizable (gasto por genérica);Localizada en Arequipa;;No, el pliego no cierra contra su total impreso;200000
