anexo;archivo_pdf;pagina_pdf;pagina_impresa;nivel_gobierno;codigo_pliego;pliego;departamento;provincia;distrito;jurisdicciones_mencionadas;categoria_presupuestal;programa_presupuestal;producto;codigo_partida;tipo_partida;concepto;fuente_financiamiento;monto_soles;sector;alcance_territorial;base_no_duplicada;nota;cuadra_el_pliego;diferencia_del_pliego
6;ANEXO-6-2;154;884;Gobierno regional;460;Gobierno Regional del Departamento de Tacna;Tacna;;;;Programas presupuestales;;3000001 ACCIONES COMUNES;5000085;Actividad;MONITOREO, SUPERVISION, EVALUACION Y CONTROL METAXENICAS Y ZOONOSIS;;30121;Salud;Localizada en Tacna;Sí;;Sí;0
6;ANEXO-6-2;154;884;Gobierno regional;460;Gobierno Regional del Departamento de Tacna;Tacna;;;;Programas presupuestales;;3000001 ACCIONES COMUNES;5000276;Actividad;GESTION DEL PROGRAMA;;703614;Planeamiento y gestión administrativa;Localizada en Tacna;Sí;;Sí;0
6;ANEXO-6-2;154;884;Gobierno regional;460;Gobierno Regional del Departamento de Tacna;Tacna;;;;Programas presupuestales;;3000001 ACCIONES COMUNES;5004279;Actividad;MONITOREO,SUPERVISION Y EVALUACION DE PRODUCTOS Y ACTIVIDADES EN GESTION DE RIESGO DE DESASTRES;;3860;Gestión del riesgo de desastres;Localizada en Tacna;Sí;;Sí;0
6;ANEXO-6-2;154;884;Gobierno regional;460;Gobierno Regional del Departamento de Tacna;Tacna;;;;Programas presupuestales;;3000001 ACCIONES COMUNES;5004280;Actividad;DESARROLLO DE INSTRUMENTOS ESTRATEGICOS PARA LA GESTION DEL RIESGO DE DESASTRES;;7895;Gestión del riesgo de desastres;Localizada en Tacna;Sí;;Sí;0
6;ANEXO-6-2;154;884;Gobierno regional;460;Gobierno Regional del Departamento de Tacna;Tacna;;;;Programas presupuestales;;3000001 ACCIONES COMUNES;5004389;Actividad;DESARROLLO DE NORMAS Y GUIAS TECNICAS EN SALUD MATERNO NEONATAL;;34131;Salud;Localizada en Tacna;Sí;;Sí;0
6;ANEXO-6-2;154;884;Gobierno regional;460;Gobierno Regional del Departamento de Tacna;Tacna;;;;Programas presupuestales;;3000001 ACCIONES COMUNES;5004424;Actividad;VIGILANCIA, INVESTIGACION Y TECNOLOGIAS EN NUTRICION;;3000;Educación;Localizada en Tacna;Sí;;Sí;0
6;ANEXO-6-2;154;884;Gobierno regional;460;Gobierno Regional del Departamento de Tacna;Tacna;;;;Programas presupuestales;;3000001 ACCIONES COMUNES;5004425;Actividad;DESARROLLO DE NORMAS Y GUIAS TECNICAS EN NUTRICION;;12556;Salud;Localizada en Tacna;Sí;;Sí;0
6;ANEXO-6-2;154;884;Gobierno regional;460;Gobierno Regional del Departamento de Tacna;Tacna;;;;Programas presupuestales;;3000001 ACCIONES COMUNES;5004426;Actividad;MONITOREO, SUPERVISION, EVALUACION Y CONTROL DEL PROGRAMA ARTICULADO NUTRICIONAL;;374268;Salud;Localizada en Tacna;Sí;;Sí;0
6;ANEXO-6-2;154;884;Gobierno regional;460;Gobierno Regional del Departamento de Tacna;Tacna;;;;Programas presupuestales;;3000001 ACCIONES COMUNES;5004430;Actividad;MONITOREO, SUPERVISION, EVALUACION Y CONTROL DE LA SALUD MATERNO NEONATAL;;586904;Salud;Localizada en Tacna;Sí;;Sí;0
6;ANEXO-6-2;154;884;Gobierno regional;460;Gobierno Regional del Departamento de Tacna;Tacna;;;;Programas presupuestales;;3000001 ACCIONES COMUNES;5004433;Actividad;MONITOREO, SUPERVISION, EVALUACION Y CONTROL DE VIH/SIDA - TUBERCULOSIS;;63063;Salud;Localizada en Tacna;Sí;;Sí;0
6;ANEXO-6-2;154;884;Gobierno regional;460;Gobierno Regional del Departamento de Tacna;Tacna;;;;Programas presupuestales;;3000001 ACCIONES COMUNES;5004434;Actividad;DESARROLLO DE NORMAS Y GUIAS TECNICAS VIH/SIDA Y TUBERCULOSIS;;8000;Salud;Localizada en Tacna;Sí;;Sí;0
6;ANEXO-6-2;154;884;Gobierno regional;460;Gobierno Regional del Departamento de Tacna;Tacna;;;;Programas presupuestales;;3000001 ACCIONES COMUNES;5004441;Actividad;MONITOREO, SUPERVISION, EVALUACION Y CONTROL DE PREVENCION Y CONTROL DEL CANCER;;81927;Salud;Localizada en Tacna;Sí;;Sí;0
6;ANEXO-6-2;154;884;Gobierno regional;460;Gobierno Regional del Departamento de Tacna;Tacna;;;;Programas presupuestales;;3000001 ACCIONES COMUNES;5004442;Actividad;DESARROLLO DE NORMAS Y GUIAS TECNICAS EN PREVENCION Y CONTROL DEL CANCER;;8100;Salud;Localizada en Tacna;Sí;;Sí;0
6;ANEXO-6-2;154;884;Gobierno regional;460;Gobierno Regional del Departamento de Tacna;Tacna;;;;Programas presupuestales;;3000001 ACCIONES COMUNES;5004451;Actividad;DESARROLLO DE NORMAS Y GUIAS TECNICAS EN METAXENICAS Y ZOONOSIS;;3800;Salud;Localizada en Tacna;Sí;;Sí;0
6;ANEXO-6-2;154;884;Gobierno regional;460;Gobierno Regional del Departamento de Tacna;Tacna;;;;Programas presupuestales;;3000001 ACCIONES COMUNES;5004452;Actividad;MONITOREO, SUPERVISION, EVALUACION Y CONTROL DE ENFERMEDADES NO TRANSMISIBLES;;22813;Salud;Localizada en Tacna;Sí;;Sí;0
6;ANEXO-6-2;154;884;Gobierno regional;460;Gobierno Regional del Departamento de Tacna;Tacna;;;;Programas presupuestales;;3000001 ACCIONES COMUNES;5004453;Actividad;DESARROLLO DE NORMAS Y GUIAS TECNICAS EN ENFERMEDADES NO TRANSMISIBLES;;7000;Salud;Localizada en Tacna;Sí;;Sí;0
6;ANEXO-6-2;154;884;Gobierno regional;460;Gobierno Regional del Departamento de Tacna;Tacna;;;;Programas presupuestales;;3000001 ACCIONES COMUNES;5005138;Actividad;MONITOREO, SUPERVISION Y EVALUACION DEL PROGRAMA PRESUPUESTAL;;1887;Planeamiento y gestión administrativa;Localizada en Tacna;Sí;;Sí;0
6;ANEXO-6-2;154;884;Gobierno regional;460;Gobierno Regional del Departamento de Tacna;Tacna;;;;Programas presupuestales;;3000001 ACCIONES COMUNES;5005139;Actividad;ASISTENCIA TECNICA Y CAPACITACION;;6828;Planeamiento y gestión administrativa;Localizada en Tacna;Sí;;Sí;0
6;ANEXO-6-2;154;884;Gobierno regional;460;Gobierno Regional del Departamento de Tacna;Tacna;;;;Programas presupuestales;;3000001 ACCIONES COMUNES;5005144;Actividad;DESARROLLO DE NORMAS Y GUIAS TECNICAS EN DISCAPACIDAD;;5400;Salud;Localizada en Tacna;Sí;;Sí;0
6;ANEXO-6-2;154;884;Gobierno regional;460;Gobierno Regional del Departamento de Tacna;Tacna;;;;Programas presupuestales;;3000001 ACCIONES COMUNES;5005145;Actividad;MONITOREO, SUPERVISION, EVALUACION Y CONTROL DEL PROGRAMA PRESUPUESTAL;;3800;Planeamiento y gestión administrativa;Localizada en Tacna;Sí;;Sí;0
6;ANEXO-6-2;154;884;Gobierno regional;460;Gobierno Regional del Departamento de Tacna;Tacna;;;;Programas presupuestales;;3000001 ACCIONES COMUNES;5005183;Actividad;MONITOREO, SUPERVISION, EVALUACION Y CONTROL DEL PROGRAMA EN SALUD MENTAL;;29478;Salud;Localizada en Tacna;Sí;;Sí;0
6;ANEXO-6-2;154;884;Gobierno regional;460;Gobierno Regional del Departamento de Tacna;Tacna;;;;Programas presupuestales;;3000001 ACCIONES COMUNES;5005184;Actividad;DESARROLLO DE NORMAS Y GUIAS TECNICAS PARA EL ABORDAJE DE TRASTORNOS MENTALES Y PROBLEMAS DE PSICOSOCIALES;;5109;Salud;Localizada en Tacna;Sí;;Sí;0
6;ANEXO-6-2;154;884;Gobierno regional;460;Gobierno Regional del Departamento de Tacna;Tacna;;;;Programas presupuestales;;3000001 ACCIONES COMUNES;5005609;Actividad;ASISTENCIA TECNICA Y ACOMPAÑAMIENTO EN GESTION DEL RIESGO DE DESASTRES;;2000;Gestión del riesgo de desastres;Localizada en Tacna;Sí;;Sí;0
6;ANEXO-6-2;154;884;Gobierno regional;460;Gobierno Regional del Departamento de Tacna;Tacna;;;;Programas presupuestales;;3000002 POBLACION INFORMADA SOBRE SALUD SEXUAL, SALUD REPRODUCTIVA Y METODOS DE PLANIFICACION FAMILIAR;5000059;Actividad;BRINDAR INFORMACION SOBRE SALUD SEXUAL, SALUD REPRODUCTIVA Y METODOS DE PLANIFICACION FAMILIAR;;25000;Salud;Localizada en Tacna;Sí;;Sí;0
6;ANEXO-6-2;154;884;Gobierno regional;460;Gobierno Regional del Departamento de Tacna;Tacna;;;;Programas presupuestales;;3000004 MUJER TAMIZADA EN CANCER DE CUELLO UTERINO;5006002;Actividad;TAMIZAJE CON PAPANICOLAOU PARA DETECCION DE CANCER DE CUELLO UTERINO;;11150;Salud;Localizada en Tacna;Sí;;Sí;0
6;ANEXO-6-2;154;884;Gobierno regional;460;Gobierno Regional del Departamento de Tacna;Tacna;;;;Programas presupuestales;;3000004 MUJER TAMIZADA EN CANCER DE CUELLO UTERINO;5006004;Actividad;DETECCION MOLECULAR DE VIRUS PAPILOMA HUMANO;;3715;Salud;Localizada en Tacna;Sí;;Sí;0
6;ANEXO-6-2;154;884;Gobierno regional;460;Gobierno Regional del Departamento de Tacna;Tacna;;;;Programas presupuestales;;3000005 ADOLESCENTES ACCEDEN A SERVICIOS DE SALUD PARA PREVENCION DEL EMBARAZO;5000058;Actividad;BRINDAR SERVICIOS DE SALUD PARA PREVENCION DEL EMBARAZO A ADOLESCENTES;;17997;Salud;Localizada en Tacna;Sí;;Sí;0
6;ANEXO-6-2;154;884;Gobierno regional;460;Gobierno Regional del Departamento de Tacna;Tacna;;;;Programas presupuestales;;3000011 TAMIZAJE Y DIAGNOSTICO DE PACIENTES CON CATARATAS;5000109;Actividad;EVALUACION DE TAMIZAJE Y DIAGNOSTICO DE PACIENTES CON CATARATAS;;5084;Salud;Localizada en Tacna;Sí;;Sí;0
6;ANEXO-6-2;155;885;Gobierno regional;460;Gobierno Regional del Departamento de Tacna;Tacna;;;;Programas presupuestales;;3000012 TRATAMIENTO Y CONTROL DE PACIENTES CON CATARATAS;5000110;Actividad;BRINDAR TRATAMIENTO A PACIENTES CON DIAGNOSTICO DE CATARATAS;;4846;Salud;Localizada en Tacna;Sí;;Sí;0
6;ANEXO-6-2;155;885;Gobierno regional;460;Gobierno Regional del Departamento de Tacna;Tacna;;;;Programas presupuestales;;3000013 TAMIZAJE Y DIAGNOSTICO DE PACIENTES CON ERRORES REFRACTIVOS;5000111;Actividad;EXÁMENES DE TAMIZAJE Y DIAGNOSTICO DE PERSONAS CON ERRORES REFRACTIVOS;;2000;Salud;Localizada en Tacna;Sí;;Sí;0
6;ANEXO-6-2;155;885;Gobierno regional;460;Gobierno Regional del Departamento de Tacna;Tacna;;;;Programas presupuestales;;3000014 TRATAMIENTO Y CONTROL DE PACIENTES CON ERRORES REFRACTIVOS;5000112;Actividad;BRINDAR TRATAMIENTO A PACIENTES CON DIAGNOSTICO DE ERRORES REFRACTIVOS;;138820;Salud;Localizada en Tacna;Sí;;Sí;0
6;ANEXO-6-2;155;885;Gobierno regional;460;Gobierno Regional del Departamento de Tacna;Tacna;;;;Programas presupuestales;;3000015 VALORACION CLINICA Y TAMIZAJE LABORATORIAL DE ENFERMEDADES CRONICAS NO TRANSMISIBLES;5000113;Actividad;EVALUACION CLINICA Y TAMIZAJE LABORATORIAL DE PERSONAS CON RIESGO DE PADECER ENFERMEDADES CRONICAS NO TRANSMISIBLES;;2732704;Salud;Localizada en Tacna;Sí;;Sí;0
6;ANEXO-6-2;155;885;Gobierno regional;460;Gobierno Regional del Departamento de Tacna;Tacna;;;;Programas presupuestales;;3000016 TRATAMIENTO Y CONTROL DE PERSONAS CON HIPERTENSION ARTERIAL;5000114;Actividad;BRINDAR TRATAMIENTO A PERSONAS CON DIAGNOSTICO DE HIPERTENSION ARTERIAL;;21789;Salud;Localizada en Tacna;Sí;;Sí;0
6;ANEXO-6-2;155;885;Gobierno regional;460;Gobierno Regional del Departamento de Tacna;Tacna;;;;Programas presupuestales;;3000017 TRATAMIENTO Y CONTROL DE PERSONAS CON DIABETES;5000115;Actividad;BRINDAR TRATAMIENTO A PERSONAS CON DIAGNOSTICO DE DIABETES MELLITUS;;34163;Salud;Localizada en Tacna;Sí;;Sí;0
6;ANEXO-6-2;155;885;Gobierno regional;460;Gobierno Regional del Departamento de Tacna;Tacna;;;;Programas presupuestales;;3000132 CAMINO DEPARTAMENTAL CON MANTENIMIENTO VIAL;5001448;Actividad;MANTENIMIENTO RUTINARIO DE LA RED VIAL DEPARTAMENTAL PAVIMENTADA;;146770;Transporte;Localizada en Tacna;Sí;;Sí;0
6;ANEXO-6-2;155;885;Gobierno regional;460;Gobierno Regional del Departamento de Tacna;Tacna;;;;Programas presupuestales;;3000132 CAMINO DEPARTAMENTAL CON MANTENIMIENTO VIAL;5001449;Actividad;MANTENIMIENTO RUTINARIO DE LA RED VIAL DEPARTAMENTAL NO PAVIMENTADA;;1088938;Transporte;Localizada en Tacna;Sí;;Sí;0
6;ANEXO-6-2;155;885;Gobierno regional;460;Gobierno Regional del Departamento de Tacna;Tacna;;;;Programas presupuestales;;3000143 USUARIO DE LA VIA CON MAYOR CONOCIMIENTO DE SEGURIDAD VIAL;5001488;Actividad;CAMPAÑAS DE SENSIBILIZACION A LA COMUNIDAD SOBRE SEGURIDAD Y EDUCACION VIAL;;11698;Educación;Localizada en Tacna;Sí;;Sí;0
6;ANEXO-6-2;155;885;Gobierno regional;460;Gobierno Regional del Departamento de Tacna;Tacna;;;;Programas presupuestales;;3000361 FAMILIAS SALUDABLES CON CONOCIMIENTO DE LA PREVENCION DEL CANCER DE CUELLO UTERINO, MAMA, ESTOMAGO, PROSTATA, PULMON COLON, RECTO, HIGADO, LEUCEMIA, LINFOMA, PIEL Y OTROS;5005998;Actividad;CAPACITACION A ACTORES SOCIALES PARA LA PROMOCION DE PRACTICAS Y ENTORNOS SALUDABLES PARA LA PREVENCION DEL CANCER EN FAMILIAS;;2670;Salud;Localizada en Tacna;Sí;;Sí;0
6;ANEXO-6-2;155;885;Gobierno regional;460;Gobierno Regional del Departamento de Tacna;Tacna;;;;Programas presupuestales;;3000365 ATENCION DEL CANCER DE CUELLO UTERINO PARA EL ESTADIAJE Y TRATAMIENTO;5006012;Actividad;DIAGNOSTICO DEL CANCER DE CUELLO UTERINO;;2500;Salud;Localizada en Tacna;Sí;;Sí;0
6;ANEXO-6-2;155;885;Gobierno regional;460;Gobierno Regional del Departamento de Tacna;Tacna;;;;Programas presupuestales;;3000365 ATENCION DEL CANCER DE CUELLO UTERINO PARA EL ESTADIAJE Y TRATAMIENTO;5006013;Actividad;TRATAMIENTO DEL CANCER DE CUELLO UTERINO;;500;Salud;Localizada en Tacna;Sí;;Sí;0
6;ANEXO-6-2;155;885;Gobierno regional;460;Gobierno Regional del Departamento de Tacna;Tacna;;;;Programas presupuestales;;3000366 ATENCION DEL CANCER DE MAMA PARA EL ESTADIAJE Y TRATAMIENTO;5006014;Actividad;DIAGNOSTICO DEL CANCER DE MAMA;;1630996;Salud;Localizada en Tacna;Sí;;Sí;0
6;ANEXO-6-2;155;885;Gobierno regional;460;Gobierno Regional del Departamento de Tacna;Tacna;;;;Programas presupuestales;;3000366 ATENCION DEL CANCER DE MAMA PARA EL ESTADIAJE Y TRATAMIENTO;5006015;Actividad;TRATAMIENTO DEL CANCER DE MAMA;;1000;Salud;Localizada en Tacna;Sí;;Sí;0
6;ANEXO-6-2;155;885;Gobierno regional;460;Gobierno Regional del Departamento de Tacna;Tacna;;;;Programas presupuestales;;3000367 ATENCION DEL CANCER DE ESTOMAGO PARA EL ESTADIAJE Y TRATAMIENTO;5006016;Actividad;DIAGNOSTICO DEL CANCER DE ESTOMAGO;;1500;Salud;Localizada en Tacna;Sí;;Sí;0
6;ANEXO-6-2;155;885;Gobierno regional;460;Gobierno Regional del Departamento de Tacna;Tacna;;;;Programas presupuestales;;3000367 ATENCION DEL CANCER DE ESTOMAGO PARA EL ESTADIAJE Y TRATAMIENTO;5006017;Actividad;TRATAMIENTO DEL CANCER DE ESTOMAGO;;1000;Salud;Localizada en Tacna;Sí;;Sí;0
6;ANEXO-6-2;155;885;Gobierno regional;460;Gobierno Regional del Departamento de Tacna;Tacna;;;;Programas presupuestales;;3000368 ATENCION DEL CANCER DE PROSTATA PARA EL DIAGNOSTICO, ESTADIAJE Y TRATAMIENTO;5006018;Actividad;DIAGNOSTICO DEL CANCER DE PROSTATA;;1500;Salud;Localizada en Tacna;Sí;;Sí;0
6;ANEXO-6-2;155;885;Gobierno regional;460;Gobierno Regional del Departamento de Tacna;Tacna;;;;Programas presupuestales;;3000369 ATENCION DEL CANCER DE PULMON QUE INCLUYE: DIAGNOSTICO, ESTADIAJE Y TRATAMIENTO;5006020;Actividad;DIAGNOSTICO DEL CANCER DE PULMON;;1500;Salud;Localizada en Tacna;Sí;;Sí;0
6;ANEXO-6-2;156;886;Gobierno regional;460;Gobierno Regional del Departamento de Tacna;Tacna;;;;Programas presupuestales;;3000370 ATENCION DEL CANCER DE COLON Y RECTO QUE INCLUYE: DIAGNOSTICO, ESTADIAJE Y TRATAMIENTO;5006022;Actividad;DIAGNOSTICO DEL CANCER DE COLON Y RECTO;;2600;Salud;Localizada en Tacna;Sí;;Sí;0
6;ANEXO-6-2;156;886;Gobierno regional;460;Gobierno Regional del Departamento de Tacna;Tacna;;;;Programas presupuestales;;3000371 ATENCION DEL CANCER DE HIGADO QUE INCLUYE: DIAGNOSTICO, ESTADIAJE Y TRATAMIENTO;5006024;Actividad;DIAGNOSTICO DEL CANCER DE HIGADO;;1000;Salud;Localizada en Tacna;Sí;;Sí;0
6;ANEXO-6-2;156;886;Gobierno regional;460;Gobierno Regional del Departamento de Tacna;Tacna;;;;Programas presupuestales;;3000372 ATENCION DE LA LEUCEMIA QUE INCLUYE: DIAGNOSTICO Y TRATAMIENTO;5006026;Actividad;DIAGNOSTICO DE LEUCEMIA;;1500;Salud;Localizada en Tacna;Sí;;Sí;0
6;ANEXO-6-2;156;886;Gobierno regional;460;Gobierno Regional del Departamento de Tacna;Tacna;;;;Programas presupuestales;;3000373 ATENCION DE LA LINFOMA QUE INCLUYE: DIAGNOSTICO Y TRATAMIENTO;5006028;Actividad;DIAGNOSTICO DE LINFOMA;;1000;Salud;Localizada en Tacna;Sí;;Sí;0
6;ANEXO-6-2;156;886;Gobierno regional;460;Gobierno Regional del Departamento de Tacna;Tacna;;;;Programas presupuestales;;3000374 ATENCION DEL CANCER DE PIEL NO MELANOMAS QUE INCLUYE: DIAGNOSTICO, ESTADIAJE Y TRATAMIENTO;5006030;Actividad;DIAGNOSTICO DEL CANCER DE PIEL NO MELANOMA;;4500;Salud;Localizada en Tacna;Sí;;Sí;0
6;ANEXO-6-2;156;886;Gobierno regional;460;Gobierno Regional del Departamento de Tacna;Tacna;;;;Programas presupuestales;;3000374 ATENCION DEL CANCER DE PIEL NO MELANOMAS QUE INCLUYE: DIAGNOSTICO, ESTADIAJE Y TRATAMIENTO;5006031;Actividad;TRATAMIENTO DEL CANCER DE PIEL NO MELANOMA;;1000;Salud;Localizada en Tacna;Sí;;Sí;0
6;ANEXO-6-2;156;886;Gobierno regional;460;Gobierno Regional del Departamento de Tacna;Tacna;;;;Programas presupuestales;;3000385 INSTITUCIONES EDUCATIVAS CON CONDICIONES PARA EL CUMPLIMIENTO DE HORAS LECTIVAS NORMADAS;5005628;Actividad;CONTRATACION OPORTUNA Y PAGO DEL PERSONAL DOCENTE Y PROMOTORAS DE LAS INSTITUCIONES EDUCATIVAS DE EDUCACION BASICA REGULAR;;249436532;Educación;Localizada en Tacna;Sí;;Sí;0
6;ANEXO-6-2;156;886;Gobierno regional;460;Gobierno Regional del Departamento de Tacna;Tacna;;;;Programas presupuestales;;3000385 INSTITUCIONES EDUCATIVAS CON CONDICIONES PARA EL CUMPLIMIENTO DE HORAS LECTIVAS NORMADAS;5005629;Actividad;CONTRATACION OPORTUNA Y PAGO DEL PERSONAL ADMINISTRATIVO Y DE APOYO DE LAS INSTITUCIONES EDUCATIVAS DE EDUCACION BASICA REGULAR;;19007022;Educación;Localizada en Tacna;Sí;;Sí;0
6;ANEXO-6-2;156;886;Gobierno regional;460;Gobierno Regional del Departamento de Tacna;Tacna;;;;Programas presupuestales;;3000385 INSTITUCIONES EDUCATIVAS CON CONDICIONES PARA EL CUMPLIMIENTO DE HORAS LECTIVAS NORMADAS;5005943;Actividad;MANTENIMIENTO Y OPERACION DE LOCALES ESCOLARES DE INSTITUCIONES EDUCATIVAS DE EDUCACION BASICA REGULAR CON CONDICIONES ADECUADAS PARA SU FUNCIONAMIENTO;;4490192;Educación;Localizada en Tacna;Sí;;Sí;0
6;ANEXO-6-2;156;886;Gobierno regional;460;Gobierno Regional del Departamento de Tacna;Tacna;;;;Programas presupuestales;;3000386 DOCENTES PREPARADOS IMPLEMENTAN EL CURRICULO;5005631;Actividad;GESTION DEL CURRICULO;;146760;Educación;Localizada en Tacna;Sí;;Sí;0
6;ANEXO-6-2;156;886;Gobierno regional;460;Gobierno Regional del Departamento de Tacna;Tacna;;;;Programas presupuestales;;3000387 ESTUDIANTES DE EDUCACION BASICA REGULAR CUENTAN CON MATERIALES EDUCATIVOS NECESARIOS PARA EL LOGRO DE LOS ESTANDARES DE APRENDIZAJES;5005642;Actividad;DOTACION DE MATERIAL Y RECURSOS EDUCATIVOS PARA ESTUDIANTES DE EDUCACION BASICA REGULAR;;142659;Educación;Localizada en Tacna;Sí;;Sí;0
6;ANEXO-6-2;156;886;Gobierno regional;460;Gobierno Regional del Departamento de Tacna;Tacna;;;;Programas presupuestales;;3000387 ESTUDIANTES DE EDUCACION BASICA REGULAR CUENTAN CON MATERIALES EDUCATIVOS NECESARIOS PARA EL LOGRO DE LOS ESTANDARES DE APRENDIZAJES;5005643;Actividad;DOTACION DE MATERIAL Y RECURSOS EDUCATIVOS PARA ESTUDIANTES DE EDUCACION INTERCULTURAL BILINGÜE;;25209;Educación;Localizada en Tacna;Sí;;Sí;0
6;ANEXO-6-2;156;886;Gobierno regional;460;Gobierno Regional del Departamento de Tacna;Tacna;;;;Programas presupuestales;;3000387 ESTUDIANTES DE EDUCACION BASICA REGULAR CUENTAN CON MATERIALES EDUCATIVOS NECESARIOS PARA EL LOGRO DE LOS ESTANDARES DE APRENDIZAJES;5005644;Actividad;DOTACION DE MATERIAL Y RECURSOS EDUCATIVOS PARA DOCENTES Y AULAS DE EDUCACION BASICA REGULAR;;131095;Educación;Localizada en Tacna;Sí;;Sí;0
6;ANEXO-6-2;156;886;Gobierno regional;460;Gobierno Regional del Departamento de Tacna;Tacna;;;;Programas presupuestales;;3000387 ESTUDIANTES DE EDUCACION BASICA REGULAR CUENTAN CON MATERIALES EDUCATIVOS NECESARIOS PARA EL LOGRO DE LOS ESTANDARES DE APRENDIZAJES;5005645;Actividad;DOTACION DE MATERIAL Y RECURSOS EDUCATIVOS PARA DOCENTES Y AULAS DE EDUCACION INTERCULTURAL BILINGÜE;;47220;Educación;Localizada en Tacna;Sí;;Sí;0
6;ANEXO-6-2;156;886;Gobierno regional;460;Gobierno Regional del Departamento de Tacna;Tacna;;;;Programas presupuestales;;3000387 ESTUDIANTES DE EDUCACION BASICA REGULAR CUENTAN CON MATERIALES EDUCATIVOS NECESARIOS PARA EL LOGRO DE LOS ESTANDARES DE APRENDIZAJES;5005647;Actividad;DOTACION DE MATERIAL Y RECURSOS EDUCATIVOS PARA INSTITUCIONES EDUCATIVAS DE EDUCACION BASICA REGULAR;;11192;Educación;Localizada en Tacna;Sí;;Sí;0
6;ANEXO-6-2;156;886;Gobierno regional;460;Gobierno Regional del Departamento de Tacna;Tacna;;;;Programas presupuestales;;3000475 AREAS NATURALES PROTEGIDAS CON CONTROL Y VIGILANCIA PERMANENTE;5006287;Actividad;VIGILANCIA Y CONTROL PARA LA PROTECCION DE AREAS NATURALES;;234700;Ambiente;Localizada en Tacna;Sí;;Sí;0
6;ANEXO-6-2;156;886;Gobierno regional;460;Gobierno Regional del Departamento de Tacna;Tacna;;;;Programas presupuestales;;3000477 TRANSPORTISTA QUE PRESTA SERVICIO DE TRANSPORTE TERRESTRE Y ENTIDADES COMPLEMENTARIAS AUTORIZADOS;5003412;Actividad;OTORGAMIENTO DE AUTORIZACION PARA EL SERVICIO DE TRANSPORTE REGIONAL TERRESTRE DE PERSONAS;;346493;Transporte;Localizada en Tacna;Sí;;Sí;0
6;ANEXO-6-2;156;886;Gobierno regional;460;Gobierno Regional del Departamento de Tacna;Tacna;;;;Programas presupuestales;;3000478 SERVICIOS DE TRANSPORTE TERRESTRE Y COMPLEMENTARIOS FISCALIZADOS;5003418;Actividad;FISCALIZACION AL SERVICIO DE TRANSPORTE TERRESTRE DE PERSONAS;;321844;Transporte;Localizada en Tacna;Sí;;Sí;0
6;ANEXO-6-2;156;886;Gobierno regional;460;Gobierno Regional del Departamento de Tacna;Tacna;;;;Programas presupuestales;;3000479 PERSONA AUTORIZADA PARA CONDUCIR VEHICULOS AUTOMOTORES;5003427;Actividad;EMISION DE LICENCIAS DE CONDUCIR DE CLASE A;;1492687;Transporte;Localizada en Tacna;Sí;;Sí;0
6;ANEXO-6-2;157;887;Gobierno regional;460;Gobierno Regional del Departamento de Tacna;Tacna;;;;Programas presupuestales;;3000528 PRODUCTORES AGRARIOS CON COMPETENCIAS PARA EL APROVECHAMIENTO DEL RECURSO HIDRICO PARA USO AGRARIO;5000155;Actividad;ASISTENCIA TECNICA A PRODUCTORES AGRARIOS EN PRACTICAS DE RIEGO;;1000;Agropecuario y riego;Localizada en Tacna;Sí;;Sí;0
6;ANEXO-6-2;157;887;Gobierno regional;460;Gobierno Regional del Departamento de Tacna;Tacna;;;;Programas presupuestales;;3000528 PRODUCTORES AGRARIOS CON COMPETENCIAS PARA EL APROVECHAMIENTO DEL RECURSO HIDRICO PARA USO AGRARIO;5004172;Actividad;SENSIBILIZACION A PRODUCTORES AGRARIOS PARA EL APROVECHAMIENTO DEL RECURSO HIDRICO PARA USO AGRARIO;;1000;Agropecuario y riego;Localizada en Tacna;Sí;;Sí;0
6;ANEXO-6-2;157;887;Gobierno regional;460;Gobierno Regional del Departamento de Tacna;Tacna;;;;Programas presupuestales;;3000528 PRODUCTORES AGRARIOS CON COMPETENCIAS PARA EL APROVECHAMIENTO DEL RECURSO HIDRICO PARA USO AGRARIO;5004173;Actividad;DESARROLLO DE CAPACIDADES A PRODUCTORES AGRARIOS;;10000;Agropecuario y riego;Localizada en Tacna;Sí;;Sí;0
6;ANEXO-6-2;157;887;Gobierno regional;460;Gobierno Regional del Departamento de Tacna;Tacna;;;;Programas presupuestales;;3000546 INSTITUCIONES DE EDUCACION SUPERIOR PEDAGOGICA CON CONDICIONES BASICAS PARA EL FUNCIONAMIENTO.;5005906;Actividad;CONTRATACION OPORTUNA Y PAGO DE PERSONAL DOCENTE;;3130300;Educación;Localizada en Tacna;Sí;;Sí;0
6;ANEXO-6-2;157;887;Gobierno regional;460;Gobierno Regional del Departamento de Tacna;Tacna;;;;Programas presupuestales;;3000546 INSTITUCIONES DE EDUCACION SUPERIOR PEDAGOGICA CON CONDICIONES BASICAS PARA EL FUNCIONAMIENTO.;5005907;Actividad;CONTRATACION OPORTUNA Y PAGO DE PERSONAL ADMINISTRATIVO Y DE APOYO;;516852;Educación;Localizada en Tacna;Sí;;Sí;0
6;ANEXO-6-2;157;887;Gobierno regional;460;Gobierno Regional del Departamento de Tacna;Tacna;;;;Programas presupuestales;;3000546 INSTITUCIONES DE EDUCACION SUPERIOR PEDAGOGICA CON CONDICIONES BASICAS PARA EL FUNCIONAMIENTO.;5005908;Actividad;PROVISION DE SERVICIOS BASICOS Y MANTENIMIENTO DE EQUIPAMIENTO E INFRAESTRUCTURA;;75046;Educación;Localizada en Tacna;Sí;;Sí;0
6;ANEXO-6-2;157;887;Gobierno regional;460;Gobierno Regional del Departamento de Tacna;Tacna;;;;Programas presupuestales;;3000572 INSTITUCIONES FISCALIZADAS SEGUN LA NORMATIVA LABORAL;5005591;Actividad;PROCESO SANCIONATORIO Y MULTA POR INCUMPLIMIENTO;;135983;Justicia;Localizada en Tacna;Sí;;Sí;0
6;ANEXO-6-2;157;887;Gobierno regional;460;Gobierno Regional del Departamento de Tacna;Tacna;;;;Programas presupuestales;;3000608 SERVICIOS DE CUIDADO DIURNO ACCEDEN A CONTROL DE CALIDAD NUTRICIONAL DE LOS ALIMENTOS;5004427;Actividad;CONTROL DE CALIDAD NUTRICIONAL DE LOS ALIMENTOS;;5200;Salud;Localizada en Tacna;Sí;;Sí;0
6;ANEXO-6-2;157;887;Gobierno regional;460;Gobierno Regional del Departamento de Tacna;Tacna;;;;Programas presupuestales;;3000612 SINTOMATICOS RESPIRATORIOS CON DESPISTAJE DE TUBERCULOSIS;5004436;Actividad;DESPISTAJE DE TUBERCULOSIS EN SINTOMATICOS RESPIRATORIOS;;7751035;Salud;Localizada en Tacna;Sí;;Sí;0
6;ANEXO-6-2;157;887;Gobierno regional;460;Gobierno Regional del Departamento de Tacna;Tacna;;;;Programas presupuestales;;3000613 PERSONAS EN CONTACTO DE CASOS DE TUBERCULOSIS CON CONTROL Y TRATAMIENTO PREVENTIVO (GENERAL, INDIGENA, PRIVADA DE SU LIBERTAD);5006396;Actividad;CONTROL DE CONTACTOS DE CASOS DE TUBERCULOSIS;;1746199;Salud;Localizada en Tacna;Sí;;Sí;0
6;ANEXO-6-2;157;887;Gobierno regional;460;Gobierno Regional del Departamento de Tacna;Tacna;;;;Programas presupuestales;;3000613 PERSONAS EN CONTACTO DE CASOS DE TUBERCULOSIS CON CONTROL Y TRATAMIENTO PREVENTIVO (GENERAL, INDIGENA, PRIVADA DE SU LIBERTAD);5006397;Actividad;ADMINISTRACION DE TERAPIA PREVENTIVA PARA TUBERCULOSIS;;500;Salud;Localizada en Tacna;Sí;;Sí;0
6;ANEXO-6-2;157;887;Gobierno regional;460;Gobierno Regional del Departamento de Tacna;Tacna;;;;Programas presupuestales;;3000614 PERSONAS CON DIAGNOSTICO DE TUBERCULOSIS;5004438;Actividad;DIAGNOSTICO DE CASOS DE TUBERCULOSIS;;58911;Salud;Localizada en Tacna;Sí;;Sí;0
6;ANEXO-6-2;157;887;Gobierno regional;460;Gobierno Regional del Departamento de Tacna;Tacna;;;;Programas presupuestales;;3000615 PERSONAS PRIVADAS DE SU LIBERTAD TRATADAS;5004439;Actividad;TRATAMIENTO DE CASOS DE PERSONAS PRIVADAS DE SU LIBERTAD;;3500;Justicia;Localizada en Tacna;Sí;;Sí;0
6;ANEXO-6-2;157;887;Gobierno regional;460;Gobierno Regional del Departamento de Tacna;Tacna;;;;Programas presupuestales;;3000616 PACIENTES CON COMORBILIDAD CON DESPISTAJE Y DIAGNOSTICO DE TUBERCULOSIS;5004440;Actividad;DESPISTAJE Y DIAGNOSTICO DE TUBERCULOSIS PARA PACIENTES CON COMORBILIDAD;;8700;Salud;Localizada en Tacna;Sí;;Sí;0
6;ANEXO-6-2;157;887;Gobierno regional;460;Gobierno Regional del Departamento de Tacna;Tacna;;;;Programas presupuestales;;3000633 PRODUCTORES AGROPECUARIOS RECIBEN Y ACCEDEN ADECUADAMENTE SERVICIOS DE INFORMACION AGRARIA;5004496;Actividad;GENERACION Y ADMINISTRACION DEL SISTEMA DE INFORMACION DE MERCADOS;;12600;Agropecuario y riego;Localizada en Tacna;Sí;;Sí;0
6;ANEXO-6-2;157;887;Gobierno regional;460;Gobierno Regional del Departamento de Tacna;Tacna;;;;Programas presupuestales;;3000635 PERSONAS CUENTAN CON ORIENTACION Y ASISTENCIA TECNICA EN MATERIA DE NORMATIVIDAD LABORAL Y BUENAS PRACTICAS LABORALES;5004945;Actividad;ORIENTACION Y DIFUSION DE LA NORMATIVIDAD LABORAL;;138353;Trabajo;Localizada en Tacna;Sí;;Sí;0
6;ANEXO-6-2;157;887;Gobierno regional;460;Gobierno Regional del Departamento de Tacna;Tacna;;;;Programas presupuestales;;3000635 PERSONAS CUENTAN CON ORIENTACION Y ASISTENCIA TECNICA EN MATERIA DE NORMATIVIDAD LABORAL Y BUENAS PRACTICAS LABORALES;5004946;Actividad;ABSOLUCION DE CONSULTAS EN MATERIAS LABORALES;;75719;Trabajo;Localizada en Tacna;Sí;;Sí;0
6;ANEXO-6-2;157;887;Gobierno regional;460;Gobierno Regional del Departamento de Tacna;Tacna;;;;Programas presupuestales;;3000672 PERSONA QUE ACCEDE AL ESTABLECIMIENTO DE SALUD Y RECIBE TRATAMIENTO OPORTUNO PARA TUBERCULOSIS Y SUS COMPLICACIONES;5006272;Actividad;BRINDAR TRATAMIENTO OPORTUNO PARA TUBERCULOSIS;;24000;Salud;Localizada en Tacna;Sí;;Sí;0
6;ANEXO-6-2;157;887;Gobierno regional;460;Gobierno Regional del Departamento de Tacna;Tacna;;;;Programas presupuestales;;3000672 PERSONA QUE ACCEDE AL ESTABLECIMIENTO DE SALUD Y RECIBE TRATAMIENTO OPORTUNO PARA TUBERCULOSIS Y SUS COMPLICACIONES;5006273;Actividad;MANEJO DE LAS COMPLICACIONES DE TUBERCULOSIS;;500;Salud;Localizada en Tacna;Sí;;Sí;0
6;ANEXO-6-2;158;888;Gobierno regional;460;Gobierno Regional del Departamento de Tacna;Tacna;;;;Programas presupuestales;;3000676 REPRESENTATIVIDAD DE ECOSISTEMAS EN EL SISTEMA DE AREAS NATURALES PROTEGIDAS MEJORADA;5005122;Actividad;PROPUESTAS DE CREACION Y/0 CATEGORIZACION DE AREAS NATURALES PROTEGIDAS ELABORADAS;;30000;Ambiente;Localizada en Tacna;Sí;;Sí;0
6;ANEXO-6-2;158;888;Gobierno regional;460;Gobierno Regional del Departamento de Tacna;Tacna;;;;Programas presupuestales;;3000680 ATENCION ESTOMATOLOGICA PREVENTIVA;5006275;Actividad;ATENCION ESTOMATOLOGICA PREVENTIVA BASICA;;8394054;Salud;Localizada en Tacna;Sí;;Sí;0
6;ANEXO-6-2;158;888;Gobierno regional;460;Gobierno Regional del Departamento de Tacna;Tacna;;;;Programas presupuestales;;3000681 ATENCION ESTOMATOLOGICA RECUPERATIVA;5006276;Actividad;ATENCION ESTOMATOLOGICA RECUPERATIVA BASICA;;21041;Salud;Localizada en Tacna;Sí;;Sí;0
6;ANEXO-6-2;158;888;Gobierno regional;460;Gobierno Regional del Departamento de Tacna;Tacna;;;;Programas presupuestales;;3000682 ATENCION ESTOMATOLOGICA ESPECIALIZADA;5000106;Actividad;ATENCION ESTOMATOLOGICA ESPECIALIZADA BASICA;;205727;Salud;Localizada en Tacna;Sí;;Sí;0
6;ANEXO-6-2;158;888;Gobierno regional;460;Gobierno Regional del Departamento de Tacna;Tacna;;;;Programas presupuestales;;3000684 ATENCION MEDICA TELEFONICA DE LA EMERGENCIA Y URGENCIA EN CENTRO REGULADOR;5002792;Actividad;SERVICIO DE ATENCION DE LLAMADAS DE EMERGENCIAS MEDICAS A LA CENTRAL TELEFONICA DE SAMU;;3500;Salud;Localizada en Tacna;Sí;;Sí;0
6;ANEXO-6-2;158;888;Gobierno regional;460;Gobierno Regional del Departamento de Tacna;Tacna;;;;Programas presupuestales;;3000684 ATENCION MEDICA TELEFONICA DE LA EMERGENCIA Y URGENCIA EN CENTRO REGULADOR;5002793;Actividad;ATENCION MEDICA TELEFONICA DE LA EMERGENCIA;;1600;Salud;Localizada en Tacna;Sí;;Sí;0
6;ANEXO-6-2;158;888;Gobierno regional;460;Gobierno Regional del Departamento de Tacna;Tacna;;;;Programas presupuestales;;3000685 DESPACHO DE LA UNIDAD MOVIL Y COORDINACION DE LA REFERENCIA;5002794;Actividad;DESPACHO DE LA UNIDAD MOVIL SAMU;;1492;Salud;Localizada en Tacna;Sí;;Sí;0
6;ANEXO-6-2;158;888;Gobierno regional;460;Gobierno Regional del Departamento de Tacna;Tacna;;;;Programas presupuestales;;3000685 DESPACHO DE LA UNIDAD MOVIL Y COORDINACION DE LA REFERENCIA;5005140;Actividad;COORDINACION Y SEGUIMIENTO DE LA REFERENCIA;;4184;Salud;Localizada en Tacna;Sí;;Sí;0
6;ANEXO-6-2;158;888;Gobierno regional;460;Gobierno Regional del Departamento de Tacna;Tacna;;;;Programas presupuestales;;;3000686;Producto sin actividades;ATENCION DE LA EMERGENCIA O URGENCIA EN ESTABLECIMIENTO DE SALUD;;331994;Salud;Localizada en Tacna;Sí;;Sí;0
6;ANEXO-6-2;158;888;Gobierno regional;460;Gobierno Regional del Departamento de Tacna;Tacna;;;;Programas presupuestales;;3000688 PERSONAS CON DISCAPACIDAD RECIBEN ATENCION DE REHABILITACION EN ESTABLECIMIENTOS DE SALUD;5005150;Actividad;ATENCION DE REHABILITACION PARA PERSONAS CON DISCAPACIDAD FISICA;;229189;Salud;Localizada en Tacna;Sí;;Sí;0
6;ANEXO-6-2;158;888;Gobierno regional;460;Gobierno Regional del Departamento de Tacna;Tacna;;;;Programas presupuestales;;3000688 PERSONAS CON DISCAPACIDAD RECIBEN ATENCION DE REHABILITACION EN ESTABLECIMIENTOS DE SALUD;5005151;Actividad;ATENCION DE REHABILITACION PARA PERSONAS CON DISCAPACIDAD SENSORIAL;;2729;Salud;Localizada en Tacna;Sí;;Sí;0
6;ANEXO-6-2;158;888;Gobierno regional;460;Gobierno Regional del Departamento de Tacna;Tacna;;;;Programas presupuestales;;3000688 PERSONAS CON DISCAPACIDAD RECIBEN ATENCION DE REHABILITACION EN ESTABLECIMIENTOS DE SALUD;5005152;Actividad;ATENCION DE REHABILITACION PARA PERSONAS CON DISCAPACIDAD MENTAL;;12977;Salud;Localizada en Tacna;Sí;;Sí;0
6;ANEXO-6-2;158;888;Gobierno regional;460;Gobierno Regional del Departamento de Tacna;Tacna;;;;Programas presupuestales;;3000689 PERSONA CON DISCAPACIDAD CERTIFICADA EN ESTABLECIMIENTOS DE SALUD;5005153;Actividad;CERTIFICACION DE DISCAPACIDAD;;6808;Salud;Localizada en Tacna;Sí;;Sí;0
6;ANEXO-6-2;158;888;Gobierno regional;460;Gobierno Regional del Departamento de Tacna;Tacna;;;;Programas presupuestales;;3000690 PERSONAS CON DISCAPACIDAD RECIBEN SERVICIOS DE REHABILITACION BASADA EN LA COMUNIDAD;5005155;Actividad;CAPACITACION A AGENTES COMUNITARIOS EN REHABILITACION BASADA EN LA COMUNIDAD;;1000;Salud;Localizada en Tacna;Sí;;Sí;0
6;ANEXO-6-2;158;888;Gobierno regional;460;Gobierno Regional del Departamento de Tacna;Tacna;;;;Programas presupuestales;;3000691 SERVICIOS DE ATENCION DE TUBERCULOSIS CON MEDIDAS DE CONTROL DE INFECCIONES Y BIOSEGURIDAD EN EL PERSONAL DE SALUD;5005157;Actividad;MEDIDAS DE CONTROL DE INFECCIONES Y BIOSEGURIDAD EN LOS SERVICIOS DE ATENCION DE TUBERCULOSIS;;5500;Salud;Localizada en Tacna;Sí;;Sí;0
6;ANEXO-6-2;158;888;Gobierno regional;460;Gobierno Regional del Departamento de Tacna;Tacna;;;;Programas presupuestales;;3000698 PERSONAS CON TRASTORNOS MENTALES Y PROBLEMAS PSICOSOCIALES DETECTADAS;5005188;Actividad;TAMIZAJE DE PERSONAS CON TRASTORNOS MENTALES Y PROBLEMAS PSICOSOCIALES;;14327;Salud;Localizada en Tacna;Sí;;Sí;0
6;ANEXO-6-2;159;889;Gobierno regional;460;Gobierno Regional del Departamento de Tacna;Tacna;;;;Programas presupuestales;;3000699 POBLACION CON PROBLEMAS PSICOSOCIALES QUE RECIBEN ATENCION OPORTUNA Y DE CALIDAD;5005189;Actividad;TRATAMIENTO DE PERSONAS CON PROBLEMAS PSICOSOCIALES;;5156348;Salud;Localizada en Tacna;Sí;;Sí;0
6;ANEXO-6-2;159;889;Gobierno regional;460;Gobierno Regional del Departamento de Tacna;Tacna;;;;Programas presupuestales;;3000699 POBLACION CON PROBLEMAS PSICOSOCIALES QUE RECIBEN ATENCION OPORTUNA Y DE CALIDAD;5006281;Actividad;TRATAMIENTO AMBULATORIO DE NIÑOS Y NIÑAS DE O A 17 AÑOS CON TRASTORNOS MENTALES Y DEL COMPORTAMIENTO Y/0 PROBLEMAS PSICOSOCIALES PROPIOS DE LA INFANCIA Y LA ADOLESCENCIA;;193148;Salud;Localizada en Tacna;Sí;;Sí;0
6;ANEXO-6-2;159;889;Gobierno regional;460;Gobierno Regional del Departamento de Tacna;Tacna;;;;Programas presupuestales;;3000700 PERSONAS CON TRASTORNOS AFECTIVOS Y DE ANSIEDAD TRATADAS OPORTUNAMENTE;5005190;Actividad;TRATAMIENTO AMBULATORIO DE PERSONAS CON TRASTORNOS AFECTIVOS (DEPRESION Y CONDUCTA SUICIDA) Y DE ANSIEDAD;;1373099;Salud;Localizada en Tacna;Sí;;Sí;0
6;ANEXO-6-2;159;889;Gobierno regional;460;Gobierno Regional del Departamento de Tacna;Tacna;;;;Programas presupuestales;;3000700 PERSONAS CON TRASTORNOS AFECTIVOS Y DE ANSIEDAD TRATADAS OPORTUNAMENTE;5005191;Actividad;TRATAMIENTO CON INTERNAMIENTO DE PERSONAS CON TRASTORNOS AFECTIVOS Y DE ANSIEDAD;;201200;Salud;Localizada en Tacna;Sí;;Sí;0
6;ANEXO-6-2;159;889;Gobierno regional;460;Gobierno Regional del Departamento de Tacna;Tacna;;;;Programas presupuestales;;3000702 PERSONAS CON TRASTORNOS Y SINDROMES PSICOTICOS TRATADAS OPORTUNAMENTE;5005195;Actividad;TRATAMIENTO AMBULATORIO DE PERSONAS CON SINDROME O TRASTORNO PSICOTICO;;166281;Salud;Localizada en Tacna;Sí;;Sí;0
6;ANEXO-6-2;159;889;Gobierno regional;460;Gobierno Regional del Departamento de Tacna;Tacna;;;;Programas presupuestales;;3000702 PERSONAS CON TRASTORNOS Y SINDROMES PSICOTICOS TRATADAS OPORTUNAMENTE;5005196;Actividad;TRATAMIENTO CON INTERNAMIENTO DE PERSONAS CON SINDROME O TRASTORNO PSICOTICO;;299217;Salud;Localizada en Tacna;Sí;;Sí;0
6;ANEXO-6-2;159;889;Gobierno regional;460;Gobierno Regional del Departamento de Tacna;Tacna;;;;Programas presupuestales;;3000702 PERSONAS CON TRASTORNOS Y SINDROMES PSICOTICOS TRATADAS OPORTUNAMENTE;5005197;Actividad;REHABILITACION PSICOSOCIAL DE PERSONAS CON SINDROME O TRASTORNO ESQUIZOFRENICO;;4185;Salud;Localizada en Tacna;Sí;;Sí;0
6;ANEXO-6-2;159;889;Gobierno regional;460;Gobierno Regional del Departamento de Tacna;Tacna;;;;Programas presupuestales;;3000706 FAMILIAS CON CONOCIMIENTOS DE PRACTICAS SALUDABLES PARA PREVENIR LOS TRASTORNOS MENTALES Y PROBLEMAS PSICOSOCIALES;5006071;Actividad;CAPACITACION A ACTORES SOCIALES QUE PROMUEVEN LA CONVIVENCIA SALUDABLE;;286757;Salud;Localizada en Tacna;Sí;;Sí;0
6;ANEXO-6-2;159;889;Gobierno regional;460;Gobierno Regional del Departamento de Tacna;Tacna;;;;Programas presupuestales;;3000734 CAPACIDAD INSTALADA PARA LA PREPARACION Y RESPUESTA FRENTE A EMERGENCIAS Y DESASTRES;5005560;Actividad;DESARROLLO DE SIMULACROS EN GESTION REACTIVA;;10652;Gestión del riesgo de desastres;Localizada en Tacna;Sí;;Sí;0
6;ANEXO-6-2;159;889;Gobierno regional;460;Gobierno Regional del Departamento de Tacna;Tacna;;;;Programas presupuestales;;3000734 CAPACIDAD INSTALADA PARA LA PREPARACION Y RESPUESTA FRENTE A EMERGENCIAS Y DESASTRES;5005610;Actividad;ADMINISTRACION Y ALMACENAMIENTO DE INFRAESTRUCTURA MOVIL PARA LA ASISTENCIA FRENTE A EMERGENCIAS Y DESASTRES;;84016;Gestión del riesgo de desastres;Localizada en Tacna;Sí;;Sí;0
6;ANEXO-6-2;159;889;Gobierno regional;460;Gobierno Regional del Departamento de Tacna;Tacna;;;;Programas presupuestales;;3000734 CAPACIDAD INSTALADA PARA LA PREPARACION Y RESPUESTA FRENTE A EMERGENCIAS Y DESASTRES;5005611;Actividad;ADMINISTRACION Y ALMACENAMIENTO DE KITS PARA LA ASISTENCIA FRENTE A EMERGENCIAS Y DESASTRES;;1381974;Gestión del riesgo de desastres;Localizada en Tacna;Sí;;Sí;0
6;ANEXO-6-2;159;889;Gobierno regional;460;Gobierno Regional del Departamento de Tacna;Tacna;;;;Programas presupuestales;;3000734 CAPACIDAD INSTALADA PARA LA PREPARACION Y RESPUESTA FRENTE A EMERGENCIAS Y DESASTRES;5005612;Actividad;DESARROLLO DE LOS CENTROS Y ESPACIOS DE MONITORED DE EMERGENCIAS Y DESASTRES;;734135;Gestión del riesgo de desastres;Localizada en Tacna;Sí;;Sí;0
6;ANEXO-6-2;159;889;Gobierno regional;460;Gobierno Regional del Departamento de Tacna;Tacna;;;;Programas presupuestales;;3000735 DESARROLLO DE MEDIDAS DE INTERVENCION PARA LA PROTECCION FISICA FRENTE A PELIGROS;5005562;Actividad;CONTROL DE ZONAS CRITICAS Y FAJAS MARGINALES EN CAUCES DE RIDS;;545533;Gestión del riesgo de desastres;Localizada en Tacna;Sí;;Sí;0
6;ANEXO-6-2;159;889;Gobierno regional;460;Gobierno Regional del Departamento de Tacna;Tacna;;;;Programas presupuestales;;3000738 PERSONAS CON FORMACION Y CONOCIMIENTO EN GESTION DEL RIESGO DE DESASTRES Y ADAPTACION AL CAMBIO CLIMATICO;5005580;Actividad;FORMACION Y CAPACITACION EN MATERIA DE GESTION DE RIESGO DE DESASTRES Y ADAPTACION AL CAMBIO CLIMATICO;;240978;Gestión del riesgo de desastres;Localizada en Tacna;Sí;;Sí;0
6;ANEXO-6-2;159;889;Gobierno regional;460;Gobierno Regional del Departamento de Tacna;Tacna;;;;Programas presupuestales;;3000739 POBLACION CON PRACTICAS SEGURAS PARA LA RESILIENCIA;5005581;Actividad;DESARROLLO DE CAMPAÑAS COMUNICACIONALES PARA LA GESTION DEL RIESGO DE DESASTRES;;8200;Gestión del riesgo de desastres;Localizada en Tacna;Sí;;Sí;0
6;ANEXO-6-2;159;889;Gobierno regional;460;Gobierno Regional del Departamento de Tacna;Tacna;;;;Programas presupuestales;;3000739 POBLACION CON PRACTICAS SEGURAS PARA LA RESILIENCIA;5005583;Actividad;ORGANIZACION Y ENTRENAMIENTO DE COMUNIDADES EN HABILIDADES FRENTE AL RIESGO DE DESASTRES;;3088;Gestión del riesgo de desastres;Localizada en Tacna;Sí;;Sí;0
6;ANEXO-6-2;159;889;Gobierno regional;460;Gobierno Regional del Departamento de Tacna;Tacna;;;;Programas presupuestales;;3000740 SERVICIOS PUBLICOS SEGUROS ANTE EMERGENCIAS Y DESASTRES;5005570;Actividad;DESARROLLO DE ESTUDIOS DE VULNERABILIDAD Y RIESGO EN SERVICIOS PUBLICOS;;1440;Gestión del riesgo de desastres;Localizada en Tacna;Sí;;Sí;0
6;ANEXO-6-2;159;889;Gobierno regional;460;Gobierno Regional del Departamento de Tacna;Tacna;;;;Programas presupuestales;;3000740 SERVICIOS PUBLICOS SEGUROS ANTE EMERGENCIAS Y DESASTRES;5005585;Actividad;SEGURIDAD FISICO FUNCIONAL DE SERVICIOS PUBLICOS;;36988;Gestión del riesgo de desastres;Localizada en Tacna;Sí;;Sí;0
6;ANEXO-6-2;159;889;Gobierno regional;460;Gobierno Regional del Departamento de Tacna;Tacna;;;;Programas presupuestales;;3000789 INSTITUCIONES EDUCATIVAS EMPLEAN MATERIAL EDUCATIVO, EQUIPAMIENTO Y MOBILIARIO;5003164;Actividad;DOTACION DE MATERIALES Y EQUIPOS EDUCATIVOS PARA ESTUDIANTES DE INSTITUCIONES EDUCATIVAS INCLUSIVAS;;1854;Educación;Localizada en Tacna;Sí;;Sí;0
6;ANEXO-6-2;159;889;Gobierno regional;460;Gobierno Regional del Departamento de Tacna;Tacna;;;;Programas presupuestales;;3000789 INSTITUCIONES EDUCATIVAS EMPLEAN MATERIAL EDUCATIVO, EQUIPAMIENTO Y MOBILIARIO;5003166;Actividad;DOTACION DE MATERIALES Y EQUIPOS EDUCATIVOS PARA CENTROS DE EDUCACION BASICA ESPECIAL Y CENTROS DE RECURSOS;;14218;Educación;Localizada en Tacna;Sí;;Sí;0
6;ANEXO-6-2;159;889;Gobierno regional;460;Gobierno Regional del Departamento de Tacna;Tacna;;;;Programas presupuestales;;3000789 INSTITUCIONES EDUCATIVAS EMPLEAN MATERIAL EDUCATIVO, EQUIPAMIENTO Y MOBILIARIO;5003169;Actividad;DOTACION DE MATERIALES Y EQUIPOS EDUCATIVOS PARA PROGRAMAS DE INTERVENCION TEMPRANA;;4877;Educación;Localizada en Tacna;Sí;;Sí;0
6;ANEXO-6-2;160;890;Gobierno regional;460;Gobierno Regional del Departamento de Tacna;Tacna;;;;Programas presupuestales;;3000790 PERSONAL CONTRATADO OPORTUNAMENTE;5004308;Actividad;CONTRATACION OPORTUNA Y PAGO DE PERSONAL PARA ATENCION DE PROGRAMAS DE INTERVENCION TEMPRANA;;141094;Salud;Localizada en Tacna;Sí;;Sí;0
6;ANEXO-6-2;160;890;Gobierno regional;460;Gobierno Regional del Departamento de Tacna;Tacna;;;;Programas presupuestales;;3000790 PERSONAL CONTRATADO OPORTUNAMENTE;5005877;Actividad;CONTRATACION OPORTUNA Y PAGO DE PERSONAL EN INSTITUCIONES EDUCATIVAS INCLUSIVAS, CENTROS DE EDUCACION BASICA ESPECIAL Y CENTROS DE RECURSOS;;2704724;Educación;Localizada en Tacna;Sí;;Sí;0
6;ANEXO-6-2;160;890;Gobierno regional;460;Gobierno Regional del Departamento de Tacna;Tacna;;;;Programas presupuestales;;3000792 LOCALES CON CONDICIONES FISICAS ADECUADAS;5003165;Actividad;MANTENIMIENTO Y ACONDICIONAMIENTO DE ESPACIOS EN LOCALES DE LOS CENTROS DE EDUCACION BASICA ESPECIAL Y CENTROS DE RECURSOS;;40692;Educación;Localizada en Tacna;Sí;;Sí;0
6;ANEXO-6-2;160;890;Gobierno regional;460;Gobierno Regional del Departamento de Tacna;Tacna;;;;Programas presupuestales;;3000799 ATENCION PREHOSPITALARIA MOVIL DE LA EMERGENCIA Y URGENCIA INDIVIDUAL Y MASIVA;5006277;Actividad;ATENCION PREHOSPITALARIA MOVIL DE LA EMERGENCIA Y URGENCIA;;133711;Salud;Localizada en Tacna;Sí;;Sí;0
6;ANEXO-6-2;160;890;Gobierno regional;460;Gobierno Regional del Departamento de Tacna;Tacna;;;;Programas presupuestales;;3000800 POBLACION CON PRACTICAS EFECTIVAS FRENTE A LAS EMERGENCIAS Y URGENCIAS INDIVIDUALES Y MASIVAS;5006278;Actividad;ENTRENAMIENTO DE LA POBLACIÓN EN ACCIONES DE PRIMERA RESPUESTA FRENTE A LAS EMERGENCIA Y URGENCIAS MEDICAS;;500;Salud;Localizada en Tacna;Sí;;Sí;0
6;ANEXO-6-2;160;890;Gobierno regional;460;Gobierno Regional del Departamento de Tacna;Tacna;;;;Programas presupuestales;;3000800 POBLACION CON PRACTICAS EFECTIVAS FRENTE A LAS EMERGENCIAS Y URGENCIAS INDIVIDUALES Y MASIVAS;5005941;Actividad;SEGUIMIENTO Y VERIFICACION DEL CUMPLIMIENTO DE LAS OBLIGACIONES AMBIENTALES;;80000;Ambiente;Localizada en Tacna;Sí;;Sí;0
6;ANEXO-6-2;160;890;Gobierno regional;460;Gobierno Regional del Departamento de Tacna;Tacna;;;;Programas presupuestales;;3000811 TAMIZAJE Y DIAGNOSTICO DE RECIEN NACIDO CON RETINOPATIA DE LA PREMATURIDAD (ROP);5005991;Actividad;EXAMENES DE TAMIZAJE Y DIAGNOSTICO EN RECIEN NACIDO CON FACTORES DE RIESGO PARA RETINOPATIA DE LA PREMATURIDAD (ROP);;1000;Salud;Localizada en Tacna;Sí;;Sí;0
6;ANEXO-6-2;160;890;Gobierno regional;460;Gobierno Regional del Departamento de Tacna;Tacna;;;;Programas presupuestales;;3000813 TAMIZAJE Y DIAGNOSTICO DE PERSONAS CON GLAUCOMA;5005993;Actividad;EVALUACION DE TAMIZAJE Y DIAGNOSTICO DE PERSONAS CON GLAUCOMA;;1000;Salud;Localizada en Tacna;Sí;;Sí;0
6;ANEXO-6-2;160;890;Gobierno regional;460;Gobierno Regional del Departamento de Tacna;Tacna;;;;Programas presupuestales;;3000814 TRATAMIENTO Y CONTROL DE PERSONAS CON GLAUCOMA;5005994;Actividad;BRINDAR TRATAMIENTO A PERSONAS CON DIAGNOSTICO DE GLAUCOMA;;2800;Salud;Localizada en Tacna;Sí;;Sí;0
6;ANEXO-6-2;160;890;Gobierno regional;460;Gobierno Regional del Departamento de Tacna;Tacna;;;;Programas presupuestales;;3000815 PERSONA CON CONSEJERIA PARA LA PREVENCION Y CONTROL DEL CANCER;5006000;Actividad;CONSEJERIA PREVENTIVA EN FACTORES DE RIESGO PARA EL CANCER;;1500;Salud;Localizada en Tacna;Sí;;Sí;0
6;ANEXO-6-2;160;890;Gobierno regional;460;Gobierno Regional del Departamento de Tacna;Tacna;;;;Programas presupuestales;;3000815 PERSONA CON CONSEJERIA PARA LA PREVENCION Y CONTROL DEL CANCER;5006001;Actividad;CONSEJERIA PARA PACIENTES DIAGNOSTICADOS CON CANCER;;6500;Salud;Localizada en Tacna;Sí;;Sí;0
6;ANEXO-6-2;160;890;Gobierno regional;460;Gobierno Regional del Departamento de Tacna;Tacna;;;;Programas presupuestales;;3000816 MUJER TAMIZADA EN CANCER DE MAMA;5006005;Actividad;TAMIZAJE EN MUJER CON EXAMEN CLINICO DE MAMA PARA DETECCION DE CANCER DE MAMA;;355406;Salud;Localizada en Tacna;Sí;;Sí;0
6;ANEXO-6-2;160;890;Gobierno regional;460;Gobierno Regional del Departamento de Tacna;Tacna;;;;Programas presupuestales;;3000816 MUJER TAMIZADA EN CANCER DE MAMA;5006006;Actividad;TAMIZAJE EN MUJER CON MAMOGRAFIA BILATERAL PARA DETECCION DE CANCER DE MAMA;;7500;Salud;Localizada en Tacna;Sí;;Sí;0
6;ANEXO-6-2;160;890;Gobierno regional;460;Gobierno Regional del Departamento de Tacna;Tacna;;;;Programas presupuestales;;3000817 PERSONA TAMIZADA PARA DETECCION DE OTROS CANCERES PREVALENTES;5006007;Actividad;TAMIZAJE PARA DETECCION DE CANCER DE COLON Y RECTO;;2500;Salud;Localizada en Tacna;Sí;;Sí;0
6;ANEXO-6-2;160;890;Gobierno regional;460;Gobierno Regional del Departamento de Tacna;Tacna;;;;Programas presupuestales;;3000817 PERSONA TAMIZADA PARA DETECCION DE OTROS CANCERES PREVALENTES;5006008;Actividad;TAMIZAJE PARA DETECCION DE CANCER DE PROSTATA;;271389;Salud;Localizada en Tacna;Sí;;Sí;0
6;ANEXO-6-2;160;890;Gobierno regional;460;Gobierno Regional del Departamento de Tacna;Tacna;;;;Programas presupuestales;;3000817 PERSONA TAMIZADA PARA DETECCION DE OTROS CANCERES PREVALENTES;5006009;Actividad;TAMIZAJE PARA DETECCION DE CANCER DE PIEL;;2000;Salud;Localizada en Tacna;Sí;;Sí;0
6;ANEXO-6-2;160;890;Gobierno regional;460;Gobierno Regional del Departamento de Tacna;Tacna;;;;Programas presupuestales;;3000818 PERSONA ATENDIDA CON LESIONES PREMALIGNAS DE CUELLO UTERINO;5006010;Actividad;ATENCION DE LA PACIENTE CON LESIONES PREMALIGNAS DE CUELLO UTERINO CON ABLACION;;190786;Salud;Localizada en Tacna;Sí;;Sí;0
6;ANEXO-6-2;160;890;Gobierno regional;460;Gobierno Regional del Departamento de Tacna;Tacna;;;;Programas presupuestales;;3000818 PERSONA ATENDIDA CON LESIONES PREMALIGNAS DE CUELLO UTERINO;5006011;Actividad;ATENCION DE LA PACIENTE CON LESIONES PREMALIGNAS DE CUELLO UTERINO CON ESCISION;;9500;Salud;Localizada en Tacna;Sí;;Sí;0
6;ANEXO-6-2;160;890;Gobierno regional;460;Gobierno Regional del Departamento de Tacna;Tacna;;;;Programas presupuestales;;3000819 PERSONA ATENDIDA CON CUIDADOS PALIATIVOS;5006032;Actividad;ATENCION CON CUIDADOS PALIATIVOS EN EL ESTABLECIMIENTO DE SALUD;;1200;Salud;Localizada en Tacna;Sí;;Sí;0
6;ANEXO-6-2;161;891;Gobierno regional;460;Gobierno Regional del Departamento de Tacna;Tacna;;;;Programas presupuestales;;3000819 PERSONA ATENDIDA CON CUIDADOS PALIATIVOS;5006033;Actividad;ATENCION CON CUIDADOS PALIATIVOS EN EL DOMICILIO;;491819;Salud;Localizada en Tacna;Sí;;Sí;0
6;ANEXO-6-2;161;891;Gobierno regional;460;Gobierno Regional del Departamento de Tacna;Tacna;;;;Programas presupuestales;;3000833 DOCENTES CON COMPETENCIAS PERTINENTES Y ACTUALIZADAS;5006091;Actividad;SELECCION, CONTRATACION OPORTUNA Y PAGO DE DOCENTES, ASISTENTES Y AUXILIARES;;5867248;Educación;Localizada en Tacna;Sí;;Sí;0
6;ANEXO-6-2;161;891;Gobierno regional;460;Gobierno Regional del Departamento de Tacna;Tacna;;;;Programas presupuestales;;3000836 ADECUADAS CONDICIONES DE OPERACION DE LAS INSTITUCIONES DE LA EDUCACION SUPERIOR TECNOLOGICA;5006100;Actividad;PROVISION DE SERVICIOS BASICOS, SEGURIDAD Y LIMPIEZA;;204740;Educación;Localizada en Tacna;Sí;;Sí;0
6;ANEXO-6-2;161;891;Gobierno regional;460;Gobierno Regional del Departamento de Tacna;Tacna;;;;Programas presupuestales;;3000836 ADECUADAS CONDICIONES DE OPERACION DE LAS INSTITUCIONES DE LA EDUCACION SUPERIOR TECNOLOGICA;5006101;Actividad;DOTACION DE RECURSOS EDUCATIVOS;;75000;Educación;Localizada en Tacna;Sí;;Sí;0
6;ANEXO-6-2;161;891;Gobierno regional;460;Gobierno Regional del Departamento de Tacna;Tacna;;;;Programas presupuestales;;3000836 ADECUADAS CONDICIONES DE OPERACION DE LAS INSTITUCIONES DE LA EDUCACION SUPERIOR TECNOLOGICA;5006102;Actividad;MANTENIMIENTO DE INFRAESTRUCTURA, EQUIPAMIENTO Y MOBILIARIO;;44457;Educación;Localizada en Tacna;Sí;;Sí;0
6;ANEXO-6-2;161;891;Gobierno regional;460;Gobierno Regional del Departamento de Tacna;Tacna;;;;Programas presupuestales;;3000852 POBLACION ESTUDIANTIL DESARROLLA HABILIDADES PSICOSOCIALES PARA LA PREVENCION DEL CONSUMO DE DROGAS;5006171;Actividad;FORTALECIMIENTO DE HABILIDADES PSICOSOCIALES EN ESCOLARES;;250000;Salud;Localizada en Tacna;Sí;;Sí;0
6;ANEXO-6-2;161;891;Gobierno regional;460;Gobierno Regional del Departamento de Tacna;Tacna;;;;Programas presupuestales;;3000854 POBLACION RECIBE INTERVENCIONES TERAPEUTICAS PARA DISMINUIR EL RIESGO Y AFECTACION POR EL CONSUMO DE DROGAS;5006176;Actividad;SERVICIO DE ORIENTACION, CONSEJERIA E INTERVENCION BREVE;;306535;Orden público y seguridad;Localizada en Tacna;Sí;;Sí;0
6;ANEXO-6-2;161;891;Gobierno regional;460;Gobierno Regional del Departamento de Tacna;Tacna;;;;Programas presupuestales;;3000865 DETECCION - DIAGNOSTICO - TRATAMIENTO Y CONTROL DE PERSONAS CON RETINOPATIA DIABETICA;5006230;Actividad;EVALUACION PARA DETECCION Y DIAGNOSTICO DE PERSONAS CON DIABETES MELLITUS CON RIESGO DE RETINOPATIA DIABETICA;;1000;Salud;Localizada en Tacna;Sí;;Sí;0
6;ANEXO-6-2;161;891;Gobierno regional;460;Gobierno Regional del Departamento de Tacna;Tacna;;;;Programas presupuestales;;3000866 DETECCION - DIAGNOSTICO - TRATAMIENTO Y CONTROL DE PERSONAS CON ENFERMEDADES EXTERNAS DEL OJO;5006232;Actividad;EVALUACION PARA DETECCION Y DIAGNOSTICO DE PERSONAS CON ENFERMEDADES EXTERNAS DEL OJO;;1000;Salud;Localizada en Tacna;Sí;;Sí;0
6;ANEXO-6-2;161;891;Gobierno regional;460;Gobierno Regional del Departamento de Tacna;Tacna;;;;Programas presupuestales;;3000866 DETECCION - DIAGNOSTICO - TRATAMIENTO Y CONTROL DE PERSONAS CON ENFERMEDADES EXTERNAS DEL OJO;5006233;Actividad;BRINDAR TRATAMIENTO A PERSONAS CON DIAGNOSTICO DE ENFERMEDADES EXTERNAS DEL OJO;;1000;Salud;Localizada en Tacna;Sí;;Sí;0
6;ANEXO-6-2;161;891;Gobierno regional;460;Gobierno Regional del Departamento de Tacna;Tacna;;;;Programas presupuestales;;3000876 ATENCION ENFERMEDADES DIARREICAS AGUDAS E INFECCIONES RESPIRATORIAS AGUDAS;5000027;Actividad;ATENDER A NIÑOS CON INFECCIONES RESPIRATORIAS AGUDAS;;10704425;Salud;Localizada en Tacna;Sí;;Sí;0
6;ANEXO-6-2;161;891;Gobierno regional;460;Gobierno Regional del Departamento de Tacna;Tacna;;;;Programas presupuestales;;3000876 ATENCION ENFERMEDADES DIARREICAS AGUDAS E INFECCIONES RESPIRATORIAS AGUDAS;5000028;Actividad;ATENDER A NIÑOS CON ENFERMEDADES DIARREICAS AGUDAS;;8850;Salud;Localizada en Tacna;Sí;;Sí;0
6;ANEXO-6-2;161;891;Gobierno regional;460;Gobierno Regional del Departamento de Tacna;Tacna;;;;Programas presupuestales;;3000877 ATENCION ENFERMEDADES DIARREICAS AGUDAS E INFECCIONES RESPIRATORIAS AGUDAS CON COMPLICACIONES;5000029;Actividad;ATENDER A NIÑOS CON DIAGNOSTICO DE INFECCIONES RESPIRATORIAS AGUDAS CON COMPLICACIONES;;67200;Salud;Localizada en Tacna;Sí;;Sí;0
6;ANEXO-6-2;161;891;Gobierno regional;460;Gobierno Regional del Departamento de Tacna;Tacna;;;;Programas presupuestales;;3000877 ATENCION ENFERMEDADES DIARREICAS AGUDAS E INFECCIONES RESPIRATORIAS AGUDAS CON COMPLICACIONES;5000030;Actividad;ATENDER A NIÑOS CON DIAGNOSTICO DE ENFERMEDAD DIARREICA AGUDA COMPLICADA;;29789;Salud;Localizada en Tacna;Sí;;Sí;0
6;ANEXO-6-2;161;891;Gobierno regional;460;Gobierno Regional del Departamento de Tacna;Tacna;;;;Programas presupuestales;;3000878 NIÑOS Y NIÑAS CON ATENCION DE LA ANEMIA POR DEFICIENCIA DE HIERRO;5006270;Actividad;BRINDAR ATENCION A NIÑOS CON DIAGNOSTICO DE ANEMIA POR DEFICIENCIA DE HIERRO;;23250;Salud;Localizada en Tacna;Sí;;Sí;0
6;ANEXO-6-2;161;891;Gobierno regional;460;Gobierno Regional del Departamento de Tacna;Tacna;;;;Programas presupuestales;;3000879 ADOLESCENTES CON ATENCIÓN PREVENTIVA DE ANEMIA Y OTRAS DEFICIENCIAS NUTRICIONALES;5006271;Actividad;ADMINISTRAR SUPLEMENTO DE HIERRO Y ACIDO FOLICO A ADOLESCENTES;;906;Salud;Localizada en Tacna;Sí;;Sí;0
6;ANEXO-6-2;161;891;Gobierno regional;460;Gobierno Regional del Departamento de Tacna;Tacna;;;;Programas presupuestales;;3000880 POBLACION CON DIAGNOSTICO DE HEPATITIS QUE ACUDE A LOS SERVICIOS DE SALUD RECIBE ATENCION INTEGRAL;5005158;Actividad;BRINDAR ATENCION INTEGRAL A PERSONAS CON DIAGNOSTICO DE HEPATITIS B;;2900;Salud;Localizada en Tacna;Sí;;Sí;0
6;ANEXO-6-2;161;891;Gobierno regional;460;Gobierno Regional del Departamento de Tacna;Tacna;;;;Programas presupuestales;;3000880 POBLACION CON DIAGNOSTICO DE HEPATITIS QUE ACUDE A LOS SERVICIOS DE SALUD RECIBE ATENCION INTEGRAL;5006274;Actividad;BRINDAR ATENCION INTEGRAL A PERSONAS CON DIAGNOSTICO DE HEPATITIS C;;1700;Salud;Localizada en Tacna;Sí;;Sí;0
6;ANEXO-6-2;161;891;Gobierno regional;460;Gobierno Regional del Departamento de Tacna;Tacna;;;;Programas presupuestales;;3000881 PERSONAS CON TRASTORNOS MENTALES Y DEL COMPORTAMIENTO DEBIDO AL CONSUMO DEL ALCOHOL Y TABACO TRATADA OPORTUNAMENTE;5005193;Actividad;TRATAMIENTO CON INTERNAMIENTO DE PACIENTES CON TRASTORNO DEL COMPORTAMIENTO DEBIDO AL CONSUMO DE ALCOHOL;;10029;Salud;Localizada en Tacna;Sí;;Sí;0
6;ANEXO-6-2;161;891;Gobierno regional;460;Gobierno Regional del Departamento de Tacna;Tacna;;;;Programas presupuestales;;3000881 PERSONAS CON TRASTORNOS MENTALES Y DEL COMPORTAMIENTO DEBIDO AL CONSUMO DEL ALCOHOL Y TABACO TRATADA OPORTUNAMENTE;5006282;Actividad;TRATAMIENTO AMBULATORIO DE PERSONAS CON TRASTORNO DEL COMPORTAMIENTO DEBIDO AL CONSUMO DE ALCOHOL Y TABACO;;56350;Salud;Localizada en Tacna;Sí;;Sí;0
6;ANEXO-6-2;162;892;Gobierno regional;460;Gobierno Regional del Departamento de Tacna;Tacna;;;;Programas presupuestales;;3000882 HOGARES RURALES CONCENTRADOS CON SERVICIOS DE AGUA POTABLE Y DISPOSICION SANITARIA DE EXCRETAS DE CALIDAD Y SOSTENIBLES;5006299;Actividad;POTABILIZACION Y OTRAS FORMAS DE DESINFECCION Y TRATAMIENTO;;51029;Saneamiento;Localizada en Tacna;Sí;;Sí;0
6;ANEXO-6-2;162;892;Gobierno regional;460;Gobierno Regional del Departamento de Tacna;Tacna;;;;Programas presupuestales;;3000882 HOGARES RURALES CONCENTRADOS CON SERVICIOS DE AGUA POTABLE Y DISPOSICION SANITARIA DE EXCRETAS DE CALIDAD Y SOSTENIBLES;5006302;Actividad;FORTALECIMIENTO DE CAPACIDADES A PRESTADORES, GL - ATM y GR - D/GRVCS;;40050;Saneamiento;Localizada en Tacna;Sí;;Sí;0
6;ANEXO-6-2;162;892;Gobierno regional;460;Gobierno Regional del Departamento de Tacna;Tacna;;;;Programas presupuestales;;3000889 NIÑAS, NIÑOS Y ADOLESCENTES EN DESPROTECCION FAMILIAR EN CENTROS DE ACOGIDA RESIDENCIAL RECIBEN SERVICIOS DE PROTECCION;5006337;Actividad;ATENCION, CUIDADO Y PROTECCION A NIÑAS, NIÑOS Y ADOLESCENTES EN DESPROTECCION FAMILIAR A TRAVES DE CENTROS DE ACOGIDA RESIDENCIAL BASICO;;1911973;Protección social;Localizada en Tacna;Sí;;Sí;0
6;ANEXO-6-2;162;892;Gobierno regional;460;Gobierno Regional del Departamento de Tacna;Tacna;;;;Programas presupuestales;;3000892 NIÑOS Y NIÑAS ENTREE HASTA 36 MESES QUE REQUIEREN DE CUIDADO EXTRA FAMILIAR POR AUSENCIA DE UN ADULTO COMPETENTE PARA SU ATENCION EN EL Al1B170 DEL HOGAR RECIBEN SERVICIOS DE CUIDADO Y ATENCION INTEGRAL;5004345;Actividad;ATENCION INTEGRAL DURANTE EL CUIDADO DIURNO;;3963261;Salud;Localizada en Tacna;Sí;;Sí;0
6;ANEXO-6-2;162;892;Gobierno regional;460;Gobierno Regional del Departamento de Tacna;Tacna;;;;Programas presupuestales;;3000892 NIÑOS Y NIÑAS ENTREE HASTA 36 MESES QUE REQUIEREN DE CUIDADO EXTRA FAMILIAR POR AUSENCIA DE UN ADULTO COMPETENTE PARA SU ATENCION EN EL Al1B170 DEL HOGAR RECIBEN SERVICIOS DE CUIDADO Y ATENCION INTEGRAL;5004501;Actividad;ACONDICIONAMIENTO Y EQUIPAMIENTO DE LOCALES PARA EL CUIDADO DIURNO;;36000;Salud;Localizada en Tacna;Sí;;Sí;0
6;ANEXO-6-2;162;892;Gobierno regional;460;Gobierno Regional del Departamento de Tacna;Tacna;;;;Programas presupuestales;;3000924 NIÑOS Y NIÑAS PROTEGIDOS CON VACUNA CONTRA EL VPH;5006417;Actividad;PROTEGER AL NIÑO Y NIÑA CON VACUNA CONTRA EL VPH;;101430;Salud;Localizada en Tacna;Sí;;Sí;0
6;ANEXO-6-2;162;892;Gobierno regional;460;Gobierno Regional del Departamento de Tacna;Tacna;;;;Programas presupuestales;;3000927 AGUA POTABLE PARA EL CONSUMO HUMANO PARA HOGARES CONCENTRADOS;5004428;Actividad;VIGILANCIA DE LA CALIDAD DEL AGUA PARA EL CONSUMO HUMANO;;118818;Saneamiento;Localizada en Tacna;Sí;;Sí;0
6;ANEXO-6-2;162;892;Gobierno regional;460;Gobierno Regional del Departamento de Tacna;Tacna;;;;Programas presupuestales;;3033172 ATENCION PRENATAL REENFOCADA;5000037;Actividad;BRINDAR ATENCION PRENATAL REENFOCADA;;10459439;Salud;Localizada en Tacna;Sí;;Sí;0
6;ANEXO-6-2;162;892;Gobierno regional;460;Gobierno Regional del Departamento de Tacna;Tacna;;;;Programas presupuestales;;3033251 FAMILIAS SALUDABLES CON CONOCIMIENTOS PARA EL CUIDADO INFANTIL, LACTANCIA MATERNA EXCLUSIVA Y LA ADECUADA ALIMENTACION Y PROTECCION DEL MENOR DE 36 MESES;5000014;Actividad;FAMILIAS CON NIÑO/AS MENORES DE 36 MESES DESARROLLAN PRACTICAS SALUDABLES;;7403296;Salud;Localizada en Tacna;Sí;;Sí;0
6;ANEXO-6-2;162;892;Gobierno regional;460;Gobierno Regional del Departamento de Tacna;Tacna;;;;Programas presupuestales;;3033251 FAMILIAS SALUDABLES CON CONOCIMIENTOS PARA EL CUIDADO INFANTIL, LACTANCIA MATERNA EXCLUSIVA Y LA ADECUADA ALIMENTACION Y PROTECCION DEL MENOR DE 36 MESES;5005982;Actividad;CAPACITACION A ACTORES SOCIALES QUE PROMUEVEN EL CUIDADO INFANTIL, LACTANCIA MATERNA EXCLUSIVA Y LA ADECUADA ALIMENTACION Y PROTECCION DEL MENOR DE 36 MESES;;1459334;Salud;Localizada en Tacna;Sí;;Sí;0
6;ANEXO-6-2;162;892;Gobierno regional;460;Gobierno Regional del Departamento de Tacna;Tacna;;;;Programas presupuestales;;3033254 NIÑOS Y NIÑAS CON VACUNA COMPLETA;5000017;Actividad;APLICACION DE VACUNAS COMPLETAS;;7216000;Salud;Localizada en Tacna;Sí;;Sí;0
6;ANEXO-6-2;162;892;Gobierno regional;460;Gobierno Regional del Departamento de Tacna;Tacna;;;;Programas presupuestales;;3033255 NIÑOS Y NIÑAS CON CRED COMPLETO SEGUN EDAD;5000018;Actividad;ATENCION A NIÑOS CON CRECIMIENTO Y DESARROLLO - CRED COMPLETO PARA SU EDAD;;8246590;Salud;Localizada en Tacna;Sí;;Sí;0
6;ANEXO-6-2;162;892;Gobierno regional;460;Gobierno Regional del Departamento de Tacna;Tacna;;;;Programas presupuestales;;3033255 NIÑOS Y NIÑAS CON CRED COMPLETO SEGUN EDAD;5000019;Actividad;ADMINISTRAR SUPLEMENTO DE HIERRO Y VITAMINA A;;34975;Salud;Localizada en Tacna;Sí;;Sí;0
6;ANEXO-6-2;162;892;Gobierno regional;460;Gobierno Regional del Departamento de Tacna;Tacna;;;;Programas presupuestales;;3033291 POBLACION ACCEDE A METODOS DE PLANIFICACION FAMILIAR;5000042;Actividad;MEJORAMIENTO DEL ACCESO DE LA POBLACION A METODOS DE PLANIFICACION FAMILIAR;;1559598;Salud;Localizada en Tacna;Sí;;Sí;0
6;ANEXO-6-2;162;892;Gobierno regional;460;Gobierno Regional del Departamento de Tacna;Tacna;;;;Programas presupuestales;;3033292 POBLACION ACCEDE A SERVICIOS DE CONSEJERIA EN SALUD SEXUAL Y REPRODUCTIVA;5000043;Actividad;MEJORAMIENTO DEL ACCESO DE LA POBLACION A SERVICIOS DE CONSEJERIA EN SALUD SEXUAL Y REPRODUCTIVA;;2242378;Salud;Localizada en Tacna;Sí;;Sí;0
6;ANEXO-6-2;162;892;Gobierno regional;460;Gobierno Regional del Departamento de Tacna;Tacna;;;;Programas presupuestales;;3033294 ATENCION DE LA GESTANTE CON COMPLICACIONES;5000044;Actividad;BRINDAR ATENCION A LA GESTANTE CON COMPLICACIONES;;32545;Salud;Localizada en Tacna;Sí;;Sí;0
6;ANEXO-6-2;163;893;Gobierno regional;460;Gobierno Regional del Departamento de Tacna;Tacna;;;;Programas presupuestales;;3033295 ATENCION DEL PARTO NORMAL;5000045;Actividad;BRINDAR ATENCION DE PARTO NORMAL;;6384619;Salud;Localizada en Tacna;Sí;;Sí;0
6;ANEXO-6-2;163;893;Gobierno regional;460;Gobierno Regional del Departamento de Tacna;Tacna;;;;Programas presupuestales;;3033296 ATENCION DEL PARTO COMPLICADO NO QUIRURGICO;5000046;Actividad;BRINDAR ATENCION DEL PARTO COMPLICADO NO QUIRURGICO;;22500;Salud;Localizada en Tacna;Sí;;Sí;0
6;ANEXO-6-2;163;893;Gobierno regional;460;Gobierno Regional del Departamento de Tacna;Tacna;;;;Programas presupuestales;;3033297 ATENCION DEL PARTO COMPLICADO QUIRURGICO;5000047;Actividad;BRINDAR ATENCION DEL PARTO COMPLICADO QUIRURGICO;;3512718;Salud;Localizada en Tacna;Sí;;Sí;0
6;ANEXO-6-2;163;893;Gobierno regional;460;Gobierno Regional del Departamento de Tacna;Tacna;;;;Programas presupuestales;;3033298 ATENCION DEL PUERPERIO;5000048;Actividad;ATENDER EL PUERPERIO;;32266;Salud;Localizada en Tacna;Sí;;Sí;0
6;ANEXO-6-2;163;893;Gobierno regional;460;Gobierno Regional del Departamento de Tacna;Tacna;;;;Programas presupuestales;;3033299 ATENCION DEL PUERPERIO CON COMPLICACIONES;5000049;Actividad;ATENDER EL PUERPERIO CON COMPLICACIONES;;18000;Salud;Localizada en Tacna;Sí;;Sí;0
6;ANEXO-6-2;163;893;Gobierno regional;460;Gobierno Regional del Departamento de Tacna;Tacna;;;;Programas presupuestales;;3033300 ATENCION OBSTETRICA EN UNIDAD DE CUIDADOS INTENSIVOS;5000050;Actividad;ATENDER COMPLICACIONES OBSTETRICAS EN UNIDAD DE CUIDADOS INTENSIVOS;;1494000;Salud;Localizada en Tacna;Sí;;Sí;0
6;ANEXO-6-2;163;893;Gobierno regional;460;Gobierno Regional del Departamento de Tacna;Tacna;;;;Programas presupuestales;;3033304 ACCESO AL SISTEMA DE REFERENCIA INSTITUCIONAL;5000052;Actividad;MEJORAMIENTO DEL ACCESO AL SISTEMA DE REFERENCIA INSTITUCIONAL;;685307;Salud;Localizada en Tacna;Sí;;Sí;0
6;ANEXO-6-2;163;893;Gobierno regional;460;Gobierno Regional del Departamento de Tacna;Tacna;;;;Programas presupuestales;;3033305 ATENCION DEL RECIEN NACIDO NORMAL;5000053;Actividad;ATENDER AL RECIEN NACIDO NORMAL;;1772292;Salud;Localizada en Tacna;Sí;;Sí;0
6;ANEXO-6-2;163;893;Gobierno regional;460;Gobierno Regional del Departamento de Tacna;Tacna;;;;Programas presupuestales;;3033306 ATENCION DEL RECIEN NACIDO CON COMPLICACIONES;5000054;Actividad;ATENDER AL RECIEN NACIDO CON COMPLICACIONES;;11200;Salud;Localizada en Tacna;Sí;;Sí;0
6;ANEXO-6-2;163;893;Gobierno regional;460;Gobierno Regional del Departamento de Tacna;Tacna;;;;Programas presupuestales;;3033307 ATENCION DEL RECIEN NACIDO CON COMPLICACIONES QUE REQUIERE UNIDAD DE CUIDADOS INTENSIVOS NEONATALES - UCIN;5000055;Actividad;ATENDER AL RECIEN NACIDO CON COMPLICACIONES QUE REQUIERE UNIDAD DE CUIDADOS INTENSIVOS NEONATALES - UCIN;;18500;Salud;Localizada en Tacna;Sí;;Sí;0
6;ANEXO-6-2;163;893;Gobierno regional;460;Gobierno Regional del Departamento de Tacna;Tacna;;;;Programas presupuestales;;3033315 ATENCION DE OTRAS ENFERMEDADES PREVALENTES;5000031;Actividad;BRINDAR ATENCION A OTRAS ENFERMEDADES PREVALENTES;;667700;Salud;Localizada en Tacna;Sí;;Sí;0
6;ANEXO-6-2;163;893;Gobierno regional;460;Gobierno Regional del Departamento de Tacna;Tacna;;;;Programas presupuestales;;3033412 FAMILIAS SALUDABLES INFORMADAS RESPECTO DE SU SALUD SEXUAL Y REPRODUCTIVA;5005984;Actividad;PROMOCIÓN DE PRACTICAS SALUDABLES PARA EL CUIDADO DE LA SALUD SEXUAL Y REPRODUCTIVA EN FAMILIAS;;4747;Salud;Localizada en Tacna;Sí;;Sí;0
6;ANEXO-6-2;163;893;Gobierno regional;460;Gobierno Regional del Departamento de Tacna;Tacna;;;;Programas presupuestales;;3033412 FAMILIAS SALUDABLES INFORMADAS RESPECTO DE SU SALUD SEXUAL Y REPRODUCTIVA;5005985;Actividad;CAPACITACION A ACTORES SOCIALES QUE PROMUEVEN LA SALUD SEXUAL Y REPRODUCTIVA CON ENFASIS EN MATERNIDAD SALUDABLE;;3899;Salud;Localizada en Tacna;Sí;;Sí;0
6;ANEXO-6-2;163;893;Gobierno regional;460;Gobierno Regional del Departamento de Tacna;Tacna;;;;Programas presupuestales;;3033414 ATENCION DE NIÑOS Y NIÑAS CON PARASITOSIS INTESTINAL;5000035;Actividad;ATENDER A NIÑOS Y NIÑAS CON DIAGNOSTICO DE PARASITOSIS INTESTINAL;;19957;Salud;Localizada en Tacna;Sí;;Sí;0
6;ANEXO-6-2;163;893;Gobierno regional;460;Gobierno Regional del Departamento de Tacna;Tacna;;;;Programas presupuestales;;3043952 FAMILIA CON PRACTICAS SALUDABLES PARA LA PREVENCION DE VIH/SIDA Y TUBERCULOSIS;5000062;Actividad;PROMOVER EN LAS FAMILIAS PRACTICAS SALUDABLES PARA LA PREVENCION DE VIH/SIDA Y TUBERCULOSIS;;1075;Salud;Localizada en Tacna;Sí;;Sí;0
6;ANEXO-6-2;163;893;Gobierno regional;460;Gobierno Regional del Departamento de Tacna;Tacna;;;;Programas presupuestales;;3043952 FAMILIA CON PRACTICAS SALUDABLES PARA LA PREVENCION DE VIH/SIDA Y TUBERCULOSIS;5005987;Actividad;CAPACITACION A ACTORES SOCIALES QUE PROMUEVEN PRACTICAS SALUDABLES PARA PREVENCION DE TUBERCULOSIS Y VIH/SIDA;;1237;Salud;Localizada en Tacna;Sí;;Sí;0
6;ANEXO-6-2;163;893;Gobierno regional;460;Gobierno Regional del Departamento de Tacna;Tacna;;;;Programas presupuestales;;3043958 POBLACION INFORMADA SOBRE USO CORRECTO DE CONDON PARA PREVENCION DE INFECCIONES DE TRANSMISION SEXUAL Y VIH/SIDA;5000068;Actividad;MEJORAR EN POBLACION INFORMADA EL USO CORRECTO DE CONDON PARA PREVENCION DE INFECCIONES DE TRANSMISION SEXUAL Y VIH/SIDA;;25650;Salud;Localizada en Tacna;Sí;;Sí;0
6;ANEXO-6-2;163;893;Gobierno regional;460;Gobierno Regional del Departamento de Tacna;Tacna;;;;Programas presupuestales;;;3043959;Producto sin actividades;ADULTOS Y JOVENES RECIBEN CONSEJERIA Y TAMIZAJE PARA INFECCIONES DE TRANSMISION SEXUAL Y VIH/SIDA;;2818532;Salud;Localizada en Tacna;Sí;;Sí;0
6;ANEXO-6-2;164;894;Gobierno regional;460;Gobierno Regional del Departamento de Tacna;Tacna;;;;Programas presupuestales;;3043960 POBLACION ADOLESCENTE INFORMADA SOBRE INFECCIONES DE TRANSMISION SEXUAL y VIH/SIDA;5000070;Actividad;ENTREGAR A POBLACION ADOLESCENTE INFORMACION SOBRE INFECCIONES DE TRANSMISION SEXUAL Y VIH/SIDA;;5900;Salud;Localizada en Tacna;Sí;;Sí;0
6;ANEXO-6-2;164;894;Gobierno regional;460;Gobierno Regional del Departamento de Tacna;Tacna;;;;Programas presupuestales;;3043961 POBLACION DE ALTO RIESGO RECIBE INFORMACION Y ATENCION PREVENTIVA;5000071;Actividad;BRINDAR INFORMACION Y ATENCION PREVENTIVA A POBLACION DE ALTO RIESGO;;149580;Salud;Localizada en Tacna;Sí;;Sí;0
6;ANEXO-6-2;164;894;Gobierno regional;460;Gobierno Regional del Departamento de Tacna;Tacna;;;;Programas presupuestales;;3043961 POBLACION DE ALTO RIESGO RECIBE INFORMACION Y ATENCION PREVENTIVA;5006416;Actividad;BRINDAR PREVENCION COMBINADA CON PROFILAXIS PREEXPOSICION PARA POBLACION DE RIESGO;;1100;Salud;Localizada en Tacna;Sí;;Sí;0
6;ANEXO-6-2;164;894;Gobierno regional;460;Gobierno Regional del Departamento de Tacna;Tacna;;;;Programas presupuestales;;3043968 POBLACION CON INFECCIONES DE TRANSMISION SEXUAL RECIBEN TRATAMIENTO SEGUN QUIA CLINICAS;5000078;Actividad;BRINDAR A POBLACION CON INFECCIONES DE TRANSMISION SEXUAL TRATAMIENTO SEGUN GUIA CLINICAS;;1700;Salud;Localizada en Tacna;Sí;;Sí;0
6;ANEXO-6-2;164;894;Gobierno regional;460;Gobierno Regional del Departamento de Tacna;Tacna;;;;Programas presupuestales;;3043969 PERSONAS DIAGNOSTICADAS CON VIH/SIDA QUE ACUDEN A LOS SERVICIOS Y RECIBEN ATENCION INTEGRAL;5000079;Actividad;BRINDAR ATENCION INTEGRAL A PERSONAS CON DIAGNOSTICO DE VIH QUE ACUDEN A LOS SERVICIOS;;66800;Salud;Localizada en Tacna;Sí;;Sí;0
6;ANEXO-6-2;164;894;Gobierno regional;460;Gobierno Regional del Departamento de Tacna;Tacna;;;;Programas presupuestales;;3043970 MUJERES GESTANTES REACTIVAS Y NIÑOS EXPUESTOS AL VIH/SIDA RECIBEN TRATAMIENTO OPORTUNO;5000080;Actividad;BRINDAR TRATAMIENTO OPORTUNO A MUJERES GESTANTES REACTIVAS Y NIÑOS EXPUESTOS AL VIH;;1200;Salud;Localizada en Tacna;Sí;;Sí;0
6;ANEXO-6-2;164;894;Gobierno regional;460;Gobierno Regional del Departamento de Tacna;Tacna;;;;Programas presupuestales;;3043971 MUJERES GESTANTES REACTIVAS A SIFILIS Y SUS CONTACTOS Y RECIEN NACIDOS EXPUESTOS RECIBEN TRATAMIENTO OPORTUNO;5000081;Actividad;BRINDAR TRATAMIENTO OPORTUNO A MUJERES GESTANTES REACTIVAS A SIFILIS Y SUS CONTACTOS Y RECIEN NACIDOS EXPUESTOS;;2900;Salud;Localizada en Tacna;Sí;;Sí;0
6;ANEXO-6-2;164;894;Gobierno regional;460;Gobierno Regional del Departamento de Tacna;Tacna;;;;Programas presupuestales;;3043972 PERSONA QUE ACCEDE AL EESS Y RECIBE TRATAMIENTO OPORTUNO PARA TUBERCULOSIS EXTREMADAMENTE DROGO RESISTENTE (XDR);5000082;Actividad;BRINDAR TRATAMIENTO OPORTUNO A PERSONAS QUE ACCEDEN AL EESS Y RECIBE TRATAMIENTO PARA TUBERCULOSIS EXTREMADAMENTE DROGO RESISTENTE (XOR);;8700;Salud;Localizada en Tacna;Sí;;Sí;0
6;ANEXO-6-2;164;894;Gobierno regional;460;Gobierno Regional del Departamento de Tacna;Tacna;;;;Programas presupuestales;;3043977 FAMILIA CON PRACTICAS SALUDABLES PARA LA PREVENCION DE ENFERMEDADES METAXENICAS Y ZOONOTICAS;5000087;Actividad;PROMOCION DE PRACTICAS SALUDABLES PARA LA PREVENCION DE ENFERMEDADES METAXENICAS Y ZOONOTICAS EN FAMILIAS DE ZONAS DE RIESGO;;2994;Salud;Localizada en Tacna;Sí;;Sí;0
6;ANEXO-6-2;164;894;Gobierno regional;460;Gobierno Regional del Departamento de Tacna;Tacna;;;;Programas presupuestales;;3043980 POBLADORES DE AREAS CON RIESGO DE TRANSMISION INFORMADA CONOCE LOS MECANISMOS DE TRANSMISION DE ENFERMEDADES METAXENICAS Y ZOONOTICAS;5000090;Actividad;INFORMACION DE LOS MECANISMOS DE TRANSMISION DE ENFERMEDADES METAXENICAS Y ZOONOTICAS EN POBLADORES DE AREAS CON RIESGO;;500;Salud;Localizada en Tacna;Sí;;Sí;0
6;ANEXO-6-2;164;894;Gobierno regional;460;Gobierno Regional del Departamento de Tacna;Tacna;;;;Programas presupuestales;;3043981 VIVIENDAS PROTEGIDAS DE LOS PRINCIPALES CONDICIONANTES DEL RIESGO EN LAS AREAS DE ALTO Y MUY ALTO RIESGO DE ENFERMEDADES METAXENICAS Y ZOONOSIS;5000091;Actividad;INTERVENCIONES EN VIVIENDAS PROTEGIDAS DE LOS PRINCIPALES CONDICIONANTES DEL RIESGO EN LAS AREAS DE ALTO Y MUY ALTO RIESGO DE ENFERMEDADES METAXENICAS Y ZOONOSIS;;1547;Salud;Localizada en Tacna;Sí;;Sí;0
6;ANEXO-6-2;164;894;Gobierno regional;460;Gobierno Regional del Departamento de Tacna;Tacna;;;;Programas presupuestales;;3043982 VACUNACION DE ANIMALES DOMESTICOS;5000092;Actividad;VACUNAR A ANIMALES DOMESTICOS;;967963;Salud;Localizada en Tacna;Sí;;Sí;0
6;ANEXO-6-2;164;894;Gobierno regional;460;Gobierno Regional del Departamento de Tacna;Tacna;;;;Programas presupuestales;;3043983 DIAGNOSTICO Y TRATAMIENTO DE ENFERMEDADES METAXENICAS;5000093;Actividad;EVALUACION, DIAGNOSTICO Y TRATAMIENTO DE ENFERMEDADES METAXENICAS;;6280;Salud;Localizada en Tacna;Sí;;Sí;0
6;ANEXO-6-2;164;894;Gobierno regional;460;Gobierno Regional del Departamento de Tacna;Tacna;;;;Programas presupuestales;;3043984 DIAGNOSTICO Y TRATAMIENTO DE CASOS DE ENFERMEDADES ZOONOTICAS;5000094;Actividad;EVALUACION, DIAGNOSTICO Y TRATAMIENTO DE CASOS DE ENFERMEDADES ZOONOTICAS;;92352;Salud;Localizada en Tacna;Sí;;Sí;0
6;ANEXO-6-2;165;895;Gobierno regional;460;Gobierno Regional del Departamento de Tacna;Tacna;;;;Programas presupuestales;;3043988 FAMILIA EN ZONAS DE RIESGO INFORMADA QUE REALIZAN PRACTICAS HIGIENICAS SANITARIAS PARA PREVENIR LAS ENFERMEDADES NO TRANSMISIBLES ( MENTAL, BUCAL, OCULAR, METALES PESADOS, HIPERTENSION ARTERIAL Y DIABETES MELLITUS);5005995;Actividad;PROMOCION DE PRACTICAS HIGIENICAS SANITARIAS EN FAMILIAS EN ZONAS DE RIESGO PARA PREVENIR LAS ENFERMEDADES NO TRANSMISIBLES;;1379;Salud;Localizada en Tacna;Sí;;Sí;0
6;ANEXO-6-2;165;895;Gobierno regional;460;Gobierno Regional del Departamento de Tacna;Tacna;;;;Programas presupuestales;;3043988 FAMILIA EN ZONAS DE RIESGO INFORMADA QUE REALIZAN PRACTICAS HIGIENICAS SANITARIAS PARA PREVENIR LAS ENFERMEDADES NO TRANSMISIBLES ( MENTAL, BUCAL, OCULAR, METALES PESADOS, HIPERTENSION ARTERIAL Y DIABETES MELLITUS);5005996;Actividad;CAPACITACION A ACTORES SOCIALES PARA LA PROMOCION DE PRACTICAS Y ENTORNOS SALUDABLES PARA PREVENIR FACTORES DE RIESGO DE ENFERMEDADES NO TRANSMISIBLES;;4256;Salud;Localizada en Tacna;Sí;;Sí;0
6;ANEXO-6-2;165;895;Gobierno regional;460;Gobierno Regional del Departamento de Tacna;Tacna;;;;Programas presupuestales;;3043997 TAMIZAJE Y TRATAMIENTO DE PACIENTES AFECTADOS POR METALES PESADOS;5000103;Actividad;EXAMENES DE TAMIZAJE Y TRATAMIENTO DE PERSONAS AFECTADAS POR INTOXICACION DE METALES PESADOS;;1724;Salud;Localizada en Tacna;Sí;;Sí;0
6;ANEXO-6-2;165;895;Gobierno regional;460;Gobierno Regional del Departamento de Tacna;Tacna;;;Coronel Gregorio Albarracín Lanchipa;Programas presupuestales;;3043997 TAMIZAJE Y TRATAMIENTO DE PACIENTES AFECTADOS POR METALES PESADOS;2064096;Proyecto de inversión;MEJORAMIENTO DE LA INFRAESTRUCTURA EDUCATIVA DE LA ESCUELA SUPERIOR DE FORMACION ARTISTICA PUBLICA FRANCISCO LASO - GREGORIO ALBARRACIN LANCHIPA;;110082;Educación;Localizada en Tacna;Sí;;Sí;0
6;ANEXO-6-2;165;895;Gobierno regional;460;Gobierno Regional del Departamento de Tacna;Tacna;;;Tacna | Candarave | Cairani;Programas presupuestales;;3043997 TAMIZAJE Y TRATAMIENTO DE PACIENTES AFECTADOS POR METALES PESADOS;2195115;Proyecto de inversión;MEJORAMIENTO DEL SERVICIO DE AGUA PARA RIEGO EN EL COMITE DE REGANTES CALACALA, DISTRITO CAIRANI, PROVINCIA CANDARAVE, REGION TACNA;;15944455;Agropecuario y riego;Localizada en Tacna;Sí;;Sí;0
6;ANEXO-6-2;165;895;Gobierno regional;460;Gobierno Regional del Departamento de Tacna;Tacna;;;Tacna;Programas presupuestales;;3043997 TAMIZAJE Y TRATAMIENTO DE PACIENTES AFECTADOS POR METALES PESADOS;2307889;Proyecto de inversión;MEJORAMIENTO DEL SERVICIO EDUCATIVO EN LA INSTITUCION EDUCATIVA INICIAL N 471 - BELLAVISTA, DISTRITO TACNA, PROVINCIA TACNA - TACNA;;2507168;Educación;Localizada en Tacna;Sí;;Sí;0
6;ANEXO-6-2;165;895;Gobierno regional;460;Gobierno Regional del Departamento de Tacna;Tacna;;;Tacna | Coronel Gregorio Albarracín Lanchipa;Programas presupuestales;;3043997 TAMIZAJE Y TRATAMIENTO DE PACIENTES AFECTADOS POR METALES PESADOS;2313929;Proyecto de inversión;AMPLIACION Y MEJORAMIENTO DE LOS SERVICIOS EDUCATIVOS DE LA INSTITUCION EDUCATIVA LUIS ALBERTO SANCHEZ, DISTRITO DE CORONEL GREGORIO ALBARRACIN LANCHIPA - TACNA - TACNA;;10000;Educación;Localizada en Tacna;Sí;;Sí;0
6;ANEXO-6-2;165;895;Gobierno regional;460;Gobierno Regional del Departamento de Tacna;Tacna;;;Tacna;Programas presupuestales;;3043997 TAMIZAJE Y TRATAMIENTO DE PACIENTES AFECTADOS POR METALES PESADOS;2318752;Proyecto de inversión;MEJORAMIENTO DEL SERVICIO EDUCATIVO EN LA I.E.I. CUNA JARDIN CLARITA GAMBETTA, EN EL DISTRITO DE TACNA, PROVINCIA DE TACNA - TACNA;;40962;Educación;Localizada en Tacna;Sí;;Sí;0
6;ANEXO-6-2;165;895;Gobierno regional;460;Gobierno Regional del Departamento de Tacna;Tacna;;;Tacna | Candarave | Tarata;Programas presupuestales;;3043997 TAMIZAJE Y TRATAMIENTO DE PACIENTES AFECTADOS POR METALES PESADOS;2322500;Proyecto de inversión;MEJORAMIENTO DE LA CADENA PRODUCTIVA DEL GANADO OVINO EN LAS PROVINCIAS DE CANDARAVE Y TARATA, REGION TACNA;;10000;Agropecuario y riego;Localizada en Tacna;Sí;;Sí;0
6;ANEXO-6-2;165;895;Gobierno regional;460;Gobierno Regional del Departamento de Tacna;Tacna;;;Tacna | Coronel Gregorio Albarracín Lanchipa;Programas presupuestales;;3043997 TAMIZAJE Y TRATAMIENTO DE PACIENTES AFECTADOS POR METALES PESADOS;2329532;Proyecto de inversión;MEJORAMIENTO DEL SERVICIO EDUCATIVO EN LA I.E.! N 466 - LOS EDILES, DISTRITO GREGORIO ALBARRACIN, TACNA - TACNA;;2900000;Educación;Localizada en Tacna;Sí;;Sí;0
6;ANEXO-6-2;165;895;Gobierno regional;460;Gobierno Regional del Departamento de Tacna;Tacna;;;Tacna;Programas presupuestales;;3043997 TAMIZAJE Y TRATAMIENTO DE PACIENTES AFECTADOS POR METALES PESADOS;2351043;Proyecto de inversión;MEJORAMIENTO DEL SERVICIO EDUCATIVO EN EL NIVEL PRIMARIO EN LA INSTITUCION EDUCATIVA EDUARDO PEREZ GAMBOA EN EL DISTRITO DE TACNA - PROVINCIA DE TACNA - REGION TACNA;;8500000;Educación;Localizada en Tacna;Sí;;Sí;0
6;ANEXO-6-2;165;895;Gobierno regional;460;Gobierno Regional del Departamento de Tacna;Tacna;;;Tacna | Candarave;Programas presupuestales;;3043997 TAMIZAJE Y TRATAMIENTO DE PACIENTES AFECTADOS POR METALES PESADOS;2366707;Proyecto de inversión;CREACION DE LOS SERVICIOS TURISTICOS EN LA RUTA TURISTICA CANDARAVE - YUCAMANI - VALLE DE GEISERS EN EL DISTRITO DE CANDARAVE, PROVINCIA DE CANDARAVE - TACNA;;2500000;Salud;Localizada en Tacna;Sí;;Sí;0
6;ANEXO-6-2;165;895;Gobierno regional;460;Gobierno Regional del Departamento de Tacna;Tacna;;;Tacna | Tarata;Programas presupuestales;;3043997 TAMIZAJE Y TRATAMIENTO DE PACIENTES AFECTADOS POR METALES PESADOS;2410521;Proyecto de inversión;MEJORAMIENTO DEL SERVICIO DE AGUA PARA RIEGO DE LA COMISION DE REGANTES YUNGA, DISTRITO DE TARATA - PROVINCIA DE TARATA - DEPARTAMENTO DE TACNA;;109515;Agropecuario y riego;Localizada en Tacna;Sí;;Sí;0
6;ANEXO-6-2;165;895;Gobierno regional;460;Gobierno Regional del Departamento de Tacna;Tacna;;;Tacna | Sama;Programas presupuestales;;3043997 TAMIZAJE Y TRATAMIENTO DE PACIENTES AFECTADOS POR METALES PESADOS;2415249;Proyecto de inversión;MEJORAMIENTO DEL SERVICIO EDUCATIVO EN EL NIVEL INICIAL Y PRIMARIO DE LA I.E. N°42259 - ANEXO MORRO SAMA, DISTRITO DE SAMA - PROVINCIA DE TACHA. DEPARTAMENTO DE TACNA;;4330965;Educación;Localizada en Tacna;Sí;;Sí;0
6;ANEXO-6-2;165;895;Gobierno regional;460;Gobierno Regional del Departamento de Tacna;Tacna;;;Tacna | Pocollay | Jorge Basadre;Programas presupuestales;;3043997 TAMIZAJE Y TRATAMIENTO DE PACIENTES AFECTADOS POR METALES PESADOS;2432302;Proyecto de inversión;MEJORAMIENTO DEL SERVICIO DE TRANSITABILIDAD VEHICULAR Y PEATONAL EN LA AV. LOS PRODUCTORES TRAMO AV. JORGE BASADRE GROHOMAN -AV. VILAUTA - POCOLLAY DEL DISTRITO DE POCOLLAY - PROVINCIA DE TACNA - DEPARTAMENTO DE TACNA;;4542300;Salud;Localizada en Tacna;Sí;;Sí;0
6;ANEXO-6-2;165;895;Gobierno regional;460;Gobierno Regional del Departamento de Tacna;Tacna;;;Tacna | Alto de la Alianza;Programas presupuestales;;3043997 TAMIZAJE Y TRATAMIENTO DE PACIENTES AFECTADOS POR METALES PESADOS;2482057;Proyecto de inversión;MEJORAMIENTO DEL SERVICIO EDUCATIVO DEL NIVEL INICIAL. PRIMARIO Y SECUNDARIA DE LA I.E. GUILLERMO AUZA ARCE EN EL DISTRITO DE ALTO DE LA ALIANZA - PROVINCIA DE TACNA - DEPARTAMENTO DE TACNA;;10000;Educación;Localizada en Tacna;Sí;;Sí;0
6;ANEXO-6-2;165;895;Gobierno regional;460;Gobierno Regional del Departamento de Tacna;Tacna;;;Tacna;Programas presupuestales;;3043997 TAMIZAJE Y TRATAMIENTO DE PACIENTES AFECTADOS POR METALES PESADOS;2496404;Proyecto de inversión;MEJORAMIENTO DEL SERVICIO EDUCATIVO DEL NIVEL PRIMARIO EN LA I.E. LOS ANGELES DISTRITO DE TACNA - PROVINCIA DE TACNA - DEPARTAMENTO DE TACNA;;4200000;Educación;Localizada en Tacna;Sí;;Sí;0
6;ANEXO-6-2;165;895;Gobierno regional;460;Gobierno Regional del Departamento de Tacna;Tacna;;;Tacna | Coronel Gregorio Albarracín Lanchipa;Programas presupuestales;;3043997 TAMIZAJE Y TRATAMIENTO DE PACIENTES AFECTADOS POR METALES PESADOS;2496422;Proyecto de inversión;MEJORAMIENTO DEL SERVICIO EDUCATIVO EN LA I.E.I. N°479 TABUL, DISTRITO DE CORONEL GREGORIO ALBARRACIN LANCHIPA - PROVINCIA DE TACNA - DEPARTAMENTO DE TACNA;;1316691;Educación;Localizada en Tacna;Sí;;Sí;0
6;ANEXO-6-2;165;895;Gobierno regional;460;Gobierno Regional del Departamento de Tacna;Tacna;;;Tacna | Candarave | Camilaca;Programas presupuestales;;3043997 TAMIZAJE Y TRATAMIENTO DE PACIENTES AFECTADOS POR METALES PESADOS;2499809;Proyecto de inversión;MEJORAMIENTO Y PUESTA EN VALOR DE LOS SERVICIOS DE INTERPRETACION CULTURAL DEL SITIO ARQUEOLOGICO DE MOQI - SECTORES I, II, III Y IV, EN LA COMUNIDAD CAMPESINA DE CAMBAYA, DISTRITO DE CAMILACA - PROVINCIA DE CANDARAVE - DEPARTAMENTO DE TACNA;;3256000;Salud;Localizada en Tacna;Sí;;Sí;0
6;ANEXO-6-2;165;895;Gobierno regional;460;Gobierno Regional del Departamento de Tacna;Tacna;;;Tacna | Palca;Programas presupuestales;;3043997 TAMIZAJE Y TRATAMIENTO DE PACIENTES AFECTADOS POR METALES PESADOS;2501097;Proyecto de inversión;MEJORAMIENTO Y AMPLIACION DEL SERVICIO DE AGUA POTABLE, ALCANTARILLADO Y PLANTA DE TRATAMIENTO DE AGUAS RESIDUALES EN LA LOCALIDAD DE ANCOMARCA DEL DISTRITO DE PALCA - PROVINCIA DE TACNA - DEPARTAMENTO DE TACNA;;2903240;Saneamiento;Localizada en Tacna;Sí;;Sí;0
6;ANEXO-6-2;165;895;Gobierno regional;460;Gobierno Regional del Departamento de Tacna;Tacna;;;Tacna;Programas presupuestales;;3043997 TAMIZAJE Y TRATAMIENTO DE PACIENTES AFECTADOS POR METALES PESADOS;2506417;Proyecto de inversión;MEJORAMIENTO DEL SERVICIO EDUCATIVO DEL NIVEL PRIMARIO Y SECUNDARIO DE LA I.E. N°42241 HERMOGENES ARENAS YAÑEZ, DISTRITO DE TACNA - PROVINCIA DE TACNA - DEPARTAMENTO DE TACNA;;150000;Educación;Localizada en Tacna;Sí;;Sí;0
6;ANEXO-6-2;165;895;Gobierno regional;460;Gobierno Regional del Departamento de Tacna;Tacna;;;Tacna | Candarave | Camilaca;Programas presupuestales;;3043997 TAMIZAJE Y TRATAMIENTO DE PACIENTES AFECTADOS POR METALES PESADOS;2508316;Proyecto de inversión;MEJORAMIENTO DEL SERVICIO DE TRANSITABILIDAD VEHICULAR Y PEATONAL EN ALTO CAMILACA DEL DISTRITO DE CAMILACA - PROVINCIA DE CANDARAVE - DEPARTAMENTO DE TACNA;;6900000;Salud;Localizada en Tacna;Sí;;Sí;0
6;ANEXO-6-2;166;896;Gobierno regional;460;Gobierno Regional del Departamento de Tacna;Tacna;;;Tacna;Programas presupuestales;;3043997 TAMIZAJE Y TRATAMIENTO DE PACIENTES AFECTADOS POR METALES PESADOS;2516604;Proyecto de inversión;MEJORAMIENTO DEL SERVICIO EDUCATIVO DEL NIVEL PRIMARIO EN LA I.E. N° 42013 ROSA DOMINGA PEREZ LIENDO DISTRITO DE TACNA - PROVINCIA DE TACNA - DEPARTAMENTO DE TACNA;;2564321;Educación;Localizada en Tacna;Sí;;Sí;0
6;ANEXO-6-2;166;896;Gobierno regional;460;Gobierno Regional del Departamento de Tacna;Tacna;;;Tacna | Calana;Programas presupuestales;;3043997 TAMIZAJE Y TRATAMIENTO DE PACIENTES AFECTADOS POR METALES PESADOS;2525352;Proyecto de inversión;MEJORAMIENTO DE LA INFRAESTRUCTURA VIAL DEL CAMINO VECINAL TA 628 TRAMO AV. TARAPACA - KM 3+120 SECTOR CERRO BLANCO DEL DISTRITO DE CALANA - PROVINCIA DE TACNA - DEPARTAMENTO DE TACNA;;387560;Salud;Localizada en Tacna;Sí;;Sí;0
6;ANEXO-6-2;166;896;Gobierno regional;460;Gobierno Regional del Departamento de Tacna;Tacna;;;Tacna | La Yarada Los Palos;Programas presupuestales;;3043997 TAMIZAJE Y TRATAMIENTO DE PACIENTES AFECTADOS POR METALES PESADOS;2536221;Proyecto de inversión;MEJORAMIENTO DEL SERVICIO EDUCATIVO DEL NIVEL PRIMARIO EN LA I.E. N°42200 OMAR ZILBERT SALAS, DISTRITO DE LA VARADA LOS PALOS - PROVINCIA DE TACNA - DEPARTAMENTO DE TACNA;;5490369;Educación;Localizada en Tacna;Sí;;Sí;0
6;ANEXO-6-2;166;896;Gobierno regional;460;Gobierno Regional del Departamento de Tacna;Tacna;;;Tacna;Programas presupuestales;;3043997 TAMIZAJE Y TRATAMIENTO DE PACIENTES AFECTADOS POR METALES PESADOS;2536268;Proyecto de inversión;MEJORAMIENTO DEL SERVICIO DE PROVISION DE 09 SISTEMAS DE ABASTECIMIENTO DE AGUA PARA RIEGO (MEDIANTE POZOS TUBULARES), A LOS USUARIOS DEL SECTOR HIDRAULICO DE AGUAS SUBTERRANEAS CLASE A LA YARADA DISTRITO DE LA YARADA Lbs PALOS - PROVINCIA DE TACNA - DEPARTAMENTO DE TACNA;;11905330;Agropecuario y riego;Localizada en Tacna;Sí;;Sí;0
6;ANEXO-6-2;166;896;Gobierno regional;460;Gobierno Regional del Departamento de Tacna;Tacna;;;Tacna;Programas presupuestales;;3043997 TAMIZAJE Y TRATAMIENTO DE PACIENTES AFECTADOS POR METALES PESADOS;2546561;Proyecto de inversión;MEJORAMIENTO DEL SERVICIO DE EDUCACION PRIMARIA EN LA I.E. 42020 ALMIRANTE MIGUEL GRAU TACNA DEL DISTRITO DE TACNA - PROVINCIA DE TACNA - DEPARTAMENTO DE TACNA;;73400;Educación;Localizada en Tacna;Sí;;Sí;0
6;ANEXO-6-2;166;896;Gobierno regional;460;Gobierno Regional del Departamento de Tacna;Tacna;;;Tacna | Tarata | Ticaco;Programas presupuestales;;3043997 TAMIZAJE Y TRATAMIENTO DE PACIENTES AFECTADOS POR METALES PESADOS;2575403;Proyecto de inversión;MEJORAMIENTO DEL SERVICIO DE TRANSITABILIDAD VIAL INTERURBANA EN LA VIA TA-558 EMP. TA 103 DESVIO AL SECTOR DE PUTINA, DISTRITO DE TICACO DE LA PROVINCIA DE TARATA DEL DEPARTAMENTO DE TACNA;;61971;Salud;Localizada en Tacna;Sí;;Sí;0
6;ANEXO-6-2;166;896;Gobierno regional;460;Gobierno Regional del Departamento de Tacna;Tacna;;;Tacna | Coronel Gregorio Albarracín Lanchipa;Programas presupuestales;;3043997 TAMIZAJE Y TRATAMIENTO DE PACIENTES AFECTADOS POR METALES PESADOS;2591352;Proyecto de inversión;MEJORAMIENTO DEL SERVICIO DE EDUCACION INICIAL EN I.E. 475 DISTRITO DE CORONEL GREGORIO ALBARRACIN LANCHIPA DE LA PROVINCIA DE TACNA DEL DEPARTAMENTO DE TACNA;;2700000;Educación;Localizada en Tacna;Sí;;Sí;0
6;ANEXO-6-2;166;896;Gobierno regional;460;Gobierno Regional del Departamento de Tacna;Tacna;;;Tacna | Candarave;Programas presupuestales;;3043997 TAMIZAJE Y TRATAMIENTO DE PACIENTES AFECTADOS POR METALES PESADOS;2604209;Proyecto de inversión;MEJORAMIENTO DEL SERVICIO DE ALCANTARILLADO U OTRAS FORMAS DE DISPOSICION SANITARIA DE EXCRETAS EN EL SISTEMA DE DESAGUE Y TRATAMIENTO DE AGUAS RESIDUALES PARA DISPOSICION FINAL EN EL CENTRO POBLADO SANTA CRUZ DEL DISTRITO DE CANDARAVE DE LA PROVINCIA DE CANDARAVE DEL DEPARTAMENTO DE TACNA;;1346129;Saneamiento;Localizada en Tacna;Sí;;Sí;0
6;ANEXO-6-2;166;896;Gobierno regional;460;Gobierno Regional del Departamento de Tacna;Tacna;;;Tacna | Inclán;Programas presupuestales;;3043997 TAMIZAJE Y TRATAMIENTO DE PACIENTES AFECTADOS POR METALES PESADOS;2617408;Proyecto de inversión;MEJORAMIENTO DEL SERVICIO DE EDUCACION PRIMARIA EN I.E. 443 SANTA TERESITA DE CENTRO POBLADO PROTER DISTRITO DE INCLAN DE LA PROVINCIA DE TACNA DEL DEPARTAMENTO DE TACNA;;4000000;Educación;Localizada en Tacna;Sí;;Sí;0
6;ANEXO-6-2;166;896;Gobierno regional;460;Gobierno Regional del Departamento de Tacna;Tacna;;;Tacna | Sama;Programas presupuestales;;3043997 TAMIZAJE Y TRATAMIENTO DE PACIENTES AFECTADOS POR METALES PESADOS;2619354;Proyecto de inversión;MEJORAMIENTO DEL SERVICIO DE AGUA POTABLE URBANO EN (PROVISION DE RECURSO HIDRICO PARA USO PRIORITARIO DE CONSUMO POBLACIONAL PARA EL C.P. BOCA DEL RIO), DISTRITO DE SAMA DE LA PROVINCIA DE TACNA DEL DEPARTAMENTO DE TACNA;;9041505;Saneamiento;Localizada en Tacna;Sí;;Sí;0
6;ANEXO-6-2;166;896;Gobierno regional;460;Gobierno Regional del Departamento de Tacna;Tacna;;;Tacna | Palca;Programas presupuestales;;3043997 TAMIZAJE Y TRATAMIENTO DE PACIENTES AFECTADOS POR METALES PESADOS;2621698;Proyecto de inversión;"ADQUISICION DE TERRENO; EN EL(LA) PREDIO DE LA COMUNIDAD CAMPESINA DE TALABAYA, PARA LA INVERSION: REFORZAMIENTO ESTRUCTURAL DE PRESA; EN EL(LA) REPRESA PAUCARANI - ENCIMADO DISTRITO DE PALCA, PROVINCIA TACNA, DEPARTAMENTO TACNA";;2125712;Agropecuario y riego;Localizada en Tacna;Sí;;Sí;0
6;ANEXO-6-2;166;896;Gobierno regional;460;Gobierno Regional del Departamento de Tacna;Tacna;;;Tacna;Programas presupuestales;;3043997 TAMIZAJE Y TRATAMIENTO DE PACIENTES AFECTADOS POR METALES PESADOS;2649675;Proyecto de inversión;MEJORAMIENTO DEL SERVICIO DE PRACTICA DEPORTIVA Y/0 RECREATIVA EN 123 UNIDADES PRODUCTORAS 23 DISTRITOS DE 4 PROVINCIAS DEL DEPARTAMENTO DE TACNA;;12800;Salud;Localizada en Tacna;Sí;;Sí;0
6;ANEXO-6-2;166;896;Gobierno regional;460;Gobierno Regional del Departamento de Tacna;Tacna;;;Tacna | Candarave;Programas presupuestales;;3043997 TAMIZAJE Y TRATAMIENTO DE PACIENTES AFECTADOS POR METALES PESADOS;2656966;Proyecto de inversión;MEJORAMIENTO DEL SERVICIO DE PROVISION DE AGUA PARA RIEGO EN EL SISTEMA DE CONDUCCION DEL CANAL CHAULLANI SECTOR TIERRAS NUEVAS DEL CENTRO POBLADO SAN PEDRO DISTRITO DE CANDARAVE DE LA PROVINCIA DE CANDARAVE DEL DEPARTAMENTO DE TACNA;;1033000;Agropecuario y riego;Localizada en Tacna;Sí;;Sí;0
6;ANEXO-6-2;166;896;Gobierno regional;460;Gobierno Regional del Departamento de Tacna;Tacna;;;;Acciones centrales;;3043997 TAMIZAJE Y TRATAMIENTO DE PACIENTES AFECTADOS POR METALES PESADOS;5000001;Actividad;PLANEAMIENTO Y PRESUPUESTO;;7472643;Salud;Localizada en Tacna;Sí;;Sí;0
6;ANEXO-6-2;166;896;Gobierno regional;460;Gobierno Regional del Departamento de Tacna;Tacna;;;;Acciones centrales;;3043997 TAMIZAJE Y TRATAMIENTO DE PACIENTES AFECTADOS POR METALES PESADOS;5000002;Actividad;CONDUCCION Y ORIENTACION SUPERIOR;;13529169;Salud;Localizada en Tacna;Sí;;Sí;0
6;ANEXO-6-2;166;896;Gobierno regional;460;Gobierno Regional del Departamento de Tacna;Tacna;;;;Acciones centrales;;3043997 TAMIZAJE Y TRATAMIENTO DE PACIENTES AFECTADOS POR METALES PESADOS;5000003;Actividad;GESTION ADMINISTRATIVA;;83019445;Salud;Localizada en Tacna;Sí;;Sí;0
6;ANEXO-6-2;166;896;Gobierno regional;460;Gobierno Regional del Departamento de Tacna;Tacna;;;;Acciones centrales;;3043997 TAMIZAJE Y TRATAMIENTO DE PACIENTES AFECTADOS POR METALES PESADOS;5000004;Actividad;ASESORAMIENTO TECNICO Y JURIDICO;;970859;Salud;Localizada en Tacna;Sí;;Sí;0
6;ANEXO-6-2;166;896;Gobierno regional;460;Gobierno Regional del Departamento de Tacna;Tacna;;;;Acciones centrales;;3043997 TAMIZAJE Y TRATAMIENTO DE PACIENTES AFECTADOS POR METALES PESADOS;5000005;Actividad;GESTION DE RECURSOS HUMANOS;;106825215;Salud;Localizada en Tacna;Sí;;Sí;0
6;ANEXO-6-2;166;896;Gobierno regional;460;Gobierno Regional del Departamento de Tacna;Tacna;;;;Acciones centrales;;3043997 TAMIZAJE Y TRATAMIENTO DE PACIENTES AFECTADOS POR METALES PESADOS;5000006;Actividad;ACCIONES DE CONTROL Y AUDITORIA;;542159;Salud;Localizada en Tacna;Sí;;Sí;0
6;ANEXO-6-2;166;896;Gobierno regional;460;Gobierno Regional del Departamento de Tacna;Tacna;;;;APNOP;;3043997 TAMIZAJE Y TRATAMIENTO DE PACIENTES AFECTADOS POR METALES PESADOS;5000276;Actividad;GESTION DEL PROGRAMA;;447593;Salud;Localizada en Tacna;Sí;;Sí;0
6;ANEXO-6-2;166;896;Gobierno regional;460;Gobierno Regional del Departamento de Tacna;Tacna;;;;APNOP;;3043997 TAMIZAJE Y TRATAMIENTO DE PACIENTES AFECTADOS POR METALES PESADOS;5000377;Actividad;MEJORAMIENTO DE LA OFERTA DE LOS SERVICIOS DE SALUD;;27147;Salud;Localizada en Tacna;Sí;;Sí;0
6;ANEXO-6-2;166;896;Gobierno regional;460;Gobierno Regional del Departamento de Tacna;Tacna;;;;APNOP;;3043997 TAMIZAJE Y TRATAMIENTO DE PACIENTES AFECTADOS POR METALES PESADOS;5000398;Actividad;ACUICULTURA;;592111;Salud;Localizada en Tacna;Sí;;Sí;0
6;ANEXO-6-2;167;897;Gobierno regional;460;Gobierno Regional del Departamento de Tacna;Tacna;;;;APNOP;;3043997 TAMIZAJE Y TRATAMIENTO DE PACIENTES AFECTADOS POR METALES PESADOS;5000419;Actividad;ADMINISTRACION Y ADJUDICACION DE TERRENOS DE PROPIEDAD DEL ESTADO;;900625;Salud;Localizada en Tacna;Sí;;Sí;0
6;ANEXO-6-2;167;897;Gobierno regional;460;Gobierno Regional del Departamento de Tacna;Tacna;;;;APNOP;;3043997 TAMIZAJE Y TRATAMIENTO DE PACIENTES AFECTADOS POR METALES PESADOS;5000437;Actividad;APOYO A EMERGENCIAS Y URGENCIAS;;25000;Salud;Localizada en Tacna;Sí;;Sí;0
6;ANEXO-6-2;167;897;Gobierno regional;460;Gobierno Regional del Departamento de Tacna;Tacna;;;;APNOP;;3043997 TAMIZAJE Y TRATAMIENTO DE PACIENTES AFECTADOS POR METALES PESADOS;5000438;Actividad;APOYO A LA COMUNIDAD;;260500;Salud;Localizada en Tacna;Sí;;Sí;0
6;ANEXO-6-2;167;897;Gobierno regional;460;Gobierno Regional del Departamento de Tacna;Tacna;;;;APNOP;;3043997 TAMIZAJE Y TRATAMIENTO DE PACIENTES AFECTADOS POR METALES PESADOS;5000450;Actividad;APOYO AL AGRO;;1316516;Salud;Localizada en Tacna;Sí;;Sí;0
6;ANEXO-6-2;167;897;Gobierno regional;460;Gobierno Regional del Departamento de Tacna;Tacna;;;;APNOP;;3043997 TAMIZAJE Y TRATAMIENTO DE PACIENTES AFECTADOS POR METALES PESADOS;5000469;Actividad;APOYO ALIMENTARIO PARA GRUPOS EN RIESGO;;1785794;Salud;Localizada en Tacna;Sí;;Sí;0
6;ANEXO-6-2;167;897;Gobierno regional;460;Gobierno Regional del Departamento de Tacna;Tacna;;;;APNOP;;3043997 TAMIZAJE Y TRATAMIENTO DE PACIENTES AFECTADOS POR METALES PESADOS;5000500;Actividad;ATENCION BASICA DE SALUD;;7007163;Salud;Localizada en Tacna;Sí;;Sí;0
6;ANEXO-6-2;167;897;Gobierno regional;460;Gobierno Regional del Departamento de Tacna;Tacna;;;;APNOP;;3043997 TAMIZAJE Y TRATAMIENTO DE PACIENTES AFECTADOS POR METALES PESADOS;5000510;Actividad;ATENCION ESPECIALIZADA DE LA SALUD;;13996;Salud;Localizada en Tacna;Sí;;Sí;0
6;ANEXO-6-2;167;897;Gobierno regional;460;Gobierno Regional del Departamento de Tacna;Tacna;;;;APNOP;;3043997 TAMIZAJE Y TRATAMIENTO DE PACIENTES AFECTADOS POR METALES PESADOS;5000514;Actividad;ATENCION INTEGRAL DE SALUD;;11524105;Salud;Localizada en Tacna;Sí;;Sí;0
6;ANEXO-6-2;167;897;Gobierno regional;460;Gobierno Regional del Departamento de Tacna;Tacna;;;;APNOP;;3043997 TAMIZAJE Y TRATAMIENTO DE PACIENTES AFECTADOS POR METALES PESADOS;5000515;Actividad;ATENCION INTEGRAL DE SALUD DE LAS POBLACIONES EXCLUIDAS Y DISPERSAS A NIVEL NACIONAL;;1500;Salud;Localizada en Tacna;Sí;;Sí;0
6;ANEXO-6-2;167;897;Gobierno regional;460;Gobierno Regional del Departamento de Tacna;Tacna;;;;APNOP;;3043997 TAMIZAJE Y TRATAMIENTO DE PACIENTES AFECTADOS POR METALES PESADOS;5000538;Actividad;CAPACITACION Y PERFECCIONAMIENTO;;30000;Salud;Localizada en Tacna;Sí;;Sí;0
6;ANEXO-6-2;167;897;Gobierno regional;460;Gobierno Regional del Departamento de Tacna;Tacna;;;;APNOP;;3043997 TAMIZAJE Y TRATAMIENTO DE PACIENTES AFECTADOS POR METALES PESADOS;5000619;Actividad;CONTROL SANITARIO;;1705054;Salud;Localizada en Tacna;Sí;;Sí;0
6;ANEXO-6-2;167;897;Gobierno regional;460;Gobierno Regional del Departamento de Tacna;Tacna;;;;APNOP;;3043997 TAMIZAJE Y TRATAMIENTO DE PACIENTES AFECTADOS POR METALES PESADOS;5000661;Actividad;DESARROLLO DE LA EDUCACION LABORAL Y TECNICA;;2817383;Educación;Localizada en Tacna;Sí;;Sí;0
6;ANEXO-6-2;167;897;Gobierno regional;460;Gobierno Regional del Departamento de Tacna;Tacna;;;;APNOP;;3043997 TAMIZAJE Y TRATAMIENTO DE PACIENTES AFECTADOS POR METALES PESADOS;5000665;Actividad;DESARROLLO DE LA EDUCACION PRIMARIA DE MENORES;;250000;Educación;Localizada en Tacna;Sí;;Sí;0
6;ANEXO-6-2;167;897;Gobierno regional;460;Gobierno Regional del Departamento de Tacna;Tacna;;;;APNOP;;3043997 TAMIZAJE Y TRATAMIENTO DE PACIENTES AFECTADOS POR METALES PESADOS;5000667;Actividad;DESARROLLO DE LA EDUCACION SECUNDARIA DE MENORES;;433400;Educación;Localizada en Tacna;Sí;;Sí;0
6;ANEXO-6-2;167;897;Gobierno regional;460;Gobierno Regional del Departamento de Tacna;Tacna;;;;APNOP;;3043997 TAMIZAJE Y TRATAMIENTO DE PACIENTES AFECTADOS POR METALES PESADOS;5000673;Actividad;DESARROLLO DE LA FORMACION DE DOCENTES Y ARTISTAS;;2476817;Educación;Localizada en Tacna;Sí;;Sí;0
6;ANEXO-6-2;167;897;Gobierno regional;460;Gobierno Regional del Departamento de Tacna;Tacna;;;;APNOP;;3043997 TAMIZAJE Y TRATAMIENTO DE PACIENTES AFECTADOS POR METALES PESADOS;5000674;Actividad;DESARROLLO DE LA PRODUCCION AGROPECUARIA;;292018;Agropecuario y riego;Localizada en Tacna;Sí;;Sí;0
6;ANEXO-6-2;167;897;Gobierno regional;460;Gobierno Regional del Departamento de Tacna;Tacna;;;;APNOP;;3043997 TAMIZAJE Y TRATAMIENTO DE PACIENTES AFECTADOS POR METALES PESADOS;5000678;Actividad;DESARROLLO DE LAS RELACIONES DE TRABAJO;;1647654;Salud;Localizada en Tacna;Sí;;Sí;0
6;ANEXO-6-2;167;897;Gobierno regional;460;Gobierno Regional del Departamento de Tacna;Tacna;;;;APNOP;;3043997 TAMIZAJE Y TRATAMIENTO DE PACIENTES AFECTADOS POR METALES PESADOS;5000681;Actividad;DESARROLLO DEL CICLO AVANZADO DE LA EDUCACION BASICA ALTERNATIVA;;5742025;Educación;Localizada en Tacna;Sí;;Sí;0
6;ANEXO-6-2;167;897;Gobierno regional;460;Gobierno Regional del Departamento de Tacna;Tacna;;;;APNOP;;3043997 TAMIZAJE Y TRATAMIENTO DE PACIENTES AFECTADOS POR METALES PESADOS;5000682;Actividad;DESARROLLO DEL CICLO INICIAL DE LA EDUCACION BASICA ALTERNATIVA;;4272;Educación;Localizada en Tacna;Sí;;Sí;0
6;ANEXO-6-2;167;897;Gobierno regional;460;Gobierno Regional del Departamento de Tacna;Tacna;;;;APNOP;;3043997 TAMIZAJE Y TRATAMIENTO DE PACIENTES AFECTADOS POR METALES PESADOS;5000683;Actividad;DESARROLLO DEL CICLO INTERMEDIO DE LA EDUCACION BASICA ALTERNATIVA;;4619954;Educación;Localizada en Tacna;Sí;;Sí;0
6;ANEXO-6-2;167;897;Gobierno regional;460;Gobierno Regional del Departamento de Tacna;Tacna;;;;APNOP;;3043997 TAMIZAJE Y TRATAMIENTO DE PACIENTES AFECTADOS POR METALES PESADOS;5000688;Actividad;DESARROLLO ECONOMICO REGIONAL;;513215;Salud;Localizada en Tacna;Sí;;Sí;0
6;ANEXO-6-2;167;897;Gobierno regional;460;Gobierno Regional del Departamento de Tacna;Tacna;;;;APNOP;;3043997 TAMIZAJE Y TRATAMIENTO DE PACIENTES AFECTADOS POR METALES PESADOS;5000698;Actividad;DESARROLLO SOCIAL REGIONAL;;622121;Salud;Localizada en Tacna;Sí;;Sí;0
6;ANEXO-6-2;167;897;Gobierno regional;460;Gobierno Regional del Departamento de Tacna;Tacna;;;;APNOP;;3043997 TAMIZAJE Y TRATAMIENTO DE PACIENTES AFECTADOS POR METALES PESADOS;5000737;Actividad;ENSEÑANZA PROFESIONAL Y ESPECIFICA MILITAR Y POLICIAL;;70000;Salud;Localizada en Tacna;Sí;;Sí;0
6;ANEXO-6-2;167;897;Gobierno regional;460;Gobierno Regional del Departamento de Tacna;Tacna;;;;APNOP;;3043997 TAMIZAJE Y TRATAMIENTO DE PACIENTES AFECTADOS POR METALES PESADOS;5000744;Actividad;ESTADISTICAS PARA PRESUPUESTO POR RESULTADOS;;10000;Salud;Localizada en Tacna;Sí;;Sí;0
6;ANEXO-6-2;167;897;Gobierno regional;460;Gobierno Regional del Departamento de Tacna;Tacna;;;;APNOP;;3043997 TAMIZAJE Y TRATAMIENTO DE PACIENTES AFECTADOS POR METALES PESADOS;5000753;Actividad;EXTENSION Y PROYECCION SOCIAL;;442200;Salud;Localizada en Tacna;Sí;;Sí;0
6;ANEXO-6-2;167;897;Gobierno regional;460;Gobierno Regional del Departamento de Tacna;Tacna;;;;APNOP;;3043997 TAMIZAJE Y TRATAMIENTO DE PACIENTES AFECTADOS POR METALES PESADOS;5000759;Actividad;FISCALIZACION Y CONTROL DE LA GESTION PUBLICA;;1016597;Salud;Localizada en Tacna;Sí;;Sí;0
6;ANEXO-6-2;167;897;Gobierno regional;460;Gobierno Regional del Departamento de Tacna;Tacna;;;;APNOP;;3043997 TAMIZAJE Y TRATAMIENTO DE PACIENTES AFECTADOS POR METALES PESADOS;5000776;Actividad;FORMALIZACION DE PREDIOS RURALES;;160568;Salud;Localizada en Tacna;Sí;;Sí;0
6;ANEXO-6-2;167;897;Gobierno regional;460;Gobierno Regional del Departamento de Tacna;Tacna;;;;APNOP;;3043997 TAMIZAJE Y TRATAMIENTO DE PACIENTES AFECTADOS POR METALES PESADOS;5000797;Actividad;FORTALECIMIENTO DE LAS AGENCIAS AGRARIAS;;4000;Agropecuario y riego;Localizada en Tacna;Sí;;Sí;0
6;ANEXO-6-2;167;897;Gobierno regional;460;Gobierno Regional del Departamento de Tacna;Tacna;;;;APNOP;;3043997 TAMIZAJE Y TRATAMIENTO DE PACIENTES AFECTADOS POR METALES PESADOS;5000804;Actividad;FORTALECIMIENTO DEL SISTEMA NACIONAL DE LA RED DE LABORATORIOS EN SALUD PUBLICA;;843339;Salud;Localizada en Tacna;Sí;;Sí;0
6;ANEXO-6-2;167;897;Gobierno regional;460;Gobierno Regional del Departamento de Tacna;Tacna;;;;APNOP;;3043997 TAMIZAJE Y TRATAMIENTO DE PACIENTES AFECTADOS POR METALES PESADOS;5000806;Actividad;FORTALECIMIENTO PARA LA GESTION AMBIENTAL Y EL DESARROLLO ESTRATEGICO DE LOS RECURSOS NATURALES;;699359;Salud;Localizada en Tacna;Sí;;Sí;0
6;ANEXO-6-2;167;897;Gobierno regional;460;Gobierno Regional del Departamento de Tacna;Tacna;;;;APNOP;;3043997 TAMIZAJE Y TRATAMIENTO DE PACIENTES AFECTADOS POR METALES PESADOS;5000808;Actividad;FUNCIONAMIENTO DE SERVICIOS DE SALUD;;70932;Salud;Localizada en Tacna;Sí;;Sí;0
6;ANEXO-6-2;167;897;Gobierno regional;460;Gobierno Regional del Departamento de Tacna;Tacna;;;;APNOP;;3043997 TAMIZAJE Y TRATAMIENTO DE PACIENTES AFECTADOS POR METALES PESADOS;5000880;Actividad;INFORMATICA PARA LA ADMINISTRACION PUBLICA;;7800;Salud;Localizada en Tacna;Sí;;Sí;0
6;ANEXO-6-2;167;897;Gobierno regional;460;Gobierno Regional del Departamento de Tacna;Tacna;;;;APNOP;;3043997 TAMIZAJE Y TRATAMIENTO DE PACIENTES AFECTADOS POR METALES PESADOS;5000913;Actividad;INVESTIGACION Y DESARROLLO;;28138;Educación;Localizada en Tacna;Sí;;Sí;0
6;ANEXO-6-2;167;897;Gobierno regional;460;Gobierno Regional del Departamento de Tacna;Tacna;;;;APNOP;;3043997 TAMIZAJE Y TRATAMIENTO DE PACIENTES AFECTADOS POR METALES PESADOS;5000936;Actividad;MANTENIMIENTO DE INFRAESTRUCTURA PUBLICA;;28739010;Salud;Localizada en Tacna;Sí;;Sí;0
6;ANEXO-6-2;167;897;Gobierno regional;460;Gobierno Regional del Departamento de Tacna;Tacna;;;;APNOP;;3043997 TAMIZAJE Y TRATAMIENTO DE PACIENTES AFECTADOS POR METALES PESADOS;5000942;Actividad;MANTENIMIENTO DEL SISTEMA DE COMUNICACIONES;;53167;Salud;Localizada en Tacna;Sí;;Sí;0
6;ANEXO-6-2;167;897;Gobierno regional;460;Gobierno Regional del Departamento de Tacna;Tacna;;;;APNOP;;3043997 TAMIZAJE Y TRATAMIENTO DE PACIENTES AFECTADOS POR METALES PESADOS;5000991;Actividad;OBLIGACIONES PREVISIONALES;;40243795;Previsión social;Localizada en Tacna;Sí;;Sí;0
6;ANEXO-6-2;168;898;Gobierno regional;460;Gobierno Regional del Departamento de Tacna;Tacna;;;;APNOP;;3043997 TAMIZAJE Y TRATAMIENTO DE PACIENTES AFECTADOS POR METALES PESADOS;5001005;Actividad;ORDENAMIENTO TERRITORIAL;;10000;Salud;Localizada en Tacna;Sí;;Sí;0
6;ANEXO-6-2;168;898;Gobierno regional;460;Gobierno Regional del Departamento de Tacna;Tacna;;;;APNOP;;3043997 TAMIZAJE Y TRATAMIENTO DE PACIENTES AFECTADOS POR METALES PESADOS;5001022;Actividad;PLANEAMIENTO URBANO;;206145;Salud;Localizada en Tacna;Sí;;Sí;0
6;ANEXO-6-2;168;898;Gobierno regional;460;Gobierno Regional del Departamento de Tacna;Tacna;;;;APNOP;;3043997 TAMIZAJE Y TRATAMIENTO DE PACIENTES AFECTADOS POR METALES PESADOS;5001067;Actividad;PROMOCION DE LA COMPETITIVIDAD AGRARIA;;544236;Agropecuario y riego;Localizada en Tacna;Sí;;Sí;0
6;ANEXO-6-2;168;898;Gobierno regional;460;Gobierno Regional del Departamento de Tacna;Tacna;;;;APNOP;;3043997 TAMIZAJE Y TRATAMIENTO DE PACIENTES AFECTADOS POR METALES PESADOS;5001075;Actividad;PROMOCION DE LA SALUD;;779542;Salud;Localizada en Tacna;Sí;;Sí;0
6;ANEXO-6-2;168;898;Gobierno regional;460;Gobierno Regional del Departamento de Tacna;Tacna;;;;APNOP;;3043997 TAMIZAJE Y TRATAMIENTO DE PACIENTES AFECTADOS POR METALES PESADOS;5001085;Actividad;PROMOCION DEL TURISMO INTERNO;;266553;Salud;Localizada en Tacna;Sí;;Sí;0
6;ANEXO-6-2;168;898;Gobierno regional;460;Gobierno Regional del Departamento de Tacna;Tacna;;;;APNOP;;3043997 TAMIZAJE Y TRATAMIENTO DE PACIENTES AFECTADOS POR METALES PESADOS;5001086;Actividad;PROMOCION DEL TURISMO Y LA ARTESANIA;;22000;Salud;Localizada en Tacna;Sí;;Sí;0
6;ANEXO-6-2;168;898;Gobierno regional;460;Gobierno Regional del Departamento de Tacna;Tacna;;;;APNOP;;3043997 TAMIZAJE Y TRATAMIENTO DE PACIENTES AFECTADOS POR METALES PESADOS;5001092;Actividad;PROMOCION EXTERNA DEL COMERCIO;;40641;Salud;Localizada en Tacna;Sí;;Sí;0
6;ANEXO-6-2;168;898;Gobierno regional;460;Gobierno Regional del Departamento de Tacna;Tacna;;;;APNOP;;3043997 TAMIZAJE Y TRATAMIENTO DE PACIENTES AFECTADOS POR METALES PESADOS;5001093;Actividad;PROMOCION INDUSTRIAL;;451474;Salud;Localizada en Tacna;Sí;;Sí;0
6;ANEXO-6-2;168;898;Gobierno regional;460;Gobierno Regional del Departamento de Tacna;Tacna;;;;APNOP;;3043997 TAMIZAJE Y TRATAMIENTO DE PACIENTES AFECTADOS POR METALES PESADOS;5001100;Actividad;PROMOCION Y CONTROL DE LA MINERIA;;689535;Salud;Localizada en Tacna;Sí;;Sí;0
6;ANEXO-6-2;168;898;Gobierno regional;460;Gobierno Regional del Departamento de Tacna;Tacna;;;;APNOP;;3043997 TAMIZAJE Y TRATAMIENTO DE PACIENTES AFECTADOS POR METALES PESADOS;5001108;Actividad;PROMOCION Y PROTECCION AMBIENTAL;;1213369;Salud;Localizada en Tacna;Sí;;Sí;0
6;ANEXO-6-2;168;898;Gobierno regional;460;Gobierno Regional del Departamento de Tacna;Tacna;;;;APNOP;;3043997 TAMIZAJE Y TRATAMIENTO DE PACIENTES AFECTADOS POR METALES PESADOS;5001122;Actividad;PROTECCION SOCIAL;;178792;Salud;Localizada en Tacna;Sí;;Sí;0
6;ANEXO-6-2;168;898;Gobierno regional;460;Gobierno Regional del Departamento de Tacna;Tacna;;;;APNOP;;3043997 TAMIZAJE Y TRATAMIENTO DE PACIENTES AFECTADOS POR METALES PESADOS;5001160;Actividad;SALUD OCUPACIONAL;;40000;Salud;Localizada en Tacna;Sí;;Sí;0
6;ANEXO-6-2;168;898;Gobierno regional;460;Gobierno Regional del Departamento de Tacna;Tacna;;;;APNOP;;3043997 TAMIZAJE Y TRATAMIENTO DE PACIENTES AFECTADOS POR METALES PESADOS;5001171;Actividad;SEGURO INTEGRAL DE SALUD;;1500;Salud;Localizada en Tacna;Sí;;Sí;0
6;ANEXO-6-2;168;898;Gobierno regional;460;Gobierno Regional del Departamento de Tacna;Tacna;;;;APNOP;;3043997 TAMIZAJE Y TRATAMIENTO DE PACIENTES AFECTADOS POR METALES PESADOS;5001189;Actividad;SERVICIOS DE APOYO AL DIAGNOSTICO Y TRATAMIENTO;;21673785;Salud;Localizada en Tacna;Sí;;Sí;0
6;ANEXO-6-2;168;898;Gobierno regional;460;Gobierno Regional del Departamento de Tacna;Tacna;;;;APNOP;;3043997 TAMIZAJE Y TRATAMIENTO DE PACIENTES AFECTADOS POR METALES PESADOS;5001191;Actividad;SERVICIOS DE TELECOMUNICACIONES;;35722;Salud;Localizada en Tacna;Sí;;Sí;0
6;ANEXO-6-2;168;898;Gobierno regional;460;Gobierno Regional del Departamento de Tacna;Tacna;;;;APNOP;;3043997 TAMIZAJE Y TRATAMIENTO DE PACIENTES AFECTADOS POR METALES PESADOS;5001228;Actividad;SUPERVISION Y CONTROL;;413000;Salud;Localizada en Tacna;Sí;;Sí;0
6;ANEXO-6-2;168;898;Gobierno regional;460;Gobierno Regional del Departamento de Tacna;Tacna;;;;APNOP;;3043997 TAMIZAJE Y TRATAMIENTO DE PACIENTES AFECTADOS POR METALES PESADOS;5001279;Actividad;VIGILANCIA DE LOS RIESGOS PARA LA SALUD;;1000;Salud;Localizada en Tacna;Sí;;Sí;0
6;ANEXO-6-2;168;898;Gobierno regional;460;Gobierno Regional del Departamento de Tacna;Tacna;;;;APNOP;;3043997 TAMIZAJE Y TRATAMIENTO DE PACIENTES AFECTADOS POR METALES PESADOS;5001282;Actividad;VIGILANCIA Y CONSERVACION DE DOCUMENTOS;;517019;Salud;Localizada en Tacna;Sí;;Sí;0
6;ANEXO-6-2;168;898;Gobierno regional;460;Gobierno Regional del Departamento de Tacna;Tacna;;;;APNOP;;3043997 TAMIZAJE Y TRATAMIENTO DE PACIENTES AFECTADOS POR METALES PESADOS;5001286;Actividad;VIGILANCIA Y CONTROL EPIDEMIOLOGICO;;95000;Salud;Localizada en Tacna;Sí;;Sí;0
6;ANEXO-6-2;168;898;Gobierno regional;460;Gobierno Regional del Departamento de Tacna;Tacna;;;;APNOP;;3043997 TAMIZAJE Y TRATAMIENTO DE PACIENTES AFECTADOS POR METALES PESADOS;5001562;Actividad;ATENCION EN CONSULTAS EXTERNAS;;135400;Salud;Localizada en Tacna;Sí;;Sí;0
6;ANEXO-6-2;168;898;Gobierno regional;460;Gobierno Regional del Departamento de Tacna;Tacna;;;;APNOP;;3043997 TAMIZAJE Y TRATAMIENTO DE PACIENTES AFECTADOS POR METALES PESADOS;5001563;Actividad;ATENCION EN HOSPITALIZACION;;1269400;Salud;Localizada en Tacna;Sí;;Sí;0
6;ANEXO-6-2;168;898;Gobierno regional;460;Gobierno Regional del Departamento de Tacna;Tacna;;;;APNOP;;3043997 TAMIZAJE Y TRATAMIENTO DE PACIENTES AFECTADOS POR METALES PESADOS;5001564;Actividad;INTERVENCIONES QUIRURGICAS;;568400;Salud;Localizada en Tacna;Sí;;Sí;0
6;ANEXO-6-2;168;898;Gobierno regional;460;Gobierno Regional del Departamento de Tacna;Tacna;;;;APNOP;;3043997 TAMIZAJE Y TRATAMIENTO DE PACIENTES AFECTADOS POR METALES PESADOS;5001565;Actividad;MANTENIMIENTO Y REPARACION DE EQUIPO;;868734;Salud;Localizada en Tacna;Sí;;Sí;0
6;ANEXO-6-2;168;898;Gobierno regional;460;Gobierno Regional del Departamento de Tacna;Tacna;;;;APNOP;;3043997 TAMIZAJE Y TRATAMIENTO DE PACIENTES AFECTADOS POR METALES PESADOS;5001566;Actividad;OTRAS ATENCIONES DE SALUD ESPECIALIZADAS;;1661400;Salud;Localizada en Tacna;Sí;;Sí;0
6;ANEXO-6-2;168;898;Gobierno regional;460;Gobierno Regional del Departamento de Tacna;Tacna;;;;APNOP;;3043997 TAMIZAJE Y TRATAMIENTO DE PACIENTES AFECTADOS POR METALES PESADOS;5001568;Actividad;ATENCION DE CUIDADOS INTENSIVOS;;173400;Salud;Localizada en Tacna;Sí;;Sí;0
6;ANEXO-6-2;168;898;Gobierno regional;460;Gobierno Regional del Departamento de Tacna;Tacna;;;;APNOP;;3043997 TAMIZAJE Y TRATAMIENTO DE PACIENTES AFECTADOS POR METALES PESADOS;5001569;Actividad;COMERCIALIZACION DE MEDICAMENTOS E INSUMOS;;3307373;Salud;Localizada en Tacna;Sí;;Sí;0
6;ANEXO-6-2;168;898;Gobierno regional;460;Gobierno Regional del Departamento de Tacna;Tacna;;;;APNOP;;3043997 TAMIZAJE Y TRATAMIENTO DE PACIENTES AFECTADOS POR METALES PESADOS;5001859;Actividad;BRINDAR APOYO AL DIAGNOSTICO POR IMAGENES;;35000;Salud;Localizada en Tacna;Sí;;Sí;0
6;ANEXO-6-2;168;898;Gobierno regional;460;Gobierno Regional del Departamento de Tacna;Tacna;;;;APNOP;;3043997 TAMIZAJE Y TRATAMIENTO DE PACIENTES AFECTADOS POR METALES PESADOS;5001860;Actividad;BRINDAR APOYO EN DIAGNOSTICO DE LABORATORIO;;620396;Salud;Localizada en Tacna;Sí;;Sí;0
6;ANEXO-6-2;168;898;Gobierno regional;460;Gobierno Regional del Departamento de Tacna;Tacna;;;;APNOP;;3043997 TAMIZAJE Y TRATAMIENTO DE PACIENTES AFECTADOS POR METALES PESADOS;5001924;Actividad;DESARROLLO DE IA EDUCACION BASICA ALTERNATIVA;;29576;Educación;Localizada en Tacna;Sí;;Sí;0
6;ANEXO-6-2;168;898;Gobierno regional;460;Gobierno Regional del Departamento de Tacna;Tacna;;;;APNOP;;3043997 TAMIZAJE Y TRATAMIENTO DE PACIENTES AFECTADOS POR METALES PESADOS;5001933;Actividad;DESARROLLO DE LA PROMOCION ESCOLAR, CULTURA Y DEPORTE;;350510;Salud;Localizada en Tacna;Sí;;Sí;0
6;ANEXO-6-2;168;898;Gobierno regional;460;Gobierno Regional del Departamento de Tacna;Tacna;;;Tacna;APNOP;;3043997 TAMIZAJE Y TRATAMIENTO DE PACIENTES AFECTADOS POR METALES PESADOS;5002158;Actividad;OPERATIVIDAD FERROCARRIL TACNA - ARICA;;6526025;Salud;Localizada en Tacna;Sí;;Sí;0
6;ANEXO-6-2;168;898;Gobierno regional;460;Gobierno Regional del Departamento de Tacna;Tacna;;;;APNOP;;3043997 TAMIZAJE Y TRATAMIENTO DE PACIENTES AFECTADOS POR METALES PESADOS;5002166;Actividad;OTRAS ATENCIONES DE SALUD BASICAS;;4000;Salud;Localizada en Tacna;Sí;;Sí;0
6;ANEXO-6-2;168;898;Gobierno regional;460;Gobierno Regional del Departamento de Tacna;Tacna;;;;APNOP;;3043997 TAMIZAJE Y TRATAMIENTO DE PACIENTES AFECTADOS POR METALES PESADOS;5002304;Actividad;SUBVENCION ENERGIA ELECTRICA - LA YARADA;;4900000;Salud;Localizada en Tacna;Sí;;Sí;0
6;ANEXO-6-2;168;898;Gobierno regional;460;Gobierno Regional del Departamento de Tacna;Tacna;;;;APNOP;;3043997 TAMIZAJE Y TRATAMIENTO DE PACIENTES AFECTADOS POR METALES PESADOS;5003934;Actividad;MEJORA EN LA GESTION DE LAS INSTITUCIONES EDUCATIVAS;;725968;Educación;Localizada en Tacna;Sí;;Sí;0
6;ANEXO-6-2;168;898;Gobierno regional;460;Gobierno Regional del Departamento de Tacna;Tacna;;;;APNOP;;3043997 TAMIZAJE Y TRATAMIENTO DE PACIENTES AFECTADOS POR METALES PESADOS;5004429;Actividad;DESINFECCION Y/0 TRATAMIENTO DEL AGUA PARA EL CONSUMO HUMANO;;5036;Salud;Localizada en Tacna;Sí;;Sí;0
6;ANEXO-6-2;168;898;Gobierno regional;460;Gobierno Regional del Departamento de Tacna;Tacna;;;;APNOP;;3043997 TAMIZAJE Y TRATAMIENTO DE PACIENTES AFECTADOS POR METALES PESADOS;5005326;Actividad;INTERVENCIONES DE COMUNICACION PARA EL CUIDADO INFANTIL Y PREVENCION DE ANEMIA Y DESNUTRICION CRONICA INFANTIL;;89000;Salud;Localizada en Tacna;Sí;;Sí;0
6;ANEXO-6-2;169;899;Gobierno regional;460;Gobierno Regional del Departamento de Tacna;Tacna;;;;APNOP;;3043997 TAMIZAJE Y TRATAMIENTO DE PACIENTES AFECTADOS POR METALES PESADOS;5005387;Actividad;MEJORAMIENTO Y ATENCION A LAS PERSONAS CON DISCAPACIDAD;;436075;Salud;Localizada en Tacna;Sí;;Sí;0
6;ANEXO-6-2;169;899;Gobierno regional;460;Gobierno Regional del Departamento de Tacna;Tacna;;;;APNOP;;3043997 TAMIZAJE Y TRATAMIENTO DE PACIENTES AFECTADOS POR METALES PESADOS;5005692;Actividad;DESARROLLO DE SERVICIOS PEDAGÓGICOS ESPECIALIZADOS;;151826;Educación;Localizada en Tacna;Sí;;Sí;0
6;ANEXO-6-2;169;899;Gobierno regional;460;Gobierno Regional del Departamento de Tacna;Tacna;;;;APNOP;;3043997 TAMIZAJE Y TRATAMIENTO DE PACIENTES AFECTADOS POR METALES PESADOS;5006267;Actividad;FORTALECIMIENTO INSTITUCIONAL DE LAS UGEL;;64851;Educación;Localizada en Tacna;Sí;;Sí;0
6;ANEXO-6-2;169;899;Gobierno regional;460;Gobierno Regional del Departamento de Tacna;Tacna;;;;APNOP;;3043997 TAMIZAJE Y TRATAMIENTO DE PACIENTES AFECTADOS POR METALES PESADOS;5006374;Actividad;SUPERVISIÓN A INSTITUCIONES EDUCATIVAS PRIVADAS;;320786;Educación;Localizada en Tacna;Sí;;Sí;0
6;ANEXO-6-2;169;899;Gobierno regional;460;Gobierno Regional del Departamento de Tacna;Tacna;;;;APNOP;;3043997 TAMIZAJE Y TRATAMIENTO DE PACIENTES AFECTADOS POR METALES PESADOS;5006427;Actividad;VIGILANCIA DE LA CALIDAD DEL AGUA PARA CONSUMO HUMANO EN EL AMBITO URBANO Y RURAL (HOGARES DISPERSOS);;270267;Salud;Localizada en Tacna;Sí;;Sí;0
6;ANEXO-6-2;169;899;Gobierno regional;460;Gobierno Regional del Departamento de Tacna;Tacna;;;;APNOP;;3043997 TAMIZAJE Y TRATAMIENTO DE PACIENTES AFECTADOS POR METALES PESADOS;2000270;Proyecto de inversión;GESTION DE PROYECTOS;;6550160;Salud;Localizada en Tacna;Sí;;Sí;0
6;ANEXO-6-2;169;899;Gobierno regional;460;Gobierno Regional del Departamento de Tacna;Tacna;;;;APNOP;;3043997 TAMIZAJE Y TRATAMIENTO DE PACIENTES AFECTADOS POR METALES PESADOS;2000351;Proyecto de inversión;OPERACION Y MANTENIMIENTO;;4849998;Salud;Localizada en Tacna;Sí;;Sí;0
6;ANEXO-6-2;169;899;Gobierno regional;460;Gobierno Regional del Departamento de Tacna;Tacna;;;;APNOP;;3043997 TAMIZAJE Y TRATAMIENTO DE PACIENTES AFECTADOS POR METALES PESADOS;2016766;Proyecto de inversión;INICIATIVA A LA COMPETITIVIDAD;;5000000;Salud;Localizada en Tacna;Sí;;Sí;0
6;ANEXO-6-2;169;899;Gobierno regional;460;Gobierno Regional del Departamento de Tacna;Tacna;;;Tacna;APNOP;;3043997 TAMIZAJE Y TRATAMIENTO DE PACIENTES AFECTADOS POR METALES PESADOS;2192844;Proyecto de inversión;MEJORAMIENTO DE LOS SERVICIOS DE SALUD DEL HOSPITAL HIPOLITO UNANUE DE TACNA, DISTRITO DE TACNA, PROVINCIA TACNA - REGION TACNA;;10000;Salud;Localizada en Tacna;Sí;;Sí;0
6;ANEXO-6-2;169;899;Gobierno regional;460;Gobierno Regional del Departamento de Tacna;Tacna;;;Tacna;APNOP;;3043997 TAMIZAJE Y TRATAMIENTO DE PACIENTES AFECTADOS POR METALES PESADOS;2234835;Proyecto de inversión;MEJORAMIENTO Y AMPLIACION DE LOS SERVICIOS DEL ARCHIVO REGIONAL DE TACNA, REGION TACNA;;292568;Salud;Localizada en Tacna;Sí;;Sí;0
6;ANEXO-6-2;169;899;Gobierno regional;460;Gobierno Regional del Departamento de Tacna;Tacna;;;Tacna | Candarave;APNOP;;3043997 TAMIZAJE Y TRATAMIENTO DE PACIENTES AFECTADOS POR METALES PESADOS;2291796;Proyecto de inversión;MEJORAMIENTO Y AMPLIACION DE LOS SERVICIOS DE GESTION EDUCATIVA Y PEDAGOGICA DE LA UNIDAD DE GESTION EDUCATIVA LOCAL (UGEL - CANDARAVE ), PROVINCIA DE CANDARAVE - TACNA;;500000;Educación;Localizada en Tacna;Sí;;Sí;0
6;ANEXO-6-2;169;899;Gobierno regional;460;Gobierno Regional del Departamento de Tacna;Tacna;;;Tacna | Coronel Gregorio Albarracín Lanchipa;APNOP;;3043997 TAMIZAJE Y TRATAMIENTO DE PACIENTES AFECTADOS POR METALES PESADOS;2302998;Proyecto de inversión;MEJORAMIENTO DE LA PRESTACION DEL SERVICIO DE GESTION EDUCATIVA EN LA DIRECCION REGIONAL SECTORIAL DE EDUCACION TACNA, DISTRITO CORONEL GREGORIO ALBARRACIN LANCHIPA, TACNA - TACNA.;;31975068;Educación;Localizada en Tacna;Sí;;Sí;0
6;ANEXO-6-2;169;899;Gobierno regional;460;Gobierno Regional del Departamento de Tacna;Tacna;;;Tacna;APNOP;;3043997 TAMIZAJE Y TRATAMIENTO DE PACIENTES AFECTADOS POR METALES PESADOS;2410530;Proyecto de inversión;MEJORAMIENTO DEL SERVICIO DE PREVENCION AL CONSUMO DE SUSTANCIAS PSICOACTIVAS (DROGAS) EN ESCOLARES, ADOLECENTES Y POBLACION COMUNITARIA DE LAS 4 PROVINCIAS DEL DEPARTAMENTO DE TACNA;;15420;Salud;Localizada en Tacna;Sí;;Sí;0
6;ANEXO-6-2;169;899;Gobierno regional;460;Gobierno Regional del Departamento de Tacna;Tacna;;;Tacna;APNOP;;3043997 TAMIZAJE Y TRATAMIENTO DE PACIENTES AFECTADOS POR METALES PESADOS;2476005;Proyecto de inversión;MEJORAMIENTO DE LA ATENCION DE SERVICIOS DE SALUD BASIC° DEL CENTRO DE SALUD LA NATIVIDAD DEL C.P. NUESTRA SRA. DE LA NATIVIDAD DEL DISTRITO DE TACNA - PROVINCIA DE TACNA - DEPARTAMENTO DE TACNA;;1000000;Salud;Localizada en Tacna;Sí;;Sí;0
6;ANEXO-6-2;169;899;Gobierno regional;460;Gobierno Regional del Departamento de Tacna;Tacna;;;Tacna;APNOP;;3043997 TAMIZAJE Y TRATAMIENTO DE PACIENTES AFECTADOS POR METALES PESADOS;2539900;Proyecto de inversión;MEJORAMIENTO DEL SERVICIO DE APOYO AL DESARROLLO PRODUCTIVO DE LA CADENA DEL CULTIVO DEL OLIVO EN LA REGION TACNA EN 4 DISTRITOS DE LA PROVINCIA DE TACNA - DEPARTAMENTO DE TACNA;;4700000;Agropecuario y riego;Localizada en Tacna;Sí;;Sí;0
6;ANEXO-6-2;169;899;Gobierno regional;460;Gobierno Regional del Departamento de Tacna;Tacna;;;Tacna;APNOP;;3043997 TAMIZAJE Y TRATAMIENTO DE PACIENTES AFECTADOS POR METALES PESADOS;2590416;Proyecto de inversión;"ADQUISICION DE MICROSCOPIO QUIRURGICO, FACOEMULSIFICADOR, EQUIPO DE OTROS ACTIVOS COMPLEMENTARIOS Y MOBILIARIO DE OTROS ACTIVOS COMPLEMENTARIOS; EN EL(LA) HOSPITAL HIPOLITO UNANUE DE TACNA DISTRITO DE TACNA, PROVINCIA TACNA, DEPARTAMENTO TACNA";;13865;Salud;Localizada en Tacna;Sí;;Sí;0
6;ANEXO-6-2;169;899;Gobierno regional;460;Gobierno Regional del Departamento de Tacna;Tacna;;;Tacna;APNOP;;3043997 TAMIZAJE Y TRATAMIENTO DE PACIENTES AFECTADOS POR METALES PESADOS;2593628;Proyecto de inversión;"ADQUISICION DE RESECTOSCOPIO, SISTEMA DE CIRUGIA CISTORESECTOSCOPICA, ELECTROBISTURI Y MOBILIARIO DE OTROS ACTIVOS COMPLEMENTARIOS; ADEMAS DE OTROS ACTIVOS EN EL(LA) HOSPITAL HIPOLITO UNANUE DE TACNA DISTRITO DE TACNA, PROVINCIA TACNA, DEPARTAMENTO TACNA";;8500;Salud;Localizada en Tacna;Sí;;Sí;0
6;ANEXO-6-2;169;899;Gobierno regional;460;Gobierno Regional del Departamento de Tacna;Tacna;;;Tacna;APNOP;;3043997 TAMIZAJE Y TRATAMIENTO DE PACIENTES AFECTADOS POR METALES PESADOS;2596874;Proyecto de inversión;"ADQUISICION DE MONITOR DE FUNCIONES VITALES, BOMBA DE INFUSION, CAMA CAMILLA MULTIPROPOSITO Y MAQUINA DE ANESTESIA; ADEMAS DE OTROS ACTIVOS EN EL(LA) HOSPITAL HIPOLITO UNANUE DE TACNA DISTRITO DE TACNA, PROVINCIA TACNA, DEPARTAMENTO TACNA";;10000;Salud;Localizada en Tacna;Sí;;Sí;0
6;ANEXO-6-2;169;899;Gobierno regional;460;Gobierno Regional del Departamento de Tacna;Tacna;;;Tacna;APNOP;;3043997 TAMIZAJE Y TRATAMIENTO DE PACIENTES AFECTADOS POR METALES PESADOS;2607723;Proyecto de inversión;"ADQUISICION DE MONITOR DE FUNCIONES VITALES, VENTILADOR MECANICO, EQUIPO ECOGRAFO Y CAMA CAMILLA MULTIPROPOSITO TIPO Ud; ADEMAS DE OTROS ACTIVOS EN EL(LA) HOSPITAL HIPOLITO UNANUE DE TACNA DISTRITO DE TACNA, PROVINCIA TACNA, DEPARTAMENTO TACNA";;10000;Salud;Localizada en Tacna;Sí;;Sí;0
6;ANEXO-6-2;169;899;Gobierno regional;460;Gobierno Regional del Departamento de Tacna;Tacna;;;Tacna;APNOP;;3043997 TAMIZAJE Y TRATAMIENTO DE PACIENTES AFECTADOS POR METALES PESADOS;2613179;Proyecto de inversión;"ADQUISICION DE TOMOGRAFO COMPUTARIZADO MULTICORTE, EQUIPO ECOGRAFO, EQUIPO DE RAYOS X DIGITAL Y DENSITOMETRO; ADEMAS DE OTROS ACTIVOS EN EL(LA) HOSPITAL HIPOLITO UNANUE DE TACNA DISTRITO DE TACNA, PROVINCIA TACNA, DEPARTAMENTO TACNA";;8632642;Salud;Localizada en Tacna;Sí;;Sí;0
6;ANEXO-6-2;169;899;Gobierno regional;460;Gobierno Regional del Departamento de Tacna;Tacna;;;Tacna;APNOP;;3043997 TAMIZAJE Y TRATAMIENTO DE PACIENTES AFECTADOS POR METALES PESADOS;2620273;Proyecto de inversión;MEJORAMIENTO DE LOS SERVICIOS DE APOYO AL DESARROLLO PRODUCTIVO EN LA CADENA PRODUCTIVA AGROINDUSTRIAL DE LA VID, DISTRITO DE TACNA DE LA PROVINCIA DE TACNA DEL DEPARTAMENTO DE TACNA;;3000000;Agropecuario y riego;Localizada en Tacna;Sí;;Sí;0
6;ANEXO-6-2;169;899;Gobierno regional;460;Gobierno Regional del Departamento de Tacna;Tacna;;;Tacna | Candarave | Tarata;APNOP;;3043997 TAMIZAJE Y TRATAMIENTO DE PACIENTES AFECTADOS POR METALES PESADOS;2628117;Proyecto de inversión;MEJORAMIENTO DE LOS SERVICIOS DE VIGILANCIA Y CONTROL EN LAS AREAS NATURALES PROTEGIDAS DEL AREA DE CONSERVACION REGIONAL VILACOTA MAURE DE LAS PROVINCIAS DE TARATA, CANDARAVE Y TACNA DEL DEPARTAMENTO TACNA;;50000;Ambiente;Localizada en Tacna;Sí;;Sí;0
6;ANEXO-6-2;169;899;Gobierno regional;460;Gobierno Regional del Departamento de Tacna;Tacna;;;Tacna | Pachía | Sama | Candarave | Locumba | Tarata;APNOP;;3043997 TAMIZAJE Y TRATAMIENTO DE PACIENTES AFECTADOS POR METALES PESADOS;2637402;Proyecto de inversión;RECUPERACION DE LOS SERVICIOS ECOSISTEMICOS EN BOSQUES RELICTO ALTOANDINO (POLYLEPIS) DE LA CUENCA LOCUMBA, SAMA Y CAPLINA EN LAS PROVINCIAS DE CANDARAVE Y TARATA DISTRITO DE PACHIA DE LA PROVINCIA DE TACNA DEL DEPARTAMENTO DE TACNA;;440000;Salud;Localizada en Tacna;Sí;;Sí;0
6;ANEXO-6-2;170;900;Gobierno regional;460;Gobierno Regional del Departamento de Tacna;Tacna;;;Tacna;APNOP;;3043997 TAMIZAJE Y TRATAMIENTO DE PACIENTES AFECTADOS POR METALES PESADOS;2655364;Proyecto de inversión;MEJORAMIENTO DE LOS SERVICIOS OPERATIVOS O MISIONALES INSTITUCIONALES EN GERENCIA REGIONAL DE DESARROLLO E INCLUSION SOCIAL DISTRITO DE TACNA DE LA PROVINCIA DE TACNA DEL DEPARTAMENTO DE TACNA;;17000;Salud;Localizada en Tacna;Sí;;Sí;0
6;ANEXO-6-2;170;900;Gobierno regional;460;Gobierno Regional del Departamento de Tacna;Tacna;;;;APNOP;;3043997 TAMIZAJE Y TRATAMIENTO DE PACIENTES AFECTADOS POR METALES PESADOS;2658446;Proyecto de inversión;PROYECTOS PARA EL DESARROLLO LOCAL;;14527153;Salud;Localizada en Tacna;Sí;;Sí;0
6;ANEXO-6-2;170;900;Gobierno regional;460;Gobierno Regional del Departamento de Tacna;Tacna;;;Tacna | Coronel Gregorio Albarracín Lanchipa;APNOP;;3043997 TAMIZAJE Y TRATAMIENTO DE PACIENTES AFECTADOS POR METALES PESADOS;2680337;Proyecto de inversión;MEJORAMIENTO DE LOS SERVICIOS DE ADMINISTRACION DE JUSTICIA EN LOS ORGANOS JURISDICCIONALES DE LA ESPECIALIDAD DE FAMILIA DE LA CORTE SUPERIOR DE JUSTICIA DE TACNA DISTRITO DE CORONEL GREGORIO ALBARRACIN LANCHIPA DE LA PROVINCIA DE TACNA DEL DEPARTAMENTO DE TACNA;;15800000;Salud;Localizada en Tacna;Sí;;Sí;0
6;ANEXO-6-2;170;900;Gobierno regional;460;Gobierno Regional del Departamento de Tacna;Tacna;;;Tacna;APNOP;;3043997 TAMIZAJE Y TRATAMIENTO DE PACIENTES AFECTADOS POR METALES PESADOS;2687310;Proyecto de inversión;"ADQUISICION DE EQUIPO DE CIRUGIA LAPAROSCOPICA, MICROSCOPIO QUIRURGICO, ELECTROBISTURI Y MAQUINA DE ANESTESIA; ADEMAS DE OTROS ACTIVOS EN EL(LA) HOSPITAL HIPOLITO UNANUE DE TACNA DISTRITO DE TACNA, PROVINCIA TACNA, DEPARTAMENTO TACNA";;130000;Salud;Localizada en Tacna;Sí;;Sí;0
6;ANEXO-6-2;170;900;Gobierno regional;460;Gobierno Regional del Departamento de Tacna;Tacna;;;Tacna | Sama;APNOP;;3043997 TAMIZAJE Y TRATAMIENTO DE PACIENTES AFECTADOS POR METALES PESADOS;2696210;Proyecto de inversión;"REPARACION DE AREA DE TAREAS PREVIAS AL DESPACHO; REMODELACION DE AMBIENTE COMPLEMENTARIO; RENOVACION DE SISTEMA DE CADENA DE FRIO; EN EL(LA) DESEMBARCADERO PESQUERO ARTESANAL MORRO SAMA DISTRITO DE SAMA, PROVINCIA TACNA, DEPARTAMENTO TACNA";;5231006;Salud;Localizada en Tacna;Sí;;Sí;0
6;ANEXO-6-2;170;900;Gobierno regional;460;Gobierno Regional del Departamento de Tacna;Tacna;;;Tacna | Tarata;APNOP;;3043997 TAMIZAJE Y TRATAMIENTO DE PACIENTES AFECTADOS POR METALES PESADOS;2698938;Proyecto de inversión;RECUPERACION DEL SERVICIO DE SIEMBRA Y COSECHA DE AGUA EN LA UNIDAD HIDROGRAFICA MAURI EN EL TERRITORIO HIDRICO PRODUCTIVO DE LAS COMUNIDADES CAMPESINAS DE CHILUYO, PAMPAHUYUNI UBICADO EN EL DISTRITO DE TARATA DE LA PROVINCIA DE TARATA DEL DEPARTAMENTO DE TACNA;;100000;Agropecuario y riego;Localizada en Tacna;Sí;;Sí;0
5;ANEXO-5-1-3;44;110;Gobierno nacional;005;M. DEL AMBIENTE;Tacna;;;Tacna | Tarata | Ticaco;Programas presupuestales;;3000649 ENTIDADES QUE IMPLEMENTAN BUENAS PRACTICAS EN GESTION DE RESIDUOS SOLIDOS NO MUNICIPALES;2354347;Proyecto de inversión;RECUPERACION DE LAS POBLACIONES DE LA ESPECIE SURI (RHEA PENNATA) EN LAS REGIONES PUNO, MOQUEGUA Y TACNA, Y EN EL ACR VILACOTA MAURE - DISTRITO DE TICACO - PROVINCIA DE TARATA - REGION TACNA;;6078472;Ambiente;Multidepartamental, incluye Tacna;Sí;;No aplica;
5;ANEXO-5-1-3;44;110;Gobierno nacional;005;M. DEL AMBIENTE;Tacna;;;Tacna;Programas presupuestales;;3000649 ENTIDADES QUE IMPLEMENTAN BUENAS PRACTICAS EN GESTION DE RESIDUOS SOLIDOS NO MUNICIPALES;2523209;Proyecto de inversión;MEJORAMIENTO Y AMPLIACION DEL SERVICIO DE LIMPIEZA PUBLICA EN LAS PROVINCIAS DE AREQUIPA, CORONEL PORTILLO Y TACNA;;4500000;Ambiente;Localizada en Tacna;Sí;;No aplica;
5;ANEXO-5-1-3;44;110;Gobierno nacional;005;M. DEL AMBIENTE;Tacna;;;Tacna | Alto de la Alianza | Ciudad Nueva | Pocollay | Coronel Gregorio Albarracín Lanchipa;Programas presupuestales;;3000649 ENTIDADES QUE IMPLEMENTAN BUENAS PRACTICAS EN GESTION DE RESIDUOS SOLIDOS NO MUNICIPALES;2524728;Proyecto de inversión;MEJORAMIENTO Y AMPLIACION DEL SERVICIO DE LIMPIEZA PUBLICA PARA LAS CIUDADES DE LOS DISTRITOS DE CORONEL GREGORIO ALBARRACIN LANCHIPA, POCOLLAY, CIUDAD NUEVA, ALTO DE LA ALIANZA Y DISTRITO DE TACNA - PROVINCIA DE TACNA - DEPARTAMENTO DE TACNA;;18501744;Ambiente;Localizada en Tacna;Sí;;No aplica;
5;ANEXO-5-1-3;63;129;Gobierno nacional;067;SUPERINTENDENCIA NACIONAL DE LOS REGISTROS PUBLICOS;Tacna;;;Tacna;Programas presupuestales;;3000668 SERVICIOS DE PUBLICIDAD REGISTRAL OTORGADOS;2548844;Proyecto de inversión;"ADQUISICION DE HARDWARE GENERAL, SWITCH, ESTACION DE TRABAJO Y SISTEMA ININTERRUMPIDO DE ENERGIA (UPS); ADEMAS DE OTROS ACTIVOS EN EL(LA) OFICINA REGISTRAL TACNA, SEDE DE LA ZONA REGISTRAL N° XIII SEDE TACNA DISTRITO DE TACNA, PROVINCIA TACNA, DEPARTAMENTO TACNA";;404750;Justicia;Localizada en Tacna;Sí;;No aplica;
5;ANEXO-5-1-3;97;163;Gobierno nacional;010;M. DE EDUCACION;Tacna;;;Tacna;Programas presupuestales;;3000903 ESTUDIANTES DE INICIAL, PRIMARIA Y SECUNDARIA VIVENCIAN EXPERIENCIAS DE APRENDIZAJE PARA EL DESARROLLO DE COMPETENCIAS PARA LA PREVENCION DEL ACOSO ESCOLAR;2331588;Proyecto de inversión;CREACION DEL SERVICIO EDUCATIVO ESPECIALIZADO PARA ALUMNOS DE SEGUNDO GRADO DE SECUNDARIA DE EDUCACION BASICA REGULAR CON ALTO DESEMPEÑO ACADEMICO DE LA REGION TACNA DISTRITO DE TACNA - PROVINCIA DE TACNA - REGION TACNA;;7514296;Educación;Localizada en Tacna;Sí;;No aplica;
5;ANEXO-5-2-3;20;227;Gobierno nacional;531;U.N. Jorge Basadre Grohmann;Tacna;;;;Programas presupuestales;;3000001 ACCIONES COMUNES;5000276;Actividad;GESTION DEL PROGRAMA;;15518306;Planeamiento y gestión administrativa;Localizada en Tacna;Sí;;Sí;0
5;ANEXO-5-2-3;20;227;Gobierno nacional;531;U.N. Jorge Basadre Grohmann;Tacna;;;;Programas presupuestales;;3000001 ACCIONES COMUNES;5003032;Actividad;SEGUIMIENTO Y EVALUACION DEL PROGRAMA;;5000;Educación;Localizada en Tacna;Sí;;Sí;0
5;ANEXO-5-2-3;20;227;Gobierno nacional;531;U.N. Jorge Basadre Grohmann;Tacna;;;;Programas presupuestales;;3000001 ACCIONES COMUNES;5005854;Actividad;ACREDITACION DE CARRERAS PROFESIONALES;;3000;Educación;Localizada en Tacna;Sí;;Sí;0
5;ANEXO-5-2-3;20;227;Gobierno nacional;531;U.N. Jorge Basadre Grohmann;Tacna;;;;Programas presupuestales;;3000001 ACCIONES COMUNES;5005855;Actividad;FORTALECIMIENTO INSTITUCIONAL DE LAS UNIVERSIDADES;;6000;Educación;Localizada en Tacna;Sí;;Sí;0
5;ANEXO-5-2-3;20;227;Gobierno nacional;531;U.N. Jorge Basadre Grohmann;Tacna;;;;Programas presupuestales;;3000784 DOCENTES CON ADECUADAS COMPETENCIAS;5005856;Actividad;SELECCION DOCENTE;;3000;Educación;Localizada en Tacna;Sí;;Sí;0
5;ANEXO-5-2-3;20;227;Gobierno nacional;531;U.N. Jorge Basadre Grohmann;Tacna;;;;Programas presupuestales;;3000784 DOCENTES CON ADECUADAS COMPETENCIAS;5005857;Actividad;EJERCICIO DE LA DOCENCIA UNIVERSITARIA;;44459305;Educación;Localizada en Tacna;Sí;;Sí;0
5;ANEXO-5-2-3;20;227;Gobierno nacional;531;U.N. Jorge Basadre Grohmann;Tacna;;;;Programas presupuestales;;3000784 DOCENTES CON ADECUADAS COMPETENCIAS;5005858;Actividad;EVALUACION DE DOCENTES;;1000;Educación;Localizada en Tacna;Sí;;Sí;0
5;ANEXO-5-2-3;20;227;Gobierno nacional;531;U.N. Jorge Basadre Grohmann;Tacna;;;;Programas presupuestales;;3000784 DOCENTES CON ADECUADAS COMPETENCIAS;5005859;Actividad;CAPACITACION DOCENTE;;69000;Educación;Localizada en Tacna;Sí;;Sí;0
5;ANEXO-5-2-3;20;227;Gobierno nacional;531;U.N. Jorge Basadre Grohmann;Tacna;;;;Programas presupuestales;;3000785 PROGRAMAS CURRICULARES ADECUADOS;5005861;Actividad;FOMENTO DE LA INVESTIGACION FORMATIVA;;8000;Educación;Localizada en Tacna;Sí;;Sí;0
5;ANEXO-5-2-3;20;227;Gobierno nacional;531;U.N. Jorge Basadre Grohmann;Tacna;;;;Programas presupuestales;;3000786 SERVICIOS ADECUADOS DE APOYO AL ESTUDIANTE;5005862;Actividad;APOYO ACADEMICO;;246000;Educación;Localizada en Tacna;Sí;;Sí;0
5;ANEXO-5-2-3;20;227;Gobierno nacional;531;U.N. Jorge Basadre Grohmann;Tacna;;;;Programas presupuestales;;3000786 SERVICIOS ADECUADOS DE APOYO AL ESTUDIANTE;5005863;Actividad;BIENESTAR Y ASISTENCIA SOCIAL;;2636157;Educación;Localizada en Tacna;Sí;;Sí;0
5;ANEXO-5-2-3;20;227;Gobierno nacional;531;U.N. Jorge Basadre Grohmann;Tacna;;;;Programas presupuestales;;3000786 SERVICIOS ADECUADOS DE APOYO AL ESTUDIANTE;5005864;Actividad;SERVICIOS EDUCACIONALES COMPLEMENTARIOS;;934975;Educación;Localizada en Tacna;Sí;;Sí;0
5;ANEXO-5-2-3;20;227;Gobierno nacional;531;U.N. Jorge Basadre Grohmann;Tacna;;;;Programas presupuestales;;3000797 INFRAESTRUCTURA Y EQUIPAMIENTO ADECUADOS;5006047;Actividad;MANTENIMIENTO Y OPERACION DE LA INFRAESTRUCTURA Y EQUIPAMIENTO;;1399664;Educación;Localizada en Tacna;Sí;;Sí;0
5;ANEXO-5-2-3;20;227;Gobierno nacional;531;U.N. Jorge Basadre Grohmann;Tacna;;;Tacna;Programas presupuestales;;3000797 INFRAESTRUCTURA Y EQUIPAMIENTO ADECUADOS;2198664;Proyecto de inversión;MEJORAMIENTO DE LOS SERVICIOS DE LABORATORIO DE LA E.A.P DE CIENCIAS DE LA COMUNICACION DE LA FACULTAD DE EDUCACION, COMUNICACION Y HUMANIDADES DE LA UNJBG DE TACNA;;108658;Educación;Localizada en Tacna;Sí;;Sí;0
5;ANEXO-5-2-3;20;227;Gobierno nacional;531;U.N. Jorge Basadre Grohmann;Tacna;;;Tacna;Programas presupuestales;;3000797 INFRAESTRUCTURA Y EQUIPAMIENTO ADECUADOS;2199268;Proyecto de inversión;MEJORAMIENTO DEL SERVICIO ACADEMICO DE LA EAP. DE INGENIERIA EN INFORMATICA Y SISTEMAS DE LA FACULTAD DE INGENIERIA - UNJBG TACNA;;109283;Educación;Localizada en Tacna;Sí;;Sí;0
5;ANEXO-5-2-3;20;227;Gobierno nacional;531;U.N. Jorge Basadre Grohmann;Tacna;;;Tacna | Jorge Basadre;Programas presupuestales;;3000797 INFRAESTRUCTURA Y EQUIPAMIENTO ADECUADOS;2234255;Proyecto de inversión;MEJORAMIENTO, AMPLIACION DEL SERVICIO EDUCATIVO DE LA ESCUELA ACADEMICO PROFESIONAL DE EDUCACION EN LA FECH DE LA UNIVERSIDAD NACIONAL JORGE BASADRE GROHMANN TACNA;;128386;Educación;Localizada en Tacna;Sí;;Sí;0
5;ANEXO-5-2-3;20;227;Gobierno nacional;531;U.N. Jorge Basadre Grohmann;Tacna;;;Tacna | Jorge Basadre;Programas presupuestales;;3000797 INFRAESTRUCTURA Y EQUIPAMIENTO ADECUADOS;2251242;Proyecto de inversión;MEJORAMIENTO DEL SERVICIO ACADEMICO DE LA EAR DE INGENIERIA CIVIL - FIAG DE LA UNIVERSIDAD NACIONAL JORGE BASADRE GROHMANN DE TACNA;;105815;Educación;Localizada en Tacna;Sí;;Sí;0
5;ANEXO-5-2-3;20;227;Gobierno nacional;531;U.N. Jorge Basadre Grohmann;Tacna;;;Tacna | Jorge Basadre;Programas presupuestales;;3000797 INFRAESTRUCTURA Y EQUIPAMIENTO ADECUADOS;2251262;Proyecto de inversión;MEJORAMIENTO SERVICIO ACADEMICO DEL E.A.P. MEDICINA VETERINARIA Y ZOOTECNIA DE LA FACULTAD DE CIENCIAS AGROPECUARIAS DE LA UNIVERSIDAD NACIONAL JORGE BASADRE GROHMANN - TACNA;;89314;Agropecuario y riego;Localizada en Tacna;Sí;;Sí;0
5;ANEXO-5-2-3;20;227;Gobierno nacional;531;U.N. Jorge Basadre Grohmann;Tacna;;;Tacna;Programas presupuestales;;3000797 INFRAESTRUCTURA Y EQUIPAMIENTO ADECUADOS;2251713;Proyecto de inversión;MEJORAMIENTO, AMPLIACION DEL SERVICIO ACADEMICO DE IA EAP. DE INGENIERIA PESQUERA DE LA FACULTAD DE CIENCIAS AGROPECUARIAS DE LA UNJBG DE TACNA;;59492;Agropecuario y riego;Localizada en Tacna;Sí;;Sí;0
5;ANEXO-5-2-3;20;227;Gobierno nacional;531;U.N. Jorge Basadre Grohmann;Tacna;;;Tacna | Jorge Basadre;Programas presupuestales;;3000797 INFRAESTRUCTURA Y EQUIPAMIENTO ADECUADOS;2291693;Proyecto de inversión;MEJORAMIENTO Y AMPLIACION DEL SERVICIO DE LA ESCUELA PROFESIONAL DE CIENCIAS ADMINISTRATIVAS DE LA FACULTAD DE CIENCIAS JURIDICAS Y EMPRESARIALES DE LA UNIVERSIDAD NACIONAL JORGE BASADRE GROHMANN, DISTRITO TACNA, PROVINCIA TACNA- TACNA.;;20065201;Educación;Localizada en Tacna;Sí;;Sí;0
5;ANEXO-5-2-3;20;227;Gobierno nacional;531;U.N. Jorge Basadre Grohmann;Tacna;;;Tacna | Jorge Basadre;Programas presupuestales;;3000797 INFRAESTRUCTURA Y EQUIPAMIENTO ADECUADOS;2328619;Proyecto de inversión;MEJORAMIENTO, AMPLIACION DEL SERVICIO DEPORTIVO RECREACIONAL DE LA UNIVERSIDAD NACIONAL JORGE BASADRE GROHMANN DE TACNA;;1750000;Educación;Localizada en Tacna;Sí;;Sí;0
5;ANEXO-5-2-3;20;227;Gobierno nacional;531;U.N. Jorge Basadre Grohmann;Tacna;;;Tacna;Programas presupuestales;;3000797 INFRAESTRUCTURA Y EQUIPAMIENTO ADECUADOS;2328944;Proyecto de inversión;CREACION DEL LABORATORIO DE PRACTICAS DE INVESTIGACION DE LA ESCUELA PROFESIONAL DE ODONTOLOGIA DE LA FACULTAD DE CIENCIAS DE LA SALUD DE LA UNJBG- TACNA;;2283279;Educación;Localizada en Tacna;Sí;;Sí;0
5;ANEXO-5-2-3;20;227;Gobierno nacional;531;U.N. Jorge Basadre Grohmann;Tacna;;;;Programas presupuestales;;3000797 INFRAESTRUCTURA Y EQUIPAMIENTO ADECUADOS;2332480;Proyecto de inversión;MEJORAMIENTO DEL SERVICIO ACADEMICO DE LA ESCUELA PROFESIONAL DE INGENIERIA COMERCIAL DE LA FACULTAD DE CIENCIAS JURICAS Y EMPRESARIALES DE LA;;437034;Educación;Localizada en Tacna;Sí;;Sí;0
5;ANEXO-5-2-3;21;228;Gobierno nacional;531;U.N. Jorge Basadre Grohmann;Tacna;;;Tacna | Jorge Basadre;Programas presupuestales;;3000797 INFRAESTRUCTURA Y EQUIPAMIENTO ADECUADOS;2352901;Proyecto de inversión;MEJORAMIENTO DEL SERVICIO ACADEMICO DE LA ESCUELA PROFESIONAL DE AGRONOMIA DE LA FACULTAD DE CIENCIAS AGROPECUARIAS DE LA UNIVERSIDAD NACIONAL JORGE BASADRE GROHMANN DISTRITO DE TACNA, PROVINCIA DE TACNA DE LA REGION TACNA;;243838;Agropecuario y riego;Localizada en Tacna;Sí;;Sí;0
5;ANEXO-5-2-3;21;228;Gobierno nacional;531;U.N. Jorge Basadre Grohmann;Tacna;;;Tacna | Coronel Gregorio Albarracín Lanchipa;Programas presupuestales;;3000797 INFRAESTRUCTURA Y EQUIPAMIENTO ADECUADOS;2352920;Proyecto de inversión;MEJORAMIENTO EN LA PRESTACION DE LOS SERVICIOS DE LA U.I.P LA AGRONOMICA DEL INSTITUTO BASADRE DE INVESTIGACION EN AGROBIOTECNOLOGIA Y RECURSOS GENETICOS DE LA FCAG DE LA UNJBG, DISTRITO DE CORONEL GREGORIO ALBARRACIN LANCHIPA - PROVINCIA DE TACNA - REGION TACNA;;367802;Educación;Localizada en Tacna;Sí;;Sí;0
5;ANEXO-5-2-3;21;228;Gobierno nacional;531;U.N. Jorge Basadre Grohmann;Tacna;;;Tacna | Jorge Basadre;Programas presupuestales;;3000797 INFRAESTRUCTURA Y EQUIPAMIENTO ADECUADOS;2354876;Proyecto de inversión;MEJORAMIENTO EN LA PRESTACION DEL SERVICIO DE LOS CENTROS DE INVESTIGACION Y EXPERIMENTACION AGRARIA DE LA UNIVERSIDAD NACIONAL JORGE BASADRE GROHMANN, CENTRO POBLADO DE TACNA - DISTRITO DE TACNA - PROVINCIA DE TACNA - REGION TACNA;;68771;Agropecuario y riego;Localizada en Tacna;Sí;;Sí;0
5;ANEXO-5-2-3;21;228;Gobierno nacional;531;U.N. Jorge Basadre Grohmann;Tacna;;;Tacna | Jorge Basadre;Programas presupuestales;;3000797 INFRAESTRUCTURA Y EQUIPAMIENTO ADECUADOS;2431759;Proyecto de inversión;MEJORAMIENTO DEL SERVICIO ACADEMICO DE LA ESCUELA PROFESIONAL DE DERECHO Y CIENCIAS POLITICAS DE LA FACULTAD DE CIENCIAS JURIDICAS Y EMPRESARIALES DE LA UNIVERSIDAD NACIONAL JORGE BASADRE GROHMANN DE TACNA. DISTRITO DE TACNA - PROVINCIA DE TACNA - DEPARTAMENTO DE TACNA;;613235;Educación;Localizada en Tacna;Sí;;Sí;0
5;ANEXO-5-2-3;21;228;Gobierno nacional;531;U.N. Jorge Basadre Grohmann;Tacna;;;Tacna | Jorge Basadre;Programas presupuestales;;3000797 INFRAESTRUCTURA Y EQUIPAMIENTO ADECUADOS;2431869;Proyecto de inversión;MEJORAMIENTO DEL SERVICIO ACADEMICO DE LA ESCUELA PROFESIONAL DE INGENIERIA GEOLOGICA - GEOTECNIA DE LA FACULTAD DE INGENIERIA CIVIL, ARQUITECTURA Y GEOTECNIA DE LA UNIVERSIDAD NACIONAL JORGE BASADRE GROHMANN DISTRITO DE TACNA - PROVINCIA DE TACNA - DEPARTAMENTO DE TACNA;;679205;Educación;Localizada en Tacna;Sí;;Sí;0
5;ANEXO-5-2-3;21;228;Gobierno nacional;531;U.N. Jorge Basadre Grohmann;Tacna;;;Tacna | Jorge Basadre;Programas presupuestales;;3000797 INFRAESTRUCTURA Y EQUIPAMIENTO ADECUADOS;2436613;Proyecto de inversión;MEJORAMIENTO DE LOS SERVICIOS DE ENSEÑANZA PRACTICA DE LOS ESTUDIOS ESPECIALIZADOS DE LA FACULTAD DE CIENCIAS DE LA UNIVERSIDAD NACIONAL JORGE BASADRE GROHMANN DE TACNA DISTRITO DE TACNA - PROVINCIA DE TACNA - DEPARTAMENTO DE TACNA;;7299966;Educación;Localizada en Tacna;Sí;;Sí;0
5;ANEXO-5-2-3;21;228;Gobierno nacional;531;U.N. Jorge Basadre Grohmann;Tacna;;;Tacna | Jorge Basadre;Programas presupuestales;;3000797 INFRAESTRUCTURA Y EQUIPAMIENTO ADECUADOS;2437482;Proyecto de inversión;MEJORAMIENTO DEL SERVICIO DE EDUCACION SUPERIOR UNIVERSITARIA DE PREGRADO DE LA ESCUELA PROFESIONAL DE FARMACIA Y BIOQUIMICA DE LA FACULTAD DE CIENCIAS DE LA SALUD DE LA UNIVERSIDAD NACIONAL JORGE BASADRE GROHMANN TACNA DEL DISTRITO DE TACNA - PROVINCIA DE TACNA - DEPARTAMENTO DE TACNA;;864650;Educación;Localizada en Tacna;Sí;;Sí;0
5;ANEXO-5-2-3;21;228;Gobierno nacional;531;U.N. Jorge Basadre Grohmann;Tacna;;;Tacna | Jorge Basadre;Programas presupuestales;;3000797 INFRAESTRUCTURA Y EQUIPAMIENTO ADECUADOS;2437707;Proyecto de inversión;MEJORAMIENTO DEL SERVICIO ACADEMICO DE PREGRADO DE LA ESCUELA PROFESIONAL DE INGENIERIA QUIMICA DE LA FACULTAD DE INGENIERIA DE LA UNIVERSIDAD NACIONAL JORGE BASADRE GROHMANN DE TACNA DEL DISTRITO DE TACNA - PROVINCIA DE TACNA - DEPARTAMENTO DE TACNA;;125905;Educación;Localizada en Tacna;Sí;;Sí;0
5;ANEXO-5-2-3;21;228;Gobierno nacional;531;U.N. Jorge Basadre Grohmann;Tacna;;;Tacna | Jorge Basadre;Programas presupuestales;;3000797 INFRAESTRUCTURA Y EQUIPAMIENTO ADECUADOS;2471231;Proyecto de inversión;"REMODELACION DE LABORATORIO; ADQUISICION DE EQUIPOS DE LABORATORIO, MOBILIARIO Y BIBLIOTECA; EN EL(LA) ESCUELA PROFESIONAL DE MEDICINA HUMANA DE LA FACS DE LA UNIVERSIDAD NACIONAL JORGE BASADRE GROHMANN CIUDAD UNIVERSITARIA S/N DISTRITO DE TACNA, PROVINCIA TACNA, DEPARTAMENTO TACNA";;379907;Educación;Localizada en Tacna;Sí;;Sí;0
5;ANEXO-5-2-3;21;228;Gobierno nacional;531;U.N. Jorge Basadre Grohmann;Tacna;;;Tacna | Coronel Gregorio Albarracín Lanchipa | Jorge Basadre;Programas presupuestales;;3000797 INFRAESTRUCTURA Y EQUIPAMIENTO ADECUADOS;2501316;Proyecto de inversión;CREACION DEL LABORATORIO DE INVESTIGACION E INNOVACION TECNOLOGICA EN AGROBIOTECNOLOGIA VEGETAL DEL IRGAB DE LA ESCUELA PROFESIONAL DE AGRONOMIA DE LA FACULTAD DE CIENCIAS AGROPECUARIAS DE LA UNIVERSIDAD NACIONAL JORGE BASADRE GROHMANN, DISTRITO DE CORONEL GREGORIO ALBARRACIN LANCHIPA - PROVINCIA DE TACNA - DEPARTAMENTO DE TACNA;;554649;Agropecuario y riego;Localizada en Tacna;Sí;;Sí;0
5;ANEXO-5-2-3;21;228;Gobierno nacional;531;U.N. Jorge Basadre Grohmann;Tacna;;;Tacna | Jorge Basadre;Programas presupuestales;;3000797 INFRAESTRUCTURA Y EQUIPAMIENTO ADECUADOS;2579865;Proyecto de inversión;MEJORAMIENTO DEL SERVICIO DE FORMACION DE PREGRADO EN EDUCACION SUPERIOR UNIVERSITARIA EN LA ESCUELA PROFESIONAL DE ARQUITECTURA DE LA FIAG DE LA UNIVERSIDAD NACIONAL JORGE BASADRE GROHMANN DEL DISTRITO DE TACNA DE LA PROVINCIA DE TACNA DEL DEPARTAMENTO DE TACNA;;250000;Educación;Localizada en Tacna;Sí;;Sí;0
5;ANEXO-5-2-3;21;228;Gobierno nacional;531;U.N. Jorge Basadre Grohmann;Tacna;;;Tacna | Jorge Basadre;Programas presupuestales;;3000797 INFRAESTRUCTURA Y EQUIPAMIENTO ADECUADOS;2610075;Proyecto de inversión;MEJORAMIENTO DEL SERVICIO DE FORMACION DE PREGRADO EN EDUCACION SUPERIOR UNIVERSITARIA EN LA ESCUELA PROFESIONAL DE INGENIERIA AMBIENTAL DE LA FCAG DE LA UNIVERSIDAD NACIONAL JORGE BASADRE GROHMANN EN EL DISTRITO DE TACNA DE LA PROVINCIA DE TACNA DEL DEPARTAMENTO DE TACNA;;317750;Educación;Localizada en Tacna;Sí;;Sí;0
5;ANEXO-5-2-3;21;228;Gobierno nacional;531;U.N. Jorge Basadre Grohmann;Tacna;;;Tacna | Jorge Basadre;Programas presupuestales;;3000797 INFRAESTRUCTURA Y EQUIPAMIENTO ADECUADOS;2611363;Proyecto de inversión;MEJORAMIENTO DEL SERVICIO DE FORMACION DE PREGRADO EN EDUCACION SUPERIOR UNIVERSITARIA EN LA ESCUELA PROFESIONAL DE HISTORIA DE LA FECH DE LA UNIVERSIDAD NACIONAL JORGE BASADRE GROHMANN, EN EL DISTRITO DE TACNA DE LA PROVINCIA DE TACNA DEL DEPARTAMENTO DE TACNA;;420498;Educación;Localizada en Tacna;Sí;;Sí;0
5;ANEXO-5-2-3;21;228;Gobierno nacional;531;U.N. Jorge Basadre Grohmann;Tacna;;;Tacna | Jorge Basadre;Programas presupuestales;;3000797 INFRAESTRUCTURA Y EQUIPAMIENTO ADECUADOS;2644242;Proyecto de inversión;"ADQUISICION DE EQUIPAMIENTO DE AMBIENTES DE BIENESTAR UNIVERSITARIO, MOBILIARIO DE AMBIENTES DE BIENESTAR UNIVERSITARIO Y EQUIPO DE OTROS ACTIVOS COMPLEMENTARIOS; EN EL(LA) COMEDOR UNIVERSITARIO DE DBUN DE LA UNIVERSIDAD NACIONAL JORGE BASADRE GROHMANN, DISTRITO DE TACNA, PROVINCIA TACNA, DEPARTAMENTO TACNA";;13410;Educación;Localizada en Tacna;Sí;;Sí;0
5;ANEXO-5-2-3;21;228;Gobierno nacional;531;U.N. Jorge Basadre Grohmann;Tacna;;;Tacna | Jorge Basadre;Programas presupuestales;;3000797 INFRAESTRUCTURA Y EQUIPAMIENTO ADECUADOS;2655031;Proyecto de inversión;"ADQUISICION DE EQUIPAMIENTO DE LABORATORIO; EN EL(LA) ESCUELA PROFESIONAL DE ODONTOLOGIA DE LA FACS, DE LA UNIVERSIDAD NACIONAL JORGE BASADRE GROHMANN, DISTRITO DE TACNA, PROVINCIA TACNA, DEPARTAMENTO TACNA";;31220;Educación;Localizada en Tacna;Sí;;Sí;0
5;ANEXO-5-2-3;21;228;Gobierno nacional;531;U.N. Jorge Basadre Grohmann;Tacna;;;Tacna | Jorge Basadre;Programas presupuestales;;3000797 INFRAESTRUCTURA Y EQUIPAMIENTO ADECUADOS;2698491;Proyecto de inversión;MEJORAMIENTO DEL SERVICIO DE FORMACION DE PREGRADO EN EDUCACION SUPERIOR UNIVERSITARIA EN ESCUELA PROFESIONAL DE INGENIERIA DE MINAS DE LA FAIN DE LA UNIVERSIDAD NACIONAL JORGE BASADRE GROHMANN DEL DISTRITO DE TACNA DE LA PROVINCIA DE TACNA DEL DEPARTAMENTO DE TACNA;;2212238;Educación;Localizada en Tacna;Sí;;Sí;0
5;ANEXO-5-2-3;21;228;Gobierno nacional;531;U.N. Jorge Basadre Grohmann;Tacna;;;;Acciones centrales;;3000797 INFRAESTRUCTURA Y EQUIPAMIENTO ADECUADOS;5000001;Actividad;PLANEAMIENTO Y PRESUPUESTO;;907110;Planeamiento y gestión administrativa;Localizada en Tacna;Sí;;Sí;0
5;ANEXO-5-2-3;22;229;Gobierno nacional;531;U.N. Jorge Basadre Grohmann;Tacna;;;;Acciones centrales;;3000797 INFRAESTRUCTURA Y EQUIPAMIENTO ADECUADOS;5000002;Actividad;CONDUCCION Y ORIENTACION SUPERIOR;;3172303;Planeamiento y gestión administrativa;Localizada en Tacna;Sí;;Sí;0
5;ANEXO-5-2-3;22;229;Gobierno nacional;531;U.N. Jorge Basadre Grohmann;Tacna;;;;Acciones centrales;;3000797 INFRAESTRUCTURA Y EQUIPAMIENTO ADECUADOS;5000003;Actividad;GESTION ADMINISTRATIVA;;13062622;Planeamiento y gestión administrativa;Localizada en Tacna;Sí;;Sí;0
5;ANEXO-5-2-3;22;229;Gobierno nacional;531;U.N. Jorge Basadre Grohmann;Tacna;;;;Acciones centrales;;3000797 INFRAESTRUCTURA Y EQUIPAMIENTO ADECUADOS;5000004;Actividad;ASESORAMIENTO TECNICO Y JURIDICO;;171836;Planeamiento y gestión administrativa;Localizada en Tacna;Sí;;Sí;0
5;ANEXO-5-2-3;22;229;Gobierno nacional;531;U.N. Jorge Basadre Grohmann;Tacna;;;;Acciones centrales;;3000797 INFRAESTRUCTURA Y EQUIPAMIENTO ADECUADOS;5000005;Actividad;GESTION DE RECURSOS HUMANOS;;12167577;Planeamiento y gestión administrativa;Localizada en Tacna;Sí;;Sí;0
5;ANEXO-5-2-3;22;229;Gobierno nacional;531;U.N. Jorge Basadre Grohmann;Tacna;;;;Acciones centrales;;3000797 INFRAESTRUCTURA Y EQUIPAMIENTO ADECUADOS;5000006;Actividad;ACCIONES DE CONTROL Y AUDITORIA;;78453;Planeamiento y gestión administrativa;Localizada en Tacna;Sí;;Sí;0
5;ANEXO-5-2-3;22;229;Gobierno nacional;531;U.N. Jorge Basadre Grohmann;Tacna;;;;APNOP;;3000797 INFRAESTRUCTURA Y EQUIPAMIENTO ADECUADOS;5000670;Actividad;DESARROLLO DE LA ENSEÑANZA DE POST-GRADO;;3799240;Educación;Localizada en Tacna;Sí;;Sí;0
5;ANEXO-5-2-3;22;229;Gobierno nacional;531;U.N. Jorge Basadre Grohmann;Tacna;;;;APNOP;;3000797 INFRAESTRUCTURA Y EQUIPAMIENTO ADECUADOS;5000894;Actividad;INVESTIGACION CIENTIFICA Y DESARROLLO TECNOLOGICO;;2066823;Educación;Localizada en Tacna;Sí;;Sí;0
5;ANEXO-5-2-3;22;229;Gobierno nacional;531;U.N. Jorge Basadre Grohmann;Tacna;;;;APNOP;;3000797 INFRAESTRUCTURA Y EQUIPAMIENTO ADECUADOS;5000915;Actividad;INVESTIGACION Y DESARROLLO TECNOLOGICO;;14970191;Educación;Localizada en Tacna;Sí;;Sí;0
5;ANEXO-5-2-3;22;229;Gobierno nacional;531;U.N. Jorge Basadre Grohmann;Tacna;;;;APNOP;;3000797 INFRAESTRUCTURA Y EQUIPAMIENTO ADECUADOS;5000991;Actividad;OBLIGACIONES PREVISIONALES;;4538400;Previsión social;Localizada en Tacna;Sí;;Sí;0
5;ANEXO-5-2-3;22;229;Gobierno nacional;531;U.N. Jorge Basadre Grohmann;Tacna;;;;APNOP;;3000797 INFRAESTRUCTURA Y EQUIPAMIENTO ADECUADOS;5001090;Actividad;PROMOCION E INCENTIVO DE LAS ACTIVIDADES ARTISTICAS Y CULTURALES;;262238;Cultura y deporte;Localizada en Tacna;Sí;;Sí;0
5;ANEXO-5-2-3;22;229;Gobierno nacional;531;U.N. Jorge Basadre Grohmann;Tacna;;;;APNOP;;3000797 INFRAESTRUCTURA Y EQUIPAMIENTO ADECUADOS;5001125;Actividad;PROYECCION SOCIAL Y EXTENSION UNIVERSITARIA;;271657;Educación;Localizada en Tacna;Sí;;Sí;0
5;ANEXO-5-2-3;22;229;Gobierno nacional;531;U.N. Jorge Basadre Grohmann;Tacna;;;;APNOP;;3000797 INFRAESTRUCTURA Y EQUIPAMIENTO ADECUADOS;5001276;Actividad;UNIDADES DE ENSEÑANZA Y PRODUCCION;;7394070;Educación;Localizada en Tacna;Sí;;Sí;0
5;ANEXO-5-2-3;22;229;Gobierno nacional;531;U.N. Jorge Basadre Grohmann;Tacna;;;Tacna | Jorge Basadre;APNOP;;3000797 INFRAESTRUCTURA Y EQUIPAMIENTO ADECUADOS;2431776;Proyecto de inversión;"CONSTRUCCION DE COBERTURA; EN EL(LA) UNIVERSIDAD NACIONAL JORGE BASADRE GROHMANN, DISTRITO DE TACNA, PROVINCIA TACNA, DEPARTAMENTO TACNA";;20469;Educación;Localizada en Tacna;Sí;;Sí;0
5;ANEXO-5-2-3;22;229;Gobierno nacional;531;U.N. Jorge Basadre Grohmann;Tacna;;;Tacna | Jorge Basadre;APNOP;;3000797 INFRAESTRUCTURA Y EQUIPAMIENTO ADECUADOS;2569622;Proyecto de inversión;MEJORAMIENTO DEL SERVICIO DE GESTION INSTITUCIONAL EN EDUCACION SUPERIOR UNIVERSITARIA DE LA ADMINISTRACION CENTRAL DEL REDO, VIAC, VIIN Y DIGA DE LA UNIVERSIDAD NACIONAL JORGE BASADRE GROHMANN EN TACNA, EN EL DISTRITO DE TACNA - PROVINCIA DE TACNA- DEPARTAMENTO DE TACNA;;8948290;Educación;Localizada en Tacna;Sí;;Sí;0
5;ANEXO-5-2-3;22;229;Gobierno nacional;531;U.N. Jorge Basadre Grohmann;Tacna;;;Tacna | Jorge Basadre;APNOP;;3000797 INFRAESTRUCTURA Y EQUIPAMIENTO ADECUADOS;2613642;Proyecto de inversión;"CONSTRUCCION DE CERCO Y/0 PORTADA; EN EL(LA) SISTEMA DE SEGURIDAD Y VIGILANCIA EN EL LOCAL CENTRAL DE LA ESCUELA DE POSGRADO (SL02) DE LA UNIVERSIDAD NACIONAL JORGE BASADRE GROHMANN, DISTRITO DE TACNA, PROVINCIA TACNA, DEPARTAMENTO TACNA";;117267;Educación;Localizada en Tacna;Sí;;Sí;0
5;ANEXO-5-2-3;22;229;Gobierno nacional;531;U.N. Jorge Basadre Grohmann;Tacna;;;Tacna | Jorge Basadre;APNOP;;3000797 INFRAESTRUCTURA Y EQUIPAMIENTO ADECUADOS;2678192;Proyecto de inversión;"CONSTRUCCION DE VEREDA, ZONA DE ESTACIONAMIENTO, AREA VERDE Y MOBILIARIO URBANO; EN EL(LA) VIA (GARITA MIRAFLORES - COMEDOR) EN EL CAMPUS LOS GRANADOS (SL01) DE LA UNIVERSIDAD NACIONAL JORGE BASADRE GROHMANN DISTRITO DE TACNA, PROVINCIA TACNA, DEPARTAMENTO TACNA";;28344;Educación;Localizada en Tacna;Sí;;Sí;0
5;ANEXO-5-2-3;121;325;Gobierno nacional;011;M. DE SALUD;Tacna;;;Tacna;APNOP;;3043997 TAMIZAJE Y TRATAMIENTO DE PACIENTES AFECTADOS POR METALES PESADOS;2509436;Proyecto de inversión;"ADQUISICION DE TELEVISOR (TELEMEDICINA), COMPUTADORA (TELEMEDICINA), IMPRESORA MULTIFUNCIONAL (TELEMEDICINA) Y SISTEMA DE VIDEOCONFERENCIA; ADEMAS DE OTROS ACTIVOS EN ONCE ESTABLECIMIENTOS DE SALUD 1.4, ESTABLECIMIENTOS DE SALUD 1.2, ESTABLECIMIENTOS DE SALUD 1.3 DISTRITO DE TACNA, PROVINCIA TACNA, DEPARTAMENTO TACNA";;97328;Salud;Localizada en Tacna;Sí;;No aplica;
5;ANEXO-5-2-3;122;329;Gobierno nacional;011;M. DE SALUD;Tacna;;;Tacna;APNOP;;3043997 TAMIZAJE Y TRATAMIENTO DE PACIENTES AFECTADOS POR METALES PESADOS;2509440;Proyecto de inversión;"ADQUISICION DE TELEVISOR (TELEMEDICINA), COMPUTADORA (TELEMEDICINA), IMPRESORA MULTIFUNCIONAL (TELEMEDICINA) Y SISTEMA DE VIDEOCONFERENCIA; ADEMAS DE OTROS ACTIVOS EN DOCE ESTABLECIMIENTOS DE SALUD 1.4, ESTABLECIMIENTOS DE SALUD 1.2, ESTABLECIMIENTOS DE SALUD 1.3 DISTRITO DE TACNA, PROVINCIA TACNA, DEPARTAMENTO TACNA";;106177;Salud;Localizada en Tacna;Sí;;No aplica;
5;ANEXO-5-3-3;12;360;Gobierno nacional;013;MINISTERIO DE DESARROLLO AGRARIO Y RIEGO;Tacna;;;Tacna | Candarave | Cairani;Programas presupuestales;;3000825 PRODUCTORES AGROPECUARIOS MEJORAN SUS CAPACIDADES COMERCIALES GESTIONANDO EMPRESARIALMENTE HACIA EL MERCADO;2557418;Proyecto de inversión;MEJORAMIENTO DEL SERVICIO DE PROVISION DE AGUA PARA RIEGO EN EL SISTEMA DE RIEGO PARCELARIO DEL GRUPO DE GESTION EMPRESARIAL ACHAHUECO DISTRITO DE CAIRANI DE LA PROVINCIA DE CANDARAVE DEL DEPARTAMENTO DE TACNA;;883542;Agropecuario y riego;Localizada en Tacna;Sí;;No aplica;
5;ANEXO-5-3-3;23;371;Gobierno nacional;163;INSTITUTO NACIONAL DE INNOVACION AGRARIA;Tacna;;;Tacna;Programas presupuestales;;3000742 FACILIDADES Y DESARROLLO DE LA INVESTIGACION, INNOVACION Y TRANSFERENCIA TECNOLOGICA;2491159;Proyecto de inversión;MEJORAMIENTO DE LOS SERVICIOS DE INVESTIGACION Y TRANSFERENCIA DE TECNOLOGIA EN GANADERIA ALTO ANDINA EN 33 DISTRITOS DE LOS DEPARTAMENTOS DE APURIMAC, AREQUIPA, AYACUCHO, CUSCO, HUANCAVELICA, JUNIN, MOQUEGUA, PASCO, PUNO Y TACNA. DISTRITO DE TODOS - PROVINCIA DE TODOS - DEPARTAMENTO DE MUL.DEP-;;18000000;Agropecuario y riego;Multidepartamental, incluye Tacna;Sí;;No aplica;
5;ANEXO-5-3-3;30;378;Gobierno nacional;016;M. DE ENERGIA Y MINAS;Tacna;;;Tacna | Pachía;Programas presupuestales;;3000824 PERSONAS Y FUNCIONARIOS INFORMADOS SOBRE LA GESTION DE LOS PASIVOS AMBIENTALES MINEROS;2140502;Proyecto de inversión;INSTALACION DEL SISTEMA DE ELECTRIFICACION RURAL (LINEA PRIMARIA, RED PRIMARIA Y RED SECUNDARIA) EN LA COMUNIDAD CAMPESINA DE HIGUERANI, DISTRITO DE PACHIA - TACNA - TACNA;;76360;Energía;Localizada en Tacna;Sí;;No aplica;
5;ANEXO-5-3-3;35;383;Gobierno nacional;016;M. DE ENERGIA Y MINAS;Tacna;;;Tacna;Programas presupuestales;;3000824 PERSONAS Y FUNCIONARIOS INFORMADOS SOBRE LA GESTION DE LOS PASIVOS AMBIENTALES MINEROS;2661598;Proyecto de inversión;CREACION DEL SERVICIO DE SUMINISTRO ELECTRICO DOMICILIARIO EN ZONAS RURALES EN 23 UNIDADES PRODUCTORAS 23 DISTRITOS DE 4 PROVINCIAS DEL DEPARTAMENTO DE TACNA;;4950000;Energía;Localizada en Tacna;Sí;;No aplica;
5;ANEXO-5-3-3;46;394;Gobierno nacional;022;MINISTERIO PUBLICO;Tacna;;;Tacna;Programas presupuestales;;3000902 MUJERES VICTIMAS CON MEDIDAS DE PROTECCION EFECTIVAS;2480972;Proyecto de inversión;MEJORAMIENTO DE LOS SERVICIOS DE EXAMENES AUXILIARES DE LOS LABORATORIOS DE BIOLOGIA, PATOLOGIA Y TOXICOLOGIA DE LAS UNIDADES MEDICO LEGALES II DE LORETO, LA LIBERTAD, LIMA(CAÑETE), TACNA Y LAS UNIDADES MEDICO LEGALES III DE LAMBAYEQUE Y AREQUIPA DEL INSTITUTO DE MEDICINA LEGAL Y CIENCIAS FORENSES DEL MINISTERIO PUBLICO 6 DEPARTAMENTOS;;16672438;Salud;Multidepartamental, incluye Tacna;Sí;;No aplica;
5;ANEXO-5-3-3;74;422;Gobierno nacional;036;MINISTERIO DE TRANSPORTES Y COMUNICACIONES;Tacna;;;Tacna;Programas presupuestales;;3000925 CENTROS POBLADOS CON SERVICIOS PUBLICOS DE TELECOMUNICACIONES CON FINANCIAMIENTO NO REEMBOLSABLE MEDIANTE CONCURSO EN ZONAS FOCALIZADAS;2015918;Proyecto de inversión;INTEGRACION VIAL TACNA - LA PAZ;;4560000;Transporte;Localizada en Tacna;Sí;;No aplica;
5;ANEXO-5-3-3;74;422;Gobierno nacional;036;MINISTERIO DE TRANSPORTES Y COMUNICACIONES;Tacna;;;Tacna;Programas presupuestales;;3000925 CENTROS POBLADOS CON SERVICIOS PUBLICOS DE TELECOMUNICACIONES CON FINANCIAMIENTO NO REEMBOLSABLE MEDIANTE CONCURSO EN ZONAS FOCALIZADAS;2058733;Proyecto de inversión;CONSTRUCCION Y MEJORAMIENTO CARRETERA CAMANA - DV.QUILCA - MATARANI - ILO - TACNA;;500000;Transporte;Localizada en Tacna;Sí;;No aplica;
5;ANEXO-5-3-3;76;424;Gobierno nacional;036;MINISTERIO DE TRANSPORTES Y COMUNICACIONES;Tacna;;;Tacna;Programas presupuestales;;3000925 CENTROS POBLADOS CON SERVICIOS PUBLICOS DE TELECOMUNICACIONES CON FINANCIAMIENTO NO REEMBOLSABLE MEDIANTE CONCURSO EN ZONAS FOCALIZADAS;2258787;Proyecto de inversión;INSTALACION DE BANDA ANCHA PARA LA CONECTIVIDAD INTEGRAL Y DESARROLLO SOCIAL DE LA REGION TACNA;;608900;Comunicaciones;Localizada en Tacna;Sí;;No aplica;
5;ANEXO-5-3-3;76;424;Gobierno nacional;036;MINISTERIO DE TRANSPORTES Y COMUNICACIONES;Tacna;;;Tacna | Tarata;Programas presupuestales;;3000925 CENTROS POBLADOS CON SERVICIOS PUBLICOS DE TELECOMUNICACIONES CON FINANCIAMIENTO NO REEMBOLSABLE MEDIANTE CONCURSO EN ZONAS FOCALIZADAS;2283964;Proyecto de inversión;REEMPLAZO DE 16 PUENTES UBICADOS EN LOS CORREDORES VIALES NACIONALES RUTA: 1S: TRAMO ICA - DV. QUILCA - REPARTICION, RUTA 1SD: TRAMO LOS CERILLOS - ISLAY - MOLLENDO - ILO - EL POZO, RUTA PE 38: TRAMO TACNA - TARATA;;1568044;Transporte;Localizada en Tacna;Sí;;No aplica;
5;ANEXO-5-3-3;80;428;Gobierno nacional;036;MINISTERIO DE TRANSPORTES Y COMUNICACIONES;Tacna;;;Tacna | Sama | La Yarada Los Palos;Programas presupuestales;;3000925 CENTROS POBLADOS CON SERVICIOS PUBLICOS DE TELECOMUNICACIONES CON FINANCIAMIENTO NO REEMBOLSABLE MEDIANTE CONCURSO EN ZONAS FOCALIZADAS;2473163;Proyecto de inversión;MEJORAMIENTO DE LA CARRETERA BOCA DEL RIO - TACNA EN LOS DISTRITOS DE TACNA, SAMA Y LA YARADA LOS PALOS DE LA PROVINCIA DE TACNA - DEPARTAMENTO DE TACNA;;77600000;Transporte;Localizada en Tacna;Sí;;No aplica;
5;ANEXO-5-3-3;81;429;Gobierno nacional;036;MINISTERIO DE TRANSPORTES Y COMUNICACIONES;Tacna;;;Tacna | Sama | Cairani | Huanuara | Chucatamani;Programas presupuestales;;3000925 CENTROS POBLADOS CON SERVICIOS PUBLICOS DE TELECOMUNICACIONES CON FINANCIAMIENTO NO REEMBOLSABLE MEDIANTE CONCURSO EN ZONAS FOCALIZADAS;2527998;Proyecto de inversión;"MEJORAMIENTO DE LA CARRETERA EMP PE-38 (DV. MAMUTA)-EMP PE- 40 A, EMP PE-40A-EMP PE.40 (ANCOCHULPO TRIPARTITO); EMP PE.1S DV. SAMA GRANDE)-EMP PE-38 (DV. CHUCATAMANI); EMP TA-529 (HUANUARA) - EMP TA -515; EMP. TA- 511-EMP TA -524 (CAIRANI); EMP TA-529 (ANCOCALA) - DV ANCOCALA; EMP. TA-517-EMP TA-518 (YARABAMBA); EMP TA-530 - EMP. TA-104; EMP. TA-544 (CAICO) - EMP. PE-36A; EMP. TA-105 (PAMPUYO) - EMP. TA-103, POR NIVELES DE SERVICIOS; DISTRITO DE SAMA - PROVINCIA DE TACNA - DEPARTAMENTO DE TACNA";;43998321;Transporte;Localizada en Tacna;Sí;;No aplica;
5;ANEXO-5-3-3;92;440;Gobierno nacional;037;MINISTERIO DE VIVIENDA, CONSTRUCCION Y SANEAMIENTO;Tacna;;;Tacna | Calana;Programas presupuestales;;3000882 HOGARES RURALES CONCENTRADOS CON SERVICIOS DE AGUA POTABLE Y DISPOSICION SANITARIA DE EXCRETAS DE CALIDAD Y SOSTENIBLES;2167692;Proyecto de inversión;CONSTRUCCION Y EQUIPAMIENTO DE UNA NUEVA PLANTA DE TRATAMIENTO DE AGUA POTABLE DE GALANA, DISTRITO DE GALANA PROVINCIA DE TACNA, REGION TACNA;;947662;Saneamiento;Localizada en Tacna;Sí;;No aplica;
5;ANEXO-5-3-3;112;460;Gobierno nacional;037;MINISTERIO DE VIVIENDA, CONSTRUCCION Y SANEAMIENTO;Tacna;;;Tacna | La Yarada Los Palos;Programas presupuestales;;3000882 HOGARES RURALES CONCENTRADOS CON SERVICIOS DE AGUA POTABLE Y DISPOSICION SANITARIA DE EXCRETAS DE CALIDAD Y SOSTENIBLES;2337555;Proyecto de inversión;INSTALACION DEL SISTEMA DE AGUA POTABLE Y SANEAMIENTO EN EL CENTRO POBLADO NUEVO COPARE, DISTRITO DE LA YARADA LOS PALOS, PROVINCIA DE TACNA - TACNA;;250000;Saneamiento;Localizada en Tacna;Sí;;No aplica;
5;ANEXO-5-3-3;132;480;Gobierno nacional;243;AUTORIDAD NACIONAL DE SANIDAD E INOCUIDAD EN PESCA Y ACUICULTURA - SANIPES;Tacna;;;Tacna;APNOP;;3000543 AGENTES DE LA PESCA ARTESANAL ACCEDEN A ASISTENCIA TECNICA EN BUENAS PRACTICAS PESQUERAS;2304832;Proyecto de inversión;MEJORAMIENTO Y AMPLIACION DE LOS SERVICIOS DE VIGILANCIA, CONTROL SANITARIO Y DE INOCUIDAD PARA PRODUCTOS DE LA PESCA, ACUICULTURA Y PIENSOS DISTRITO DE TACNA - PROVINCIA DE TACNA - REGION TACNA;;4709423;Salud;Localizada en Tacna;Sí;;No aplica;
7;ANEXO-7-2-2;253;1485;Gobierno local;230101;MUNICIPALIDAD PROVINCIAL DE TACNA;Tacna;Tacna;Tacna;Tacna;;;;2.1;Genérica del gasto;Personal y obligaciones sociales;Recursos directamente recaudados;18745713;No sectorizable (gasto por genérica);Localizada en Tacna;Sí;;Sí;0
7;ANEXO-7-2-2;253;1485;Gobierno local;230101;MUNICIPALIDAD PROVINCIAL DE TACNA;Tacna;Tacna;Tacna;Tacna;;;;2.1;Genérica del gasto;Personal y obligaciones sociales;Recursos determinados;59171546;No sectorizable (gasto por genérica);Localizada en Tacna;Sí;;Sí;0
7;ANEXO-7-2-2;253;1485;Gobierno local;230101;MUNICIPALIDAD PROVINCIAL DE TACNA;Tacna;Tacna;Tacna;Tacna;;;;2.2;Genérica del gasto;Pensiones y otras prestaciones sociales;Recursos ordinarios;6240721;Previsión social;Localizada en Tacna;Sí;;Sí;0
7;ANEXO-7-2-2;253;1485;Gobierno local;230101;MUNICIPALIDAD PROVINCIAL DE TACNA;Tacna;Tacna;Tacna;Tacna;;;;2.2;Genérica del gasto;Pensiones y otras prestaciones sociales;Recursos directamente recaudados;270261;Previsión social;Localizada en Tacna;Sí;;Sí;0
7;ANEXO-7-2-2;253;1485;Gobierno local;230101;MUNICIPALIDAD PROVINCIAL DE TACNA;Tacna;Tacna;Tacna;Tacna;;;;2.2;Genérica del gasto;Pensiones y otras prestaciones sociales;Recursos determinados;1978784;Previsión social;Localizada en Tacna;Sí;;Sí;0
7;ANEXO-7-2-2;253;1485;Gobierno local;230101;MUNICIPALIDAD PROVINCIAL DE TACNA;Tacna;Tacna;Tacna;Tacna;;;;2.3;Genérica del gasto;Bienes y servicios;Recursos ordinarios;316360;No sectorizable (gasto por genérica);Localizada en Tacna;Sí;;Sí;0
7;ANEXO-7-2-2;253;1485;Gobierno local;230101;MUNICIPALIDAD PROVINCIAL DE TACNA;Tacna;Tacna;Tacna;Tacna;;;;2.3;Genérica del gasto;Bienes y servicios;Recursos directamente recaudados;44295677;No sectorizable (gasto por genérica);Localizada en Tacna;Sí;;Sí;0
7;ANEXO-7-2-2;253;1485;Gobierno local;230101;MUNICIPALIDAD PROVINCIAL DE TACNA;Tacna;Tacna;Tacna;Tacna;;;;2.3;Genérica del gasto;Bienes y servicios;Donaciones y transferencias;576648;No sectorizable (gasto por genérica);Localizada en Tacna;Sí;;Sí;0
7;ANEXO-7-2-2;253;1485;Gobierno local;230101;MUNICIPALIDAD PROVINCIAL DE TACNA;Tacna;Tacna;Tacna;Tacna;;;;2.3;Genérica del gasto;Bienes y servicios;Recursos determinados;32823946;No sectorizable (gasto por genérica);Localizada en Tacna;Sí;;Sí;0
7;ANEXO-7-2-2;253;1485;Gobierno local;230101;MUNICIPALIDAD PROVINCIAL DE TACNA;Tacna;Tacna;Tacna;Tacna;;;;2.4;Genérica del gasto;Donaciones y transferencias;Recursos ordinarios;877517;No sectorizable (gasto por genérica);Localizada en Tacna;Sí;;Sí;0
7;ANEXO-7-2-2;253;1485;Gobierno local;230101;MUNICIPALIDAD PROVINCIAL DE TACNA;Tacna;Tacna;Tacna;Tacna;;;;2.4;Genérica del gasto;Donaciones y transferencias;Recursos directamente recaudados;349673;No sectorizable (gasto por genérica);Localizada en Tacna;Sí;;Sí;0
7;ANEXO-7-2-2;253;1485;Gobierno local;230101;MUNICIPALIDAD PROVINCIAL DE TACNA;Tacna;Tacna;Tacna;Tacna;;;;2.4;Genérica del gasto;Donaciones y transferencias;Recursos determinados;198000;No sectorizable (gasto por genérica);Localizada en Tacna;Sí;;Sí;0
7;ANEXO-7-2-2;253;1485;Gobierno local;230101;MUNICIPALIDAD PROVINCIAL DE TACNA;Tacna;Tacna;Tacna;Tacna;;;;2.5;Genérica del gasto;Otros gastos;Recursos ordinarios;230844;No sectorizable (gasto por genérica);Localizada en Tacna;Sí;;Sí;0
7;ANEXO-7-2-2;253;1485;Gobierno local;230101;MUNICIPALIDAD PROVINCIAL DE TACNA;Tacna;Tacna;Tacna;Tacna;;;;2.6;Genérica del gasto;Adquisición de activos no financieros;Recursos directamente recaudados;673340;No sectorizable (gasto por genérica);Localizada en Tacna;Sí;;Sí;0
7;ANEXO-7-2-2;253;1485;Gobierno local;230101;MUNICIPALIDAD PROVINCIAL DE TACNA;Tacna;Tacna;Tacna;Tacna;;;;2.6;Genérica del gasto;Adquisición de activos no financieros;Recursos determinados;77097276;No sectorizable (gasto por genérica);Localizada en Tacna;Sí;;Sí;0
7;ANEXO-7-2-2;253;1485;Gobierno local;230102;MUNICIPALIDAD DISTRITAL DE ALTO DE LA ALIANZA;Tacna;Tacna;Alto de la Alianza;Alto de la Alianza;;;;2.1;Genérica del gasto;Personal y obligaciones sociales;Recursos directamente recaudados;1653985;No sectorizable (gasto por genérica);Localizada en Tacna;Sí;;Sí;0
7;ANEXO-7-2-2;253;1485;Gobierno local;230102;MUNICIPALIDAD DISTRITAL DE ALTO DE LA ALIANZA;Tacna;Tacna;Alto de la Alianza;Alto de la Alianza;;;;2.1;Genérica del gasto;Personal y obligaciones sociales;Recursos determinados;6667647;No sectorizable (gasto por genérica);Localizada en Tacna;Sí;;Sí;0
7;ANEXO-7-2-2;253;1485;Gobierno local;230102;MUNICIPALIDAD DISTRITAL DE ALTO DE LA ALIANZA;Tacna;Tacna;Alto de la Alianza;Alto de la Alianza;;;;2.2;Genérica del gasto;Pensiones y otras prestaciones sociales;Recursos ordinarios;323295;Previsión social;Localizada en Tacna;Sí;;Sí;0
7;ANEXO-7-2-2;253;1485;Gobierno local;230102;MUNICIPALIDAD DISTRITAL DE ALTO DE LA ALIANZA;Tacna;Tacna;Alto de la Alianza;Alto de la Alianza;;;;2.2;Genérica del gasto;Pensiones y otras prestaciones sociales;Recursos directamente recaudados;14000;Previsión social;Localizada en Tacna;Sí;;Sí;0
7;ANEXO-7-2-2;253;1485;Gobierno local;230102;MUNICIPALIDAD DISTRITAL DE ALTO DE LA ALIANZA;Tacna;Tacna;Alto de la Alianza;Alto de la Alianza;;;;2.3;Genérica del gasto;Bienes y servicios;Recursos ordinarios;43804;No sectorizable (gasto por genérica);Localizada en Tacna;Sí;;Sí;0
7;ANEXO-7-2-2;253;1485;Gobierno local;230102;MUNICIPALIDAD DISTRITAL DE ALTO DE LA ALIANZA;Tacna;Tacna;Alto de la Alianza;Alto de la Alianza;;;;2.3;Genérica del gasto;Bienes y servicios;Recursos directamente recaudados;5030839;No sectorizable (gasto por genérica);Localizada en Tacna;Sí;;Sí;0
7;ANEXO-7-2-2;253;1485;Gobierno local;230102;MUNICIPALIDAD DISTRITAL DE ALTO DE LA ALIANZA;Tacna;Tacna;Alto de la Alianza;Alto de la Alianza;;;;2.3;Genérica del gasto;Bienes y servicios;Recursos determinados;10162130;No sectorizable (gasto por genérica);Localizada en Tacna;Sí;;Sí;0
7;ANEXO-7-2-2;253;1485;Gobierno local;230102;MUNICIPALIDAD DISTRITAL DE ALTO DE LA ALIANZA;Tacna;Tacna;Alto de la Alianza;Alto de la Alianza;;;;2.5;Genérica del gasto;Otros gastos;Recursos directamente recaudados;250600;No sectorizable (gasto por genérica);Localizada en Tacna;Sí;;Sí;0
7;ANEXO-7-2-2;254;1486;Gobierno local;230102;MUNICIPALIDAD DISTRITAL DE ALTO DE LA ALIANZA;Tacna;Tacna;Alto de la Alianza;Alto de la Alianza;;;;2.6;Genérica del gasto;Adquisición de activos no financieros;Recursos directamente recaudados;3015200;No sectorizable (gasto por genérica);Localizada en Tacna;Sí;;Sí;0
7;ANEXO-7-2-2;254;1486;Gobierno local;230102;MUNICIPALIDAD DISTRITAL DE ALTO DE LA ALIANZA;Tacna;Tacna;Alto de la Alianza;Alto de la Alianza;;;;2.6;Genérica del gasto;Adquisición de activos no financieros;Recursos determinados;35754065;No sectorizable (gasto por genérica);Localizada en Tacna;Sí;;Sí;0
7;ANEXO-7-2-2;254;1486;Gobierno local;230103;MUNICIPALIDAD DISTRITAL DE CALANA;Tacna;Tacna;Calana;Calana;;;;2.1;Genérica del gasto;Personal y obligaciones sociales;Recursos directamente recaudados;447533;No sectorizable (gasto por genérica);Localizada en Tacna;Sí;;Sí;0
7;ANEXO-7-2-2;254;1486;Gobierno local;230103;MUNICIPALIDAD DISTRITAL DE CALANA;Tacna;Tacna;Calana;Calana;;;;2.1;Genérica del gasto;Personal y obligaciones sociales;Recursos determinados;1242201;No sectorizable (gasto por genérica);Localizada en Tacna;Sí;;Sí;0
7;ANEXO-7-2-2;254;1486;Gobierno local;230103;MUNICIPALIDAD DISTRITAL DE CALANA;Tacna;Tacna;Calana;Calana;;;;2.2;Genérica del gasto;Pensiones y otras prestaciones sociales;Recursos ordinarios;30027;Previsión social;Localizada en Tacna;Sí;;Sí;0
7;ANEXO-7-2-2;254;1486;Gobierno local;230103;MUNICIPALIDAD DISTRITAL DE CALANA;Tacna;Tacna;Calana;Calana;;;;2.2;Genérica del gasto;Pensiones y otras prestaciones sociales;Recursos directamente recaudados;25763;Previsión social;Localizada en Tacna;Sí;;Sí;0
7;ANEXO-7-2-2;254;1486;Gobierno local;230103;MUNICIPALIDAD DISTRITAL DE CALANA;Tacna;Tacna;Calana;Calana;;;;2.3;Genérica del gasto;Bienes y servicios;Recursos directamente recaudados;518464;No sectorizable (gasto por genérica);Localizada en Tacna;Sí;;Sí;0
7;ANEXO-7-2-2;254;1486;Gobierno local;230103;MUNICIPALIDAD DISTRITAL DE CALANA;Tacna;Tacna;Calana;Calana;;;;2.3;Genérica del gasto;Bienes y servicios;Recursos determinados;2861085;No sectorizable (gasto por genérica);Localizada en Tacna;Sí;;Sí;0
7;ANEXO-7-2-2;254;1486;Gobierno local;230103;MUNICIPALIDAD DISTRITAL DE CALANA;Tacna;Tacna;Calana;Calana;;;;2.4;Genérica del gasto;Donaciones y transferencias;Recursos directamente recaudados;6000;No sectorizable (gasto por genérica);Localizada en Tacna;Sí;;Sí;0
7;ANEXO-7-2-2;254;1486;Gobierno local;230103;MUNICIPALIDAD DISTRITAL DE CALANA;Tacna;Tacna;Calana;Calana;;;;2.5;Genérica del gasto;Otros gastos;Recursos directamente recaudados;47000;No sectorizable (gasto por genérica);Localizada en Tacna;Sí;;Sí;0
7;ANEXO-7-2-2;254;1486;Gobierno local;230103;MUNICIPALIDAD DISTRITAL DE CALANA;Tacna;Tacna;Calana;Calana;;;;2.5;Genérica del gasto;Otros gastos;Recursos determinados;27000;No sectorizable (gasto por genérica);Localizada en Tacna;Sí;;Sí;0
7;ANEXO-7-2-2;254;1486;Gobierno local;230103;MUNICIPALIDAD DISTRITAL DE CALANA;Tacna;Tacna;Calana;Calana;;;;2.6;Genérica del gasto;Adquisición de activos no financieros;Recursos determinados;3489841;No sectorizable (gasto por genérica);Localizada en Tacna;Sí;;Sí;0
7;ANEXO-7-2-2;254;1486;Gobierno local;230104;MUNICIPALIDAD DISTRITAL DE CIUDAD NUEVA;Tacna;Tacna;Ciudad Nueva;Ciudad Nueva;;;;2.1;Genérica del gasto;Personal y obligaciones sociales;Recursos directamente recaudados;347701;No sectorizable (gasto por genérica);Localizada en Tacna;Sí;;Sí;0
7;ANEXO-7-2-2;254;1486;Gobierno local;230104;MUNICIPALIDAD DISTRITAL DE CIUDAD NUEVA;Tacna;Tacna;Ciudad Nueva;Ciudad Nueva;;;;2.1;Genérica del gasto;Personal y obligaciones sociales;Recursos determinados;6541958;No sectorizable (gasto por genérica);Localizada en Tacna;Sí;;Sí;0
7;ANEXO-7-2-2;254;1486;Gobierno local;230104;MUNICIPALIDAD DISTRITAL DE CIUDAD NUEVA;Tacna;Tacna;Ciudad Nueva;Ciudad Nueva;;;;2.2;Genérica del gasto;Pensiones y otras prestaciones sociales;Recursos ordinarios;309269;Previsión social;Localizada en Tacna;Sí;;Sí;0
7;ANEXO-7-2-2;254;1486;Gobierno local;230104;MUNICIPALIDAD DISTRITAL DE CIUDAD NUEVA;Tacna;Tacna;Ciudad Nueva;Ciudad Nueva;;;;2.2;Genérica del gasto;Pensiones y otras prestaciones sociales;Recursos determinados;60000;Previsión social;Localizada en Tacna;Sí;;Sí;0
7;ANEXO-7-2-2;254;1486;Gobierno local;230104;MUNICIPALIDAD DISTRITAL DE CIUDAD NUEVA;Tacna;Tacna;Ciudad Nueva;Ciudad Nueva;;;;2.3;Genérica del gasto;Bienes y servicios;Recursos ordinarios;72407;No sectorizable (gasto por genérica);Localizada en Tacna;Sí;;Sí;0
7;ANEXO-7-2-2;254;1486;Gobierno local;230104;MUNICIPALIDAD DISTRITAL DE CIUDAD NUEVA;Tacna;Tacna;Ciudad Nueva;Ciudad Nueva;;;;2.3;Genérica del gasto;Bienes y servicios;Recursos directamente recaudados;2033798;No sectorizable (gasto por genérica);Localizada en Tacna;Sí;;Sí;0
7;ANEXO-7-2-2;254;1486;Gobierno local;230104;MUNICIPALIDAD DISTRITAL DE CIUDAD NUEVA;Tacna;Tacna;Ciudad Nueva;Ciudad Nueva;;;;2.3;Genérica del gasto;Bienes y servicios;Recursos determinados;7958781;No sectorizable (gasto por genérica);Localizada en Tacna;Sí;;Sí;0
7;ANEXO-7-2-2;254;1486;Gobierno local;230104;MUNICIPALIDAD DISTRITAL DE CIUDAD NUEVA;Tacna;Tacna;Ciudad Nueva;Ciudad Nueva;;;;2.5;Genérica del gasto;Otros gastos;Recursos directamente recaudados;5000;No sectorizable (gasto por genérica);Localizada en Tacna;Sí;;Sí;0
7;ANEXO-7-2-2;254;1486;Gobierno local;230104;MUNICIPALIDAD DISTRITAL DE CIUDAD NUEVA;Tacna;Tacna;Ciudad Nueva;Ciudad Nueva;;;;2.6;Genérica del gasto;Adquisición de activos no financieros;Recursos determinados;25723529;No sectorizable (gasto por genérica);Localizada en Tacna;Sí;;Sí;0
7;ANEXO-7-2-2;254;1486;Gobierno local;230105;MUNICIPALIDAD DISTRITAL DE INCLAN;Tacna;Tacna;Inclán;Inclán;;;;2.1;Genérica del gasto;Personal y obligaciones sociales;Recursos directamente recaudados;115608;No sectorizable (gasto por genérica);Localizada en Tacna;Sí;;Sí;0
7;ANEXO-7-2-2;254;1486;Gobierno local;230105;MUNICIPALIDAD DISTRITAL DE INCLAN;Tacna;Tacna;Inclán;Inclán;;;;2.1;Genérica del gasto;Personal y obligaciones sociales;Recursos determinados;1682512;No sectorizable (gasto por genérica);Localizada en Tacna;Sí;;Sí;0
7;ANEXO-7-2-2;254;1486;Gobierno local;230105;MUNICIPALIDAD DISTRITAL DE INCLAN;Tacna;Tacna;Inclán;Inclán;;;;2.2;Genérica del gasto;Pensiones y otras prestaciones sociales;Recursos ordinarios;32137;Previsión social;Localizada en Tacna;Sí;;Sí;0
7;ANEXO-7-2-2;254;1486;Gobierno local;230105;MUNICIPALIDAD DISTRITAL DE INCLAN;Tacna;Tacna;Inclán;Inclán;;;;2.2;Genérica del gasto;Pensiones y otras prestaciones sociales;Recursos directamente recaudados;6500;Previsión social;Localizada en Tacna;Sí;;Sí;0
7;ANEXO-7-2-2;254;1486;Gobierno local;230105;MUNICIPALIDAD DISTRITAL DE INCLAN;Tacna;Tacna;Inclán;Inclán;;;;2.2;Genérica del gasto;Pensiones y otras prestaciones sociales;Recursos determinados;5000;Previsión social;Localizada en Tacna;Sí;;Sí;0
7;ANEXO-7-2-2;254;1486;Gobierno local;230105;MUNICIPALIDAD DISTRITAL DE INCLAN;Tacna;Tacna;Inclán;Inclán;;;;2.3;Genérica del gasto;Bienes y servicios;Recursos directamente recaudados;654392;No sectorizable (gasto por genérica);Localizada en Tacna;Sí;;Sí;0
7;ANEXO-7-2-2;254;1486;Gobierno local;230105;MUNICIPALIDAD DISTRITAL DE INCLAN;Tacna;Tacna;Inclán;Inclán;;;;2.3;Genérica del gasto;Bienes y servicios;Recursos determinados;2556836;No sectorizable (gasto por genérica);Localizada en Tacna;Sí;;Sí;0
7;ANEXO-7-2-2;254;1486;Gobierno local;230105;MUNICIPALIDAD DISTRITAL DE INCLAN;Tacna;Tacna;Inclán;Inclán;;;;2.5;Genérica del gasto;Otros gastos;Recursos directamente recaudados;25500;No sectorizable (gasto por genérica);Localizada en Tacna;Sí;;Sí;0
7;ANEXO-7-2-2;254;1486;Gobierno local;230105;MUNICIPALIDAD DISTRITAL DE INCLAN;Tacna;Tacna;Inclán;Inclán;;;;2.5;Genérica del gasto;Otros gastos;Recursos determinados;20000;No sectorizable (gasto por genérica);Localizada en Tacna;Sí;;Sí;0
7;ANEXO-7-2-2;254;1486;Gobierno local;230105;MUNICIPALIDAD DISTRITAL DE INCLAN;Tacna;Tacna;Inclán;Inclán;;;;2.6;Genérica del gasto;Adquisición de activos no financieros;Recursos determinados;7161533;No sectorizable (gasto por genérica);Localizada en Tacna;Sí;;Sí;0
7;ANEXO-7-2-2;254;1486;Gobierno local;230106;MUNICIPALIDAD DISTRITAL DE PACHIA;Tacna;Tacna;Pachía;Pachía;;;;2.1;Genérica del gasto;Personal y obligaciones sociales;Recursos directamente recaudados;88692;No sectorizable (gasto por genérica);Localizada en Tacna;Sí;;Sí;0
7;ANEXO-7-2-2;254;1486;Gobierno local;230106;MUNICIPALIDAD DISTRITAL DE PACHIA;Tacna;Tacna;Pachía;Pachía;;;;2.1;Genérica del gasto;Personal y obligaciones sociales;Recursos determinados;1558423;No sectorizable (gasto por genérica);Localizada en Tacna;Sí;;Sí;0
7;ANEXO-7-2-2;254;1486;Gobierno local;230106;MUNICIPALIDAD DISTRITAL DE PACHIA;Tacna;Tacna;Pachía;Pachía;;;;2.2;Genérica del gasto;Pensiones y otras prestaciones sociales;Recursos ordinarios;25457;Previsión social;Localizada en Tacna;Sí;;Sí;0
7;ANEXO-7-2-2;254;1486;Gobierno local;230106;MUNICIPALIDAD DISTRITAL DE PACHIA;Tacna;Tacna;Pachía;Pachía;;;;2.2;Genérica del gasto;Pensiones y otras prestaciones sociales;Recursos directamente recaudados;1848;Previsión social;Localizada en Tacna;Sí;;Sí;0
7;ANEXO-7-2-2;255;1487;Gobierno local;230106;MUNICIPALIDAD DISTRITAL DE PACHIA;Tacna;Tacna;Pachía;Pachía;;;;2.3;Genérica del gasto;Bienes y servicios;Recursos directamente recaudados;510365;No sectorizable (gasto por genérica);Localizada en Tacna;Sí;;Sí;0
7;ANEXO-7-2-2;255;1487;Gobierno local;230106;MUNICIPALIDAD DISTRITAL DE PACHIA;Tacna;Tacna;Pachía;Pachía;;;;2.3;Genérica del gasto;Bienes y servicios;Recursos determinados;2371674;No sectorizable (gasto por genérica);Localizada en Tacna;Sí;;Sí;0
7;ANEXO-7-2-2;255;1487;Gobierno local;230106;MUNICIPALIDAD DISTRITAL DE PACHIA;Tacna;Tacna;Pachía;Pachía;;;;2.4;Genérica del gasto;Donaciones y transferencias;Recursos directamente recaudados;40000;No sectorizable (gasto por genérica);Localizada en Tacna;Sí;;Sí;0
7;ANEXO-7-2-2;255;1487;Gobierno local;230106;MUNICIPALIDAD DISTRITAL DE PACHIA;Tacna;Tacna;Pachía;Pachía;;;;2.4;Genérica del gasto;Donaciones y transferencias;Recursos determinados;48000;No sectorizable (gasto por genérica);Localizada en Tacna;Sí;;Sí;0
7;ANEXO-7-2-2;255;1487;Gobierno local;230106;MUNICIPALIDAD DISTRITAL DE PACHIA;Tacna;Tacna;Pachía;Pachía;;;;2.5;Genérica del gasto;Otros gastos;Recursos directamente recaudados;4637;No sectorizable (gasto por genérica);Localizada en Tacna;Sí;;Sí;0
7;ANEXO-7-2-2;255;1487;Gobierno local;230106;MUNICIPALIDAD DISTRITAL DE PACHIA;Tacna;Tacna;Pachía;Pachía;;;;2.5;Genérica del gasto;Otros gastos;Recursos determinados;33587;No sectorizable (gasto por genérica);Localizada en Tacna;Sí;;Sí;0
7;ANEXO-7-2-2;255;1487;Gobierno local;230106;MUNICIPALIDAD DISTRITAL DE PACHIA;Tacna;Tacna;Pachía;Pachía;;;;2.6;Genérica del gasto;Adquisición de activos no financieros;Recursos determinados;4402884;No sectorizable (gasto por genérica);Localizada en Tacna;Sí;;Sí;0
7;ANEXO-7-2-2;255;1487;Gobierno local;230107;MUNICIPALIDAD DISTRITAL DE PALCA;Tacna;Tacna;Palca;Palca;;;;2.1;Genérica del gasto;Personal y obligaciones sociales;Recursos directamente recaudados;52000;No sectorizable (gasto por genérica);Localizada en Tacna;Sí;;Sí;0
7;ANEXO-7-2-2;255;1487;Gobierno local;230107;MUNICIPALIDAD DISTRITAL DE PALCA;Tacna;Tacna;Palca;Palca;;;;2.1;Genérica del gasto;Personal y obligaciones sociales;Recursos determinados;1712231;No sectorizable (gasto por genérica);Localizada en Tacna;Sí;;Sí;0
7;ANEXO-7-2-2;255;1487;Gobierno local;230107;MUNICIPALIDAD DISTRITAL DE PALCA;Tacna;Tacna;Palca;Palca;;;;2.2;Genérica del gasto;Pensiones y otras prestaciones sociales;Recursos ordinarios;21174;Previsión social;Localizada en Tacna;Sí;;Sí;0
7;ANEXO-7-2-2;255;1487;Gobierno local;230107;MUNICIPALIDAD DISTRITAL DE PALCA;Tacna;Tacna;Palca;Palca;;;;2.2;Genérica del gasto;Pensiones y otras prestaciones sociales;Recursos determinados;10000;Previsión social;Localizada en Tacna;Sí;;Sí;0
7;ANEXO-7-2-2;255;1487;Gobierno local;230107;MUNICIPALIDAD DISTRITAL DE PALCA;Tacna;Tacna;Palca;Palca;;;;2.3;Genérica del gasto;Bienes y servicios;Recursos directamente recaudados;105000;No sectorizable (gasto por genérica);Localizada en Tacna;Sí;;Sí;0
7;ANEXO-7-2-2;255;1487;Gobierno local;230107;MUNICIPALIDAD DISTRITAL DE PALCA;Tacna;Tacna;Palca;Palca;;;;2.3;Genérica del gasto;Bienes y servicios;Recursos determinados;4703973;No sectorizable (gasto por genérica);Localizada en Tacna;Sí;;Sí;0
7;ANEXO-7-2-2;255;1487;Gobierno local;230107;MUNICIPALIDAD DISTRITAL DE PALCA;Tacna;Tacna;Palca;Palca;;;;2.4;Genérica del gasto;Donaciones y transferencias;Recursos determinados;98400;No sectorizable (gasto por genérica);Localizada en Tacna;Sí;;Sí;0
7;ANEXO-7-2-2;255;1487;Gobierno local;230107;MUNICIPALIDAD DISTRITAL DE PALCA;Tacna;Tacna;Palca;Palca;;;;2.5;Genérica del gasto;Otros gastos;Recursos determinados;48000;No sectorizable (gasto por genérica);Localizada en Tacna;Sí;;Sí;0
7;ANEXO-7-2-2;255;1487;Gobierno local;230107;MUNICIPALIDAD DISTRITAL DE PALCA;Tacna;Tacna;Palca;Palca;;;;2.6;Genérica del gasto;Adquisición de activos no financieros;Recursos directamente recaudados;500000;No sectorizable (gasto por genérica);Localizada en Tacna;Sí;;Sí;0
7;ANEXO-7-2-2;255;1487;Gobierno local;230107;MUNICIPALIDAD DISTRITAL DE PALCA;Tacna;Tacna;Palca;Palca;;;;2.6;Genérica del gasto;Adquisición de activos no financieros;Recursos determinados;11387973;No sectorizable (gasto por genérica);Localizada en Tacna;Sí;;Sí;0
7;ANEXO-7-2-2;255;1487;Gobierno local;230108;MUNICIPALIDAD DISTRITAL DE POCOLLAY;Tacna;Tacna;Pocollay;Pocollay;;;;2.1;Genérica del gasto;Personal y obligaciones sociales;Recursos directamente recaudados;536318;No sectorizable (gasto por genérica);Localizada en Tacna;Sí;;Sí;0
7;ANEXO-7-2-2;255;1487;Gobierno local;230108;MUNICIPALIDAD DISTRITAL DE POCOLLAY;Tacna;Tacna;Pocollay;Pocollay;;;;2.1;Genérica del gasto;Personal y obligaciones sociales;Recursos determinados;3919787;No sectorizable (gasto por genérica);Localizada en Tacna;Sí;;Sí;0
7;ANEXO-7-2-2;255;1487;Gobierno local;230108;MUNICIPALIDAD DISTRITAL DE POCOLLAY;Tacna;Tacna;Pocollay;Pocollay;;;;2.2;Genérica del gasto;Pensiones y otras prestaciones sociales;Recursos ordinarios;143798;Previsión social;Localizada en Tacna;Sí;;Sí;0
7;ANEXO-7-2-2;255;1487;Gobierno local;230108;MUNICIPALIDAD DISTRITAL DE POCOLLAY;Tacna;Tacna;Pocollay;Pocollay;;;;2.2;Genérica del gasto;Pensiones y otras prestaciones sociales;Recursos determinados;99049;Previsión social;Localizada en Tacna;Sí;;Sí;0
7;ANEXO-7-2-2;255;1487;Gobierno local;230108;MUNICIPALIDAD DISTRITAL DE POCOLLAY;Tacna;Tacna;Pocollay;Pocollay;;;;2.3;Genérica del gasto;Bienes y servicios;Recursos directamente recaudados;1567001;No sectorizable (gasto por genérica);Localizada en Tacna;Sí;;Sí;0
7;ANEXO-7-2-2;255;1487;Gobierno local;230108;MUNICIPALIDAD DISTRITAL DE POCOLLAY;Tacna;Tacna;Pocollay;Pocollay;;;;2.3;Genérica del gasto;Bienes y servicios;Recursos determinados;6413989;No sectorizable (gasto por genérica);Localizada en Tacna;Sí;;Sí;0
7;ANEXO-7-2-2;255;1487;Gobierno local;230108;MUNICIPALIDAD DISTRITAL DE POCOLLAY;Tacna;Tacna;Pocollay;Pocollay;;;;2.4;Genérica del gasto;Donaciones y transferencias;Recursos determinados;179436;No sectorizable (gasto por genérica);Localizada en Tacna;Sí;;Sí;0
7;ANEXO-7-2-2;255;1487;Gobierno local;230108;MUNICIPALIDAD DISTRITAL DE POCOLLAY;Tacna;Tacna;Pocollay;Pocollay;;;;2.5;Genérica del gasto;Otros gastos;Recursos directamente recaudados;90000;No sectorizable (gasto por genérica);Localizada en Tacna;Sí;;Sí;0
7;ANEXO-7-2-2;255;1487;Gobierno local;230108;MUNICIPALIDAD DISTRITAL DE POCOLLAY;Tacna;Tacna;Pocollay;Pocollay;;;;2.5;Genérica del gasto;Otros gastos;Recursos determinados;39460;No sectorizable (gasto por genérica);Localizada en Tacna;Sí;;Sí;0
7;ANEXO-7-2-2;255;1487;Gobierno local;230108;MUNICIPALIDAD DISTRITAL DE POCOLLAY;Tacna;Tacna;Pocollay;Pocollay;;;;2.6;Genérica del gasto;Adquisición de activos no financieros;Recursos determinados;19392759;No sectorizable (gasto por genérica);Localizada en Tacna;Sí;;Sí;0
7;ANEXO-7-2-2;255;1487;Gobierno local;230109;MUNICIPALIDAD DISTRITAL DE SAMA;Tacna;Tacna;Sama;Sama;;;;2.1;Genérica del gasto;Personal y obligaciones sociales;Recursos directamente recaudados;142428;No sectorizable (gasto por genérica);Localizada en Tacna;Sí;;Sí;0
7;ANEXO-7-2-2;255;1487;Gobierno local;230109;MUNICIPALIDAD DISTRITAL DE SAMA;Tacna;Tacna;Sama;Sama;;;;2.1;Genérica del gasto;Personal y obligaciones sociales;Recursos determinados;1609639;No sectorizable (gasto por genérica);Localizada en Tacna;Sí;;Sí;0
7;ANEXO-7-2-2;255;1487;Gobierno local;230109;MUNICIPALIDAD DISTRITAL DE SAMA;Tacna;Tacna;Sama;Sama;;;;2.2;Genérica del gasto;Pensiones y otras prestaciones sociales;Recursos ordinarios;22669;Previsión social;Localizada en Tacna;Sí;;Sí;0
7;ANEXO-7-2-2;255;1487;Gobierno local;230109;MUNICIPALIDAD DISTRITAL DE SAMA;Tacna;Tacna;Sama;Sama;;;;2.2;Genérica del gasto;Pensiones y otras prestaciones sociales;Recursos determinados;25016;Previsión social;Localizada en Tacna;Sí;;Sí;0
7;ANEXO-7-2-2;255;1487;Gobierno local;230109;MUNICIPALIDAD DISTRITAL DE SAMA;Tacna;Tacna;Sama;Sama;;;;2.3;Genérica del gasto;Bienes y servicios;Recursos directamente recaudados;498953;No sectorizable (gasto por genérica);Localizada en Tacna;Sí;;Sí;0
7;ANEXO-7-2-2;255;1487;Gobierno local;230109;MUNICIPALIDAD DISTRITAL DE SAMA;Tacna;Tacna;Sama;Sama;;;;2.3;Genérica del gasto;Bienes y servicios;Recursos determinados;4421239;No sectorizable (gasto por genérica);Localizada en Tacna;Sí;;Sí;0
7;ANEXO-7-2-2;255;1487;Gobierno local;230109;MUNICIPALIDAD DISTRITAL DE SAMA;Tacna;Tacna;Sama;Sama;;;;2.4;Genérica del gasto;Donaciones y transferencias;Recursos directamente recaudados;66279;No sectorizable (gasto por genérica);Localizada en Tacna;Sí;;Sí;0
7;ANEXO-7-2-2;255;1487;Gobierno local;230109;MUNICIPALIDAD DISTRITAL DE SAMA;Tacna;Tacna;Sama;Sama;;;;2.4;Genérica del gasto;Donaciones y transferencias;Recursos determinados;70000;No sectorizable (gasto por genérica);Localizada en Tacna;Sí;;Sí;0
7;ANEXO-7-2-2;255;1487;Gobierno local;230109;MUNICIPALIDAD DISTRITAL DE SAMA;Tacna;Tacna;Sama;Sama;;;;2.5;Genérica del gasto;Otros gastos;Recursos directamente recaudados;20340;No sectorizable (gasto por genérica);Localizada en Tacna;Sí;;Sí;0
7;ANEXO-7-2-2;255;1487;Gobierno local;230109;MUNICIPALIDAD DISTRITAL DE SAMA;Tacna;Tacna;Sama;Sama;;;;2.5;Genérica del gasto;Otros gastos;Recursos determinados;67966;No sectorizable (gasto por genérica);Localizada en Tacna;Sí;;Sí;0
7;ANEXO-7-2-2;256;1488;Gobierno local;230109;MUNICIPALIDAD DISTRITAL DE SAMA;Tacna;Tacna;Sama;Sama;;;;2.6;Genérica del gasto;Adquisición de activos no financieros;Recursos determinados;12724435;No sectorizable (gasto por genérica);Localizada en Tacna;Sí;;Sí;0
7;ANEXO-7-2-2;256;1488;Gobierno local;230110;MUNICIPALIDAD DISTRITAL DE CORONEL GREGORIO ALBARRACIN LANCHIPA;Tacna;Tacna;Coronel Gregorio Albarracín Lanchipa;Coronel Gregorio Albarracín Lanchipa;;;;2.1;Genérica del gasto;Personal y obligaciones sociales;Recursos directamente recaudados;2507010;No sectorizable (gasto por genérica);Localizada en Tacna;Sí;;Sí;0
7;ANEXO-7-2-2;256;1488;Gobierno local;230110;MUNICIPALIDAD DISTRITAL DE CORONEL GREGORIO ALBARRACIN LANCHIPA;Tacna;Tacna;Coronel Gregorio Albarracín Lanchipa;Coronel Gregorio Albarracín Lanchipa;;;;2.1;Genérica del gasto;Personal y obligaciones sociales;Recursos determinados;13007954;No sectorizable (gasto por genérica);Localizada en Tacna;Sí;;Sí;0
7;ANEXO-7-2-2;256;1488;Gobierno local;230110;MUNICIPALIDAD DISTRITAL DE CORONEL GREGORIO ALBARRACIN LANCHIPA;Tacna;Tacna;Coronel Gregorio Albarracín Lanchipa;Coronel Gregorio Albarracín Lanchipa;;;;2.2;Genérica del gasto;Pensiones y otras prestaciones sociales;Recursos ordinarios;440353;Previsión social;Localizada en Tacna;Sí;;Sí;0
7;ANEXO-7-2-2;256;1488;Gobierno local;230110;MUNICIPALIDAD DISTRITAL DE CORONEL GREGORIO ALBARRACIN LANCHIPA;Tacna;Tacna;Coronel Gregorio Albarracín Lanchipa;Coronel Gregorio Albarracín Lanchipa;;;;2.2;Genérica del gasto;Pensiones y otras prestaciones sociales;Recursos directamente recaudados;13038;Previsión social;Localizada en Tacna;Sí;;Sí;0
7;ANEXO-7-2-2;256;1488;Gobierno local;230110;MUNICIPALIDAD DISTRITAL DE CORONEL GREGORIO ALBARRACIN LANCHIPA;Tacna;Tacna;Coronel Gregorio Albarracín Lanchipa;Coronel Gregorio Albarracín Lanchipa;;;;2.3;Genérica del gasto;Bienes y servicios;Recursos ordinarios;223324;No sectorizable (gasto por genérica);Localizada en Tacna;Sí;;Sí;0
7;ANEXO-7-2-2;256;1488;Gobierno local;230110;MUNICIPALIDAD DISTRITAL DE CORONEL GREGORIO ALBARRACIN LANCHIPA;Tacna;Tacna;Coronel Gregorio Albarracín Lanchipa;Coronel Gregorio Albarracín Lanchipa;;;;2.3;Genérica del gasto;Bienes y servicios;Recursos directamente recaudados;2416938;No sectorizable (gasto por genérica);Localizada en Tacna;Sí;;Sí;0
7;ANEXO-7-2-2;256;1488;Gobierno local;230110;MUNICIPALIDAD DISTRITAL DE CORONEL GREGORIO ALBARRACIN LANCHIPA;Tacna;Tacna;Coronel Gregorio Albarracín Lanchipa;Coronel Gregorio Albarracín Lanchipa;;;;2.3;Genérica del gasto;Bienes y servicios;Recursos determinados;51792997;No sectorizable (gasto por genérica);Localizada en Tacna;Sí;;Sí;0
7;ANEXO-7-2-2;256;1488;Gobierno local;230110;MUNICIPALIDAD DISTRITAL DE CORONEL GREGORIO ALBARRACIN LANCHIPA;Tacna;Tacna;Coronel Gregorio Albarracín Lanchipa;Coronel Gregorio Albarracín Lanchipa;;;;2.5;Genérica del gasto;Otros gastos;Recursos directamente recaudados;230000;No sectorizable (gasto por genérica);Localizada en Tacna;Sí;;Sí;0
7;ANEXO-7-2-2;256;1488;Gobierno local;230110;MUNICIPALIDAD DISTRITAL DE CORONEL GREGORIO ALBARRACIN LANCHIPA;Tacna;Tacna;Coronel Gregorio Albarracín Lanchipa;Coronel Gregorio Albarracín Lanchipa;;;;2.5;Genérica del gasto;Otros gastos;Recursos determinados;19656;No sectorizable (gasto por genérica);Localizada en Tacna;Sí;;Sí;0
7;ANEXO-7-2-2;256;1488;Gobierno local;230110;MUNICIPALIDAD DISTRITAL DE CORONEL GREGORIO ALBARRACIN LANCHIPA;Tacna;Tacna;Coronel Gregorio Albarracín Lanchipa;Coronel Gregorio Albarracín Lanchipa;;;;2.6;Genérica del gasto;Adquisición de activos no financieros;Recursos directamente recaudados;15000;No sectorizable (gasto por genérica);Localizada en Tacna;Sí;;Sí;0
7;ANEXO-7-2-2;256;1488;Gobierno local;230110;MUNICIPALIDAD DISTRITAL DE CORONEL GREGORIO ALBARRACIN LANCHIPA;Tacna;Tacna;Coronel Gregorio Albarracín Lanchipa;Coronel Gregorio Albarracín Lanchipa;;;;2.6;Genérica del gasto;Adquisición de activos no financieros;Recursos determinados;99867760;No sectorizable (gasto por genérica);Localizada en Tacna;Sí;;Sí;0
7;ANEXO-7-2-2;256;1488;Gobierno local;230110;MUNICIPALIDAD DISTRITAL DE CORONEL GREGORIO ALBARRACIN LANCHIPA;Tacna;Tacna;Coronel Gregorio Albarracín Lanchipa;Coronel Gregorio Albarracín Lanchipa;;;;2.8;Genérica del gasto;Servicio de la deuda pública;Recursos determinados;47583203;Deuda pública;Localizada en Tacna;Sí;;Sí;0
7;ANEXO-7-2-2;256;1488;Gobierno local;230111;MUNICIPALIDAD DISTRITAL DE LA YARADA LOS PALOS;Tacna;Tacna;La Yarada Los Palos;La Yarada Los Palos;;;;2.1;Genérica del gasto;Personal y obligaciones sociales;Recursos directamente recaudados;23062;No sectorizable (gasto por genérica);Localizada en Tacna;Sí;;Sí;0
7;ANEXO-7-2-2;256;1488;Gobierno local;230111;MUNICIPALIDAD DISTRITAL DE LA YARADA LOS PALOS;Tacna;Tacna;La Yarada Los Palos;La Yarada Los Palos;;;;2.1;Genérica del gasto;Personal y obligaciones sociales;Recursos determinados;2150722;No sectorizable (gasto por genérica);Localizada en Tacna;Sí;;Sí;0
7;ANEXO-7-2-2;256;1488;Gobierno local;230111;MUNICIPALIDAD DISTRITAL DE LA YARADA LOS PALOS;Tacna;Tacna;La Yarada Los Palos;La Yarada Los Palos;;;;2.2;Genérica del gasto;Pensiones y otras prestaciones sociales;Recursos ordinarios;73002;Previsión social;Localizada en Tacna;Sí;;Sí;0
7;ANEXO-7-2-2;256;1488;Gobierno local;230111;MUNICIPALIDAD DISTRITAL DE LA YARADA LOS PALOS;Tacna;Tacna;La Yarada Los Palos;La Yarada Los Palos;;;;2.3;Genérica del gasto;Bienes y servicios;Recursos ordinarios;38829;No sectorizable (gasto por genérica);Localizada en Tacna;Sí;;Sí;0
7;ANEXO-7-2-2;256;1488;Gobierno local;230111;MUNICIPALIDAD DISTRITAL DE LA YARADA LOS PALOS;Tacna;Tacna;La Yarada Los Palos;La Yarada Los Palos;;;;2.3;Genérica del gasto;Bienes y servicios;Recursos directamente recaudados;286188;No sectorizable (gasto por genérica);Localizada en Tacna;Sí;;Sí;0
7;ANEXO-7-2-2;256;1488;Gobierno local;230111;MUNICIPALIDAD DISTRITAL DE LA YARADA LOS PALOS;Tacna;Tacna;La Yarada Los Palos;La Yarada Los Palos;;;;2.3;Genérica del gasto;Bienes y servicios;Recursos determinados;5158359;No sectorizable (gasto por genérica);Localizada en Tacna;Sí;;Sí;0
7;ANEXO-7-2-2;256;1488;Gobierno local;230111;MUNICIPALIDAD DISTRITAL DE LA YARADA LOS PALOS;Tacna;Tacna;La Yarada Los Palos;La Yarada Los Palos;;;;2.6;Genérica del gasto;Adquisición de activos no financieros;Recursos determinados;30041489;No sectorizable (gasto por genérica);Localizada en Tacna;Sí;;Sí;0
7;ANEXO-7-2-2;256;1488;Gobierno local;230201;MUNICIPALIDAD PROVINCIAL DE CANDARAVE;Tacna;Candarave;Candarave;Candarave;;;;2.1;Genérica del gasto;Personal y obligaciones sociales;Recursos directamente recaudados;80399;No sectorizable (gasto por genérica);Localizada en Tacna;Sí;;Sí;0
7;ANEXO-7-2-2;256;1488;Gobierno local;230201;MUNICIPALIDAD PROVINCIAL DE CANDARAVE;Tacna;Candarave;Candarave;Candarave;;;;2.1;Genérica del gasto;Personal y obligaciones sociales;Recursos determinados;1294064;No sectorizable (gasto por genérica);Localizada en Tacna;Sí;;Sí;0
7;ANEXO-7-2-2;256;1488;Gobierno local;230201;MUNICIPALIDAD PROVINCIAL DE CANDARAVE;Tacna;Candarave;Candarave;Candarave;;;;2.2;Genérica del gasto;Pensiones y otras prestaciones sociales;Recursos ordinarios;301528;Previsión social;Localizada en Tacna;Sí;;Sí;0
7;ANEXO-7-2-2;256;1488;Gobierno local;230201;MUNICIPALIDAD PROVINCIAL DE CANDARAVE;Tacna;Candarave;Candarave;Candarave;;;;2.2;Genérica del gasto;Pensiones y otras prestaciones sociales;Recursos determinados;19360;Previsión social;Localizada en Tacna;Sí;;Sí;0
7;ANEXO-7-2-2;256;1488;Gobierno local;230201;MUNICIPALIDAD PROVINCIAL DE CANDARAVE;Tacna;Candarave;Candarave;Candarave;;;;2.3;Genérica del gasto;Bienes y servicios;Recursos ordinarios;313633;No sectorizable (gasto por genérica);Localizada en Tacna;Sí;;Sí;0
7;ANEXO-7-2-2;256;1488;Gobierno local;230201;MUNICIPALIDAD PROVINCIAL DE CANDARAVE;Tacna;Candarave;Candarave;Candarave;;;;2.3;Genérica del gasto;Bienes y servicios;Recursos directamente recaudados;630972;No sectorizable (gasto por genérica);Localizada en Tacna;Sí;;Sí;0
7;ANEXO-7-2-2;256;1488;Gobierno local;230201;MUNICIPALIDAD PROVINCIAL DE CANDARAVE;Tacna;Candarave;Candarave;Candarave;;;;2.3;Genérica del gasto;Bienes y servicios;Recursos determinados;1568192;No sectorizable (gasto por genérica);Localizada en Tacna;Sí;;Sí;0
7;ANEXO-7-2-2;256;1488;Gobierno local;230201;MUNICIPALIDAD PROVINCIAL DE CANDARAVE;Tacna;Candarave;Candarave;Candarave;;;;2.4;Genérica del gasto;Donaciones y transferencias;Recursos determinados;168239;No sectorizable (gasto por genérica);Localizada en Tacna;Sí;;Sí;0
7;ANEXO-7-2-2;256;1488;Gobierno local;230201;MUNICIPALIDAD PROVINCIAL DE CANDARAVE;Tacna;Candarave;Candarave;Candarave;;;;2.5;Genérica del gasto;Otros gastos;Recursos ordinarios;36453;No sectorizable (gasto por genérica);Localizada en Tacna;Sí;;Sí;0
7;ANEXO-7-2-2;256;1488;Gobierno local;230201;MUNICIPALIDAD PROVINCIAL DE CANDARAVE;Tacna;Candarave;Candarave;Candarave;;;;2.5;Genérica del gasto;Otros gastos;Recursos determinados;6881;No sectorizable (gasto por genérica);Localizada en Tacna;Sí;;Sí;0
7;ANEXO-7-2-2;256;1488;Gobierno local;230201;MUNICIPALIDAD PROVINCIAL DE CANDARAVE;Tacna;Candarave;Candarave;Candarave;;;;2.6;Genérica del gasto;Adquisición de activos no financieros;Recursos determinados;5271973;No sectorizable (gasto por genérica);Localizada en Tacna;Sí;;Sí;0
7;ANEXO-7-2-2;257;;Gobierno local;230202;MUNICIPALIDAD DISTRITAL DE CAIRANI;Tacna;Candarave;Cairani;Cairani;;;;2.1;Genérica del gasto;Personal y obligaciones sociales;Recursos determinados;723976;No sectorizable (gasto por genérica);Localizada en Tacna;Sí;;Sí;0
7;ANEXO-7-2-2;257;;Gobierno local;230202;MUNICIPALIDAD DISTRITAL DE CAIRANI;Tacna;Candarave;Cairani;Cairani;;;;2.2;Genérica del gasto;Pensiones y otras prestaciones sociales;Recursos ordinarios;19475;Previsión social;Localizada en Tacna;Sí;;Sí;0
7;ANEXO-7-2-2;257;;Gobierno local;230202;MUNICIPALIDAD DISTRITAL DE CAIRANI;Tacna;Candarave;Cairani;Cairani;;;;2.3;Genérica del gasto;Bienes y servicios;Recursos directamente recaudados;108225;No sectorizable (gasto por genérica);Localizada en Tacna;Sí;;Sí;0
7;ANEXO-7-2-2;257;;Gobierno local;230202;MUNICIPALIDAD DISTRITAL DE CAIRANI;Tacna;Candarave;Cairani;Cairani;;;;2.3;Genérica del gasto;Bienes y servicios;Recursos determinados;385828;No sectorizable (gasto por genérica);Localizada en Tacna;Sí;;Sí;0
7;ANEXO-7-2-2;257;;Gobierno local;230202;MUNICIPALIDAD DISTRITAL DE CAIRANI;Tacna;Candarave;Cairani;Cairani;;;;2.4;Genérica del gasto;Donaciones y transferencias;Recursos determinados;99000;No sectorizable (gasto por genérica);Localizada en Tacna;Sí;;Sí;0
7;ANEXO-7-2-2;257;;Gobierno local;230202;MUNICIPALIDAD DISTRITAL DE CAIRANI;Tacna;Candarave;Cairani;Cairani;;;;2.5;Genérica del gasto;Otros gastos;Recursos directamente recaudados;2825;No sectorizable (gasto por genérica);Localizada en Tacna;Sí;;Sí;0
7;ANEXO-7-2-2;257;;Gobierno local;230202;MUNICIPALIDAD DISTRITAL DE CAIRANI;Tacna;Candarave;Cairani;Cairani;;;;2.5;Genérica del gasto;Otros gastos;Recursos determinados;5000;No sectorizable (gasto por genérica);Localizada en Tacna;Sí;;Sí;0
7;ANEXO-7-2-2;257;;Gobierno local;230202;MUNICIPALIDAD DISTRITAL DE CAIRANI;Tacna;Candarave;Cairani;Cairani;;;;2.6;Genérica del gasto;Adquisición de activos no financieros;Recursos directamente recaudados;2000;No sectorizable (gasto por genérica);Localizada en Tacna;Sí;;Sí;0
7;ANEXO-7-2-2;257;;Gobierno local;230202;MUNICIPALIDAD DISTRITAL DE CAIRANI;Tacna;Candarave;Cairani;Cairani;;;;2.6;Genérica del gasto;Adquisición de activos no financieros;Recursos determinados;1055141;No sectorizable (gasto por genérica);Localizada en Tacna;Sí;;Sí;0
7;ANEXO-7-2-2;257;;Gobierno local;230203;MUNICIPALIDAD DISTRITAL DE CAMILACA;Tacna;Candarave;Camilaca;Camilaca;;;;2.1;Genérica del gasto;Personal y obligaciones sociales;Recursos directamente recaudados;23700;No sectorizable (gasto por genérica);Localizada en Tacna;Sí;;Sí;0
7;ANEXO-7-2-2;257;;Gobierno local;230203;MUNICIPALIDAD DISTRITAL DE CAMILACA;Tacna;Candarave;Camilaca;Camilaca;;;;2.1;Genérica del gasto;Personal y obligaciones sociales;Recursos determinados;244600;No sectorizable (gasto por genérica);Localizada en Tacna;Sí;;Sí;0
7;ANEXO-7-2-2;257;;Gobierno local;230203;MUNICIPALIDAD DISTRITAL DE CAMILACA;Tacna;Candarave;Camilaca;Camilaca;;;;2.2;Genérica del gasto;Pensiones y otras prestaciones sociales;Recursos ordinarios;44683;Previsión social;Localizada en Tacna;Sí;;Sí;0
7;ANEXO-7-2-2;257;;Gobierno local;230203;MUNICIPALIDAD DISTRITAL DE CAMILACA;Tacna;Candarave;Camilaca;Camilaca;;;;2.3;Genérica del gasto;Bienes y servicios;Recursos directamente recaudados;176300;No sectorizable (gasto por genérica);Localizada en Tacna;Sí;;Sí;0
7;ANEXO-7-2-2;257;;Gobierno local;230203;MUNICIPALIDAD DISTRITAL DE CAMILACA;Tacna;Candarave;Camilaca;Camilaca;;;;2.3;Genérica del gasto;Bienes y servicios;Recursos determinados;1484430;No sectorizable (gasto por genérica);Localizada en Tacna;Sí;;Sí;0
7;ANEXO-7-2-2;257;;Gobierno local;230203;MUNICIPALIDAD DISTRITAL DE CAMILACA;Tacna;Candarave;Camilaca;Camilaca;;;;2.4;Genérica del gasto;Donaciones y transferencias;Recursos determinados;10000;No sectorizable (gasto por genérica);Localizada en Tacna;Sí;;Sí;0
7;ANEXO-7-2-2;257;;Gobierno local;230203;MUNICIPALIDAD DISTRITAL DE CAMILACA;Tacna;Candarave;Camilaca;Camilaca;;;;2.6;Genérica del gasto;Adquisición de activos no financieros;Recursos determinados;3226959;No sectorizable (gasto por genérica);Localizada en Tacna;Sí;;Sí;0
7;ANEXO-7-2-2;257;;Gobierno local;230204;MUNICIPALIDAD DISTRITAL DE CURIBAYA;Tacna;Candarave;Curibaya;Curibaya;;;;2.1;Genérica del gasto;Personal y obligaciones sociales;Recursos determinados;659622;No sectorizable (gasto por genérica);Localizada en Tacna;Sí;;Sí;0
7;ANEXO-7-2-2;257;;Gobierno local;230204;MUNICIPALIDAD DISTRITAL DE CURIBAYA;Tacna;Candarave;Curibaya;Curibaya;;;;2.2;Genérica del gasto;Pensiones y otras prestaciones sociales;Recursos ordinarios;3187;Previsión social;Localizada en Tacna;Sí;;Sí;0
7;ANEXO-7-2-2;257;;Gobierno local;230204;MUNICIPALIDAD DISTRITAL DE CURIBAYA;Tacna;Candarave;Curibaya;Curibaya;;;;2.3;Genérica del gasto;Bienes y servicios;Recursos directamente recaudados;216700;No sectorizable (gasto por genérica);Localizada en Tacna;Sí;;Sí;0
7;ANEXO-7-2-2;257;;Gobierno local;230204;MUNICIPALIDAD DISTRITAL DE CURIBAYA;Tacna;Candarave;Curibaya;Curibaya;;;;2.3;Genérica del gasto;Bienes y servicios;Recursos determinados;657877;No sectorizable (gasto por genérica);Localizada en Tacna;Sí;;Sí;0
7;ANEXO-7-2-2;257;;Gobierno local;230204;MUNICIPALIDAD DISTRITAL DE CURIBAYA;Tacna;Candarave;Curibaya;Curibaya;;;;2.5;Genérica del gasto;Otros gastos;Recursos directamente recaudados;6350;No sectorizable (gasto por genérica);Localizada en Tacna;Sí;;Sí;0
7;ANEXO-7-2-2;257;;Gobierno local;230204;MUNICIPALIDAD DISTRITAL DE CURIBAYA;Tacna;Candarave;Curibaya;Curibaya;;;;2.6;Genérica del gasto;Adquisición de activos no financieros;Recursos directamente recaudados;5500;No sectorizable (gasto por genérica);Localizada en Tacna;Sí;;Sí;0
7;ANEXO-7-2-2;257;;Gobierno local;230204;MUNICIPALIDAD DISTRITAL DE CURIBAYA;Tacna;Candarave;Curibaya;Curibaya;;;;2.6;Genérica del gasto;Adquisición de activos no financieros;Recursos determinados;1688628;No sectorizable (gasto por genérica);Localizada en Tacna;Sí;;Sí;0
7;ANEXO-7-2-2;257;;Gobierno local;230205;MUNICIPALIDAD DISTRITAL DE HUANUARA;Tacna;Candarave;Huanuara;Huanuara;;;;2.1;Genérica del gasto;Personal y obligaciones sociales;Recursos determinados;464878;No sectorizable (gasto por genérica);Localizada en Tacna;Sí;;Sí;0
7;ANEXO-7-2-2;257;;Gobierno local;230205;MUNICIPALIDAD DISTRITAL DE HUANUARA;Tacna;Candarave;Huanuara;Huanuara;;;;2.2;Genérica del gasto;Pensiones y otras prestaciones sociales;Recursos ordinarios;13390;Previsión social;Localizada en Tacna;Sí;;Sí;0
7;ANEXO-7-2-2;257;;Gobierno local;230205;MUNICIPALIDAD DISTRITAL DE HUANUARA;Tacna;Candarave;Huanuara;Huanuara;;;;2.3;Genérica del gasto;Bienes y servicios;Recursos directamente recaudados;308249;No sectorizable (gasto por genérica);Localizada en Tacna;Sí;;Sí;0
7;ANEXO-7-2-2;257;;Gobierno local;230205;MUNICIPALIDAD DISTRITAL DE HUANUARA;Tacna;Candarave;Huanuara;Huanuara;;;;2.3;Genérica del gasto;Bienes y servicios;Recursos determinados;668736;No sectorizable (gasto por genérica);Localizada en Tacna;Sí;;Sí;0
7;ANEXO-7-2-2;257;;Gobierno local;230205;MUNICIPALIDAD DISTRITAL DE HUANUARA;Tacna;Candarave;Huanuara;Huanuara;;;;2.5;Genérica del gasto;Otros gastos;Recursos directamente recaudados;10000;No sectorizable (gasto por genérica);Localizada en Tacna;Sí;;Sí;0
7;ANEXO-7-2-2;257;;Gobierno local;230205;MUNICIPALIDAD DISTRITAL DE HUANUARA;Tacna;Candarave;Huanuara;Huanuara;;;;2.6;Genérica del gasto;Adquisición de activos no financieros;Recursos directamente recaudados;30000;No sectorizable (gasto por genérica);Localizada en Tacna;Sí;;Sí;0
7;ANEXO-7-2-2;257;;Gobierno local;230205;MUNICIPALIDAD DISTRITAL DE HUANUARA;Tacna;Candarave;Huanuara;Huanuara;;;;2.6;Genérica del gasto;Adquisición de activos no financieros;Recursos determinados;728025;No sectorizable (gasto por genérica);Localizada en Tacna;Sí;;Sí;0
7;ANEXO-7-2-2;258;1490;Gobierno local;230206;MUNICIPALIDAD DISTRITAL DE QUILAHUANI;Tacna;Candarave;Quilahuani;Quilahuani;;;;2.1;Genérica del gasto;Personal y obligaciones sociales;Recursos directamente recaudados;29700;No sectorizable (gasto por genérica);Localizada en Tacna;Sí;;Sí;0
7;ANEXO-7-2-2;258;1490;Gobierno local;230206;MUNICIPALIDAD DISTRITAL DE QUILAHUANI;Tacna;Candarave;Quilahuani;Quilahuani;;;;2.1;Genérica del gasto;Personal y obligaciones sociales;Recursos determinados;788414;No sectorizable (gasto por genérica);Localizada en Tacna;Sí;;Sí;0
7;ANEXO-7-2-2;258;1490;Gobierno local;230206;MUNICIPALIDAD DISTRITAL DE QUILAHUANI;Tacna;Candarave;Quilahuani;Quilahuani;;;;2.2;Genérica del gasto;Pensiones y otras prestaciones sociales;Recursos ordinarios;12584;Previsión social;Localizada en Tacna;Sí;;Sí;0
7;ANEXO-7-2-2;258;1490;Gobierno local;230206;MUNICIPALIDAD DISTRITAL DE QUILAHUANI;Tacna;Candarave;Quilahuani;Quilahuani;;;;2.2;Genérica del gasto;Pensiones y otras prestaciones sociales;Recursos directamente recaudados;5409;Previsión social;Localizada en Tacna;Sí;;Sí;0
7;ANEXO-7-2-2;258;1490;Gobierno local;230206;MUNICIPALIDAD DISTRITAL DE QUILAHUANI;Tacna;Candarave;Quilahuani;Quilahuani;;;;2.3;Genérica del gasto;Bienes y servicios;Recursos directamente recaudados;320491;No sectorizable (gasto por genérica);Localizada en Tacna;Sí;;Sí;0
7;ANEXO-7-2-2;258;1490;Gobierno local;230206;MUNICIPALIDAD DISTRITAL DE QUILAHUANI;Tacna;Candarave;Quilahuani;Quilahuani;;;;2.3;Genérica del gasto;Bienes y servicios;Recursos determinados;530146;No sectorizable (gasto por genérica);Localizada en Tacna;Sí;;Sí;0
7;ANEXO-7-2-2;258;1490;Gobierno local;230206;MUNICIPALIDAD DISTRITAL DE QUILAHUANI;Tacna;Candarave;Quilahuani;Quilahuani;;;;2.4;Genérica del gasto;Donaciones y transferencias;Recursos directamente recaudados;40100;No sectorizable (gasto por genérica);Localizada en Tacna;Sí;;Sí;0
7;ANEXO-7-2-2;258;1490;Gobierno local;230206;MUNICIPALIDAD DISTRITAL DE QUILAHUANI;Tacna;Candarave;Quilahuani;Quilahuani;;;;2.4;Genérica del gasto;Donaciones y transferencias;Recursos determinados;49507;No sectorizable (gasto por genérica);Localizada en Tacna;Sí;;Sí;0
7;ANEXO-7-2-2;258;1490;Gobierno local;230206;MUNICIPALIDAD DISTRITAL DE QUILAHUANI;Tacna;Candarave;Quilahuani;Quilahuani;;;;2.5;Genérica del gasto;Otros gastos;Recursos determinados;2500;No sectorizable (gasto por genérica);Localizada en Tacna;Sí;;Sí;0
7;ANEXO-7-2-2;258;1490;Gobierno local;230206;MUNICIPALIDAD DISTRITAL DE QUILAHUANI;Tacna;Candarave;Quilahuani;Quilahuani;;;;2.6;Genérica del gasto;Adquisición de activos no financieros;Recursos determinados;1587519;No sectorizable (gasto por genérica);Localizada en Tacna;Sí;;Sí;0
7;ANEXO-7-2-2;258;1490;Gobierno local;230301;MUNICIPALIDAD PROVINCIAL DE JORGE BASADRE -LOCUMBA;Tacna;Jorge Basadre;Locumba;Locumba;;;;2.1;Genérica del gasto;Personal y obligaciones sociales;Recursos directamente recaudados;3193795;No sectorizable (gasto por genérica);Localizada en Tacna;Sí;;Sí;0
7;ANEXO-7-2-2;258;1490;Gobierno local;230301;MUNICIPALIDAD PROVINCIAL DE JORGE BASADRE -LOCUMBA;Tacna;Jorge Basadre;Locumba;Locumba;;;;2.1;Genérica del gasto;Personal y obligaciones sociales;Recursos determinados;1338506;No sectorizable (gasto por genérica);Localizada en Tacna;Sí;;Sí;0
7;ANEXO-7-2-2;258;1490;Gobierno local;230301;MUNICIPALIDAD PROVINCIAL DE JORGE BASADRE -LOCUMBA;Tacna;Jorge Basadre;Locumba;Locumba;;;;2.2;Genérica del gasto;Pensiones y otras prestaciones sociales;Recursos ordinarios;307606;Previsión social;Localizada en Tacna;Sí;;Sí;0
7;ANEXO-7-2-2;258;1490;Gobierno local;230301;MUNICIPALIDAD PROVINCIAL DE JORGE BASADRE -LOCUMBA;Tacna;Jorge Basadre;Locumba;Locumba;;;;2.2;Genérica del gasto;Pensiones y otras prestaciones sociales;Recursos directamente recaudados;5000;Previsión social;Localizada en Tacna;Sí;;Sí;0
7;ANEXO-7-2-2;258;1490;Gobierno local;230301;MUNICIPALIDAD PROVINCIAL DE JORGE BASADRE -LOCUMBA;Tacna;Jorge Basadre;Locumba;Locumba;;;;2.3;Genérica del gasto;Bienes y servicios;Recursos ordinarios;29425;No sectorizable (gasto por genérica);Localizada en Tacna;Sí;;Sí;0
7;ANEXO-7-2-2;258;1490;Gobierno local;230301;MUNICIPALIDAD PROVINCIAL DE JORGE BASADRE -LOCUMBA;Tacna;Jorge Basadre;Locumba;Locumba;;;;2.3;Genérica del gasto;Bienes y servicios;Recursos directamente recaudados;979506;No sectorizable (gasto por genérica);Localizada en Tacna;Sí;;Sí;0
7;ANEXO-7-2-2;258;1490;Gobierno local;230301;MUNICIPALIDAD PROVINCIAL DE JORGE BASADRE -LOCUMBA;Tacna;Jorge Basadre;Locumba;Locumba;;;;2.3;Genérica del gasto;Bienes y servicios;Recursos determinados;20772847;No sectorizable (gasto por genérica);Localizada en Tacna;Sí;;Sí;0
7;ANEXO-7-2-2;258;1490;Gobierno local;230301;MUNICIPALIDAD PROVINCIAL DE JORGE BASADRE -LOCUMBA;Tacna;Jorge Basadre;Locumba;Locumba;;;;2.4;Genérica del gasto;Donaciones y transferencias;Recursos ordinarios;420899;No sectorizable (gasto por genérica);Localizada en Tacna;Sí;;Sí;0
7;ANEXO-7-2-2;258;1490;Gobierno local;230301;MUNICIPALIDAD PROVINCIAL DE JORGE BASADRE -LOCUMBA;Tacna;Jorge Basadre;Locumba;Locumba;;;;2.4;Genérica del gasto;Donaciones y transferencias;Recursos directamente recaudados;96168;No sectorizable (gasto por genérica);Localizada en Tacna;Sí;;Sí;0
7;ANEXO-7-2-2;258;1490;Gobierno local;230301;MUNICIPALIDAD PROVINCIAL DE JORGE BASADRE -LOCUMBA;Tacna;Jorge Basadre;Locumba;Locumba;;;;2.5;Genérica del gasto;Otros gastos;Recursos ordinarios;44531;No sectorizable (gasto por genérica);Localizada en Tacna;Sí;;Sí;0
7;ANEXO-7-2-2;258;1490;Gobierno local;230301;MUNICIPALIDAD PROVINCIAL DE JORGE BASADRE -LOCUMBA;Tacna;Jorge Basadre;Locumba;Locumba;;;;2.5;Genérica del gasto;Otros gastos;Recursos directamente recaudados;158520;No sectorizable (gasto por genérica);Localizada en Tacna;Sí;;Sí;0
7;ANEXO-7-2-2;258;1490;Gobierno local;230301;MUNICIPALIDAD PROVINCIAL DE JORGE BASADRE -LOCUMBA;Tacna;Jorge Basadre;Locumba;Locumba;;;;2.6;Genérica del gasto;Adquisición de activos no financieros;Recursos directamente recaudados;20983;No sectorizable (gasto por genérica);Localizada en Tacna;Sí;;Sí;0
7;ANEXO-7-2-2;258;1490;Gobierno local;230301;MUNICIPALIDAD PROVINCIAL DE JORGE BASADRE -LOCUMBA;Tacna;Jorge Basadre;Locumba;Locumba;;;;2.6;Genérica del gasto;Adquisición de activos no financieros;Recursos determinados;84149001;No sectorizable (gasto por genérica);Localizada en Tacna;Sí;;Sí;0
7;ANEXO-7-2-2;258;1490;Gobierno local;230302;MUNICIPALIDAD DISTRITAL DE ILABAYA;Tacna;Jorge Basadre;Ilabaya;Ilabaya;;;;2.1;Genérica del gasto;Personal y obligaciones sociales;Recursos directamente recaudados;3956336;No sectorizable (gasto por genérica);Localizada en Tacna;Sí;;Sí;0
7;ANEXO-7-2-2;258;1490;Gobierno local;230302;MUNICIPALIDAD DISTRITAL DE ILABAYA;Tacna;Jorge Basadre;Ilabaya;Ilabaya;;;;2.1;Genérica del gasto;Personal y obligaciones sociales;Recursos determinados;568475;No sectorizable (gasto por genérica);Localizada en Tacna;Sí;;Sí;0
7;ANEXO-7-2-2;258;1490;Gobierno local;230302;MUNICIPALIDAD DISTRITAL DE ILABAYA;Tacna;Jorge Basadre;Ilabaya;Ilabaya;;;;2.2;Genérica del gasto;Pensiones y otras prestaciones sociales;Recursos ordinarios;82283;Previsión social;Localizada en Tacna;Sí;;Sí;0
7;ANEXO-7-2-2;258;1490;Gobierno local;230302;MUNICIPALIDAD DISTRITAL DE ILABAYA;Tacna;Jorge Basadre;Ilabaya;Ilabaya;;;;2.2;Genérica del gasto;Pensiones y otras prestaciones sociales;Recursos directamente recaudados;17343;Previsión social;Localizada en Tacna;Sí;;Sí;0
7;ANEXO-7-2-2;258;1490;Gobierno local;230302;MUNICIPALIDAD DISTRITAL DE ILABAYA;Tacna;Jorge Basadre;Ilabaya;Ilabaya;;;;2.3;Genérica del gasto;Bienes y servicios;Recursos directamente recaudados;4761029;No sectorizable (gasto por genérica);Localizada en Tacna;Sí;;Sí;0
7;ANEXO-7-2-2;258;1490;Gobierno local;230302;MUNICIPALIDAD DISTRITAL DE ILABAYA;Tacna;Jorge Basadre;Ilabaya;Ilabaya;;;;2.3;Genérica del gasto;Bienes y servicios;Recursos determinados;40585799;No sectorizable (gasto por genérica);Localizada en Tacna;Sí;;Sí;0
7;ANEXO-7-2-2;258;1490;Gobierno local;230302;MUNICIPALIDAD DISTRITAL DE ILABAYA;Tacna;Jorge Basadre;Ilabaya;Ilabaya;;;;2.4;Genérica del gasto;Donaciones y transferencias;Recursos directamente recaudados;133272;No sectorizable (gasto por genérica);Localizada en Tacna;Sí;;Sí;0
7;ANEXO-7-2-2;258;1490;Gobierno local;230302;MUNICIPALIDAD DISTRITAL DE ILABAYA;Tacna;Jorge Basadre;Ilabaya;Ilabaya;;;;2.6;Genérica del gasto;Adquisición de activos no financieros;Recursos directamente recaudados;8480;No sectorizable (gasto por genérica);Localizada en Tacna;Sí;;Sí;0
7;ANEXO-7-2-2;258;1490;Gobierno local;230302;MUNICIPALIDAD DISTRITAL DE ILABAYA;Tacna;Jorge Basadre;Ilabaya;Ilabaya;;;;2.6;Genérica del gasto;Adquisición de activos no financieros;Recursos determinados;119542293;No sectorizable (gasto por genérica);Localizada en Tacna;Sí;;Sí;0
7;ANEXO-7-2-2;258;1490;Gobierno local;230302;MUNICIPALIDAD DISTRITAL DE ILABAYA;Tacna;Jorge Basadre;Ilabaya;Ilabaya;;;;2.8;Genérica del gasto;Servicio de la deuda pública;Recursos determinados;65187993;Deuda pública;Localizada en Tacna;Sí;;Sí;0
7;ANEXO-7-2-2;258;1490;Gobierno local;230303;MUNICIPALIDAD DISTRITAL DE ITE;Tacna;Jorge Basadre;Ite;Ite;;;;2.1;Genérica del gasto;Personal y obligaciones sociales;Recursos directamente recaudados;2242736;No sectorizable (gasto por genérica);Localizada en Tacna;Sí;;Sí;0
7;ANEXO-7-2-2;258;1490;Gobierno local;230303;MUNICIPALIDAD DISTRITAL DE ITE;Tacna;Jorge Basadre;Ite;Ite;;;;2.1;Genérica del gasto;Personal y obligaciones sociales;Recursos determinados;1010603;No sectorizable (gasto por genérica);Localizada en Tacna;Sí;;Sí;0
7;ANEXO-7-2-2;259;1491;Gobierno local;230303;MUNICIPALIDAD DISTRITAL DE ITE;Tacna;Jorge Basadre;Ite;Ite;;;;2.2;Genérica del gasto;Pensiones y otras prestaciones sociales;Recursos ordinarios;79440;Previsión social;Localizada en Tacna;Sí;;Sí;0
7;ANEXO-7-2-2;259;1491;Gobierno local;230303;MUNICIPALIDAD DISTRITAL DE ITE;Tacna;Jorge Basadre;Ite;Ite;;;;2.2;Genérica del gasto;Pensiones y otras prestaciones sociales;Recursos directamente recaudados;20000;Previsión social;Localizada en Tacna;Sí;;Sí;0
7;ANEXO-7-2-2;259;1491;Gobierno local;230303;MUNICIPALIDAD DISTRITAL DE ITE;Tacna;Jorge Basadre;Ite;Ite;;;;2.3;Genérica del gasto;Bienes y servicios;Recursos directamente recaudados;1967003;No sectorizable (gasto por genérica);Localizada en Tacna;Sí;;Sí;0
7;ANEXO-7-2-2;259;1491;Gobierno local;230303;MUNICIPALIDAD DISTRITAL DE ITE;Tacna;Jorge Basadre;Ite;Ite;;;;2.3;Genérica del gasto;Bienes y servicios;Recursos determinados;10067168;No sectorizable (gasto por genérica);Localizada en Tacna;Sí;;Sí;0
7;ANEXO-7-2-2;259;1491;Gobierno local;230303;MUNICIPALIDAD DISTRITAL DE ITE;Tacna;Jorge Basadre;Ite;Ite;;;;2.5;Genérica del gasto;Otros gastos;Recursos directamente recaudados;175500;No sectorizable (gasto por genérica);Localizada en Tacna;Sí;;Sí;0
7;ANEXO-7-2-2;259;1491;Gobierno local;230303;MUNICIPALIDAD DISTRITAL DE ITE;Tacna;Jorge Basadre;Ite;Ite;;;;2.6;Genérica del gasto;Adquisición de activos no financieros;Recursos directamente recaudados;21000;No sectorizable (gasto por genérica);Localizada en Tacna;Sí;;Sí;0
7;ANEXO-7-2-2;259;1491;Gobierno local;230303;MUNICIPALIDAD DISTRITAL DE ITE;Tacna;Jorge Basadre;Ite;Ite;;;;2.6;Genérica del gasto;Adquisición de activos no financieros;Recursos determinados;69883384;No sectorizable (gasto por genérica);Localizada en Tacna;Sí;;Sí;0
7;ANEXO-7-2-2;259;1491;Gobierno local;230401;MUNICIPALIDAD PROVINCIAL DE TARATA;Tacna;Tarata;Tarata;Tarata;;;;2.1;Genérica del gasto;Personal y obligaciones sociales;Recursos directamente recaudados;34995;No sectorizable (gasto por genérica);Localizada en Tacna;Sí;;Sí;0
7;ANEXO-7-2-2;259;1491;Gobierno local;230401;MUNICIPALIDAD PROVINCIAL DE TARATA;Tacna;Tarata;Tarata;Tarata;;;;2.1;Genérica del gasto;Personal y obligaciones sociales;Recursos determinados;930487;No sectorizable (gasto por genérica);Localizada en Tacna;Sí;;Sí;0
7;ANEXO-7-2-2;259;1491;Gobierno local;230401;MUNICIPALIDAD PROVINCIAL DE TARATA;Tacna;Tarata;Tarata;Tarata;;;;2.2;Genérica del gasto;Pensiones y otras prestaciones sociales;Recursos ordinarios;341416;Previsión social;Localizada en Tacna;Sí;;Sí;0
7;ANEXO-7-2-2;259;1491;Gobierno local;230401;MUNICIPALIDAD PROVINCIAL DE TARATA;Tacna;Tarata;Tarata;Tarata;;;;2.2;Genérica del gasto;Pensiones y otras prestaciones sociales;Recursos determinados;8569;Previsión social;Localizada en Tacna;Sí;;Sí;0
7;ANEXO-7-2-2;259;1491;Gobierno local;230401;MUNICIPALIDAD PROVINCIAL DE TARATA;Tacna;Tarata;Tarata;Tarata;;;;2.3;Genérica del gasto;Bienes y servicios;Recursos ordinarios;441604;No sectorizable (gasto por genérica);Localizada en Tacna;Sí;;Sí;0
7;ANEXO-7-2-2;259;1491;Gobierno local;230401;MUNICIPALIDAD PROVINCIAL DE TARATA;Tacna;Tarata;Tarata;Tarata;;;;2.3;Genérica del gasto;Bienes y servicios;Recursos directamente recaudados;228766;No sectorizable (gasto por genérica);Localizada en Tacna;Sí;;Sí;0
7;ANEXO-7-2-2;259;1491;Gobierno local;230401;MUNICIPALIDAD PROVINCIAL DE TARATA;Tacna;Tarata;Tarata;Tarata;;;;2.3;Genérica del gasto;Bienes y servicios;Recursos determinados;1587543;No sectorizable (gasto por genérica);Localizada en Tacna;Sí;;Sí;0
7;ANEXO-7-2-2;259;1491;Gobierno local;230401;MUNICIPALIDAD PROVINCIAL DE TARATA;Tacna;Tarata;Tarata;Tarata;;;;2.4;Genérica del gasto;Donaciones y transferencias;Recursos ordinarios;8920;No sectorizable (gasto por genérica);Localizada en Tacna;Sí;;Sí;0
7;ANEXO-7-2-2;259;1491;Gobierno local;230401;MUNICIPALIDAD PROVINCIAL DE TARATA;Tacna;Tarata;Tarata;Tarata;;;;2.4;Genérica del gasto;Donaciones y transferencias;Recursos determinados;68580;No sectorizable (gasto por genérica);Localizada en Tacna;Sí;;Sí;0
7;ANEXO-7-2-2;259;1491;Gobierno local;230401;MUNICIPALIDAD PROVINCIAL DE TARATA;Tacna;Tarata;Tarata;Tarata;;;;2.5;Genérica del gasto;Otros gastos;Recursos ordinarios;44590;No sectorizable (gasto por genérica);Localizada en Tacna;Sí;;Sí;0
7;ANEXO-7-2-2;259;1491;Gobierno local;230401;MUNICIPALIDAD PROVINCIAL DE TARATA;Tacna;Tarata;Tarata;Tarata;;;;2.5;Genérica del gasto;Otros gastos;Recursos directamente recaudados;25000;No sectorizable (gasto por genérica);Localizada en Tacna;Sí;;Sí;0
7;ANEXO-7-2-2;259;1491;Gobierno local;230401;MUNICIPALIDAD PROVINCIAL DE TARATA;Tacna;Tarata;Tarata;Tarata;;;;2.5;Genérica del gasto;Otros gastos;Recursos determinados;7500;No sectorizable (gasto por genérica);Localizada en Tacna;Sí;;Sí;0
7;ANEXO-7-2-2;259;1491;Gobierno local;230401;MUNICIPALIDAD PROVINCIAL DE TARATA;Tacna;Tarata;Tarata;Tarata;;;;2.6;Genérica del gasto;Adquisición de activos no financieros;Recursos determinados;4190294;No sectorizable (gasto por genérica);Localizada en Tacna;Sí;;Sí;0
7;ANEXO-7-2-2;259;1491;Gobierno local;230402;MUNICIPALIDAD DISTRITAL DE CHUCATAMANI;Tacna;Tarata;Chucatamani;Chucatamani;;;;2.1;Genérica del gasto;Personal y obligaciones sociales;Recursos determinados;326626;No sectorizable (gasto por genérica);Localizada en Tacna;Sí;;Sí;0
7;ANEXO-7-2-2;259;1491;Gobierno local;230402;MUNICIPALIDAD DISTRITAL DE CHUCATAMANI;Tacna;Tarata;Chucatamani;Chucatamani;;;;2.2;Genérica del gasto;Pensiones y otras prestaciones sociales;Recursos ordinarios;5710;Previsión social;Localizada en Tacna;Sí;;Sí;0
7;ANEXO-7-2-2;259;1491;Gobierno local;230402;MUNICIPALIDAD DISTRITAL DE CHUCATAMANI;Tacna;Tarata;Chucatamani;Chucatamani;;;;2.3;Genérica del gasto;Bienes y servicios;Recursos directamente recaudados;182000;No sectorizable (gasto por genérica);Localizada en Tacna;Sí;;Sí;0
7;ANEXO-7-2-2;259;1491;Gobierno local;230402;MUNICIPALIDAD DISTRITAL DE CHUCATAMANI;Tacna;Tarata;Chucatamani;Chucatamani;;;;2.3;Genérica del gasto;Bienes y servicios;Recursos determinados;806987;No sectorizable (gasto por genérica);Localizada en Tacna;Sí;;Sí;0
7;ANEXO-7-2-2;259;1491;Gobierno local;230402;MUNICIPALIDAD DISTRITAL DE CHUCATAMANI;Tacna;Tarata;Chucatamani;Chucatamani;;;;2.4;Genérica del gasto;Donaciones y transferencias;Recursos determinados;49500;No sectorizable (gasto por genérica);Localizada en Tacna;Sí;;Sí;0
7;ANEXO-7-2-2;259;1491;Gobierno local;230402;MUNICIPALIDAD DISTRITAL DE CHUCATAMANI;Tacna;Tarata;Chucatamani;Chucatamani;;;;2.6;Genérica del gasto;Adquisición de activos no financieros;Recursos determinados;758930;No sectorizable (gasto por genérica);Localizada en Tacna;Sí;;Sí;0
7;ANEXO-7-2-2;259;1491;Gobierno local;230403;MUNICIPALIDAD DISTRITAL DE ESTIQUE;Tacna;Tarata;Estique;Estique;;;;2.1;Genérica del gasto;Personal y obligaciones sociales;Recursos determinados;532962;No sectorizable (gasto por genérica);Localizada en Tacna;Sí;;Sí;0
7;ANEXO-7-2-2;259;1491;Gobierno local;230403;MUNICIPALIDAD DISTRITAL DE ESTIQUE;Tacna;Tarata;Estique;Estique;;;;2.2;Genérica del gasto;Pensiones y otras prestaciones sociales;Recursos ordinarios;8459;Previsión social;Localizada en Tacna;Sí;;Sí;0
7;ANEXO-7-2-2;259;1491;Gobierno local;230403;MUNICIPALIDAD DISTRITAL DE ESTIQUE;Tacna;Tarata;Estique;Estique;;;;2.3;Genérica del gasto;Bienes y servicios;Recursos directamente recaudados;178300;No sectorizable (gasto por genérica);Localizada en Tacna;Sí;;Sí;0
7;ANEXO-7-2-2;259;1491;Gobierno local;230403;MUNICIPALIDAD DISTRITAL DE ESTIQUE;Tacna;Tarata;Estique;Estique;;;;2.3;Genérica del gasto;Bienes y servicios;Recursos determinados;539302;No sectorizable (gasto por genérica);Localizada en Tacna;Sí;;Sí;0
7;ANEXO-7-2-2;259;1491;Gobierno local;230403;MUNICIPALIDAD DISTRITAL DE ESTIQUE;Tacna;Tarata;Estique;Estique;;;;2.5;Genérica del gasto;Otros gastos;Recursos determinados;12262;No sectorizable (gasto por genérica);Localizada en Tacna;Sí;;Sí;0
7;ANEXO-7-2-2;260;1492;Gobierno local;230403;MUNICIPALIDAD DISTRITAL DE ESTIQUE;Tacna;Tarata;Estique;Estique;;;;2.6;Genérica del gasto;Adquisición de activos no financieros;Recursos determinados;333349;No sectorizable (gasto por genérica);Localizada en Tacna;Sí;;Sí;0
7;ANEXO-7-2-2;260;1492;Gobierno local;230404;MUNICIPALIDAD DISTRITAL DE ESTIQUE-PAMPA;Tacna;Tarata;Estique-Pampa;Estique-Pampa;;;;2.1;Genérica del gasto;Personal y obligaciones sociales;Recursos determinados;490876;No sectorizable (gasto por genérica);Localizada en Tacna;Sí;;Sí;0
7;ANEXO-7-2-2;260;1492;Gobierno local;230404;MUNICIPALIDAD DISTRITAL DE ESTIQUE-PAMPA;Tacna;Tarata;Estique-Pampa;Estique-Pampa;;;;2.2;Genérica del gasto;Pensiones y otras prestaciones sociales;Recursos ordinarios;2462;Previsión social;Localizada en Tacna;Sí;;Sí;0
7;ANEXO-7-2-2;260;1492;Gobierno local;230404;MUNICIPALIDAD DISTRITAL DE ESTIQUE-PAMPA;Tacna;Tarata;Estique-Pampa;Estique-Pampa;;;;2.3;Genérica del gasto;Bienes y servicios;Recursos directamente recaudados;21125;No sectorizable (gasto por genérica);Localizada en Tacna;Sí;;Sí;0
7;ANEXO-7-2-2;260;1492;Gobierno local;230404;MUNICIPALIDAD DISTRITAL DE ESTIQUE-PAMPA;Tacna;Tarata;Estique-Pampa;Estique-Pampa;;;;2.3;Genérica del gasto;Bienes y servicios;Recursos determinados;578887;No sectorizable (gasto por genérica);Localizada en Tacna;Sí;;Sí;0
7;ANEXO-7-2-2;260;1492;Gobierno local;230404;MUNICIPALIDAD DISTRITAL DE ESTIQUE-PAMPA;Tacna;Tarata;Estique-Pampa;Estique-Pampa;;;;2.5;Genérica del gasto;Otros gastos;Recursos determinados;1000;No sectorizable (gasto por genérica);Localizada en Tacna;Sí;;Sí;0
7;ANEXO-7-2-2;260;1492;Gobierno local;230404;MUNICIPALIDAD DISTRITAL DE ESTIQUE-PAMPA;Tacna;Tarata;Estique-Pampa;Estique-Pampa;;;;2.6;Genérica del gasto;Adquisición de activos no financieros;Recursos determinados;428200;No sectorizable (gasto por genérica);Localizada en Tacna;Sí;;Sí;0
7;ANEXO-7-2-2;260;1492;Gobierno local;230405;MUNICIPALIDAD DISTRITAL DE SITAJARA;Tacna;Tarata;Sitajara;Sitajara;;;;2.1;Genérica del gasto;Personal y obligaciones sociales;Recursos determinados;283668;No sectorizable (gasto por genérica);Localizada en Tacna;Sí;;Sí;0
7;ANEXO-7-2-2;260;1492;Gobierno local;230405;MUNICIPALIDAD DISTRITAL DE SITAJARA;Tacna;Tarata;Sitajara;Sitajara;;;;2.2;Genérica del gasto;Pensiones y otras prestaciones sociales;Recursos ordinarios;6314;Previsión social;Localizada en Tacna;Sí;;Sí;0
7;ANEXO-7-2-2;260;1492;Gobierno local;230405;MUNICIPALIDAD DISTRITAL DE SITAJARA;Tacna;Tarata;Sitajara;Sitajara;;;;2.3;Genérica del gasto;Bienes y servicios;Recursos directamente recaudados;13700;No sectorizable (gasto por genérica);Localizada en Tacna;Sí;;Sí;0
7;ANEXO-7-2-2;260;1492;Gobierno local;230405;MUNICIPALIDAD DISTRITAL DE SITAJARA;Tacna;Tarata;Sitajara;Sitajara;;;;2.3;Genérica del gasto;Bienes y servicios;Recursos determinados;838779;No sectorizable (gasto por genérica);Localizada en Tacna;Sí;;Sí;0
7;ANEXO-7-2-2;260;1492;Gobierno local;230405;MUNICIPALIDAD DISTRITAL DE SITAJARA;Tacna;Tarata;Sitajara;Sitajara;;;;2.5;Genérica del gasto;Otros gastos;Recursos determinados;5000;No sectorizable (gasto por genérica);Localizada en Tacna;Sí;;Sí;0
7;ANEXO-7-2-2;260;1492;Gobierno local;230405;MUNICIPALIDAD DISTRITAL DE SITAJARA;Tacna;Tarata;Sitajara;Sitajara;;;;2.6;Genérica del gasto;Adquisición de activos no financieros;Recursos determinados;618560;No sectorizable (gasto por genérica);Localizada en Tacna;Sí;;Sí;0
7;ANEXO-7-2-2;260;1492;Gobierno local;230406;MUNICIPALIDAD DISTRITAL DE SUSAPAYA;Tacna;Tarata;Susapaya;Susapaya;;;;2.1;Genérica del gasto;Personal y obligaciones sociales;Recursos determinados;523333;No sectorizable (gasto por genérica);Localizada en Tacna;Sí;;Sí;0
7;ANEXO-7-2-2;260;1492;Gobierno local;230406;MUNICIPALIDAD DISTRITAL DE SUSAPAYA;Tacna;Tarata;Susapaya;Susapaya;;;;2.2;Genérica del gasto;Pensiones y otras prestaciones sociales;Recursos ordinarios;23349;Previsión social;Localizada en Tacna;Sí;;Sí;0
7;ANEXO-7-2-2;260;1492;Gobierno local;230406;MUNICIPALIDAD DISTRITAL DE SUSAPAYA;Tacna;Tarata;Susapaya;Susapaya;;;;2.3;Genérica del gasto;Bienes y servicios;Recursos directamente recaudados;36000;No sectorizable (gasto por genérica);Localizada en Tacna;Sí;;Sí;0
7;ANEXO-7-2-2;260;1492;Gobierno local;230406;MUNICIPALIDAD DISTRITAL DE SUSAPAYA;Tacna;Tarata;Susapaya;Susapaya;;;;2.3;Genérica del gasto;Bienes y servicios;Donaciones y transferencias;1000;No sectorizable (gasto por genérica);Localizada en Tacna;Sí;;Sí;0
7;ANEXO-7-2-2;260;1492;Gobierno local;230406;MUNICIPALIDAD DISTRITAL DE SUSAPAYA;Tacna;Tarata;Susapaya;Susapaya;;;;2.3;Genérica del gasto;Bienes y servicios;Recursos determinados;638292;No sectorizable (gasto por genérica);Localizada en Tacna;Sí;;Sí;0
7;ANEXO-7-2-2;260;1492;Gobierno local;230406;MUNICIPALIDAD DISTRITAL DE SUSAPAYA;Tacna;Tarata;Susapaya;Susapaya;;;;2.5;Genérica del gasto;Otros gastos;Recursos determinados;5000;No sectorizable (gasto por genérica);Localizada en Tacna;Sí;;Sí;0
7;ANEXO-7-2-2;260;1492;Gobierno local;230406;MUNICIPALIDAD DISTRITAL DE SUSAPAYA;Tacna;Tarata;Susapaya;Susapaya;;;;2.6;Genérica del gasto;Adquisición de activos no financieros;Recursos determinados;1110481;No sectorizable (gasto por genérica);Localizada en Tacna;Sí;;Sí;0
7;ANEXO-7-2-2;260;1492;Gobierno local;230407;MUNICIPALIDAD DISTRITAL DE TARUCACHI;Tacna;Tarata;Tarucachi;Tarucachi;;;;2.1;Genérica del gasto;Personal y obligaciones sociales;Recursos determinados;495077;No sectorizable (gasto por genérica);Localizada en Tacna;Sí;;Sí;0
7;ANEXO-7-2-2;260;1492;Gobierno local;230407;MUNICIPALIDAD DISTRITAL DE TARUCACHI;Tacna;Tarata;Tarucachi;Tarucachi;;;;2.2;Genérica del gasto;Pensiones y otras prestaciones sociales;Recursos ordinarios;7746;Previsión social;Localizada en Tacna;Sí;;Sí;0
7;ANEXO-7-2-2;260;1492;Gobierno local;230407;MUNICIPALIDAD DISTRITAL DE TARUCACHI;Tacna;Tarata;Tarucachi;Tarucachi;;;;2.3;Genérica del gasto;Bienes y servicios;Recursos directamente recaudados;71050;No sectorizable (gasto por genérica);Localizada en Tacna;Sí;;Sí;0
7;ANEXO-7-2-2;260;1492;Gobierno local;230407;MUNICIPALIDAD DISTRITAL DE TARUCACHI;Tacna;Tarata;Tarucachi;Tarucachi;;;;2.3;Genérica del gasto;Bienes y servicios;Recursos determinados;709971;No sectorizable (gasto por genérica);Localizada en Tacna;Sí;;Sí;0
7;ANEXO-7-2-2;261;1493;Gobierno local;230407;MUNICIPALIDAD DISTRITAL DE TARUCACHI;Tacna;Tarata;Tarucachi;Tarucachi;;;;2.6;Genérica del gasto;Adquisición de activos no financieros;Recursos determinados;826895;No sectorizable (gasto por genérica);Localizada en Tacna;Sí;;Sí;0
7;ANEXO-7-2-2;261;1493;Gobierno local;230408;MUNICIPALIDAD DISTRITAL DE TICACO;Tacna;Tarata;Ticaco;Ticaco;;;;2.1;Genérica del gasto;Personal y obligaciones sociales;Recursos directamente recaudados;16500;No sectorizable (gasto por genérica);Localizada en Tacna;Sí;;Sí;0
7;ANEXO-7-2-2;261;1493;Gobierno local;230408;MUNICIPALIDAD DISTRITAL DE TICACO;Tacna;Tarata;Ticaco;Ticaco;;;;2.1;Genérica del gasto;Personal y obligaciones sociales;Recursos determinados;477196;No sectorizable (gasto por genérica);Localizada en Tacna;Sí;;Sí;0
7;ANEXO-7-2-2;261;1493;Gobierno local;230408;MUNICIPALIDAD DISTRITAL DE TICACO;Tacna;Tarata;Ticaco;Ticaco;;;;2.2;Genérica del gasto;Pensiones y otras prestaciones sociales;Recursos ordinarios;21757;Previsión social;Localizada en Tacna;Sí;;Sí;0
7;ANEXO-7-2-2;261;1493;Gobierno local;230408;MUNICIPALIDAD DISTRITAL DE TICACO;Tacna;Tarata;Ticaco;Ticaco;;;;2.3;Genérica del gasto;Bienes y servicios;Recursos directamente recaudados;321620;No sectorizable (gasto por genérica);Localizada en Tacna;Sí;;Sí;0
7;ANEXO-7-2-2;261;1493;Gobierno local;230408;MUNICIPALIDAD DISTRITAL DE TICACO;Tacna;Tarata;Ticaco;Ticaco;;;;2.3;Genérica del gasto;Bienes y servicios;Recursos determinados;843323;No sectorizable (gasto por genérica);Localizada en Tacna;Sí;;Sí;0
7;ANEXO-7-2-2;261;1493;Gobierno local;230408;MUNICIPALIDAD DISTRITAL DE TICACO;Tacna;Tarata;Ticaco;Ticaco;;;;2.6;Genérica del gasto;Adquisición de activos no financieros;Recursos determinados;1390451;No sectorizable (gasto por genérica);Localizada en Tacna;Sí;;Sí;0
8;ANEXO-8-1;6;1508;Gobierno regional;460;Gobierno Regional del Departamento de Tacna;Tacna;;;;Programas presupuestales;SALUD MATERNO NEONATAL;;;Asignación por programa presupuestal;SALUD MATERNO NEONATAL;;28918946;Salud;Localizada en Tacna;No, replica los anexos 6 y 7;;No aplica;
8;ANEXO-8-1;24;1526;Gobierno local;230102;MUNICIPALIDAD DISTRITAL DE ALTO DE LA ALIANZA;Tacna;Tacna;Alto de la Alianza;Alto de la Alianza;Programas presupuestales;SALUD MATERNO NEONATAL;;;Asignación por programa presupuestal;SALUD MATERNO NEONATAL;;18000;Salud;Localizada en Tacna;No, replica los anexos 6 y 7;;No aplica;
8;ANEXO-8-1;24;1526;Gobierno local;230104;MUNICIPALIDAD DISTRITAL DE CIUDAD NUEVA;Tacna;Tacna;Ciudad Nueva;Ciudad Nueva;Programas presupuestales;SALUD MATERNO NEONATAL;;;Asignación por programa presupuestal;SALUD MATERNO NEONATAL;;10000;Salud;Localizada en Tacna;No, replica los anexos 6 y 7;;No aplica;
8;ANEXO-8-1;24;1526;Gobierno local;230107;MUNICIPALIDAD DISTRITAL DE PALCA;Tacna;Tacna;Palca;Palca;Programas presupuestales;SALUD MATERNO NEONATAL;;;Asignación por programa presupuestal;SALUD MATERNO NEONATAL;;22300;Salud;Localizada en Tacna;No, replica los anexos 6 y 7;;No aplica;
8;ANEXO-8-1;24;1526;Gobierno local;230303;MUNICIPALIDAD DISTRITAL DE ITE;Tacna;Jorge Basadre;Ite;Ite;Programas presupuestales;SALUD MATERNO NEONATAL;;;Asignación por programa presupuestal;SALUD MATERNO NEONATAL;;3260658;Salud;Localizada en Tacna;No, replica los anexos 6 y 7;;No aplica;
8;ANEXO-8-1;27;1529;Gobierno regional;460;Gobierno Regional del Departamento de Tacna;Tacna;;;;Programas presupuestales;TBC-VIH/SIDA;;;Asignación por programa presupuestal;TBC-VIH/SIDA;;12758882;Salud;Localizada en Tacna;No, replica los anexos 6 y 7;;No aplica;
8;ANEXO-8-1;34;1536;Gobierno local;230101;MUNICIPALIDAD PROVINCIAL DE TACNA;Tacna;Tacna;Tacna;Tacna;Programas presupuestales;TBC-VIH/SIDA;;;Asignación por programa presupuestal;TBC-VIH/SIDA;;1710318;Salud;Localizada en Tacna;No, replica los anexos 6 y 7;;No aplica;
8;ANEXO-8-1;34;1536;Gobierno local;230201;MUNICIPALIDAD PROVINCIAL DE CANDARAVE;Tacna;Candarave;Candarave;Candarave;Programas presupuestales;TBC-VIH/SIDA;;;Asignación por programa presupuestal;TBC-VIH/SIDA;;6191;Salud;Localizada en Tacna;No, replica los anexos 6 y 7;;No aplica;
8;ANEXO-8-1;34;1536;Gobierno local;230301;MUNICIPALIDAD PROVINCIAL DE JORGE BASADRE -LOCUMBA;Tacna;Jorge Basadre;Locumba;Locumba;Programas presupuestales;TBC-VIH/SIDA;;;Asignación por programa presupuestal;TBC-VIH/SIDA;;22130;Salud;Localizada en Tacna;No, replica los anexos 6 y 7;;No aplica;
8;ANEXO-8-1;34;1536;Gobierno local;230401;MUNICIPALIDAD PROVINCIAL DE TARATA;Tacna;Tarata;Tarata;Tarata;Programas presupuestales;TBC-VIH/SIDA;;;Asignación por programa presupuestal;TBC-VIH/SIDA;;12382;Salud;Localizada en Tacna;No, replica los anexos 6 y 7;;No aplica;
8;ANEXO-8-1;37;1539;Gobierno regional;460;Gobierno Regional del Departamento de Tacna;Tacna;;;;Programas presupuestales;ENFERMEDADES METAXENICAS Y ZOONOSIS;;;Asignación por programa presupuestal;ENFERMEDADES METAXENICAS Y ZOONOSIS;;1105557;Salud;Localizada en Tacna;No, replica los anexos 6 y 7;;No aplica;
8;ANEXO-8-1;52;1554;Gobierno regional;460;Gobierno Regional del Departamento de Tacna;Tacna;;;;Programas presupuestales;ENFERMEDADES NO TRANSMISIBLES;;;Asignación por programa presupuestal;ENFERMEDADES NO TRANSMISIBLES;;11605200;Salud;Localizada en Tacna;No, replica los anexos 6 y 7;;No aplica;
8;ANEXO-8-1;56;1558;Gobierno regional;460;Gobierno Regional del Departamento de Tacna;Tacna;;;;Programas presupuestales;PREVENCION Y CONTROL DEL CANCER;;;Asignación por programa presupuestal;PREVENCION Y CONTROL DEL CANCER;;3201188;Salud;Localizada en Tacna;No, replica los anexos 6 y 7;;No aplica;
8;ANEXO-8-1;116;1618;Gobierno local;230101;MUNICIPALIDAD PROVINCIAL DE TACNA;Tacna;Tacna;Tacna;Tacna;Programas presupuestales;REDUCCION DE DELITOS Y FALTAS QUE AFECTAN LA SEGURIDAD CIUDADANA;;;Asignación por programa presupuestal;REDUCCION DE DELITOS Y FALTAS QUE AFECTAN LA SEGURIDAD CIUDADANA;;22642023;Orden público y seguridad;Localizada en Tacna;No, replica los anexos 6 y 7;;No aplica;
8;ANEXO-8-1;116;1618;Gobierno local;230102;MUNICIPALIDAD DISTRITAL DE ALTO DE LA ALIANZA;Tacna;Tacna;Alto de la Alianza;Alto de la Alianza;Programas presupuestales;REDUCCION DE DELITOS Y FALTAS QUE AFECTAN LA SEGURIDAD CIUDADANA;;;Asignación por programa presupuestal;REDUCCION DE DELITOS Y FALTAS QUE AFECTAN LA SEGURIDAD CIUDADANA;;9559914;Orden público y seguridad;Localizada en Tacna;No, replica los anexos 6 y 7;;No aplica;
8;ANEXO-8-1;116;1618;Gobierno local;230103;MUNICIPALIDAD DISTRITAL DE CALANA;Tacna;Tacna;Calana;Calana;Programas presupuestales;REDUCCION DE DELITOS Y FALTAS QUE AFECTAN LA SEGURIDAD CIUDADANA;;;Asignación por programa presupuestal;REDUCCION DE DELITOS Y FALTAS QUE AFECTAN LA SEGURIDAD CIUDADANA;;248287;Orden público y seguridad;Localizada en Tacna;No, replica los anexos 6 y 7;;No aplica;
8;ANEXO-8-1;116;1618;Gobierno local;230104;MUNICIPALIDAD DISTRITAL DE CIUDAD NUEVA;Tacna;Tacna;Ciudad Nueva;Ciudad Nueva;Programas presupuestales;REDUCCION DE DELITOS Y FALTAS QUE AFECTAN LA SEGURIDAD CIUDADANA;;;Asignación por programa presupuestal;REDUCCION DE DELITOS Y FALTAS QUE AFECTAN LA SEGURIDAD CIUDADANA;;1195268;Orden público y seguridad;Localizada en Tacna;No, replica los anexos 6 y 7;;No aplica;
8;ANEXO-8-1;116;1618;Gobierno local;230105;MUNICIPALIDAD DISTRITAL DE INCLAN;Tacna;Tacna;Inclán;Inclán;Programas presupuestales;REDUCCION DE DELITOS Y FALTAS QUE AFECTAN LA SEGURIDAD CIUDADANA;;;Asignación por programa presupuestal;REDUCCION DE DELITOS Y FALTAS QUE AFECTAN LA SEGURIDAD CIUDADANA;;150160;Orden público y seguridad;Localizada en Tacna;No, replica los anexos 6 y 7;;No aplica;
8;ANEXO-8-1;116;1618;Gobierno local;230106;MUNICIPALIDAD DISTRITAL DE PACHIA;Tacna;Tacna;Pachía;Pachía;Programas presupuestales;REDUCCION DE DELITOS Y FALTAS QUE AFECTAN LA SEGURIDAD CIUDADANA;;;Asignación por programa presupuestal;REDUCCION DE DELITOS Y FALTAS QUE AFECTAN LA SEGURIDAD CIUDADANA;;24000;Orden público y seguridad;Localizada en Tacna;No, replica los anexos 6 y 7;;No aplica;
8;ANEXO-8-1;116;1618;Gobierno local;230107;MUNICIPALIDAD DISTRITAL DE PALCA;Tacna;Tacna;Palca;Palca;Programas presupuestales;REDUCCION DE DELITOS Y FALTAS QUE AFECTAN LA SEGURIDAD CIUDADANA;;;Asignación por programa presupuestal;REDUCCION DE DELITOS Y FALTAS QUE AFECTAN LA SEGURIDAD CIUDADANA;;4220;Orden público y seguridad;Localizada en Tacna;No, replica los anexos 6 y 7;;No aplica;
8;ANEXO-8-1;116;1618;Gobierno local;230108;MUNICIPALIDAD DISTRITAL DE POCOLLAY;Tacna;Tacna;Pocollay;Pocollay;Programas presupuestales;REDUCCION DE DELITOS Y FALTAS QUE AFECTAN LA SEGURIDAD CIUDADANA;;;Asignación por programa presupuestal;REDUCCION DE DELITOS Y FALTAS QUE AFECTAN LA SEGURIDAD CIUDADANA;;398550;Orden público y seguridad;Localizada en Tacna;No, replica los anexos 6 y 7;;No aplica;
8;ANEXO-8-1;116;1618;Gobierno local;230109;MUNICIPALIDAD DISTRITAL DE SAMA;Tacna;Tacna;Sama;Sama;Programas presupuestales;REDUCCION DE DELITOS Y FALTAS QUE AFECTAN LA SEGURIDAD CIUDADANA;;;Asignación por programa presupuestal;REDUCCION DE DELITOS Y FALTAS QUE AFECTAN LA SEGURIDAD CIUDADANA;;98980;Orden público y seguridad;Localizada en Tacna;No, replica los anexos 6 y 7;;No aplica;
8;ANEXO-8-1;116;1618;Gobierno local;230110;MUNICIPALIDAD DISTRITAL DE CORONEL GREGORIO ALBARRACIN LANCHIPA;Tacna;Tacna;Coronel Gregorio Albarracín Lanchipa;Coronel Gregorio Albarracín Lanchipa;Programas presupuestales;REDUCCION DE DELITOS Y FALTAS QUE AFECTAN LA SEGURIDAD CIUDADANA;;;Asignación por programa presupuestal;REDUCCION DE DELITOS Y FALTAS QUE AFECTAN LA SEGURIDAD CIUDADANA;;5822421;Orden público y seguridad;Localizada en Tacna;No, replica los anexos 6 y 7;;No aplica;
8;ANEXO-8-1;116;1618;Gobierno local;230111;MUNICIPALIDAD DISTRITAL DE LA YARADA LOS PALOS;Tacna;Tacna;La Yarada Los Palos;La Yarada Los Palos;Programas presupuestales;REDUCCION DE DELITOS Y FALTAS QUE AFECTAN LA SEGURIDAD CIUDADANA;;;Asignación por programa presupuestal;REDUCCION DE DELITOS Y FALTAS QUE AFECTAN LA SEGURIDAD CIUDADANA;;3356844;Orden público y seguridad;Localizada en Tacna;No, replica los anexos 6 y 7;;No aplica;
8;ANEXO-8-1;116;1618;Gobierno local;230201;MUNICIPALIDAD PROVINCIAL DE CANDARAVE;Tacna;Candarave;Candarave;Candarave;Programas presupuestales;REDUCCION DE DELITOS Y FALTAS QUE AFECTAN LA SEGURIDAD CIUDADANA;;;Asignación por programa presupuestal;REDUCCION DE DELITOS Y FALTAS QUE AFECTAN LA SEGURIDAD CIUDADANA;;48500;Orden público y seguridad;Localizada en Tacna;No, replica los anexos 6 y 7;;No aplica;
8;ANEXO-8-1;116;1618;Gobierno local;230202;MUNICIPALIDAD DISTRITAL DE CAIRANI;Tacna;Candarave;Cairani;Cairani;Programas presupuestales;REDUCCION DE DELITOS Y FALTAS QUE AFECTAN LA SEGURIDAD CIUDADANA;;;Asignación por programa presupuestal;REDUCCION DE DELITOS Y FALTAS QUE AFECTAN LA SEGURIDAD CIUDADANA;;13000;Orden público y seguridad;Localizada en Tacna;No, replica los anexos 6 y 7;;No aplica;
8;ANEXO-8-1;116;1618;Gobierno local;230203;MUNICIPALIDAD DISTRITAL DE CAMILACA;Tacna;Candarave;Camilaca;Camilaca;Programas presupuestales;REDUCCION DE DELITOS Y FALTAS QUE AFECTAN LA SEGURIDAD CIUDADANA;;;Asignación por programa presupuestal;REDUCCION DE DELITOS Y FALTAS QUE AFECTAN LA SEGURIDAD CIUDADANA;;50000;Orden público y seguridad;Localizada en Tacna;No, replica los anexos 6 y 7;;No aplica;
8;ANEXO-8-1;116;1618;Gobierno local;230204;MUNICIPALIDAD DISTRITAL DE CURIBAYA;Tacna;Candarave;Curibaya;Curibaya;Programas presupuestales;REDUCCION DE DELITOS Y FALTAS QUE AFECTAN LA SEGURIDAD CIUDADANA;;;Asignación por programa presupuestal;REDUCCION DE DELITOS Y FALTAS QUE AFECTAN LA SEGURIDAD CIUDADANA;;37543;Orden público y seguridad;Localizada en Tacna;No, replica los anexos 6 y 7;;No aplica;
8;ANEXO-8-1;116;1618;Gobierno local;230206;MUNICIPALIDAD DISTRITAL DE QUILAHUANI;Tacna;Candarave;Quilahuani;Quilahuani;Programas presupuestales;REDUCCION DE DELITOS Y FALTAS QUE AFECTAN LA SEGURIDAD CIUDADANA;;;Asignación por programa presupuestal;REDUCCION DE DELITOS Y FALTAS QUE AFECTAN LA SEGURIDAD CIUDADANA;;10000;Orden público y seguridad;Localizada en Tacna;No, replica los anexos 6 y 7;;No aplica;
8;ANEXO-8-1;116;1618;Gobierno local;230301;MUNICIPALIDAD PROVINCIAL DE JORGE BASADRE -LOCUMBA;Tacna;Jorge Basadre;Locumba;Locumba;Programas presupuestales;REDUCCION DE DELITOS Y FALTAS QUE AFECTAN LA SEGURIDAD CIUDADANA;;;Asignación por programa presupuestal;REDUCCION DE DELITOS Y FALTAS QUE AFECTAN LA SEGURIDAD CIUDADANA;;1037484;Orden público y seguridad;Localizada en Tacna;No, replica los anexos 6 y 7;;No aplica;
8;ANEXO-8-1;116;1618;Gobierno local;230302;MUNICIPALIDAD DISTRITAL DE ILABAYA;Tacna;Jorge Basadre;Ilabaya;Ilabaya;Programas presupuestales;REDUCCION DE DELITOS Y FALTAS QUE AFECTAN LA SEGURIDAD CIUDADANA;;;Asignación por programa presupuestal;REDUCCION DE DELITOS Y FALTAS QUE AFECTAN LA SEGURIDAD CIUDADANA;;50000;Orden público y seguridad;Localizada en Tacna;No, replica los anexos 6 y 7;;No aplica;
8;ANEXO-8-1;116;1618;Gobierno local;230303;MUNICIPALIDAD DISTRITAL DE ITE;Tacna;Jorge Basadre;Ite;Ite;Programas presupuestales;REDUCCION DE DELITOS Y FALTAS QUE AFECTAN LA SEGURIDAD CIUDADANA;;;Asignación por programa presupuestal;REDUCCION DE DELITOS Y FALTAS QUE AFECTAN LA SEGURIDAD CIUDADANA;;6245500;Orden público y seguridad;Localizada en Tacna;No, replica los anexos 6 y 7;;No aplica;
8;ANEXO-8-1;116;1618;Gobierno local;230401;MUNICIPALIDAD PROVINCIAL DE TARATA;Tacna;Tarata;Tarata;Tarata;Programas presupuestales;REDUCCION DE DELITOS Y FALTAS QUE AFECTAN LA SEGURIDAD CIUDADANA;;;Asignación por programa presupuestal;REDUCCION DE DELITOS Y FALTAS QUE AFECTAN LA SEGURIDAD CIUDADANA;;877342;Orden público y seguridad;Localizada en Tacna;No, replica los anexos 6 y 7;;No aplica;
8;ANEXO-8-1;116;1618;Gobierno local;230403;MUNICIPALIDAD DISTRITAL DE ESTIQUE;Tacna;Tarata;Estique;Estique;Programas presupuestales;REDUCCION DE DELITOS Y FALTAS QUE AFECTAN LA SEGURIDAD CIUDADANA;;;Asignación por programa presupuestal;REDUCCION DE DELITOS Y FALTAS QUE AFECTAN LA SEGURIDAD CIUDADANA;;5000;Orden público y seguridad;Localizada en Tacna;No, replica los anexos 6 y 7;;No aplica;
8;ANEXO-8-1;116;1618;Gobierno local;230404;MUNICIPALIDAD DISTRITAL DE ESTIQUE-PAMPA;Tacna;Tarata;Estique-Pampa;Estique-Pampa;Programas presupuestales;REDUCCION DE DELITOS Y FALTAS QUE AFECTAN LA SEGURIDAD CIUDADANA;;;Asignación por programa presupuestal;REDUCCION DE DELITOS Y FALTAS QUE AFECTAN LA SEGURIDAD CIUDADANA;;26000;Orden público y seguridad;Localizada en Tacna;No, replica los anexos 6 y 7;;No aplica;
8;ANEXO-8-1;116;1618;Gobierno local;230405;MUNICIPALIDAD DISTRITAL DE SITAJARA;Tacna;Tarata;Sitajara;Sitajara;Programas presupuestales;REDUCCION DE DELITOS Y FALTAS QUE AFECTAN LA SEGURIDAD CIUDADANA;;;Asignación por programa presupuestal;REDUCCION DE DELITOS Y FALTAS QUE AFECTAN LA SEGURIDAD CIUDADANA;;19080;Orden público y seguridad;Localizada en Tacna;No, replica los anexos 6 y 7;;No aplica;
8;ANEXO-8-1;116;1618;Gobierno local;230406;MUNICIPALIDAD DISTRITAL DE SUSAPAYA;Tacna;Tarata;Susapaya;Susapaya;Programas presupuestales;REDUCCION DE DELITOS Y FALTAS QUE AFECTAN LA SEGURIDAD CIUDADANA;;;Asignación por programa presupuestal;REDUCCION DE DELITOS Y FALTAS QUE AFECTAN LA SEGURIDAD CIUDADANA;;150000;Orden público y seguridad;Localizada en Tacna;No, replica los anexos 6 y 7;;No aplica;
8;ANEXO-8-1;116;1618;Gobierno local;230407;MUNICIPALIDAD DISTRITAL DE TARUCACHI;Tacna;Tarata;Tarucachi;Tarucachi;Programas presupuestales;REDUCCION DE DELITOS Y FALTAS QUE AFECTAN LA SEGURIDAD CIUDADANA;;;Asignación por programa presupuestal;REDUCCION DE DELITOS Y FALTAS QUE AFECTAN LA SEGURIDAD CIUDADANA;;24000;Orden público y seguridad;Localizada en Tacna;No, replica los anexos 6 y 7;;No aplica;
8;ANEXO-8-1;176;1678;Gobierno local;230101;MUNICIPALIDAD PROVINCIAL DE TACNA;Tacna;Tacna;Tacna;Tacna;Programas presupuestales;GESTION INTEGRAL DE RESIDUOS SOLIDOS;;;Asignación por programa presupuestal;GESTION INTEGRAL DE RESIDUOS SOLIDOS;;5501145;Ambiente;Localizada en Tacna;No, replica los anexos 6 y 7;;No aplica;
8;ANEXO-8-1;176;1678;Gobierno local;230102;MUNICIPALIDAD DISTRITAL DE ALTO DE LA ALIANZA;Tacna;Tacna;Alto de la Alianza;Alto de la Alianza;Programas presupuestales;GESTION INTEGRAL DE RESIDUOS SOLIDOS;;;Asignación por programa presupuestal;GESTION INTEGRAL DE RESIDUOS SOLIDOS;;11072994;Ambiente;Localizada en Tacna;No, replica los anexos 6 y 7;;No aplica;
8;ANEXO-8-1;176;1678;Gobierno local;230103;MUNICIPALIDAD DISTRITAL DE CALANA;Tacna;Tacna;Calana;Calana;Programas presupuestales;GESTION INTEGRAL DE RESIDUOS SOLIDOS;;;Asignación por programa presupuestal;GESTION INTEGRAL DE RESIDUOS SOLIDOS;;36219;Ambiente;Localizada en Tacna;No, replica los anexos 6 y 7;;No aplica;
8;ANEXO-8-1;176;1678;Gobierno local;230104;MUNICIPALIDAD DISTRITAL DE CIUDAD NUEVA;Tacna;Tacna;Ciudad Nueva;Ciudad Nueva;Programas presupuestales;GESTION INTEGRAL DE RESIDUOS SOLIDOS;;;Asignación por programa presupuestal;GESTION INTEGRAL DE RESIDUOS SOLIDOS;;3455634;Ambiente;Localizada en Tacna;No, replica los anexos 6 y 7;;No aplica;
8;ANEXO-8-1;176;1678;Gobierno local;230105;MUNICIPALIDAD DISTRITAL DE INCLAN;Tacna;Tacna;Inclán;Inclán;Programas presupuestales;GESTION INTEGRAL DE RESIDUOS SOLIDOS;;;Asignación por programa presupuestal;GESTION INTEGRAL DE RESIDUOS SOLIDOS;;184555;Ambiente;Localizada en Tacna;No, replica los anexos 6 y 7;;No aplica;
8;ANEXO-8-1;176;1678;Gobierno local;230106;MUNICIPALIDAD DISTRITAL DE PACHIA;Tacna;Tacna;Pachía;Pachía;Programas presupuestales;GESTION INTEGRAL DE RESIDUOS SOLIDOS;;;Asignación por programa presupuestal;GESTION INTEGRAL DE RESIDUOS SOLIDOS;;24000;Ambiente;Localizada en Tacna;No, replica los anexos 6 y 7;;No aplica;
8;ANEXO-8-1;176;1678;Gobierno local;230107;MUNICIPALIDAD DISTRITAL DE PALCA;Tacna;Tacna;Palca;Palca;Programas presupuestales;GESTION INTEGRAL DE RESIDUOS SOLIDOS;;;Asignación por programa presupuestal;GESTION INTEGRAL DE RESIDUOS SOLIDOS;;238510;Ambiente;Localizada en Tacna;No, replica los anexos 6 y 7;;No aplica;
8;ANEXO-8-1;176;1678;Gobierno local;230108;MUNICIPALIDAD DISTRITAL DE POCOLLAY;Tacna;Tacna;Pocollay;Pocollay;Programas presupuestales;GESTION INTEGRAL DE RESIDUOS SOLIDOS;;;Asignación por programa presupuestal;GESTION INTEGRAL DE RESIDUOS SOLIDOS;;240763;Ambiente;Localizada en Tacna;No, replica los anexos 6 y 7;;No aplica;
8;ANEXO-8-1;176;1678;Gobierno local;230109;MUNICIPALIDAD DISTRITAL DE SAMA;Tacna;Tacna;Sama;Sama;Programas presupuestales;GESTION INTEGRAL DE RESIDUOS SOLIDOS;;;Asignación por programa presupuestal;GESTION INTEGRAL DE RESIDUOS SOLIDOS;;204837;Ambiente;Localizada en Tacna;No, replica los anexos 6 y 7;;No aplica;
8;ANEXO-8-1;176;1678;Gobierno local;230110;MUNICIPALIDAD DISTRITAL DE CORONEL GREGORIO ALBARRACIN LANCHIPA;Tacna;Tacna;Coronel Gregorio Albarracín Lanchipa;Coronel Gregorio Albarracín Lanchipa;Programas presupuestales;GESTION INTEGRAL DE RESIDUOS SOLIDOS;;;Asignación por programa presupuestal;GESTION INTEGRAL DE RESIDUOS SOLIDOS;;3552183;Ambiente;Localizada en Tacna;No, replica los anexos 6 y 7;;No aplica;
8;ANEXO-8-1;176;1678;Gobierno local;230111;MUNICIPALIDAD DISTRITAL DE LA YARADA LOS PALOS;Tacna;Tacna;La Yarada Los Palos;La Yarada Los Palos;Programas presupuestales;GESTION INTEGRAL DE RESIDUOS SOLIDOS;;;Asignación por programa presupuestal;GESTION INTEGRAL DE RESIDUOS SOLIDOS;;55000;Ambiente;Localizada en Tacna;No, replica los anexos 6 y 7;;No aplica;
8;ANEXO-8-1;176;1678;Gobierno local;230201;MUNICIPALIDAD PROVINCIAL DE CANDARAVE;Tacna;Candarave;Candarave;Candarave;Programas presupuestales;GESTION INTEGRAL DE RESIDUOS SOLIDOS;;;Asignación por programa presupuestal;GESTION INTEGRAL DE RESIDUOS SOLIDOS;;24700;Ambiente;Localizada en Tacna;No, replica los anexos 6 y 7;;No aplica;
8;ANEXO-8-1;176;1678;Gobierno local;230202;MUNICIPALIDAD DISTRITAL DE CAIRANI;Tacna;Candarave;Cairani;Cairani;Programas presupuestales;GESTION INTEGRAL DE RESIDUOS SOLIDOS;;;Asignación por programa presupuestal;GESTION INTEGRAL DE RESIDUOS SOLIDOS;;10000;Ambiente;Localizada en Tacna;No, replica los anexos 6 y 7;;No aplica;
8;ANEXO-8-1;176;1678;Gobierno local;230203;MUNICIPALIDAD DISTRITAL DE CAMILACA;Tacna;Candarave;Camilaca;Camilaca;Programas presupuestales;GESTION INTEGRAL DE RESIDUOS SOLIDOS;;;Asignación por programa presupuestal;GESTION INTEGRAL DE RESIDUOS SOLIDOS;;36000;Ambiente;Localizada en Tacna;No, replica los anexos 6 y 7;;No aplica;
8;ANEXO-8-1;176;1678;Gobierno local;230205;MUNICIPALIDAD DISTRITAL DE HUANUARA;Tacna;Candarave;Huanuara;Huanuara;Programas presupuestales;GESTION INTEGRAL DE RESIDUOS SOLIDOS;;;Asignación por programa presupuestal;GESTION INTEGRAL DE RESIDUOS SOLIDOS;;36900;Ambiente;Localizada en Tacna;No, replica los anexos 6 y 7;;No aplica;
8;ANEXO-8-1;176;1678;Gobierno local;230206;MUNICIPALIDAD DISTRITAL DE QUILAHUANI;Tacna;Candarave;Quilahuani;Quilahuani;Programas presupuestales;GESTION INTEGRAL DE RESIDUOS SOLIDOS;;;Asignación por programa presupuestal;GESTION INTEGRAL DE RESIDUOS SOLIDOS;;12374;Ambiente;Localizada en Tacna;No, replica los anexos 6 y 7;;No aplica;
8;ANEXO-8-1;176;1678;Gobierno local;230301;MUNICIPALIDAD PROVINCIAL DE JORGE BASADRE -LOCUMBA;Tacna;Jorge Basadre;Locumba;Locumba;Programas presupuestales;GESTION INTEGRAL DE RESIDUOS SOLIDOS;;;Asignación por programa presupuestal;GESTION INTEGRAL DE RESIDUOS SOLIDOS;;30403;Ambiente;Localizada en Tacna;No, replica los anexos 6 y 7;;No aplica;
8;ANEXO-8-1;176;1678;Gobierno local;230303;MUNICIPALIDAD DISTRITAL DE ITE;Tacna;Jorge Basadre;Ite;Ite;Programas presupuestales;GESTION INTEGRAL DE RESIDUOS SOLIDOS;;;Asignación por programa presupuestal;GESTION INTEGRAL DE RESIDUOS SOLIDOS;;705500;Ambiente;Localizada en Tacna;No, replica los anexos 6 y 7;;No aplica;
8;ANEXO-8-1;177;1679;Gobierno local;230401;MUNICIPALIDAD PROVINCIAL DE TARATA;Tacna;Tarata;Tarata;Tarata;Programas presupuestales;GESTION INTEGRAL DE RESIDUOS SOLIDOS;;;Asignación por programa presupuestal;GESTION INTEGRAL DE RESIDUOS SOLIDOS;;374088;Ambiente;Localizada en Tacna;No, replica los anexos 6 y 7;;No aplica;
8;ANEXO-8-1;177;1679;Gobierno local;230402;MUNICIPALIDAD DISTRITAL DE CHUCATAMANI;Tacna;Tarata;Chucatamani;Chucatamani;Programas presupuestales;GESTION INTEGRAL DE RESIDUOS SOLIDOS;;;Asignación por programa presupuestal;GESTION INTEGRAL DE RESIDUOS SOLIDOS;;26910;Ambiente;Localizada en Tacna;No, replica los anexos 6 y 7;;No aplica;
8;ANEXO-8-1;177;1679;Gobierno local;230403;MUNICIPALIDAD DISTRITAL DE ESTIQUE;Tacna;Tarata;Estique;Estique;Programas presupuestales;GESTION INTEGRAL DE RESIDUOS SOLIDOS;;;Asignación por programa presupuestal;GESTION INTEGRAL DE RESIDUOS SOLIDOS;;1500;Ambiente;Localizada en Tacna;No, replica los anexos 6 y 7;;No aplica;
8;ANEXO-8-1;177;1679;Gobierno local;230404;MUNICIPALIDAD DISTRITAL DE ESTIQUE-PAMPA;Tacna;Tarata;Estique-Pampa;Estique-Pampa;Programas presupuestales;GESTION INTEGRAL DE RESIDUOS SOLIDOS;;;Asignación por programa presupuestal;GESTION INTEGRAL DE RESIDUOS SOLIDOS;;58400;Ambiente;Localizada en Tacna;No, replica los anexos 6 y 7;;No aplica;
8;ANEXO-8-1;177;1679;Gobierno local;230405;MUNICIPALIDAD DISTRITAL DE SITAJARA;Tacna;Tarata;Sitajara;Sitajara;Programas presupuestales;GESTION INTEGRAL DE RESIDUOS SOLIDOS;;;Asignación por programa presupuestal;GESTION INTEGRAL DE RESIDUOS SOLIDOS;;10265;Ambiente;Localizada en Tacna;No, replica los anexos 6 y 7;;No aplica;
8;ANEXO-8-1;177;1679;Gobierno local;230406;MUNICIPALIDAD DISTRITAL DE SUSAPAYA;Tacna;Tarata;Susapaya;Susapaya;Programas presupuestales;GESTION INTEGRAL DE RESIDUOS SOLIDOS;;;Asignación por programa presupuestal;GESTION INTEGRAL DE RESIDUOS SOLIDOS;;1000;Ambiente;Localizada en Tacna;No, replica los anexos 6 y 7;;No aplica;
8;ANEXO-8-1;177;1679;Gobierno local;230407;MUNICIPALIDAD DISTRITAL DE TARUCACHI;Tacna;Tarata;Tarucachi;Tarucachi;Programas presupuestales;GESTION INTEGRAL DE RESIDUOS SOLIDOS;;;Asignación por programa presupuestal;GESTION INTEGRAL DE RESIDUOS SOLIDOS;;21000;Ambiente;Localizada en Tacna;No, replica los anexos 6 y 7;;No aplica;
8;ANEXO-8-1;177;1679;Gobierno local;230408;MUNICIPALIDAD DISTRITAL DE TICACO;Tacna;Tarata;Ticaco;Ticaco;Programas presupuestales;GESTION INTEGRAL DE RESIDUOS SOLIDOS;;;Asignación por programa presupuestal;GESTION INTEGRAL DE RESIDUOS SOLIDOS;;8650;Ambiente;Localizada en Tacna;No, replica los anexos 6 y 7;;No aplica;
8;ANEXO-8-1;188;1690;Gobierno local;230401;MUNICIPALIDAD PROVINCIAL DE TARATA;Tacna;Tarata;Tarata;Tarata;Programas presupuestales;MEJORA DE LA SANIDAD ANIMAL;;;Asignación por programa presupuestal;MEJORA DE LA SANIDAD ANIMAL;;5000;Agropecuario y riego;Localizada en Tacna;No, replica los anexos 6 y 7;;No aplica;
8;ANEXO-8-1;195;1697;Gobierno local;230303;MUNICIPALIDAD DISTRITAL DE ITE;Tacna;Jorge Basadre;Ite;Ite;Programas presupuestales;MEJORA Y MANTENIMIENTO DE LA SANIDAD VEGETAL;;;Asignación por programa presupuestal;MEJORA Y MANTENIMIENTO DE LA SANIDAD VEGETAL;;500;Agropecuario y riego;Localizada en Tacna;No, replica los anexos 6 y 7;;No aplica;
8;ANEXO-8-1;195;1697;Gobierno local;230401;MUNICIPALIDAD PROVINCIAL DE TARATA;Tacna;Tarata;Tarata;Tarata;Programas presupuestales;MEJORA Y MANTENIMIENTO DE LA SANIDAD VEGETAL;;;Asignación por programa presupuestal;MEJORA Y MANTENIMIENTO DE LA SANIDAD VEGETAL;;5000;Agropecuario y riego;Localizada en Tacna;No, replica los anexos 6 y 7;;No aplica;
8;ANEXO-8-1;196;1698;Gobierno local;230402;MUNICIPALIDAD DISTRITAL DE CHUCATAMANI;Tacna;Tarata;Chucatamani;Chucatamani;Programas presupuestales;MEJORA Y MANTENIMIENTO DE LA SANIDAD VEGETAL;;;Asignación por programa presupuestal;MEJORA Y MANTENIMIENTO DE LA SANIDAD VEGETAL;;153181;Agropecuario y riego;Localizada en Tacna;No, replica los anexos 6 y 7;;No aplica;
8;ANEXO-8-1;237;1739;Gobierno regional;460;Gobierno Regional del Departamento de Tacna;Tacna;;;;Programas presupuestales;APROVECHAMIENTO DE LOS RECURSOS HIDRICOS PARA USO AGRARIO;;;Asignación por programa presupuestal;APROVECHAMIENTO DE LOS RECURSOS HIDRICOS PARA USO AGRARIO;;31130012;Agropecuario y riego;Localizada en Tacna;No, replica los anexos 6 y 7;;No aplica;
8;ANEXO-8-1;248;1750;Gobierno local;230201;MUNICIPALIDAD PROVINCIAL DE CANDARAVE;Tacna;Candarave;Candarave;Candarave;Programas presupuestales;APROVECHAMIENTO DE LOS RECURSOS HIDRICOS PARA USO AGRARIO;;;Asignación por programa presupuestal;APROVECHAMIENTO DE LOS RECURSOS HIDRICOS PARA USO AGRARIO;;2030000;Agropecuario y riego;Localizada en Tacna;No, replica los anexos 6 y 7;;No aplica;
8;ANEXO-8-1;249;1751;Gobierno local;230202;MUNICIPALIDAD DISTRITAL DE CAIRANI;Tacna;Candarave;Cairani;Cairani;Programas presupuestales;APROVECHAMIENTO DE LOS RECURSOS HIDRICOS PARA USO AGRARIO;;;Asignación por programa presupuestal;APROVECHAMIENTO DE LOS RECURSOS HIDRICOS PARA USO AGRARIO;;776518;Agropecuario y riego;Localizada en Tacna;No, replica los anexos 6 y 7;;No aplica;
8;ANEXO-8-1;249;1751;Gobierno local;230203;MUNICIPALIDAD DISTRITAL DE CAMILACA;Tacna;Candarave;Camilaca;Camilaca;Programas presupuestales;APROVECHAMIENTO DE LOS RECURSOS HIDRICOS PARA USO AGRARIO;;;Asignación por programa presupuestal;APROVECHAMIENTO DE LOS RECURSOS HIDRICOS PARA USO AGRARIO;;950000;Agropecuario y riego;Localizada en Tacna;No, replica los anexos 6 y 7;;No aplica;
8;ANEXO-8-1;249;1751;Gobierno local;230204;MUNICIPALIDAD DISTRITAL DE CURIBAYA;Tacna;Candarave;Curibaya;Curibaya;Programas presupuestales;APROVECHAMIENTO DE LOS RECURSOS HIDRICOS PARA USO AGRARIO;;;Asignación por programa presupuestal;APROVECHAMIENTO DE LOS RECURSOS HIDRICOS PARA USO AGRARIO;;151000;Agropecuario y riego;Localizada en Tacna;No, replica los anexos 6 y 7;;No aplica;
8;ANEXO-8-1;249;1751;Gobierno local;230206;MUNICIPALIDAD DISTRITAL DE QUILAHUANI;Tacna;Candarave;Quilahuani;Quilahuani;Programas presupuestales;APROVECHAMIENTO DE LOS RECURSOS HIDRICOS PARA USO AGRARIO;;;Asignación por programa presupuestal;APROVECHAMIENTO DE LOS RECURSOS HIDRICOS PARA USO AGRARIO;;1063520;Agropecuario y riego;Localizada en Tacna;No, replica los anexos 6 y 7;;No aplica;
8;ANEXO-8-1;249;1751;Gobierno local;230301;MUNICIPALIDAD PROVINCIAL DE JORGE BASADRE -LOCUMBA;Tacna;Jorge Basadre;Locumba;Locumba;Programas presupuestales;APROVECHAMIENTO DE LOS RECURSOS HIDRICOS PARA USO AGRARIO;;;Asignación por programa presupuestal;APROVECHAMIENTO DE LOS RECURSOS HIDRICOS PARA USO AGRARIO;;22126631;Agropecuario y riego;Localizada en Tacna;No, replica los anexos 6 y 7;;No aplica;
8;ANEXO-8-1;249;1751;Gobierno local;230303;MUNICIPALIDAD DISTRITAL DE ITE;Tacna;Jorge Basadre;Ite;Ite;Programas presupuestales;APROVECHAMIENTO DE LOS RECURSOS HIDRICOS PARA USO AGRARIO;;;Asignación por programa presupuestal;APROVECHAMIENTO DE LOS RECURSOS HIDRICOS PARA USO AGRARIO;;35888494;Agropecuario y riego;Localizada en Tacna;No, replica los anexos 6 y 7;;No aplica;
8;ANEXO-8-1;249;1751;Gobierno local;230402;MUNICIPALIDAD DISTRITAL DE CHUCATAMANI;Tacna;Tarata;Chucatamani;Chucatamani;Programas presupuestales;APROVECHAMIENTO DE LOS RECURSOS HIDRICOS PARA USO AGRARIO;;;Asignación por programa presupuestal;APROVECHAMIENTO DE LOS RECURSOS HIDRICOS PARA USO AGRARIO;;440000;Agropecuario y riego;Localizada en Tacna;No, replica los anexos 6 y 7;;No aplica;
8;ANEXO-8-1;249;1751;Gobierno local;230403;MUNICIPALIDAD DISTRITAL DE ESTIQUE;Tacna;Tarata;Estique;Estique;Programas presupuestales;APROVECHAMIENTO DE LOS RECURSOS HIDRICOS PARA USO AGRARIO;;;Asignación por programa presupuestal;APROVECHAMIENTO DE LOS RECURSOS HIDRICOS PARA USO AGRARIO;;174296;Agropecuario y riego;Localizada en Tacna;No, replica los anexos 6 y 7;;No aplica;
8;ANEXO-8-1;249;1751;Gobierno local;230404;MUNICIPALIDAD DISTRITAL DE ESTIQUE-PAMPA;Tacna;Tarata;Estique-Pampa;Estique-Pampa;Programas presupuestales;APROVECHAMIENTO DE LOS RECURSOS HIDRICOS PARA USO AGRARIO;;;Asignación por programa presupuestal;APROVECHAMIENTO DE LOS RECURSOS HIDRICOS PARA USO AGRARIO;;113662;Agropecuario y riego;Localizada en Tacna;No, replica los anexos 6 y 7;;No aplica;
8;ANEXO-8-1;249;1751;Gobierno local;230405;MUNICIPALIDAD DISTRITAL DE SITAJARA;Tacna;Tarata;Sitajara;Sitajara;Programas presupuestales;APROVECHAMIENTO DE LOS RECURSOS HIDRICOS PARA USO AGRARIO;;;Asignación por programa presupuestal;APROVECHAMIENTO DE LOS RECURSOS HIDRICOS PARA USO AGRARIO;;368435;Agropecuario y riego;Localizada en Tacna;No, replica los anexos 6 y 7;;No aplica;
8;ANEXO-8-1;249;1751;Gobierno local;230406;MUNICIPALIDAD DISTRITAL DE SUSAPAYA;Tacna;Tarata;Susapaya;Susapaya;Programas presupuestales;APROVECHAMIENTO DE LOS RECURSOS HIDRICOS PARA USO AGRARIO;;;Asignación por programa presupuestal;APROVECHAMIENTO DE LOS RECURSOS HIDRICOS PARA USO AGRARIO;;754423;Agropecuario y riego;Localizada en Tacna;No, replica los anexos 6 y 7;;No aplica;
8;ANEXO-8-1;261;1763;Gobierno local;230101;MUNICIPALIDAD PROVINCIAL DE TACNA;Tacna;Tacna;Tacna;Tacna;Programas presupuestales;ACCESO Y USO DE LA ELECTRIFICACION RURAL;;;Asignación por programa presupuestal;ACCESO Y USO DE LA ELECTRIFICACION RURAL;;2208176;Energía;Localizada en Tacna;No, replica los anexos 6 y 7;;No aplica;
8;ANEXO-8-1;261;1763;Gobierno local;230105;MUNICIPALIDAD DISTRITAL DE INCLAN;Tacna;Tacna;Inclán;Inclán;Programas presupuestales;ACCESO Y USO DE LA ELECTRIFICACION RURAL;;;Asignación por programa presupuestal;ACCESO Y USO DE LA ELECTRIFICACION RURAL;;1450000;Energía;Localizada en Tacna;No, replica los anexos 6 y 7;;No aplica;
8;ANEXO-8-1;261;1763;Gobierno local;230107;MUNICIPALIDAD DISTRITAL DE PALCA;Tacna;Tacna;Palca;Palca;Programas presupuestales;ACCESO Y USO DE LA ELECTRIFICACION RURAL;;;Asignación por programa presupuestal;ACCESO Y USO DE LA ELECTRIFICACION RURAL;;1236505;Energía;Localizada en Tacna;No, replica los anexos 6 y 7;;No aplica;
8;ANEXO-8-1;261;1763;Gobierno local;230302;MUNICIPALIDAD DISTRITAL DE ILABAYA;Tacna;Jorge Basadre;Ilabaya;Ilabaya;Programas presupuestales;ACCESO Y USO DE LA ELECTRIFICACION RURAL;;;Asignación por programa presupuestal;ACCESO Y USO DE LA ELECTRIFICACION RURAL;;5000000;Energía;Localizada en Tacna;No, replica los anexos 6 y 7;;No aplica;
8;ANEXO-8-1;261;1763;Gobierno local;230303;MUNICIPALIDAD DISTRITAL DE ITE;Tacna;Jorge Basadre;Ite;Ite;Programas presupuestales;ACCESO Y USO DE LA ELECTRIFICACION RURAL;;;Asignación por programa presupuestal;ACCESO Y USO DE LA ELECTRIFICACION RURAL;;11304;Energía;Localizada en Tacna;No, replica los anexos 6 y 7;;No aplica;
8;ANEXO-8-1;263;1765;Gobierno local;230303;MUNICIPALIDAD DISTRITAL DE ITE;Tacna;Jorge Basadre;Ite;Ite;Programas presupuestales;ACCESO Y USO ADECUADO DE LOS SERVICIOS PUBLICOS DE TELECOMUNICACIONES E INFORMACION ASOCIADOS;;;Asignación por programa presupuestal;ACCESO Y USO ADECUADO DE LOS SERVICIOS PUBLICOS DE TELECOMUNICACIONES E INFORMACION ASOCIADOS;;10577;Comunicaciones;Localizada en Tacna;No, replica los anexos 6 y 7;;No aplica;
8;ANEXO-8-1;267;1769;Gobierno regional;460;Gobierno Regional del Departamento de Tacna;Tacna;;;;Programas presupuestales;PREVENCION Y TRATAMIENTO DEL CONSUMO DE DROGAS;;;Asignación por programa presupuestal;PREVENCION Y TRATAMIENTO DEL CONSUMO DE DROGAS;;556535;Salud;Localizada en Tacna;No, replica los anexos 6 y 7;;No aplica;
8;ANEXO-8-1;269;1771;Gobierno regional;460;Gobierno Regional del Departamento de Tacna;Tacna;;;;Programas presupuestales;CONSERVACION DE LA DIVERSIDAD BIOLOGICA Y APROVECHAMIENTO SOSTENIBLE DE LOS RECURSOS NATURALES EN AREA NATURAL PROTEGIDA;;;Asignación por programa presupuestal;CONSERVACION DE LA DIVERSIDAD BIOLOGICA Y APROVECHAMIENTO SOSTENIBLE DE LOS RECURSOS NATURALES EN AREA NATURAL PROTEGIDA;;264700;Ambiente;Localizada en Tacna;No, replica los anexos 6 y 7;;No aplica;
8;ANEXO-8-1;306;1808;Gobierno regional;460;Gobierno Regional del Departamento de Tacna;Tacna;;;;Programas presupuestales;REDUCCION DE VULNERABILIDAD Y ATENCION DE EMERGENCIAS POR DESASTRES;;;Asignación por programa presupuestal;REDUCCION DE VULNERABILIDAD Y ATENCION DE EMERGENCIAS POR DESASTRES;;3060759;Gestión del riesgo de desastres;Localizada en Tacna;No, replica los anexos 6 y 7;;No aplica;
8;ANEXO-8-2;37;1854;Gobierno local;230101;MUNICIPALIDAD PROVINCIAL DE TACNA;Tacna;Tacna;Tacna;Tacna;Programas presupuestales;REDUCCION DE VULNERABILIDAD Y ATENCION DE EMERGENCIAS POR DESASTRES;;;Asignación por programa presupuestal;REDUCCION DE VULNERABILIDAD Y ATENCION DE EMERGENCIAS POR DESASTRES;;1800823;Gestión del riesgo de desastres;Localizada en Tacna;No, replica los anexos 6 y 7;;No aplica;
8;ANEXO-8-2;37;1854;Gobierno local;230102;MUNICIPALIDAD DISTRITAL DE ALTO DE LA ALIANZA;Tacna;Tacna;Alto de la Alianza;Alto de la Alianza;Programas presupuestales;REDUCCION DE VULNERABILIDAD Y ATENCION DE EMERGENCIAS POR DESASTRES;;;Asignación por programa presupuestal;REDUCCION DE VULNERABILIDAD Y ATENCION DE EMERGENCIAS POR DESASTRES;;292783;Gestión del riesgo de desastres;Localizada en Tacna;No, replica los anexos 6 y 7;;No aplica;
8;ANEXO-8-2;37;1854;Gobierno local;230103;MUNICIPALIDAD DISTRITAL DE CALANA;Tacna;Tacna;Calana;Calana;Programas presupuestales;REDUCCION DE VULNERABILIDAD Y ATENCION DE EMERGENCIAS POR DESASTRES;;;Asignación por programa presupuestal;REDUCCION DE VULNERABILIDAD Y ATENCION DE EMERGENCIAS POR DESASTRES;;49896;Gestión del riesgo de desastres;Localizada en Tacna;No, replica los anexos 6 y 7;;No aplica;
8;ANEXO-8-2;37;1854;Gobierno local;230104;MUNICIPALIDAD DISTRITAL DE CIUDAD NUEVA;Tacna;Tacna;Ciudad Nueva;Ciudad Nueva;Programas presupuestales;REDUCCION DE VULNERABILIDAD Y ATENCION DE EMERGENCIAS POR DESASTRES;;;Asignación por programa presupuestal;REDUCCION DE VULNERABILIDAD Y ATENCION DE EMERGENCIAS POR DESASTRES;;62168;Gestión del riesgo de desastres;Localizada en Tacna;No, replica los anexos 6 y 7;;No aplica;
8;ANEXO-8-2;37;1854;Gobierno local;230105;MUNICIPALIDAD DISTRITAL DE INCLAN;Tacna;Tacna;Inclán;Inclán;Programas presupuestales;REDUCCION DE VULNERABILIDAD Y ATENCION DE EMERGENCIAS POR DESASTRES;;;Asignación por programa presupuestal;REDUCCION DE VULNERABILIDAD Y ATENCION DE EMERGENCIAS POR DESASTRES;;80000;Gestión del riesgo de desastres;Localizada en Tacna;No, replica los anexos 6 y 7;;No aplica;
8;ANEXO-8-2;37;1854;Gobierno local;230106;MUNICIPALIDAD DISTRITAL DE PACHIA;Tacna;Tacna;Pachía;Pachía;Programas presupuestales;REDUCCION DE VULNERABILIDAD Y ATENCION DE EMERGENCIAS POR DESASTRES;;;Asignación por programa presupuestal;REDUCCION DE VULNERABILIDAD Y ATENCION DE EMERGENCIAS POR DESASTRES;;966500;Gestión del riesgo de desastres;Localizada en Tacna;No, replica los anexos 6 y 7;;No aplica;
8;ANEXO-8-2;37;1854;Gobierno local;230107;MUNICIPALIDAD DISTRITAL DE PALCA;Tacna;Tacna;Palca;Palca;Programas presupuestales;REDUCCION DE VULNERABILIDAD Y ATENCION DE EMERGENCIAS POR DESASTRES;;;Asignación por programa presupuestal;REDUCCION DE VULNERABILIDAD Y ATENCION DE EMERGENCIAS POR DESASTRES;;45025;Gestión del riesgo de desastres;Localizada en Tacna;No, replica los anexos 6 y 7;;No aplica;
8;ANEXO-8-2;38;1055;Gobierno local;230108;MUNICIPALIDAD DISTRITAL DE POCOLLAY;Tacna;Tacna;Pocollay;Pocollay;Programas presupuestales;REDUCCION DE VULNERABILIDAD Y ATENCION DE EMERGENCIAS POR DESASTRES;;;Asignación por programa presupuestal;REDUCCION DE VULNERABILIDAD Y ATENCION DE EMERGENCIAS POR DESASTRES;;59100;Gestión del riesgo de desastres;Localizada en Tacna;No, replica los anexos 6 y 7;;No aplica;
8;ANEXO-8-2;38;1055;Gobierno local;230109;MUNICIPALIDAD DISTRITAL DE SAMA;Tacna;Tacna;Sama;Sama;Programas presupuestales;REDUCCION DE VULNERABILIDAD Y ATENCION DE EMERGENCIAS POR DESASTRES;;;Asignación por programa presupuestal;REDUCCION DE VULNERABILIDAD Y ATENCION DE EMERGENCIAS POR DESASTRES;;33604;Gestión del riesgo de desastres;Localizada en Tacna;No, replica los anexos 6 y 7;;No aplica;
8;ANEXO-8-2;38;1055;Gobierno local;230110;MUNICIPALIDAD DISTRITAL DE CORONEL GREGORIO ALBARRACIN LANCHIPA;Tacna;Tacna;Coronel Gregorio Albarracín Lanchipa;Coronel Gregorio Albarracín Lanchipa;Programas presupuestales;REDUCCION DE VULNERABILIDAD Y ATENCION DE EMERGENCIAS POR DESASTRES;;;Asignación por programa presupuestal;REDUCCION DE VULNERABILIDAD Y ATENCION DE EMERGENCIAS POR DESASTRES;;48000;Gestión del riesgo de desastres;Localizada en Tacna;No, replica los anexos 6 y 7;;No aplica;
8;ANEXO-8-2;38;1055;Gobierno local;230111;MUNICIPALIDAD DISTRITAL DE LA YARADA LOS PALOS;Tacna;Tacna;La Yarada Los Palos;La Yarada Los Palos;Programas presupuestales;REDUCCION DE VULNERABILIDAD Y ATENCION DE EMERGENCIAS POR DESASTRES;;;Asignación por programa presupuestal;REDUCCION DE VULNERABILIDAD Y ATENCION DE EMERGENCIAS POR DESASTRES;;6127784;Gestión del riesgo de desastres;Localizada en Tacna;No, replica los anexos 6 y 7;;No aplica;
8;ANEXO-8-2;38;1055;Gobierno local;230201;MUNICIPALIDAD PROVINCIAL DE CANDARAVE;Tacna;Candarave;Candarave;Candarave;Programas presupuestales;REDUCCION DE VULNERABILIDAD Y ATENCION DE EMERGENCIAS POR DESASTRES;;;Asignación por programa presupuestal;REDUCCION DE VULNERABILIDAD Y ATENCION DE EMERGENCIAS POR DESASTRES;;20000;Gestión del riesgo de desastres;Localizada en Tacna;No, replica los anexos 6 y 7;;No aplica;
8;ANEXO-8-2;38;1055;Gobierno local;230202;MUNICIPALIDAD DISTRITAL DE CAIRANI;Tacna;Candarave;Cairani;Cairani;Programas presupuestales;REDUCCION DE VULNERABILIDAD Y ATENCION DE EMERGENCIAS POR DESASTRES;;;Asignación por programa presupuestal;REDUCCION DE VULNERABILIDAD Y ATENCION DE EMERGENCIAS POR DESASTRES;;2734;Gestión del riesgo de desastres;Localizada en Tacna;No, replica los anexos 6 y 7;;No aplica;
8;ANEXO-8-2;38;1055;Gobierno local;230203;MUNICIPALIDAD DISTRITAL DE CAMILACA;Tacna;Candarave;Camilaca;Camilaca;Programas presupuestales;REDUCCION DE VULNERABILIDAD Y ATENCION DE EMERGENCIAS POR DESASTRES;;;Asignación por programa presupuestal;REDUCCION DE VULNERABILIDAD Y ATENCION DE EMERGENCIAS POR DESASTRES;;11000;Gestión del riesgo de desastres;Localizada en Tacna;No, replica los anexos 6 y 7;;No aplica;
8;ANEXO-8-2;38;1055;Gobierno local;230206;MUNICIPALIDAD DISTRITAL DE QUILAHUANI;Tacna;Candarave;Quilahuani;Quilahuani;Programas presupuestales;REDUCCION DE VULNERABILIDAD Y ATENCION DE EMERGENCIAS POR DESASTRES;;;Asignación por programa presupuestal;REDUCCION DE VULNERABILIDAD Y ATENCION DE EMERGENCIAS POR DESASTRES;;5800;Gestión del riesgo de desastres;Localizada en Tacna;No, replica los anexos 6 y 7;;No aplica;
8;ANEXO-8-2;38;1055;Gobierno local;230302;MUNICIPALIDAD DISTRITAL DE ILABAYA;Tacna;Jorge Basadre;Ilabaya;Ilabaya;Programas presupuestales;REDUCCION DE VULNERABILIDAD Y ATENCION DE EMERGENCIAS POR DESASTRES;;;Asignación por programa presupuestal;REDUCCION DE VULNERABILIDAD Y ATENCION DE EMERGENCIAS POR DESASTRES;;5000;Gestión del riesgo de desastres;Localizada en Tacna;No, replica los anexos 6 y 7;;No aplica;
8;ANEXO-8-2;38;1055;Gobierno local;230303;MUNICIPALIDAD DISTRITAL DE ITE;Tacna;Jorge Basadre;Ite;Ite;Programas presupuestales;REDUCCION DE VULNERABILIDAD Y ATENCION DE EMERGENCIAS POR DESASTRES;;;Asignación por programa presupuestal;REDUCCION DE VULNERABILIDAD Y ATENCION DE EMERGENCIAS POR DESASTRES;;229422;Gestión del riesgo de desastres;Localizada en Tacna;No, replica los anexos 6 y 7;;No aplica;
8;ANEXO-8-2;38;1055;Gobierno local;230401;MUNICIPALIDAD PROVINCIAL DE TARATA;Tacna;Tarata;Tarata;Tarata;Programas presupuestales;REDUCCION DE VULNERABILIDAD Y ATENCION DE EMERGENCIAS POR DESASTRES;;;Asignación por programa presupuestal;REDUCCION DE VULNERABILIDAD Y ATENCION DE EMERGENCIAS POR DESASTRES;;8640;Gestión del riesgo de desastres;Localizada en Tacna;No, replica los anexos 6 y 7;;No aplica;
8;ANEXO-8-2;38;1055;Gobierno local;230402;MUNICIPALIDAD DISTRITAL DE CHUCATAMANI;Tacna;Tarata;Chucatamani;Chucatamani;Programas presupuestales;REDUCCION DE VULNERABILIDAD Y ATENCION DE EMERGENCIAS POR DESASTRES;;;Asignación por programa presupuestal;REDUCCION DE VULNERABILIDAD Y ATENCION DE EMERGENCIAS POR DESASTRES;;5770;Gestión del riesgo de desastres;Localizada en Tacna;No, replica los anexos 6 y 7;;No aplica;
8;ANEXO-8-2;38;1055;Gobierno local;230403;MUNICIPALIDAD DISTRITAL DE ESTIQUE;Tacna;Tarata;Estique;Estique;Programas presupuestales;REDUCCION DE VULNERABILIDAD Y ATENCION DE EMERGENCIAS POR DESASTRES;;;Asignación por programa presupuestal;REDUCCION DE VULNERABILIDAD Y ATENCION DE EMERGENCIAS POR DESASTRES;;1000;Gestión del riesgo de desastres;Localizada en Tacna;No, replica los anexos 6 y 7;;No aplica;
8;ANEXO-8-2;38;1055;Gobierno local;230404;MUNICIPALIDAD DISTRITAL DE ESTIQUE-PAMPA;Tacna;Tarata;Estique-Pampa;Estique-Pampa;Programas presupuestales;REDUCCION DE VULNERABILIDAD Y ATENCION DE EMERGENCIAS POR DESASTRES;;;Asignación por programa presupuestal;REDUCCION DE VULNERABILIDAD Y ATENCION DE EMERGENCIAS POR DESASTRES;;15000;Gestión del riesgo de desastres;Localizada en Tacna;No, replica los anexos 6 y 7;;No aplica;
8;ANEXO-8-2;38;1055;Gobierno local;230405;MUNICIPALIDAD DISTRITAL DE SITAJARA;Tacna;Tarata;Sitajara;Sitajara;Programas presupuestales;REDUCCION DE VULNERABILIDAD Y ATENCION DE EMERGENCIAS POR DESASTRES;;;Asignación por programa presupuestal;REDUCCION DE VULNERABILIDAD Y ATENCION DE EMERGENCIAS POR DESASTRES;;6000;Gestión del riesgo de desastres;Localizada en Tacna;No, replica los anexos 6 y 7;;No aplica;
8;ANEXO-8-2;38;1055;Gobierno local;230406;MUNICIPALIDAD DISTRITAL DE SUSAPAYA;Tacna;Tarata;Susapaya;Susapaya;Programas presupuestales;REDUCCION DE VULNERABILIDAD Y ATENCION DE EMERGENCIAS POR DESASTRES;;;Asignación por programa presupuestal;REDUCCION DE VULNERABILIDAD Y ATENCION DE EMERGENCIAS POR DESASTRES;;2700;Gestión del riesgo de desastres;Localizada en Tacna;No, replica los anexos 6 y 7;;No aplica;
8;ANEXO-8-2;38;1055;Gobierno local;230407;MUNICIPALIDAD DISTRITAL DE TARUCACHI;Tacna;Tarata;Tarucachi;Tarucachi;Programas presupuestales;REDUCCION DE VULNERABILIDAD Y ATENCION DE EMERGENCIAS POR DESASTRES;;;Asignación por programa presupuestal;REDUCCION DE VULNERABILIDAD Y ATENCION DE EMERGENCIAS POR DESASTRES;;8000;Gestión del riesgo de desastres;Localizada en Tacna;No, replica los anexos 6 y 7;;No aplica;
8;ANEXO-8-2;59;1876;Gobierno regional;460;Gobierno Regional del Departamento de Tacna;Tacna;;;;Programas presupuestales;PROGRAMA NACIONAL DE SANEAMIENTO URBANO;;;Asignación por programa presupuestal;PROGRAMA NACIONAL DE SANEAMIENTO URBANO;;9041505;Saneamiento;Localizada en Tacna;No, replica los anexos 6 y 7;;No aplica;
8;ANEXO-8-2;63;1880;Gobierno local;230102;MUNICIPALIDAD DISTRITAL DE ALTO DE LA ALIANZA;Tacna;Tacna;Alto de la Alianza;Alto de la Alianza;Programas presupuestales;PROGRAMA NACIONAL DE SANEAMIENTO URBANO;;;Asignación por programa presupuestal;PROGRAMA NACIONAL DE SANEAMIENTO URBANO;;2100780;Saneamiento;Localizada en Tacna;No, replica los anexos 6 y 7;;No aplica;
8;ANEXO-8-2;64;1881;Gobierno local;230103;MUNICIPALIDAD DISTRITAL DE CALANA;Tacna;Tacna;Calana;Calana;Programas presupuestales;PROGRAMA NACIONAL DE SANEAMIENTO URBANO;;;Asignación por programa presupuestal;PROGRAMA NACIONAL DE SANEAMIENTO URBANO;;2377201;Saneamiento;Localizada en Tacna;No, replica los anexos 6 y 7;;No aplica;
8;ANEXO-8-2;64;1881;Gobierno local;230106;MUNICIPALIDAD DISTRITAL DE PACHIA;Tacna;Tacna;Pachía;Pachía;Programas presupuestales;PROGRAMA NACIONAL DE SANEAMIENTO URBANO;;;Asignación por programa presupuestal;PROGRAMA NACIONAL DE SANEAMIENTO URBANO;;2595565;Saneamiento;Localizada en Tacna;No, replica los anexos 6 y 7;;No aplica;
8;ANEXO-8-2;64;1881;Gobierno local;230110;MUNICIPALIDAD DISTRITAL DE CORONEL GREGORIO ALBARRACIN LANCHIPA;Tacna;Tacna;Coronel Gregorio Albarracín Lanchipa;Coronel Gregorio Albarracín Lanchipa;Programas presupuestales;PROGRAMA NACIONAL DE SANEAMIENTO URBANO;;;Asignación por programa presupuestal;PROGRAMA NACIONAL DE SANEAMIENTO URBANO;;17575913;Saneamiento;Localizada en Tacna;No, replica los anexos 6 y 7;;No aplica;
8;ANEXO-8-2;64;1881;Gobierno local;230303;MUNICIPALIDAD DISTRITAL DE ITE;Tacna;Jorge Basadre;Ite;Ite;Programas presupuestales;PROGRAMA NACIONAL DE SANEAMIENTO URBANO;;;Asignación por programa presupuestal;PROGRAMA NACIONAL DE SANEAMIENTO URBANO;;93071;Saneamiento;Localizada en Tacna;No, replica los anexos 6 y 7;;No aplica;
8;ANEXO-8-2;64;1881;Gobierno local;230407;MUNICIPALIDAD DISTRITAL DE TARUCACHI;Tacna;Tarata;Tarucachi;Tarucachi;Programas presupuestales;PROGRAMA NACIONAL DE SANEAMIENTO URBANO;;;Asignación por programa presupuestal;PROGRAMA NACIONAL DE SANEAMIENTO URBANO;;182689;Saneamiento;Localizada en Tacna;No, replica los anexos 6 y 7;;No aplica;
8;ANEXO-8-2;118;1935;Gobierno regional;460;Gobierno Regional del Departamento de Tacna;Tacna;;;;Programas presupuestales;PROGRAMA NACIONAL DE SANEAMIENTO RURAL;;;Asignación por programa presupuestal;PROGRAMA NACIONAL DE SANEAMIENTO RURAL;;4340448;Saneamiento;Localizada en Tacna;No, replica los anexos 6 y 7;;No aplica;
8;ANEXO-8-2;166;1983;Gobierno local;230102;MUNICIPALIDAD DISTRITAL DE ALTO DE LA ALIANZA;Tacna;Tacna;Alto de la Alianza;Alto de la Alianza;Programas presupuestales;PROGRAMA NACIONAL DE SANEAMIENTO RURAL;;;Asignación por programa presupuestal;PROGRAMA NACIONAL DE SANEAMIENTO RURAL;;14000;Saneamiento;Localizada en Tacna;No, replica los anexos 6 y 7;;No aplica;
8;ANEXO-8-2;166;1983;Gobierno local;230103;MUNICIPALIDAD DISTRITAL DE CALANA;Tacna;Tacna;Calana;Calana;Programas presupuestales;PROGRAMA NACIONAL DE SANEAMIENTO RURAL;;;Asignación por programa presupuestal;PROGRAMA NACIONAL DE SANEAMIENTO RURAL;;9000;Saneamiento;Localizada en Tacna;No, replica los anexos 6 y 7;;No aplica;
8;ANEXO-8-2;166;1983;Gobierno local;230104;MUNICIPALIDAD DISTRITAL DE CIUDAD NUEVA;Tacna;Tacna;Ciudad Nueva;Ciudad Nueva;Programas presupuestales;PROGRAMA NACIONAL DE SANEAMIENTO RURAL;;;Asignación por programa presupuestal;PROGRAMA NACIONAL DE SANEAMIENTO RURAL;;5432581;Saneamiento;Localizada en Tacna;No, replica los anexos 6 y 7;;No aplica;
8;ANEXO-8-2;166;1983;Gobierno local;230105;MUNICIPALIDAD DISTRITAL DE INCLAN;Tacna;Tacna;Inclán;Inclán;Programas presupuestales;PROGRAMA NACIONAL DE SANEAMIENTO RURAL;;;Asignación por programa presupuestal;PROGRAMA NACIONAL DE SANEAMIENTO RURAL;;2424101;Saneamiento;Localizada en Tacna;No, replica los anexos 6 y 7;;No aplica;
8;ANEXO-8-2;167;1984;Gobierno local;230106;MUNICIPALIDAD DISTRITAL DE PACHIA;Tacna;Tacna;Pachía;Pachía;Programas presupuestales;PROGRAMA NACIONAL DE SANEAMIENTO RURAL;;;Asignación por programa presupuestal;PROGRAMA NACIONAL DE SANEAMIENTO RURAL;;4862;Saneamiento;Localizada en Tacna;No, replica los anexos 6 y 7;;No aplica;
8;ANEXO-8-2;167;1984;Gobierno local;230107;MUNICIPALIDAD DISTRITAL DE PALCA;Tacna;Tacna;Palca;Palca;Programas presupuestales;PROGRAMA NACIONAL DE SANEAMIENTO RURAL;;;Asignación por programa presupuestal;PROGRAMA NACIONAL DE SANEAMIENTO RURAL;;2192976;Saneamiento;Localizada en Tacna;No, replica los anexos 6 y 7;;No aplica;
8;ANEXO-8-2;167;1984;Gobierno local;230111;MUNICIPALIDAD DISTRITAL DE LA YARADA LOS PALOS;Tacna;Tacna;La Yarada Los Palos;La Yarada Los Palos;Programas presupuestales;PROGRAMA NACIONAL DE SANEAMIENTO RURAL;;;Asignación por programa presupuestal;PROGRAMA NACIONAL DE SANEAMIENTO RURAL;;3251011;Saneamiento;Localizada en Tacna;No, replica los anexos 6 y 7;;No aplica;
8;ANEXO-8-2;167;1984;Gobierno local;230201;MUNICIPALIDAD PROVINCIAL DE CANDARAVE;Tacna;Candarave;Candarave;Candarave;Programas presupuestales;PROGRAMA NACIONAL DE SANEAMIENTO RURAL;;;Asignación por programa presupuestal;PROGRAMA NACIONAL DE SANEAMIENTO RURAL;;35000;Saneamiento;Localizada en Tacna;No, replica los anexos 6 y 7;;No aplica;
8;ANEXO-8-2;167;1984;Gobierno local;230202;MUNICIPALIDAD DISTRITAL DE CAIRANI;Tacna;Candarave;Cairani;Cairani;Programas presupuestales;PROGRAMA NACIONAL DE SANEAMIENTO RURAL;;;Asignación por programa presupuestal;PROGRAMA NACIONAL DE SANEAMIENTO RURAL;;10000;Saneamiento;Localizada en Tacna;No, replica los anexos 6 y 7;;No aplica;
8;ANEXO-8-2;167;1984;Gobierno local;230203;MUNICIPALIDAD DISTRITAL DE CAMILACA;Tacna;Candarave;Camilaca;Camilaca;Programas presupuestales;PROGRAMA NACIONAL DE SANEAMIENTO RURAL;;;Asignación por programa presupuestal;PROGRAMA NACIONAL DE SANEAMIENTO RURAL;;18000;Saneamiento;Localizada en Tacna;No, replica los anexos 6 y 7;;No aplica;
8;ANEXO-8-2;167;1984;Gobierno local;230205;MUNICIPALIDAD DISTRITAL DE HUANUARA;Tacna;Candarave;Huanuara;Huanuara;Programas presupuestales;PROGRAMA NACIONAL DE SANEAMIENTO RURAL;;;Asignación por programa presupuestal;PROGRAMA NACIONAL DE SANEAMIENTO RURAL;;14600;Saneamiento;Localizada en Tacna;No, replica los anexos 6 y 7;;No aplica;
8;ANEXO-8-2;167;1984;Gobierno local;230206;MUNICIPALIDAD DISTRITAL DE QUILAHUANI;Tacna;Candarave;Quilahuani;Quilahuani;Programas presupuestales;PROGRAMA NACIONAL DE SANEAMIENTO RURAL;;;Asignación por programa presupuestal;PROGRAMA NACIONAL DE SANEAMIENTO RURAL;;750;Saneamiento;Localizada en Tacna;No, replica los anexos 6 y 7;;No aplica;
8;ANEXO-8-2;167;1984;Gobierno local;230301;MUNICIPALIDAD PROVINCIAL DE JORGE BASADRE -LOCUMBA;Tacna;Jorge Basadre;Locumba;Locumba;Programas presupuestales;PROGRAMA NACIONAL DE SANEAMIENTO RURAL;;;Asignación por programa presupuestal;PROGRAMA NACIONAL DE SANEAMIENTO RURAL;;5067919;Saneamiento;Localizada en Tacna;No, replica los anexos 6 y 7;;No aplica;
8;ANEXO-8-2;167;1984;Gobierno local;230302;MUNICIPALIDAD DISTRITAL DE ILABAYA;Tacna;Jorge Basadre;Ilabaya;Ilabaya;Programas presupuestales;PROGRAMA NACIONAL DE SANEAMIENTO RURAL;;;Asignación por programa presupuestal;PROGRAMA NACIONAL DE SANEAMIENTO RURAL;;27098686;Saneamiento;Localizada en Tacna;No, replica los anexos 6 y 7;;No aplica;
8;ANEXO-8-2;167;1984;Gobierno local;230303;MUNICIPALIDAD DISTRITAL DE ITE;Tacna;Jorge Basadre;Ite;Ite;Programas presupuestales;PROGRAMA NACIONAL DE SANEAMIENTO RURAL;;;Asignación por programa presupuestal;PROGRAMA NACIONAL DE SANEAMIENTO RURAL;;3237204;Saneamiento;Localizada en Tacna;No, replica los anexos 6 y 7;;No aplica;
8;ANEXO-8-2;167;1984;Gobierno local;230401;MUNICIPALIDAD PROVINCIAL DE TARATA;Tacna;Tarata;Tarata;Tarata;Programas presupuestales;PROGRAMA NACIONAL DE SANEAMIENTO RURAL;;;Asignación por programa presupuestal;PROGRAMA NACIONAL DE SANEAMIENTO RURAL;;1891881;Saneamiento;Localizada en Tacna;No, replica los anexos 6 y 7;;No aplica;
8;ANEXO-8-2;167;1984;Gobierno local;230402;MUNICIPALIDAD DISTRITAL DE CHUCATAMANI;Tacna;Tarata;Chucatamani;Chucatamani;Programas presupuestales;PROGRAMA NACIONAL DE SANEAMIENTO RURAL;;;Asignación por programa presupuestal;PROGRAMA NACIONAL DE SANEAMIENTO RURAL;;28738;Saneamiento;Localizada en Tacna;No, replica los anexos 6 y 7;;No aplica;
8;ANEXO-8-2;167;1984;Gobierno local;230403;MUNICIPALIDAD DISTRITAL DE ESTIQUE;Tacna;Tarata;Estique;Estique;Programas presupuestales;PROGRAMA NACIONAL DE SANEAMIENTO RURAL;;;Asignación por programa presupuestal;PROGRAMA NACIONAL DE SANEAMIENTO RURAL;;100616;Saneamiento;Localizada en Tacna;No, replica los anexos 6 y 7;;No aplica;
8;ANEXO-8-2;167;1984;Gobierno local;230404;MUNICIPALIDAD DISTRITAL DE ESTIQUE-PAMPA;Tacna;Tarata;Estique-Pampa;Estique-Pampa;Programas presupuestales;PROGRAMA NACIONAL DE SANEAMIENTO RURAL;;;Asignación por programa presupuestal;PROGRAMA NACIONAL DE SANEAMIENTO RURAL;;3000;Saneamiento;Localizada en Tacna;No, replica los anexos 6 y 7;;No aplica;
8;ANEXO-8-2;167;1984;Gobierno local;230405;MUNICIPALIDAD DISTRITAL DE SITAJARA;Tacna;Tarata;Sitajara;Sitajara;Programas presupuestales;PROGRAMA NACIONAL DE SANEAMIENTO RURAL;;;Asignación por programa presupuestal;PROGRAMA NACIONAL DE SANEAMIENTO RURAL;;11000;Saneamiento;Localizada en Tacna;No, replica los anexos 6 y 7;;No aplica;
8;ANEXO-8-2;167;1984;Gobierno local;230406;MUNICIPALIDAD DISTRITAL DE SUSAPAYA;Tacna;Tarata;Susapaya;Susapaya;Programas presupuestales;PROGRAMA NACIONAL DE SANEAMIENTO RURAL;;;Asignación por programa presupuestal;PROGRAMA NACIONAL DE SANEAMIENTO RURAL;;5551;Saneamiento;Localizada en Tacna;No, replica los anexos 6 y 7;;No aplica;
8;ANEXO-8-2;167;1984;Gobierno local;230407;MUNICIPALIDAD DISTRITAL DE TARUCACHI;Tacna;Tarata;Tarucachi;Tarucachi;Programas presupuestales;PROGRAMA NACIONAL DE SANEAMIENTO RURAL;;;Asignación por programa presupuestal;PROGRAMA NACIONAL DE SANEAMIENTO RURAL;;24000;Saneamiento;Localizada en Tacna;No, replica los anexos 6 y 7;;No aplica;
8;ANEXO-8-2;167;1984;Gobierno local;230408;MUNICIPALIDAD DISTRITAL DE TICACO;Tacna;Tarata;Ticaco;Ticaco;Programas presupuestales;PROGRAMA NACIONAL DE SANEAMIENTO RURAL;;;Asignación por programa presupuestal;PROGRAMA NACIONAL DE SANEAMIENTO RURAL;;41030;Saneamiento;Localizada en Tacna;No, replica los anexos 6 y 7;;No aplica;
8;ANEXO-8-2;216;2033;Gobierno regional;460;Gobierno Regional del Departamento de Tacna;Tacna;;;;Programas presupuestales;LOGROS DE APRENDIZAJE DE ESTUDIANTES DE LA EDUCACION BASICA REGULAR;;;Asignación por programa presupuestal;LOGROS DE APRENDIZAJE DE ESTUDIANTES DE LA EDUCACION BASICA REGULAR;;273502881;Educación;Localizada en Tacna;No, replica los anexos 6 y 7;;No aplica;
8;ANEXO-8-2;227;2044;Gobierno local;230111;MUNICIPALIDAD DISTRITAL DE LA YARADA LOS PALOS;Tacna;Tacna;La Yarada Los Palos;La Yarada Los Palos;Programas presupuestales;LOGROS DE APRENDIZAJE DE ESTUDIANTES DE LA EDUCACION BASICA REGULAR;;;Asignación por programa presupuestal;LOGROS DE APRENDIZAJE DE ESTUDIANTES DE LA EDUCACION BASICA REGULAR;;4980405;Educación;Localizada en Tacna;No, replica los anexos 6 y 7;;No aplica;
8;ANEXO-8-2;227;2044;Gobierno local;230301;MUNICIPALIDAD PROVINCIAL DE JORGE BASADRE -LOCUMBA;Tacna;Jorge Basadre;Locumba;Locumba;Programas presupuestales;LOGROS DE APRENDIZAJE DE ESTUDIANTES DE LA EDUCACION BASICA REGULAR;;;Asignación por programa presupuestal;LOGROS DE APRENDIZAJE DE ESTUDIANTES DE LA EDUCACION BASICA REGULAR;;197089;Educación;Localizada en Tacna;No, replica los anexos 6 y 7;;No aplica;
8;ANEXO-8-2;227;2044;Gobierno local;230302;MUNICIPALIDAD DISTRITAL DE ILABAYA;Tacna;Jorge Basadre;Ilabaya;Ilabaya;Programas presupuestales;LOGROS DE APRENDIZAJE DE ESTUDIANTES DE LA EDUCACION BASICA REGULAR;;;Asignación por programa presupuestal;LOGROS DE APRENDIZAJE DE ESTUDIANTES DE LA EDUCACION BASICA REGULAR;;5000000;Educación;Localizada en Tacna;No, replica los anexos 6 y 7;;No aplica;
8;ANEXO-8-2;227;2044;Gobierno local;230303;MUNICIPALIDAD DISTRITAL DE ITE;Tacna;Jorge Basadre;Ite;Ite;Programas presupuestales;LOGROS DE APRENDIZAJE DE ESTUDIANTES DE LA EDUCACION BASICA REGULAR;;;Asignación por programa presupuestal;LOGROS DE APRENDIZAJE DE ESTUDIANTES DE LA EDUCACION BASICA REGULAR;;1936398;Educación;Localizada en Tacna;No, replica los anexos 6 y 7;;No aplica;
8;ANEXO-8-2;230;2047;Gobierno local;230303;MUNICIPALIDAD DISTRITAL DE ITE;Tacna;Jorge Basadre;Ite;Ite;Programas presupuestales;DESARROLLO PRODUCTIVO DE LAS EMPRESAS;;;Asignación por programa presupuestal;DESARROLLO PRODUCTIVO DE LAS EMPRESAS;;64213;Turismo y comercio;Localizada en Tacna;No, replica los anexos 6 y 7;;No aplica;
8;ANEXO-8-2;263;2080;Gobierno regional;460;Gobierno Regional del Departamento de Tacna;Tacna;;;;Programas presupuestales;INCREMENTO DE LA PRACTICA DE ACTIVIDADES FISICAS, DEPORTIVAS Y RECREATIVAS EN LA POBLACION PERUANA;;;Asignación por programa presupuestal;INCREMENTO DE LA PRACTICA DE ACTIVIDADES FISICAS, DEPORTIVAS Y RECREATIVAS EN LA POBLACION PERUANA;;12800;Cultura y deporte;Localizada en Tacna;No, replica los anexos 6 y 7;;No aplica;
8;ANEXO-8-2;277;2094;Gobierno local;230101;MUNICIPALIDAD PROVINCIAL DE TACNA;Tacna;Tacna;Tacna;Tacna;Programas presupuestales;INCREMENTO DE LA PRACTICA DE ACTIVIDADES FISICAS, DEPORTIVAS Y RECREATIVAS EN LA POBLACION PERUANA;;;Asignación por programa presupuestal;INCREMENTO DE LA PRACTICA DE ACTIVIDADES FISICAS, DEPORTIVAS Y RECREATIVAS EN LA POBLACION PERUANA;;4496370;Cultura y deporte;Localizada en Tacna;No, replica los anexos 6 y 7;;No aplica;
8;ANEXO-8-2;277;2094;Gobierno local;230102;MUNICIPALIDAD DISTRITAL DE ALTO DE LA ALIANZA;Tacna;Tacna;Alto de la Alianza;Alto de la Alianza;Programas presupuestales;INCREMENTO DE LA PRACTICA DE ACTIVIDADES FISICAS, DEPORTIVAS Y RECREATIVAS EN LA POBLACION PERUANA;;;Asignación por programa presupuestal;INCREMENTO DE LA PRACTICA DE ACTIVIDADES FISICAS, DEPORTIVAS Y RECREATIVAS EN LA POBLACION PERUANA;;4609964;Cultura y deporte;Localizada en Tacna;No, replica los anexos 6 y 7;;No aplica;
8;ANEXO-8-2;277;2094;Gobierno local;230104;MUNICIPALIDAD DISTRITAL DE CIUDAD NUEVA;Tacna;Tacna;Ciudad Nueva;Ciudad Nueva;Programas presupuestales;INCREMENTO DE LA PRACTICA DE ACTIVIDADES FISICAS, DEPORTIVAS Y RECREATIVAS EN LA POBLACION PERUANA;;;Asignación por programa presupuestal;INCREMENTO DE LA PRACTICA DE ACTIVIDADES FISICAS, DEPORTIVAS Y RECREATIVAS EN LA POBLACION PERUANA;;11526911;Cultura y deporte;Localizada en Tacna;No, replica los anexos 6 y 7;;No aplica;
8;ANEXO-8-2;277;2094;Gobierno local;230105;MUNICIPALIDAD DISTRITAL DE INCLAN;Tacna;Tacna;Inclán;Inclán;Programas presupuestales;INCREMENTO DE LA PRACTICA DE ACTIVIDADES FISICAS, DEPORTIVAS Y RECREATIVAS EN LA POBLACION PERUANA;;;Asignación por programa presupuestal;INCREMENTO DE LA PRACTICA DE ACTIVIDADES FISICAS, DEPORTIVAS Y RECREATIVAS EN LA POBLACION PERUANA;;1381638;Cultura y deporte;Localizada en Tacna;No, replica los anexos 6 y 7;;No aplica;
8;ANEXO-8-2;277;2094;Gobierno local;230110;MUNICIPALIDAD DISTRITAL DE CORONEL GREGORIO ALBARRACIN LANCHIPA;Tacna;Tacna;Coronel Gregorio Albarracín Lanchipa;Coronel Gregorio Albarracín Lanchipa;Programas presupuestales;INCREMENTO DE LA PRACTICA DE ACTIVIDADES FISICAS, DEPORTIVAS Y RECREATIVAS EN LA POBLACION PERUANA;;;Asignación por programa presupuestal;INCREMENTO DE LA PRACTICA DE ACTIVIDADES FISICAS, DEPORTIVAS Y RECREATIVAS EN LA POBLACION PERUANA;;7982421;Cultura y deporte;Localizada en Tacna;No, replica los anexos 6 y 7;;No aplica;
8;ANEXO-8-2;277;2094;Gobierno local;230301;MUNICIPALIDAD PROVINCIAL DE JORGE BASADRE -LOCUMBA;Tacna;Jorge Basadre;Locumba;Locumba;Programas presupuestales;INCREMENTO DE LA PRACTICA DE ACTIVIDADES FISICAS, DEPORTIVAS Y RECREATIVAS EN LA POBLACION PERUANA;;;Asignación por programa presupuestal;INCREMENTO DE LA PRACTICA DE ACTIVIDADES FISICAS, DEPORTIVAS Y RECREATIVAS EN LA POBLACION PERUANA;;11256626;Cultura y deporte;Localizada en Tacna;No, replica los anexos 6 y 7;;No aplica;
8;ANEXO-8-2;277;2094;Gobierno local;230303;MUNICIPALIDAD DISTRITAL DE ITE;Tacna;Jorge Basadre;Ite;Ite;Programas presupuestales;INCREMENTO DE LA PRACTICA DE ACTIVIDADES FISICAS, DEPORTIVAS Y RECREATIVAS EN LA POBLACION PERUANA;;;Asignación por programa presupuestal;INCREMENTO DE LA PRACTICA DE ACTIVIDADES FISICAS, DEPORTIVAS Y RECREATIVAS EN LA POBLACION PERUANA;;200043;Cultura y deporte;Localizada en Tacna;No, replica los anexos 6 y 7;;No aplica;
8;ANEXO-8-2;280;2097;Gobierno regional;460;Gobierno Regional del Departamento de Tacna;Tacna;;;;Programas presupuestales;FORTALECIMIENTO DE LAS CONDICIONES LABORALES;;;Asignación por programa presupuestal;FORTALECIMIENTO DE LAS CONDICIONES LABORALES;;943996;Trabajo;Localizada en Tacna;No, replica los anexos 6 y 7;;No aplica;
8;ANEXO-8-2;284;2101;Gobierno regional;460;Gobierno Regional del Departamento de Tacna;Tacna;;;;Programas presupuestales;REDUCCION DE LA MORTALIDAD POR EMERGENCIAS Y URGENCIAS MEDICAS;;;Asignación por programa presupuestal;REDUCCION DE LA MORTALIDAD POR EMERGENCIAS Y URGENCIAS MEDICAS;;485696;Salud;Localizada en Tacna;No, replica los anexos 6 y 7;;No aplica;
8;ANEXO-8-2;286;2103;Gobierno regional;460;Gobierno Regional del Departamento de Tacna;Tacna;;;;Programas presupuestales;INCLUSION DE NIÑOS, NIÑAS Y JOVENES CON DISCAPACIDAD EN LA EDUCACION BASICA Y TECNICO PRODUCTIVA;;;Asignación por programa presupuestal;INCLUSION DE NIÑOS, NIÑAS Y JOVENES CON DISCAPACIDAD EN LA EDUCACION BASICA Y TECNICO PRODUCTIVA;;2907459;Educación;Localizada en Tacna;No, replica los anexos 6 y 7;;No aplica;
8;ANEXO-8-2;289;2106;Gobierno regional;460;Gobierno Regional del Departamento de Tacna;Tacna;;;;Programas presupuestales;MEJORA DE LA FORMACION EN CARRERAS DOCENTES EN INSTITUTOS DE EDUCACION SUPERIOR NO UNIVERSITARIA;;;Asignación por programa presupuestal;MEJORA DE LA FORMACION EN CARRERAS DOCENTES EN INSTITUTOS DE EDUCACION SUPERIOR NO UNIVERSITARIA;;3832280;Educación;Localizada en Tacna;No, replica los anexos 6 y 7;;No aplica;
8;ANEXO-8-2;294;2111;Gobierno local;230303;MUNICIPALIDAD DISTRITAL DE ITE;Tacna;Jorge Basadre;Ite;Ite;Programas presupuestales;NUESTRAS CIUDADES;;;Asignación por programa presupuestal;NUESTRAS CIUDADES;;4636635;Vivienda y desarrollo urbano;Localizada en Tacna;No, replica los anexos 6 y 7;;No aplica;
8;ANEXO-8-2;304;2121;Gobierno regional;460;Gobierno Regional del Departamento de Tacna;Tacna;;;;Programas presupuestales;ATENCION OPORTUNA DE NIÑAS, NIÑOS Y ADOLESCENTES EN PRESUNTO ESTADO DE ABANDONO;;;Asignación por programa presupuestal;ATENCION OPORTUNA DE NIÑAS, NIÑOS Y ADOLESCENTES EN PRESUNTO ESTADO DE ABANDONO;;1911973;Protección social;Localizada en Tacna;No, replica los anexos 6 y 7;;No aplica;
8;ANEXO-8-2;315;2132;Gobierno local;230102;MUNICIPALIDAD DISTRITAL DE ALTO DE LA ALIANZA;Tacna;Tacna;Alto de la Alianza;Alto de la Alianza;Programas presupuestales;ATENCION OPORTUNA DE NIÑAS, NIÑOS Y ADOLESCENTES EN PRESUNTO ESTADO DE ABANDONO;;;Asignación por programa presupuestal;ATENCION OPORTUNA DE NIÑAS, NIÑOS Y ADOLESCENTES EN PRESUNTO ESTADO DE ABANDONO;;106000;Protección social;Localizada en Tacna;No, replica los anexos 6 y 7;;No aplica;
8;ANEXO-8-2;315;2132;Gobierno local;230104;MUNICIPALIDAD DISTRITAL DE CIUDAD NUEVA;Tacna;Tacna;Ciudad Nueva;Ciudad Nueva;Programas presupuestales;ATENCION OPORTUNA DE NIÑAS, NIÑOS Y ADOLESCENTES EN PRESUNTO ESTADO DE ABANDONO;;;Asignación por programa presupuestal;ATENCION OPORTUNA DE NIÑAS, NIÑOS Y ADOLESCENTES EN PRESUNTO ESTADO DE ABANDONO;;207200;Protección social;Localizada en Tacna;No, replica los anexos 6 y 7;;No aplica;
8;ANEXO-8-2;315;2132;Gobierno local;230105;MUNICIPALIDAD DISTRITAL DE INCLAN;Tacna;Tacna;Inclán;Inclán;Programas presupuestales;ATENCION OPORTUNA DE NIÑAS, NIÑOS Y ADOLESCENTES EN PRESUNTO ESTADO DE ABANDONO;;;Asignación por programa presupuestal;ATENCION OPORTUNA DE NIÑAS, NIÑOS Y ADOLESCENTES EN PRESUNTO ESTADO DE ABANDONO;;2000;Protección social;Localizada en Tacna;No, replica los anexos 6 y 7;;No aplica;
8;ANEXO-8-2;315;2132;Gobierno local;230108;MUNICIPALIDAD DISTRITAL DE POCOLLAY;Tacna;Tacna;Pocollay;Pocollay;Programas presupuestales;ATENCION OPORTUNA DE NIÑAS, NIÑOS Y ADOLESCENTES EN PRESUNTO ESTADO DE ABANDONO;;;Asignación por programa presupuestal;ATENCION OPORTUNA DE NIÑAS, NIÑOS Y ADOLESCENTES EN PRESUNTO ESTADO DE ABANDONO;;32100;Protección social;Localizada en Tacna;No, replica los anexos 6 y 7;;No aplica;
8;ANEXO-8-2;315;2132;Gobierno local;230110;MUNICIPALIDAD DISTRITAL DE CORONEL GREGORIO ALBARRACIN LANCHIPA;Tacna;Tacna;Coronel Gregorio Albarracín Lanchipa;Coronel Gregorio Albarracín Lanchipa;Programas presupuestales;ATENCION OPORTUNA DE NIÑAS, NIÑOS Y ADOLESCENTES EN PRESUNTO ESTADO DE ABANDONO;;;Asignación por programa presupuestal;ATENCION OPORTUNA DE NIÑAS, NIÑOS Y ADOLESCENTES EN PRESUNTO ESTADO DE ABANDONO;;79950;Protección social;Localizada en Tacna;No, replica los anexos 6 y 7;;No aplica;
A;ANEXO-A-B-C;3;1;Gobierno nacional;007;M. DEL INTERIOR;Tacna;;;Tacna;;;;;Subvención;Subvención a CE. MARIANO SANTOS MATEOS (TACNA);;4000;Educación;Localizada en Tacna;Sí;;No aplica;
