anexo;archivo_pdf;pagina_pdf;pagina_impresa;nivel_gobierno;codigo_pliego;pliego;departamento;provincia;distrito;categoria_presupuestal;programa_presupuestal;producto;codigo_partida;tipo_partida;concepto;monto_soles;alcance_territorial;base_no_duplicada;nota;cuadra_el_pliego;diferencia_del_pliego
6;ANEXO-6-2;54;784;Gobierno regional;455;GOBIERNO REGIONAL DEL DEPARTAMENTO DE MOQUEGUA;Moquegua;;;Programas presupuestales;;3000001 ACCIONES COMUNES;5000085;Actividad;MONITOREO, SUPERVISION, EVALUACION Y CONTROL METAXENICAS Y ZOONOSIS;64086;Localizada en Moquegua;Sí;;Sí;0
6;ANEXO-6-2;54;784;Gobierno regional;455;GOBIERNO REGIONAL DEL DEPARTAMENTO DE MOQUEGUA;Moquegua;;;Programas presupuestales;;3000001 ACCIONES COMUNES;5000276;Actividad;GESTION DEL PROGRAMA;1831499;Localizada en Moquegua;Sí;;Sí;0
6;ANEXO-6-2;54;784;Gobierno regional;455;GOBIERNO REGIONAL DEL DEPARTAMENTO DE MOQUEGUA;Moquegua;;;Programas presupuestales;;3000001 ACCIONES COMUNES;5003032;Actividad;SEGUIMIENTO Y EVALUACION DEL PROGRAMA;1894569;Localizada en Moquegua;Sí;;Sí;0
6;ANEXO-6-2;54;784;Gobierno regional;455;GOBIERNO REGIONAL DEL DEPARTAMENTO DE MOQUEGUA;Moquegua;;;Programas presupuestales;;3000001 ACCIONES COMUNES;5004279;Actividad;MONITOREO,SUPERVISION Y EVALUACION DE PRODUCTOS Y ACTIVIDADES EN GESTION DE RIESGO DE DESASTRES;10247;Localizada en Moquegua;Sí;;Sí;0
6;ANEXO-6-2;54;784;Gobierno regional;455;GOBIERNO REGIONAL DEL DEPARTAMENTO DE MOQUEGUA;Moquegua;;;Programas presupuestales;;3000001 ACCIONES COMUNES;5004280;Actividad;DESARROLLO DE INSTRUMENTOS ESTRATEGICOS PARA LA GESTION DEL RIESGO DE DESASTRES;4635;Localizada en Moquegua;Sí;;Sí;0
6;ANEXO-6-2;54;784;Gobierno regional;455;GOBIERNO REGIONAL DEL DEPARTAMENTO DE MOQUEGUA;Moquegua;;;Programas presupuestales;;3000001 ACCIONES COMUNES;5004389;Actividad;DESARROLLO DE NORMAS Y GUIAS TECNICAS EN SALUD MATERNO NEONATAL;4333;Localizada en Moquegua;Sí;;Sí;0
6;ANEXO-6-2;54;784;Gobierno regional;455;GOBIERNO REGIONAL DEL DEPARTAMENTO DE MOQUEGUA;Moquegua;;;Programas presupuestales;;3000001 ACCIONES COMUNES;5004424;Actividad;VIGILANCIA, INVESTIGACION Y TECNOLOGIAS EN NUTRICION;13214;Localizada en Moquegua;Sí;;Sí;0
6;ANEXO-6-2;54;784;Gobierno regional;455;GOBIERNO REGIONAL DEL DEPARTAMENTO DE MOQUEGUA;Moquegua;;;Programas presupuestales;;3000001 ACCIONES COMUNES;5004425;Actividad;DESARROLLO DE NORMAS Y GUIAS TECNICAS EN NUTRICION;39812;Localizada en Moquegua;Sí;;Sí;0
6;ANEXO-6-2;54;784;Gobierno regional;455;GOBIERNO REGIONAL DEL DEPARTAMENTO DE MOQUEGUA;Moquegua;;;Programas presupuestales;;3000001 ACCIONES COMUNES;5004426;Actividad;MONITOREO, SUPERVISION, EVALUACION Y CONTROL DEL PROGRAMA ARTICULADO NUTRICIONAL;86157;Localizada en Moquegua;Sí;;Sí;0
6;ANEXO-6-2;54;784;Gobierno regional;455;GOBIERNO REGIONAL DEL DEPARTAMENTO DE MOQUEGUA;Moquegua;;;Programas presupuestales;;3000001 ACCIONES COMUNES;5004430;Actividad;MONITOREO, SUPERVISION, EVALUACION Y CONTROL DE LA SALUD MATERNO NEONATAL;1589770;Localizada en Moquegua;Sí;;Sí;0
6;ANEXO-6-2;54;784;Gobierno regional;455;GOBIERNO REGIONAL DEL DEPARTAMENTO DE MOQUEGUA;Moquegua;;;Programas presupuestales;;3000001 ACCIONES COMUNES;5004433;Actividad;MONITOREO, SUPERVISION, EVALUACION Y CONTROL DE VIH/SIDA - TUBERCULOSIS;62776;Localizada en Moquegua;Sí;;Sí;0
6;ANEXO-6-2;54;784;Gobierno regional;455;GOBIERNO REGIONAL DEL DEPARTAMENTO DE MOQUEGUA;Moquegua;;;Programas presupuestales;;3000001 ACCIONES COMUNES;5004434;Actividad;DESARROLLO DE NORMAS Y GUIAS TECNICAS VIH/SIDA Y TUBERCULOSIS;13541;Localizada en Moquegua;Sí;;Sí;0
6;ANEXO-6-2;54;784;Gobierno regional;455;GOBIERNO REGIONAL DEL DEPARTAMENTO DE MOQUEGUA;Moquegua;;;Programas presupuestales;;3000001 ACCIONES COMUNES;5004441;Actividad;MONITOREO, SUPERVISION, EVALUACION Y CONTROL DE PREVENCION Y CONTROL DEL CANCER;160978;Localizada en Moquegua;Sí;;Sí;0
6;ANEXO-6-2;54;784;Gobierno regional;455;GOBIERNO REGIONAL DEL DEPARTAMENTO DE MOQUEGUA;Moquegua;;;Programas presupuestales;;3000001 ACCIONES COMUNES;5004442;Actividad;DESARROLLO DE NORMAS Y GULAS TECNICAS EN PREVENCION Y CONTROL DEL CANCER;7453;Localizada en Moquegua;Sí;;Sí;0
6;ANEXO-6-2;54;784;Gobierno regional;455;GOBIERNO REGIONAL DEL DEPARTAMENTO DE MOQUEGUA;Moquegua;;;Programas presupuestales;;3000001 ACCIONES COMUNES;5004451;Actividad;DESARROLLO DE NORMAS Y GUIAS TECNICAS EN METAXENICAS Y ZOONOSIS;7482;Localizada en Moquegua;Sí;;Sí;0
6;ANEXO-6-2;54;784;Gobierno regional;455;GOBIERNO REGIONAL DEL DEPARTAMENTO DE MOQUEGUA;Moquegua;;;Programas presupuestales;;3000001 ACCIONES COMUNES;5004452;Actividad;MONITOREO, SUPERVISION, EVALUACION Y CONTROL DE ENFERMEDADES NO TRANSMISIBLES;20909;Localizada en Moquegua;Sí;;Sí;0
6;ANEXO-6-2;54;784;Gobierno regional;455;GOBIERNO REGIONAL DEL DEPARTAMENTO DE MOQUEGUA;Moquegua;;;Programas presupuestales;;3000001 ACCIONES COMUNES;5004453;Actividad;DESARROLLO DE NORMAS Y GULAS TECNICAS EN ENFERMEDADES NO TRANSMISIBLES;10408;Localizada en Moquegua;Sí;;Sí;0
6;ANEXO-6-2;54;784;Gobierno regional;455;GOBIERNO REGIONAL DEL DEPARTAMENTO DE MOQUEGUA;Moquegua;;;Programas presupuestales;;3000001 ACCIONES COMUNES;5005138;Actividad;MONITOREO, SUPERVISION Y EVALUACION DEL PROGRAMA PRESUPUESTAL;4802;Localizada en Moquegua;Sí;;Sí;0
6;ANEXO-6-2;54;784;Gobierno regional;455;GOBIERNO REGIONAL DEL DEPARTAMENTO DE MOQUEGUA;Moquegua;;;Programas presupuestales;;3000001 ACCIONES COMUNES;5005139;Actividad;ASISTENCIA TECNICA Y CAPACITACION;9080;Localizada en Moquegua;Sí;;Sí;0
6;ANEXO-6-2;54;784;Gobierno regional;455;GOBIERNO REGIONAL DEL DEPARTAMENTO DE MOQUEGUA;Moquegua;;;Programas presupuestales;;3000001 ACCIONES COMUNES;5005183;Actividad;MONITOREO, SUPERVISION, EVALUACION Y CONTROL DEL PROGRAMA EN SALUD MENTAL;169573;Localizada en Moquegua;Sí;;Sí;0
6;ANEXO-6-2;54;784;Gobierno regional;455;GOBIERNO REGIONAL DEL DEPARTAMENTO DE MOQUEGUA;Moquegua;;;Programas presupuestales;;3000001 ACCIONES COMUNES;5005184;Actividad;DESARROLLO DE NORMAS Y GUIAS TECNICAS PARA EL ABORDAJE DE TRASTORNOS MENTALES Y PROBLEMAS DE PSICOSOCIALES;20317;Localizada en Moquegua;Sí;;Sí;0
6;ANEXO-6-2;54;784;Gobierno regional;455;GOBIERNO REGIONAL DEL DEPARTAMENTO DE MOQUEGUA;Moquegua;;;Programas presupuestales;;3000001 ACCIONES COMUNES;5005185;Actividad;ACOMPAÑAMIENTO CLINICO PSICOSOCIAL;4123;Localizada en Moquegua;Sí;;Sí;0
6;ANEXO-6-2;54;784;Gobierno regional;455;GOBIERNO REGIONAL DEL DEPARTAMENTO DE MOQUEGUA;Moquegua;;;Programas presupuestales;;3000001 ACCIONES COMUNES;5005609;Actividad;ASISTENCIA TECNICA Y ACOMPAÑAMIENTO EN GESTION DEL RIESGO DE DESASTRES;13606;Localizada en Moquegua;Sí;;Sí;0
6;ANEXO-6-2;54;784;Gobierno regional;455;GOBIERNO REGIONAL DEL DEPARTAMENTO DE MOQUEGUA;Moquegua;;;Programas presupuestales;;3000002 POBLACION INFORMADA SOBRE SALUD SEXUAL, SALUD REPRODUCTIVA Y METODOS DE PLANIFICACION FAMILIAR;5000059;Actividad;BRINDAR INFORMACION SOBRE SALUD SEXUAL, SALUD REPRODUCTIVA Y METODOS DE PLANIFICACION FAMILIAR;17500;Localizada en Moquegua;Sí;;Sí;0
6;ANEXO-6-2;54;784;Gobierno regional;455;GOBIERNO REGIONAL DEL DEPARTAMENTO DE MOQUEGUA;Moquegua;;;Programas presupuestales;;3000004 MUJER TAMIZADA EN CANCER DE CUELLO UTERINO;5006002;Actividad;TAMIZAJE CON PAPANICOLAOU PARA DETECCION DE CANCER DE CUELLO UTERINO;1394960;Localizada en Moquegua;Sí;;Sí;0
6;ANEXO-6-2;54;784;Gobierno regional;455;GOBIERNO REGIONAL DEL DEPARTAMENTO DE MOQUEGUA;Moquegua;;;Programas presupuestales;;3000004 MUJER TAMIZADA EN CANCER DE CUELLO UTERINO;5006003;Actividad;TAMIZAJE CON INSPECCION VISUAL CON ACIDO ACETICO PARA DETECCION DE CANCER DE CUELLO UTERINO;5194;Localizada en Moquegua;Sí;;Sí;0
6;ANEXO-6-2;54;784;Gobierno regional;455;GOBIERNO REGIONAL DEL DEPARTAMENTO DE MOQUEGUA;Moquegua;;;Programas presupuestales;;3000005 ADOLESCENTES ACCEDEN A SERVICIOS DE SALUD PARA PREVENCION DEL EMBARAZO;5000058;Actividad;BRINDAR SERVICIOS DE SALUD PARA PREVENCION DEL EMBARAZO A ADOLESCENTES;8000;Localizada en Moquegua;Sí;;Sí;0
6;ANEXO-6-2;54;784;Gobierno regional;455;GOBIERNO REGIONAL DEL DEPARTAMENTO DE MOQUEGUA;Moquegua;;;Programas presupuestales;;3000011 TAMIZAJE Y DIAGNOSTICO DE PACIENTES CON CATARATAS;5000109;Actividad;EVALUACION DE TAMIZAJE Y DIAGNOSTICO DE PACIENTES CON CATARATAS;4948;Localizada en Moquegua;Sí;;Sí;0
6;ANEXO-6-2;55;785;Gobierno regional;455;GOBIERNO REGIONAL DEL DEPARTAMENTO DE MOQUEGUA;Moquegua;;;Programas presupuestales;;3000012 TRATAMIENTO Y CONTROL DE PACIENTES CON CATARATAS;5000110;Actividad;BRINDAR TRATAMIENTO A PACIENTES CON DIAGNOSTICO DE CATARATAS;127801;Localizada en Moquegua;Sí;;Sí;0
6;ANEXO-6-2;55;785;Gobierno regional;455;GOBIERNO REGIONAL DEL DEPARTAMENTO DE MOQUEGUA;Moquegua;;;Programas presupuestales;;3000013 TAMIZAJE Y DIAGNOSTICO DE PACIENTES CON ERRORES REFRACTIVOS;5000111;Actividad;EXAMENES DE TAMIZAJE Y DIAGNOSTICO DE PERSONAS CON ERRORES REFRACTIVOS;4991;Localizada en Moquegua;Sí;;Sí;0
6;ANEXO-6-2;55;785;Gobierno regional;455;GOBIERNO REGIONAL DEL DEPARTAMENTO DE MOQUEGUA;Moquegua;;;Programas presupuestales;;3000014 TRATAMIENTO Y CONTROL DE PACIENTES CON ERRORES REFRACTIVOS;5000112;Actividad;BRINDAR TRATAMIENTO A PACIENTES CON DIAGNOSTICO DE ERRORES REFRACTIVOS;15100;Localizada en Moquegua;Sí;;Sí;0
6;ANEXO-6-2;55;785;Gobierno regional;455;GOBIERNO REGIONAL DEL DEPARTAMENTO DE MOQUEGUA;Moquegua;;;Programas presupuestales;;3000015 VALORACION CLINICA Y TAMIZAJE LABORATORIAL DE ENFERMEDADES CRONICAS NO TRANSMISIBLES;5000113;Actividad;EVALUACION CLINICA Y TAMIZAJE LABORATORIAL DE PERSONAS CON RIESGO DE PADECER ENFERMEDADES CRONICAS NO TRANSMISIBLES;4528269;Localizada en Moquegua;Sí;;Sí;0
6;ANEXO-6-2;55;785;Gobierno regional;455;GOBIERNO REGIONAL DEL DEPARTAMENTO DE MOQUEGUA;Moquegua;;;Programas presupuestales;;3000016 TRATAMIENTO Y CONTROL DE PERSONAS CON HIPERTENSION ARTERIAL;5000114;Actividad;BRINDAR TRATAMIENTO A PERSONAS CON DIAGNOSTICO DE HIPERTENSION ARTERIAL;163666;Localizada en Moquegua;Sí;;Sí;0
6;ANEXO-6-2;55;785;Gobierno regional;455;GOBIERNO REGIONAL DEL DEPARTAMENTO DE MOQUEGUA;Moquegua;;;Programas presupuestales;;3000017 TRATAMIENTO Y CONTROL DE PERSONAS CON DIABETES;5000115;Actividad;BRINDAR TRATAMIENTO A PERSONAS CON DIAGNOSTICO DE DIABETES MELLITUS;123037;Localizada en Moquegua;Sí;;Sí;0
6;ANEXO-6-2;55;785;Gobierno regional;455;GOBIERNO REGIONAL DEL DEPARTAMENTO DE MOQUEGUA;Moquegua;;;Programas presupuestales;;3000065 ACTORES DE LA CADENA AGROALIMENTARIA APLICANDO BUENAS PRACTICAS DE PRODUCCION, HIGIENE, PROCESAMIENTO, ALMACENAMIENTO Y DISTRIBUCION;5001311;Actividad;VIGILANCIA SANITARIA DE ALIMENTOS AGROPECUARIOS PRIMARIOS Y PIENSOS;15900;Localizada en Moquegua;Sí;;Sí;0
6;ANEXO-6-2;55;785;Gobierno regional;455;GOBIERNO REGIONAL DEL DEPARTAMENTO DE MOQUEGUA;Moquegua;;;Programas presupuestales;;3000132 CAMINO DEPARTAMENTAL CON MANTENIMIENTO VIAL;5001449;Actividad;MANTENIMIENTO RUTINARIO DE LA RED VIAL DEPARTAMENTAL NO PAVIMENTADA;10000;Localizada en Moquegua;Sí;;Sí;0
6;ANEXO-6-2;55;785;Gobierno regional;455;GOBIERNO REGIONAL DEL DEPARTAMENTO DE MOQUEGUA;Moquegua;;;Programas presupuestales;;3000143 USUARIO DE LA VIA CON MAYOR CONOCIMIENTO DE SEGURIDAD VIAL;5001487;Actividad;CAPACITACION EN SEGURIDAD VIAL A CONDUCTORES INFRACTORES;1485;Localizada en Moquegua;Sí;;Sí;0
6;ANEXO-6-2;55;785;Gobierno regional;455;GOBIERNO REGIONAL DEL DEPARTAMENTO DE MOQUEGUA;Moquegua;;;Programas presupuestales;;3000143 USUARIO DE LA VIA CON MAYOR CONOCIMIENTO DE SEGURIDAD VIAL;5001488;Actividad;CAMPAÑAS DE SENSIBILIZACION A LA COMUNIDAD SOBRE SEGURIDAD Y EDUCACION VIAL;950;Localizada en Moquegua;Sí;;Sí;0
6;ANEXO-6-2;55;785;Gobierno regional;455;GOBIERNO REGIONAL DEL DEPARTAMENTO DE MOQUEGUA;Moquegua;;;Programas presupuestales;;3000143 USUARIO DE LA VIA CON MAYOR CONOCIMIENTO DE SEGURIDAD VIAL;5001489;Actividad;CAPACITACION A USUARIOS DE LAS VIAS EN TEMAS DE EDUCACION EN SEGURIDAD VIAL;5000;Localizada en Moquegua;Sí;;Sí;0
6;ANEXO-6-2;55;785;Gobierno regional;455;GOBIERNO REGIONAL DEL DEPARTAMENTO DE MOQUEGUA;Moquegua;;;Programas presupuestales;;3000361 FAMILIAS SALUDABLES CON CONOCIMIENTO DE LA PREVENCION DEL CANCER DE CUELLO UTERINO, MAMA, ESTOMAGO, PROSTATA, PULMON COLON, RECTO, HIGADO,;5005998;Actividad;CAPACITACION A ACTORES SOCIALES PARA LA PROMOCION DE PRACTICAS Y ENTORNOS SALUDABLES PARA LA PREVENCION DEL CANCER EN FAMILIAS;8714;Localizada en Moquegua;Sí;;Sí;0
6;ANEXO-6-2;55;785;Gobierno regional;455;GOBIERNO REGIONAL DEL DEPARTAMENTO DE MOQUEGUA;Moquegua;;;Programas presupuestales;;3000365 ATENCION DEL CANCER DE CUELLO UTERINO PARA EL ESTADIAJE Y TRATAMIENTO;5006012;Actividad;DIAGNOSTICO DEL CANCER DE CUELLO UTERINO;1000;Localizada en Moquegua;Sí;;Sí;0
6;ANEXO-6-2;55;785;Gobierno regional;455;GOBIERNO REGIONAL DEL DEPARTAMENTO DE MOQUEGUA;Moquegua;;;Programas presupuestales;;3000366 ATENCION DEL CANCER DE MAMA PARA EL ESTADIAJE Y TRATAMIENTO;5006014;Actividad;DIAGNOSTICO DEL CANCER DE MAMA;375852;Localizada en Moquegua;Sí;;Sí;0
6;ANEXO-6-2;55;785;Gobierno regional;455;GOBIERNO REGIONAL DEL DEPARTAMENTO DE MOQUEGUA;Moquegua;;;Programas presupuestales;;3000366 ATENCION DEL CANCER DE MAMA PARA EL ESTADIAJE Y TRATAMIENTO;5006015;Actividad;TRATAMIENTO DEL CANCER DE MAMA;190093;Localizada en Moquegua;Sí;;Sí;0
6;ANEXO-6-2;55;785;Gobierno regional;455;GOBIERNO REGIONAL DEL DEPARTAMENTO DE MOQUEGUA;Moquegua;;;Programas presupuestales;;3000367 ATENCION DEL CANCER DE ESTOMAGO PARA EL ESTADIAJE Y TRATAMIENTO;5006016;Actividad;DIAGNOSTICO DEL CANCER DE ESTOMAGO;140529;Localizada en Moquegua;Sí;;Sí;0
6;ANEXO-6-2;55;785;Gobierno regional;455;GOBIERNO REGIONAL DEL DEPARTAMENTO DE MOQUEGUA;Moquegua;;;Programas presupuestales;;3000368 ATENCION DEL CANCER DE PROSTATA PARA EL DIAGNOSTICO, ESTADIAJE Y TRATAMIENTO;5006018;Actividad;DIAGNOSTICO DEL CANCER DE PROSTATA;1000;Localizada en Moquegua;Sí;;Sí;0
6;ANEXO-6-2;56;786;Gobierno regional;455;GOBIERNO REGIONAL DEL DEPARTAMENTO DE MOQUEGUA;Moquegua;;;Programas presupuestales;;3000369 ATENCION DEL CANCER DE PULMON QUE INCLUYE: DIAGNOSTICO, ESTADIAJE Y TRATAMIENTO;5006020;Actividad;DIAGNOSTICO DEL CANCER DE PULMON;1000;Localizada en Moquegua;Sí;;Sí;0
6;ANEXO-6-2;56;786;Gobierno regional;455;GOBIERNO REGIONAL DEL DEPARTAMENTO DE MOQUEGUA;Moquegua;;;Programas presupuestales;;3000370 ATENCION DEL CANCER DE COLON Y RECTO QUE INCLUYE: DIAGNOSTICO, ESTADIAJE Y TRATAMIENTO;5006022;Actividad;DIAGNOSTICO DEL CANCER DE COLON Y RECTO;1000;Localizada en Moquegua;Sí;;Sí;0
6;ANEXO-6-2;56;786;Gobierno regional;455;GOBIERNO REGIONAL DEL DEPARTAMENTO DE MOQUEGUA;Moquegua;;;Programas presupuestales;;3000371 ATENCION DEL CANCER DE HIGADO QUE INCLUYE: DIAGNOSTICO, ESTADIAJE Y TRATAMIENTO;5006024;Actividad;DIAGNOSTICO DEL CANCER DE HIGADO;500;Localizada en Moquegua;Sí;;Sí;0
6;ANEXO-6-2;56;786;Gobierno regional;455;GOBIERNO REGIONAL DEL DEPARTAMENTO DE MOQUEGUA;Moquegua;;;Programas presupuestales;;3000373 ATENCION DE LA LINFOMA QUE INCLUYE: DIAGNOSTICO Y TRATAMIENTO;5006028;Actividad;DIAGNOSTICO DE LINFOMA;1000;Localizada en Moquegua;Sí;;Sí;0
6;ANEXO-6-2;56;786;Gobierno regional;455;GOBIERNO REGIONAL DEL DEPARTAMENTO DE MOQUEGUA;Moquegua;;;Programas presupuestales;;3000374 ATENCION DEL CANCER DE PIEL NO MELANOMAS QUE INCLUYE: DIAGNOSTICO, ESTADIAJE Y TRATAMIENTO;5006030;Actividad;DIAGNOSTICO DEL CANCER DE PIEL NO MELANOMA;1000;Localizada en Moquegua;Sí;;Sí;0
6;ANEXO-6-2;56;786;Gobierno regional;455;GOBIERNO REGIONAL DEL DEPARTAMENTO DE MOQUEGUA;Moquegua;;;Programas presupuestales;;3000380 PRODUCTORES AGRICOLAS CON MENOR PRESENCIA DE PLAGAS PRIORIZADAS;5000189;Actividad;CONTROL Y/0 ERRADICACION DE PLAGAS PRIORIZADAS;18400;Localizada en Moquegua;Sí;;Sí;0
6;ANEXO-6-2;56;786;Gobierno regional;455;GOBIERNO REGIONAL DEL DEPARTAMENTO DE MOQUEGUA;Moquegua;;;Programas presupuestales;;3000384 AREAS FORESTALES RECUPERADAS QUE CUENTEN CON UN ADECUADO MANEJO FORESTAL Y DE FAUNA SILVESTRE;5004420;Actividad;RECUPERACION DE AREAS FORESTALES DEGRADADAS O ALTERADAS;66800;Localizada en Moquegua;Sí;;Sí;0
6;ANEXO-6-2;56;786;Gobierno regional;455;GOBIERNO REGIONAL DEL DEPARTAMENTO DE MOQUEGUA;Moquegua;;;Programas presupuestales;;3000384 AREAS FORESTALES RECUPERADAS QUE CUENTEN CON UN ADECUADO MANEJO FORESTAL Y DE FAUNA SILVESTRE;5004422;Actividad;SENSIBILIZACION A LA POBLACION SOBRE EL USO ADECUADO DE TIERRAS FORESTALES, BOSQUES NATURALES, ECOSISTEMAS FORESTALES, BUEN MANEJO DE;1500;Localizada en Moquegua;Sí;;Sí;0
6;ANEXO-6-2;56;786;Gobierno regional;455;GOBIERNO REGIONAL DEL DEPARTAMENTO DE MOQUEGUA;Moquegua;;;Programas presupuestales;;3000385 INSTITUCIONES EDUCATIVAS CON CONDICIONES PARA EL CUMPLIMIENTO DE HORAS LECTIVAS NORMADAS;5005628;Actividad;CONTRATACION OPORTUNA Y PAGO DEL PERSONAL DOCENTE Y PROMOTORAS DE LAS INSTITUCIONES EDUCATIVAS DE EDUCACION BASICA REGULAR;134295136;Localizada en Moquegua;Sí;;Sí;0
6;ANEXO-6-2;56;786;Gobierno regional;455;GOBIERNO REGIONAL DEL DEPARTAMENTO DE MOQUEGUA;Moquegua;;;Programas presupuestales;;3000385 INSTITUCIONES EDUCATIVAS CON CONDICIONES PARA EL CUMPLIMIENTO DE HORAS LECTIVAS NORMADAS;5005629;Actividad;CONTRATACION OPORTUNA Y PAGO DEL PERSONAL ADMINISTRATIVO Y DE APOYO DE LAS INSTITUCIONES EDUCATIVAS DE EDUCACION BASICA REGULAR;14337395;Localizada en Moquegua;Sí;;Sí;0
6;ANEXO-6-2;56;786;Gobierno regional;455;GOBIERNO REGIONAL DEL DEPARTAMENTO DE MOQUEGUA;Moquegua;;;Programas presupuestales;;3000385 INSTITUCIONES EDUCATIVAS CON CONDICIONES PARA EL CUMPLIMIENTO DE HORAS LECTIVAS NORMADAS;5005943;Actividad;MANTENIMIENTO Y OPERACION DE LOCALES ESCOLARES DE INSTITUCIONES EDUCATIVAS DE EDUCACION BASICA REGULAR CON CONDICIONES ADECUADAS;2830908;Localizada en Moquegua;Sí;;Sí;0
6;ANEXO-6-2;56;786;Gobierno regional;455;GOBIERNO REGIONAL DEL DEPARTAMENTO DE MOQUEGUA;Moquegua;;;Programas presupuestales;;3000387 ESTUDIANTES DE EDUCACION BASICA REGULAR CUENTAN CON MATERIALES EDUCATIVOS NECESARIOS PARA EL LOGRO DE LOS ESTANDARES DE APRENDIZAJES;5005642;Actividad;DOTACION DE MATERIAL Y RECURSOS EDUCATIVOS PARA ESTUDIANTES DE EDUCACION BASICA REGULAR;26189;Localizada en Moquegua;Sí;;Sí;0
6;ANEXO-6-2;56;786;Gobierno regional;455;GOBIERNO REGIONAL DEL DEPARTAMENTO DE MOQUEGUA;Moquegua;;;Programas presupuestales;;3000387 ESTUDIANTES DE EDUCACION BASICA REGULAR CUENTAN CON MATERIALES EDUCATIVOS NECESARIOS PARA EL LOGRO DE LOS ESTANDARES DE APRENDIZAJES;5005643;Actividad;DOTACION DE MATERIAL Y RECURSOS EDUCATIVOS PARA ESTUDIANTES DE EDUCACION INTERCULTURAL BILINGÜE;7276;Localizada en Moquegua;Sí;;Sí;0
6;ANEXO-6-2;56;786;Gobierno regional;455;GOBIERNO REGIONAL DEL DEPARTAMENTO DE MOQUEGUA;Moquegua;;;Programas presupuestales;;3000387 ESTUDIANTES DE EDUCACION BASICA REGULAR CUENTAN CON MATERIALES EDUCATIVOS NECESARIOS PARA EL LOGRO DE LOS ESTANDARES DE APRENDIZAJES;5005644;Actividad;DOTACION DE MATERIAL Y RECURSOS EDUCATIVOS PARA DOCENTES Y AULAS DE EDUCACION BASICA REGULAR;43147;Localizada en Moquegua;Sí;;Sí;0
6;ANEXO-6-2;56;786;Gobierno regional;455;GOBIERNO REGIONAL DEL DEPARTAMENTO DE MOQUEGUA;Moquegua;;;Programas presupuestales;;3000387 ESTUDIANTES DE EDUCACION BASICA REGULAR CUENTAN CON MATERIALES EDUCATIVOS NECESARIOS PARA EL LOGRO DE LOS ESTANDARES DE APRENDIZAJES;5005645;Actividad;DOTACION DE MATERIAL Y RECURSOS EDUCATIVOS PARA DOCENTES Y AULAS DE EDUCACION INTERCULTURAL BILINGÜE;13718;Localizada en Moquegua;Sí;;Sí;0
6;ANEXO-6-2;56;786;Gobierno regional;455;GOBIERNO REGIONAL DEL DEPARTAMENTO DE MOQUEGUA;Moquegua;;;Programas presupuestales;;3000387 ESTUDIANTES DE EDUCACION BASICA REGULAR CUENTAN CON MATERIALES EDUCATIVOS NECESARIOS PARA EL LOGRO DE LOS ESTANDARES DE APRENDIZAJES;5005646;Actividad;DOTACION DE MATERIAL FUNGIBLE PARA AULAS DE INSTITUCIONES EDUCATIVAS DE EDUCACION BASICA REGULAR Y EDUCACION INTERCULTURAL BILINGUE;50000;Localizada en Moquegua;Sí;;Sí;0
6;ANEXO-6-2;56;786;Gobierno regional;455;GOBIERNO REGIONAL DEL DEPARTAMENTO DE MOQUEGUA;Moquegua;;;Programas presupuestales;;3000387 ESTUDIANTES DE EDUCACION BASICA REGULAR CUENTAN CON MATERIALES EDUCATIVOS NECESARIOS PARA EL LOGRO DE LOS ESTANDARES DE APRENDIZAJES;5005647;Actividad;DOTACION DE MATERIAL Y RECURSOS EDUCATIVOS PARA INSTITUCIONES EDUCATIVAS DE EDUCACION BASICA REGULAR;2880;Localizada en Moquegua;Sí;;Sí;0
6;ANEXO-6-2;56;786;Gobierno regional;455;GOBIERNO REGIONAL DEL DEPARTAMENTO DE MOQUEGUA;Moquegua;;;Programas presupuestales;;3000476 VEHICULO HABILITADO PARA EL SERVICIO DE TRANSPORTE DE PERSONAS Y MERCANCIAS;5003405;Actividad;HABILITACIONES OTORGADAS PARA EL SERVICIO DE TRANSPORTE REGIONAL TERRESTRE DE PERSONAS;2700;Localizada en Moquegua;Sí;;Sí;0
6;ANEXO-6-2;56;786;Gobierno regional;455;GOBIERNO REGIONAL DEL DEPARTAMENTO DE MOQUEGUA;Moquegua;;;Programas presupuestales;;3000477 TRANSPORTISTA QUE PRESTA SERVICIO DE TRANSPORTE TERRESTRE Y ENTIDADES COMPLEMENTARIAS AUTORIZADOS;5003412;Actividad;OTORGAMIENTO DE AUTORIZACION PARA EL SERVICIO DE TRANSPORTE REGIONAL TERRESTRE DE PERSONAS;3200;Localizada en Moquegua;Sí;;Sí;0
6;ANEXO-6-2;56;786;Gobierno regional;455;GOBIERNO REGIONAL DEL DEPARTAMENTO DE MOQUEGUA;Moquegua;;;Programas presupuestales;;3000478 SERVICIOS DE TRANSPORTE TERRESTRE Y COMPLEMENTARIOS FISCALIZADOS;5003418;Actividad;FISCALIZACION AL SERVICIO DE TRANSPORTE TERRESTRE DE PERSONAS;6220;Localizada en Moquegua;Sí;;Sí;0
6;ANEXO-6-2;57;787;Gobierno regional;455;GOBIERNO REGIONAL DEL DEPARTAMENTO DE MOQUEGUA;Moquegua;;;Programas presupuestales;;3000478 SERVICIOS DE TRANSPORTE TERRESTRE Y COMPLEMENTARIOS FISCALIZADOS;5003423;Actividad;FISCALIZACION A LAS ENTIDADES DE SERVICIOS COMPLEMENTARIOS DE TRANSPORTE TERRESTRE;2400;Localizada en Moquegua;Sí;;Sí;0
6;ANEXO-6-2;57;787;Gobierno regional;455;GOBIERNO REGIONAL DEL DEPARTAMENTO DE MOQUEGUA;Moquegua;;;Programas presupuestales;;3000479 PERSONA AUTORIZADA PARA CONDUCIR VEHICULOS AUTOMOTORES;5003427;Actividad;EMISION DE LICENCIAS DE CONDUCIR DE CLASE A;114225;Localizada en Moquegua;Sí;;Sí;0
6;ANEXO-6-2;57;787;Gobierno regional;455;GOBIERNO REGIONAL DEL DEPARTAMENTO DE MOQUEGUA;Moquegua;;;Programas presupuestales;;3000523 PRODUCTOR PECUARIO CON MENOR PRESENCIA DE ENFERMEDADES EN SUS ANIMALES POR EL CONTROL SANITARIO;5004169;Actividad;PREVENCION, CONTROL Y ERRADICACION DE ENFERMEDADES EN LOS ANIMALES;18000;Localizada en Moquegua;Sí;;Sí;0
6;ANEXO-6-2;57;787;Gobierno regional;455;GOBIERNO REGIONAL DEL DEPARTAMENTO DE MOQUEGUA;Moquegua;;;Programas presupuestales;;3000528 PRODUCTORES AGRARIOS CON COMPETENCIAS PARA EL APROVECHAMIENTO DEL RECURSO HIDRICO PARA USO AGRARIO;5000155;Actividad;ASISTENCIA TECNICA A PRODUCTORES AGRARIOS EN PRACTICAS DE RIEGO;13800;Localizada en Moquegua;Sí;;Sí;0
6;ANEXO-6-2;57;787;Gobierno regional;455;GOBIERNO REGIONAL DEL DEPARTAMENTO DE MOQUEGUA;Moquegua;;;Programas presupuestales;;3000546 INSTITUCIONES DE EDUCACION SUPERIOR PEDAGOGICA CON CONDICIONES BASICAS PARA EL FUNCIONAMIENTO.;5005906;Actividad;CONTRATACION OPORTUNA Y PAGO DE PERSONAL DOCENTE;6350878;Localizada en Moquegua;Sí;;Sí;0
6;ANEXO-6-2;57;787;Gobierno regional;455;GOBIERNO REGIONAL DEL DEPARTAMENTO DE MOQUEGUA;Moquegua;;;Programas presupuestales;;3000546 INSTITUCIONES DE EDUCACION SUPERIOR PEDAGOGICA CON CONDICIONES BASICAS PARA EL FUNCIONAMIENTO.;5005907;Actividad;CONTRATACION OPORTUNA Y PAGO DE PERSONAL ADMINISTRATIVO Y DE APOYO;1025516;Localizada en Moquegua;Sí;;Sí;0
6;ANEXO-6-2;57;787;Gobierno regional;455;GOBIERNO REGIONAL DEL DEPARTAMENTO DE MOQUEGUA;Moquegua;;;Programas presupuestales;;3000546 INSTITUCIONES DE EDUCACION SUPERIOR PEDAGOGICA CON CONDICIONES BASICAS PARA EL FUNCIONAMIENTO.;5005908;Actividad;PROVISION DE SERVICIOS BASICOS Y MANTENIMIENTO DE EQUIPAMIENTO E INFRAESTRUCTURA;73406;Localizada en Moquegua;Sí;;Sí;0
6;ANEXO-6-2;57;787;Gobierno regional;455;GOBIERNO REGIONAL DEL DEPARTAMENTO DE MOQUEGUA;Moquegua;;;Programas presupuestales;;3000566 PRODUCTORES AGROPECUARIOS CON COMPETENCIAS PARA EL APROVECHAMIENTO DEL RECURSO SUELO EN EL SECTOR AGRARIO;5004212;Actividad;ASISTENCIA TECNICA A PRODUCTORES AGRARIOS;568895;Localizada en Moquegua;Sí;;Sí;0
6;ANEXO-6-2;57;787;Gobierno regional;455;GOBIERNO REGIONAL DEL DEPARTAMENTO DE MOQUEGUA;Moquegua;;;Programas presupuestales;;3000608 SERVICIOS DE CUIDADO DIURNO ACCEDEN A CONTROL DE CALIDAD NUTRICIONAL DE LOS ALIMENTOS;5004427;Actividad;CONTROL DE CALIDAD NUTRICIONAL DE LOS ALIMENTOS;8442;Localizada en Moquegua;Sí;;Sí;0
6;ANEXO-6-2;57;787;Gobierno regional;455;GOBIERNO REGIONAL DEL DEPARTAMENTO DE MOQUEGUA;Moquegua;;;Programas presupuestales;;3000612 SINTOMATICOS RESPIRATORIOS CON DESPISTAJE DE TUBERCULOSIS;5004436;Actividad;DESPISTAJE DE TUBERCULOSIS EN SINTOMATICOS RESPIRATORIOS;6920246;Localizada en Moquegua;Sí;;Sí;0
6;ANEXO-6-2;57;787;Gobierno regional;455;GOBIERNO REGIONAL DEL DEPARTAMENTO DE MOQUEGUA;Moquegua;;;Programas presupuestales;;3000614 PERSONAS CON DIAGNOSTICO DE TUBERCULOSIS;5004438;Actividad;DIAGNOSTICO DE CASOS DE TUBERCULOSIS;53206;Localizada en Moquegua;Sí;;Sí;0
6;ANEXO-6-2;57;787;Gobierno regional;455;GOBIERNO REGIONAL DEL DEPARTAMENTO DE MOQUEGUA;Moquegua;;;Programas presupuestales;;3000616 PACIENTES CON COMORBILIDAD CON DESPISTAJE Y DIAGNOSTICO DE TUBERCULOSIS;5004440;Actividad;DESPISTAJE Y DIAGNOSTICO DE TUBERCULOSIS PARA PACIENTES CON COMORBILIDAD;2866;Localizada en Moquegua;Sí;;Sí;0
6;ANEXO-6-2;57;787;Gobierno regional;455;GOBIERNO REGIONAL DEL DEPARTAMENTO DE MOQUEGUA;Moquegua;;;Programas presupuestales;;3000633 PRODUCTORES AGROPECUARIOS RECIBEN Y ACCEDEN ADECUADAMENTE SERVICIOS DE INFORMACION AGRARIA;5004496;Actividad;GENERACION Y ADMINISTRACION DEL SISTEMA DE INFORMACION DE MERCADOS;20000;Localizada en Moquegua;Sí;;Sí;0
6;ANEXO-6-2;57;787;Gobierno regional;455;GOBIERNO REGIONAL DEL DEPARTAMENTO DE MOQUEGUA;Moquegua;;;Programas presupuestales;;3000633 PRODUCTORES AGROPECUARIOS RECIBEN Y ACCEDEN ADECUADAMENTE SERVICIOS DE INFORMACION AGRARIA;5005112;Actividad;DIFUSION Y SENSIBILIZACION DE LA INFORMACION AGRARIA PARA LA TOMA DE DECISIONES DE LOS AGRICULTORES;78403;Localizada en Moquegua;Sí;;Sí;0
6;ANEXO-6-2;57;787;Gobierno regional;455;GOBIERNO REGIONAL DEL DEPARTAMENTO DE MOQUEGUA;Moquegua;;;Programas presupuestales;;3000635 PERSONAS CUENTAN CON ORIENTACION Y ASISTENCIA TECNICA EN MATERIA DE NORMATIVIDAD LABORAL Y BUENAS PRACTICAS LABORALES;5004946;Actividad;ABSOLUCION DE CONSULTAS EN MATERIAS LABORALES;70000;Localizada en Moquegua;Sí;;Sí;0
6;ANEXO-6-2;57;787;Gobierno regional;455;GOBIERNO REGIONAL DEL DEPARTAMENTO DE MOQUEGUA;Moquegua;;;Programas presupuestales;;3000635 PERSONAS CUENTAN CON ORIENTACION Y ASISTENCIA TECNICA EN MATERIA DE NORMATIVIDAD LABORAL Y BUENAS PRACTICAS LABORALES;5005589;Actividad;CAPACITACION Y DIFUSION DE LA NORMATIVA LABORAL A TRAVES DE MEDIOS DE DIFUSION MASIVA;65000;Localizada en Moquegua;Sí;;Sí;0
6;ANEXO-6-2;57;787;Gobierno regional;455;GOBIERNO REGIONAL DEL DEPARTAMENTO DE MOQUEGUA;Moquegua;;;Programas presupuestales;;3000635 PERSONAS CUENTAN CON ORIENTACION Y ASISTENCIA TECNICA EN MATERIA DE NORMATIVIDAD LABORAL Y BUENAS PRACTICAS LABORALES;5005590;Actividad;CAPACITACION Y SENSIBILIZACION EN MATERIA DE TRABAJO FORZOSO. TRATA DE PERSONAS Y OTROS GRUPOS VULNERABLES;45000;Localizada en Moquegua;Sí;;Sí;0
6;ANEXO-6-2;57;787;Gobierno regional;455;GOBIERNO REGIONAL DEL DEPARTAMENTO DE MOQUEGUA;Moquegua;;;Programas presupuestales;;3000635 PERSONAS CUENTAN CON ORIENTACION Y ASISTENCIA TECNICA EN MATERIA DE NORMATIVIDAD LABORAL Y BUENAS PRACTICAS LABORALES;5006205;Actividad;FORMALIZACION DE LA FUERZA LABORAL;50000;Localizada en Moquegua;Sí;;Sí;0
6;ANEXO-6-2;57;787;Gobierno regional;455;GOBIERNO REGIONAL DEL DEPARTAMENTO DE MOQUEGUA;Moquegua;;;Programas presupuestales;;3000672 PERSONA QUE ACCEDE AL ESTABLECIMIENTO DE SALUD Y RECIBE TRATAMIENTO OPORTUNO PARA TUBERCULOSIS Y SUS COMPLICACIONES;5006272;Actividad;BRINDAR TRATAMIENTO OPORTUNO PARA TUBERCULOSIS;11883;Localizada en Moquegua;Sí;;Sí;0
6;ANEXO-6-2;58;788;Gobierno regional;455;GOBIERNO REGIONAL DEL DEPARTAMENTO DE MOQUEGUA;Moquegua;;;Programas presupuestales;;3000680 ATENCION ESTOMATOLOGICA PREVENTIVA;5006275;Actividad;ATENCION ESTOMATOLOGICA PREVENTIVA BASICA;4109118;Localizada en Moquegua;Sí;;Sí;0
6;ANEXO-6-2;58;788;Gobierno regional;455;GOBIERNO REGIONAL DEL DEPARTAMENTO DE MOQUEGUA;Moquegua;;;Programas presupuestales;;3000681 ATENCION ESTOMATOLOGICA RECUPERATIVA;5006276;Actividad;ATENCION ESTOMATOLOGICA RECUPERATIVA BASICA;291466;Localizada en Moquegua;Sí;;Sí;0
6;ANEXO-6-2;58;788;Gobierno regional;455;GOBIERNO REGIONAL DEL DEPARTAMENTO DE MOQUEGUA;Moquegua;;;Programas presupuestales;;3000682 ATENCION ESTOMATOLOGICA ESPECIALIZADA;5000106;Actividad;ATENCION ESTOMATOLOGICA ESPECIALIZADA BASICA;40191;Localizada en Moquegua;Sí;;Sí;0
6;ANEXO-6-2;58;788;Gobierno regional;455;GOBIERNO REGIONAL DEL DEPARTAMENTO DE MOQUEGUA;Moquegua;;;Programas presupuestales;;3000684 ATENCION MEDICA TELEFONICA DE LA EMERGENCIA Y URGENCIA EN CENTRO REGULADOR;5002792;Actividad;SERVICIO DE ATENCION DE LLAMADAS DE EMERGENCIAS MEDICAS A LA CENTRAL TELEFONICA DE SAMU;1000;Localizada en Moquegua;Sí;;Sí;0
6;ANEXO-6-2;58;788;Gobierno regional;455;GOBIERNO REGIONAL DEL DEPARTAMENTO DE MOQUEGUA;Moquegua;;;Programas presupuestales;;3000684 ATENCION MEDICA TELEFONICA DE LA EMERGENCIA Y URGENCIA EN CENTRO REGULADOR;5002793;Actividad;ATENCION MEDICA TELEFONICA DE LA EMERGENCIA;500;Localizada en Moquegua;Sí;;Sí;0
6;ANEXO-6-2;58;788;Gobierno regional;455;GOBIERNO REGIONAL DEL DEPARTAMENTO DE MOQUEGUA;Moquegua;;;Programas presupuestales;;3000685 DESPACHO DE LA UNIDAD MOVIL Y COORDINACION DE LA REFERENCIA;5005140;Actividad;COORDINACION Y SEGUIMIENTO DE LA REFERENCIA;2100;Localizada en Moquegua;Sí;;Sí;0
6;ANEXO-6-2;58;788;Gobierno regional;455;GOBIERNO REGIONAL DEL DEPARTAMENTO DE MOQUEGUA;Moquegua;;;Programas presupuestales;;3000686 ATENCION DE LA EMERGENCIA O URGENCIA EN ESTABLECIMIENTO DE SALUD;5002824;Actividad;ATENCION AMBULATORIA DE URGENCIAS (PRIORIDAD III 0 IV) EN MODULOS HOSPITALARIOS DIFERENCIADOS AUTORIZADOS;1100;Localizada en Moquegua;Sí;;Sí;0
6;ANEXO-6-2;58;788;Gobierno regional;455;GOBIERNO REGIONAL DEL DEPARTAMENTO DE MOQUEGUA;Moquegua;;;Programas presupuestales;;3000686 ATENCION DE LA EMERGENCIA O URGENCIA EN ESTABLECIMIENTO DE SALUD;5005901;Actividad;ATENCION DE TRIAJE;1600;Localizada en Moquegua;Sí;;Sí;0
6;ANEXO-6-2;58;788;Gobierno regional;455;GOBIERNO REGIONAL DEL DEPARTAMENTO DE MOQUEGUA;Moquegua;;;Programas presupuestales;;3000686 ATENCION DE LA EMERGENCIA O URGENCIA EN ESTABLECIMIENTO DE SALUD;5005902;Actividad;ATENCION DE LA EMERGENCIA Y URGENCIA BASICA;500;Localizada en Moquegua;Sí;;Sí;0
6;ANEXO-6-2;58;788;Gobierno regional;455;GOBIERNO REGIONAL DEL DEPARTAMENTO DE MOQUEGUA;Moquegua;;;Programas presupuestales;;3000686 ATENCION DE LA EMERGENCIA O URGENCIA EN ESTABLECIMIENTO DE SALUD;5005903;Actividad;ATENCION DE LA EMERGENCIA Y URGENCIA ESPECIALIZADA;2387337;Localizada en Moquegua;Sí;;Sí;0
6;ANEXO-6-2;58;788;Gobierno regional;455;GOBIERNO REGIONAL DEL DEPARTAMENTO DE MOQUEGUA;Moquegua;;;Programas presupuestales;;3000686 ATENCION DE LA EMERGENCIA O URGENCIA EN ESTABLECIMIENTO DE SALUD;5005904;Actividad;ATENCION DE LA EMERGENCIA DE CUIDADOS INTENSIVOS;2750;Localizada en Moquegua;Sí;;Sí;0
6;ANEXO-6-2;58;788;Gobierno regional;455;GOBIERNO REGIONAL DEL DEPARTAMENTO DE MOQUEGUA;Moquegua;;;Programas presupuestales;;3000686 ATENCION DE LA EMERGENCIA O URGENCIA EN ESTABLECIMIENTO DE SALUD;5005905;Actividad;ATENCION DE LA EMERGENCIA QUIRURGICA;2200;Localizada en Moquegua;Sí;;Sí;0
6;ANEXO-6-2;58;788;Gobierno regional;455;GOBIERNO REGIONAL DEL DEPARTAMENTO DE MOQUEGUA;Moquegua;;;Programas presupuestales;;3000688 PERSONAS CON DISCAPACIDAD RECIBEN ATENCION DE REHABILITACION EN ESTABLECIMIENTOS DE SALUD;5004449;Actividad;CAPACITACION EN MEDICINA DE REHABILITACION;1000;Localizada en Moquegua;Sí;;Sí;0
6;ANEXO-6-2;58;788;Gobierno regional;455;GOBIERNO REGIONAL DEL DEPARTAMENTO DE MOQUEGUA;Moquegua;;;Programas presupuestales;;3000688 PERSONAS CON DISCAPACIDAD RECIBEN ATENCION DE REHABILITACION EN ESTABLECIMIENTOS DE SALUD;5005150;Actividad;ATENCION DE REHABILITACION PARA PERSONAS CON DISCAPACIDAD FISICA;377627;Localizada en Moquegua;Sí;;Sí;0
6;ANEXO-6-2;58;788;Gobierno regional;455;GOBIERNO REGIONAL DEL DEPARTAMENTO DE MOQUEGUA;Moquegua;;;Programas presupuestales;;3000688 PERSONAS CON DISCAPACIDAD RECIBEN ATENCION DE REHABILITACION EN ESTABLECIMIENTOS DE SALUD;5005151;Actividad;ATENCION DE REHABILITACION PARA PERSONAS CON DISCAPACIDAD SENSORIAL;5800;Localizada en Moquegua;Sí;;Sí;0
6;ANEXO-6-2;58;788;Gobierno regional;455;GOBIERNO REGIONAL DEL DEPARTAMENTO DE MOQUEGUA;Moquegua;;;Programas presupuestales;;3000688 PERSONAS CON DISCAPACIDAD RECIBEN ATENCION DE REHABILITACION EN ESTABLECIMIENTOS DE SALUD;5005152;Actividad;ATENCION DE REHABILITACION PARA PERSONAS CON DISCAPACIDAD MENTAL;2100;Localizada en Moquegua;Sí;;Sí;0
6;ANEXO-6-2;58;788;Gobierno regional;455;GOBIERNO REGIONAL DEL DEPARTAMENTO DE MOQUEGUA;Moquegua;;;Programas presupuestales;;3000689 PERSONA CON DISCAPACIDAD CERTIFICADA EN ESTABLECIMIENTOS DE SALUD;5005153;Actividad;CERTIFICACION DE DISCAPACIDAD;6100;Localizada en Moquegua;Sí;;Sí;0
6;ANEXO-6-2;58;788;Gobierno regional;455;GOBIERNO REGIONAL DEL DEPARTAMENTO DE MOQUEGUA;Moquegua;;;Programas presupuestales;;3000690 PERSONAS CON DISCAPACIDAD RECIBEN SERVICIOS DE REHABILITACION BASADA EN LA COMUNIDAD;5005155;Actividad;CAPACITACION A AGENTES COMUNITARIOS EN REHABILITACION BASADA EN LA COMUNIDAD;2060;Localizada en Moquegua;Sí;;Sí;0
6;ANEXO-6-2;58;788;Gobierno regional;455;GOBIERNO REGIONAL DEL DEPARTAMENTO DE MOQUEGUA;Moquegua;;;Programas presupuestales;;3000690 PERSONAS CON DISCAPACIDAD RECIBEN SERVICIOS DE REHABILITACION BASADA EN LA COMUNIDAD;5005924;Actividad;VISITAS A LAS FAMILIAS PARA REHABILITACION BASADA EN LA COMUNIDAD;5531;Localizada en Moquegua;Sí;;Sí;0
6;ANEXO-6-2;58;788;Gobierno regional;455;GOBIERNO REGIONAL DEL DEPARTAMENTO DE MOQUEGUA;Moquegua;;;Programas presupuestales;;3000690 PERSONAS CON DISCAPACIDAD RECIBEN SERVICIOS DE REHABILITACION BASADA EN LA COMUNIDAD;5005925;Actividad;CAPACITACION A ACTORES SOCIALES PARA LA APLICACION DE LA ESTRATEGIA RBC;1200;Localizada en Moquegua;Sí;;Sí;0
6;ANEXO-6-2;58;788;Gobierno regional;455;GOBIERNO REGIONAL DEL DEPARTAMENTO DE MOQUEGUA;Moquegua;;;Programas presupuestales;;3000691 SERVICIOS DE ATENCION DE TUBERCULOSIS CON MEDIDAS DE CONTROL DE INFECCIONES Y BIOSEGURIDAD EN EL PERSONAL DE SALUD;5005157;Actividad;MEDIDAS DE CONTROL DE INFECCIONES Y BIOSEGURIDAD EN LOS SERVICIOS DE ATENCION DE TUBERCULOSIS;34634;Localizada en Moquegua;Sí;;Sí;0
6;ANEXO-6-2;58;788;Gobierno regional;455;GOBIERNO REGIONAL DEL DEPARTAMENTO DE MOQUEGUA;Moquegua;;;Programas presupuestales;;3000698 PERSONAS CON TRASTORNOS MENTALES Y PROBLEMAS PSICOSOCIALES DETECTADAS;5005188;Actividad;TAMIZAJE DE PERSONAS CON TRASTORNOS MENTALES Y PROBLEMAS PSICOSOCIALES;6932;Localizada en Moquegua;Sí;;Sí;0
6;ANEXO-6-2;58;788;Gobierno regional;455;GOBIERNO REGIONAL DEL DEPARTAMENTO DE MOQUEGUA;Moquegua;;;Programas presupuestales;;3000698 PERSONAS CON TRASTORNOS MENTALES Y PROBLEMAS PSICOSOCIALES DETECTADAS;5006280;Actividad;TAMIZAJE DE NIÑOS Y NIÑAS DE O A 17 AÑOS CON DEFICIT EN SUS HABILIDADES SOCIALES, TRASTORNOS MENTALES Y DEL COMPORTAMIENTO Y/0 PROBLEMAS;3000;Localizada en Moquegua;Sí;;Sí;0
6;ANEXO-6-2;59;789;Gobierno regional;455;GOBIERNO REGIONAL DEL DEPARTAMENTO DE MOQUEGUA;Moquegua;;;Programas presupuestales;;3000699 POBLACION CON PROBLEMAS PSICOSOCIALES QUE RECIBEN ATENCION OPORTUNA Y DE CALIDAD;5005189;Actividad;TRATAMIENTO DE PERSONAS CON PROBLEMAS PSICOSOCIALES;400798;Localizada en Moquegua;Sí;;Sí;0
6;ANEXO-6-2;59;789;Gobierno regional;455;GOBIERNO REGIONAL DEL DEPARTAMENTO DE MOQUEGUA;Moquegua;;;Programas presupuestales;;3000699 POBLACION CON PROBLEMAS PSICOSOCIALES QUE RECIBEN ATENCION OPORTUNA Y DE CALIDAD;5006281;Actividad;TRATAMIENTO AMBULATORIO DE NIÑOS Y NIÑAS DE O A 17 AÑOS CON TRASTORNOS MENTALES Y DEL COMPORTAMIENTO Y/0 PROBLEMAS PSICOSOCIALES;275750;Localizada en Moquegua;Sí;;Sí;0
6;ANEXO-6-2;59;789;Gobierno regional;455;GOBIERNO REGIONAL DEL DEPARTAMENTO DE MOQUEGUA;Moquegua;;;Programas presupuestales;;3000700 PERSONAS CON TRASTORNOS AFECTIVOS Y DE ANSIEDAD TRATADAS OPORTUNAMENTE;5005190;Actividad;TRATAMIENTO AMBULATORIO DE PERSONAS CON TRASTORNOS AFECTIVOS (DEPRESION Y CONDUCTA SUICIDA) Y DE ANSIEDAD;4232626;Localizada en Moquegua;Sí;;Sí;0
6;ANEXO-6-2;59;789;Gobierno regional;455;GOBIERNO REGIONAL DEL DEPARTAMENTO DE MOQUEGUA;Moquegua;;;Programas presupuestales;;3000700 PERSONAS CON TRASTORNOS AFECTIVOS Y DE ANSIEDAD TRATADAS OPORTUNAMENTE;5005191;Actividad;TRATAMIENTO CON INTERNAMIENTO DE PERSONAS CON TRASTORNOS AFECTIVOS Y DE ANSIEDAD;625428;Localizada en Moquegua;Sí;;Sí;0
6;ANEXO-6-2;59;789;Gobierno regional;455;GOBIERNO REGIONAL DEL DEPARTAMENTO DE MOQUEGUA;Moquegua;;;Programas presupuestales;;3000702 PERSONAS CON TRASTORNOS Y SINDROMES PSICOTICOS TRATADAS OPORTUNAMENTE;5005195;Actividad;TRATAMIENTO AMBULATORIO DE PERSONAS CON SINDROME O TRASTORNO PSICOTICO;4521322;Localizada en Moquegua;Sí;;Sí;0
6;ANEXO-6-2;59;789;Gobierno regional;455;GOBIERNO REGIONAL DEL DEPARTAMENTO DE MOQUEGUA;Moquegua;;;Programas presupuestales;;3000702 PERSONAS CON TRASTORNOS Y SINDROMES PSICOTICOS TRATADAS OPORTUNAMENTE;5005196;Actividad;TRATAMIENTO CON INTERNAMIENTO DE PERSONAS CON SINDROME O TRASTORNO PSICOTICO;3911416;Localizada en Moquegua;Sí;;Sí;0
6;ANEXO-6-2;59;789;Gobierno regional;455;GOBIERNO REGIONAL DEL DEPARTAMENTO DE MOQUEGUA;Moquegua;;;Programas presupuestales;;3000702 PERSONAS CON TRASTORNOS Y SINDROMES PSICOTICOS TRATADAS OPORTUNAMENTE;5005197;Actividad;REHABILITACION PSICOSOCIAL DE PERSONAS CON SINDROME O TRASTORNO ESQUIZOFRENICO;60499;Localizada en Moquegua;Sí;;Sí;0
6;ANEXO-6-2;59;789;Gobierno regional;455;GOBIERNO REGIONAL DEL DEPARTAMENTO DE MOQUEGUA;Moquegua;;;Programas presupuestales;;3000705 POBLACION EN RIESGO QUE ACCEDEN A PROGRAMAS DE PREVENCION EN SALUD MENTAL;5005200;Actividad;PREVENCION FAMILIAR DE CONDUCTAS DE RIESGO EN ADOLESCENTES FAMILIAS FUERTES: AMOR Y LIMITES;750;Localizada en Moquegua;Sí;;Sí;0
6;ANEXO-6-2;59;789;Gobierno regional;455;GOBIERNO REGIONAL DEL DEPARTAMENTO DE MOQUEGUA;Moquegua;;;Programas presupuestales;;3000705 POBLACION EN RIESGO QUE ACCEDEN A PROGRAMAS DE PREVENCION EN SALUD MENTAL;5005201;Actividad;SESIONES DE ENTRENAMIENTO EN HABILIDADES SOCIALES PARA ADOLESCENTES, JOVENES Y ADULTOS;1000;Localizada en Moquegua;Sí;;Sí;0
6;ANEXO-6-2;59;789;Gobierno regional;455;GOBIERNO REGIONAL DEL DEPARTAMENTO DE MOQUEGUA;Moquegua;;;Programas presupuestales;;3000705 POBLACION EN RIESGO QUE ACCEDEN A PROGRAMAS DE PREVENCION EN SALUD MENTAL;5005202;Actividad;SESIONES DE ENTRENAMIENTO EN HABILIDADES SOCIALES PARA NIÑAS, NIÑOS;1000;Localizada en Moquegua;Sí;;Sí;0
6;ANEXO-6-2;59;789;Gobierno regional;455;GOBIERNO REGIONAL DEL DEPARTAMENTO DE MOQUEGUA;Moquegua;;;Programas presupuestales;;3000706 FAMILIAS CON CONOCIMIENTOS DE PRACTICAS SALUDABLES PARA PREVENIR LOS TRASTORNOS MENTALES Y PROBLEMAS PSICOSOCIALES;5006070;Actividad;PROMOCION DE CONVIVENCIA SALUDABLE EN FAMILIAS CON GESTANTES O NIÑOS MENORES DES AÑOS;1000;Localizada en Moquegua;Sí;;Sí;0
6;ANEXO-6-2;59;789;Gobierno regional;455;GOBIERNO REGIONAL DEL DEPARTAMENTO DE MOQUEGUA;Moquegua;;;Programas presupuestales;;3000706 FAMILIAS CON CONOCIMIENTOS DE PRACTICAS SALUDABLES PARA PREVENIR LOS TRASTORNOS MENTALES Y PROBLEMAS PSICOSOCIALES;5006071;Actividad;CAPACITACION A ACTORES SOCIALES QUE PROMUEVEN LA CONVIVENCIA SALUDABLE;1032;Localizada en Moquegua;Sí;;Sí;0
6;ANEXO-6-2;59;789;Gobierno regional;455;GOBIERNO REGIONAL DEL DEPARTAMENTO DE MOQUEGUA;Moquegua;;;Programas presupuestales;;3000734 CAPACIDAD INSTALADA PARA LA PREPARACION Y RESPUESTA FRENTE A EMERGENCIAS Y DESASTRES;5005560;Actividad;DESARROLLO DE SIMULACROS EN GESTION REACTIVA;63807;Localizada en Moquegua;Sí;;Sí;0
6;ANEXO-6-2;59;789;Gobierno regional;455;GOBIERNO REGIONAL DEL DEPARTAMENTO DE MOQUEGUA;Moquegua;;;Programas presupuestales;;3000734 CAPACIDAD INSTALADA PARA LA PREPARACION Y RESPUESTA FRENTE A EMERGENCIAS Y DESASTRES;5005561;Actividad;IMPLEMENTACION DE BRIGADAS PARA LA ATENCION FRENTE A EMERGENCIAS Y DESASTRES;79416;Localizada en Moquegua;Sí;;Sí;0
6;ANEXO-6-2;59;789;Gobierno regional;455;GOBIERNO REGIONAL DEL DEPARTAMENTO DE MOQUEGUA;Moquegua;;;Programas presupuestales;;3000734 CAPACIDAD INSTALADA PARA LA PREPARACION Y RESPUESTA FRENTE A EMERGENCIAS Y DESASTRES;5005610;Actividad;ADMINISTRACION Y ALMACENAMIENTO DE INFRAESTRUCTURA MOVIL PARA LA ASISTENCIA FRENTE A EMERGENCIAS Y DESASTRES;76281;Localizada en Moquegua;Sí;;Sí;0
6;ANEXO-6-2;59;789;Gobierno regional;455;GOBIERNO REGIONAL DEL DEPARTAMENTO DE MOQUEGUA;Moquegua;;;Programas presupuestales;;3000734 CAPACIDAD INSTALADA PARA LA PREPARACION Y RESPUESTA FRENTE A EMERGENCIAS Y DESASTRES;5005611;Actividad;ADMINISTRACION Y ALMACENAMIENTO DE KITS PARA LA ASISTENCIA FRENTE A EMERGENCIAS Y DESASTRES;960063;Localizada en Moquegua;Sí;;Sí;0
6;ANEXO-6-2;59;789;Gobierno regional;455;GOBIERNO REGIONAL DEL DEPARTAMENTO DE MOQUEGUA;Moquegua;;;Programas presupuestales;;3000734 CAPACIDAD INSTALADA PARA LA PREPARACION Y RESPUESTA FRENTE A EMERGENCIAS Y DESASTRES;5005612;Actividad;DESARROLLO DE LOS CENTROS Y ESPACIOS DE MONITOREO DE EMERGENCIAS Y DESASTRES;552289;Localizada en Moquegua;Sí;;Sí;0
6;ANEXO-6-2;59;789;Gobierno regional;455;GOBIERNO REGIONAL DEL DEPARTAMENTO DE MOQUEGUA;Moquegua;;;Programas presupuestales;;3000735 DESARROLLO DE MEDIDAS DE INTERVENCION PARA LA PROTECCION FISICA FRENTE A PELIGROS;5005564;Actividad;MANTENIMIENTO DE CAUCES, DRENAJES Y ESTRUCTURAS DE SEGURIDAD FISICA FRENTE A PELIGROS;263878;Localizada en Moquegua;Sí;;Sí;0
6;ANEXO-6-2;59;789;Gobierno regional;455;GOBIERNO REGIONAL DEL DEPARTAMENTO DE MOQUEGUA;Moquegua;;;Programas presupuestales;;3000738 PERSONAS CON FORMACION Y CONOCIMIENTO EN GESTION DEL RIESGO DE DESASTRES Y ADAPTACION AL CAMBIO CLIMATICO;5005580;Actividad;FORMACION Y CAPACITACION EN MATERIA DE GESTION DE RIESGO DE DESASTRES Y ADAPTACION AL CAMBIO CLIMATICO;268373;Localizada en Moquegua;Sí;;Sí;0
6;ANEXO-6-2;59;789;Gobierno regional;455;GOBIERNO REGIONAL DEL DEPARTAMENTO DE MOQUEGUA;Moquegua;;;Programas presupuestales;;3000739 POBLACION CON PRACTICAS SEGURAS PARA LA RESILIENCIA;5005581;Actividad;DESARROLLO DE CAMPAÑAS COMUNICACIONALES PARA LA GESTION DEL RIESGO DE DESASTRES;12800;Localizada en Moquegua;Sí;;Sí;0
6;ANEXO-6-2;59;789;Gobierno regional;455;GOBIERNO REGIONAL DEL DEPARTAMENTO DE MOQUEGUA;Moquegua;;;Programas presupuestales;;3000739 POBLACION CON PRACTICAS SEGURAS PARA LA RESILIENCIA;5005583;Actividad;ORGANIZACION Y ENTRENAMIENTO DE COMUNIDADES EN HABILIDADES FRENTE AL RIESGO DE DESASTRES;5570;Localizada en Moquegua;Sí;;Sí;0
6;ANEXO-6-2;60;790;Gobierno regional;455;GOBIERNO REGIONAL DEL DEPARTAMENTO DE MOQUEGUA;Moquegua;;;Programas presupuestales;;3000740 SERVICIOS PUBLICOS SEGUROS ANTE EMERGENCIAS Y DESASTRES;5005570;Actividad;DESARROLLO DE ESTUDIOS DE VULNERABILIDAD Y RIESGO EN SERVICIOS PUBLICOS;28332;Localizada en Moquegua;Sí;;Sí;0
6;ANEXO-6-2;60;790;Gobierno regional;455;GOBIERNO REGIONAL DEL DEPARTAMENTO DE MOQUEGUA;Moquegua;;;Programas presupuestales;;3000740 SERVICIOS PUBLICOS SEGUROS ANTE EMERGENCIAS Y DESASTRES;5005585;Actividad;SEGURIDAD FISICO FUNCIONAL DE SERVICIOS PUBLICOS;178118;Localizada en Moquegua;Sí;;Sí;0
6;ANEXO-6-2;60;790;Gobierno regional;455;GOBIERNO REGIONAL DEL DEPARTAMENTO DE MOQUEGUA;Moquegua;;;Programas presupuestales;;3000789 INSTITUCIONES EDUCATIVAS EMPLEAN MATERIAL EDUCATIVO, EQUIPAMIENTO Y MOBILIARIO;5003164;Actividad;DOTACION DE MATERIALES Y EQUIPOS EDUCATIVOS PARA ESTUDIANTES DE INSTITUCIONES EDUCATIVAS INCLUSIVAS;1000;Localizada en Moquegua;Sí;;Sí;0
6;ANEXO-6-2;60;790;Gobierno regional;455;GOBIERNO REGIONAL DEL DEPARTAMENTO DE MOQUEGUA;Moquegua;;;Programas presupuestales;;3000789 INSTITUCIONES EDUCATIVAS EMPLEAN MATERIAL EDUCATIVO, EQUIPAMIENTO Y MOBILIARIO;5003166;Actividad;DOTACION DE MATERIALES Y EQUIPOS EDUCATIVOS PARA CENTROS DE EDUCACION BASICA ESPECIAL Y CENTROS DE RECURSOS;8265;Localizada en Moquegua;Sí;;Sí;0
6;ANEXO-6-2;60;790;Gobierno regional;455;GOBIERNO REGIONAL DEL DEPARTAMENTO DE MOQUEGUA;Moquegua;;;Programas presupuestales;;3000789 INSTITUCIONES EDUCATIVAS EMPLEAN MATERIAL EDUCATIVO, EQUIPAMIENTO Y MOBILIARIO;5003169;Actividad;DOTACION DE MATERIALES Y EQUIPOS EDUCATIVOS PARA PROGRAMAS DE INTERVENCION TEMPRANA;6758;Localizada en Moquegua;Sí;;Sí;0
6;ANEXO-6-2;60;790;Gobierno regional;455;GOBIERNO REGIONAL DEL DEPARTAMENTO DE MOQUEGUA;Moquegua;;;Programas presupuestales;;3000790 PERSONAL CONTRATADO OPORTUNAMENTE;5004308;Actividad;CONTRATACION OPORTUNA Y PAGO DE PERSONAL PARA ATENCION DE PROGRAMAS DE INTERVENCION TEMPRANA;791141;Localizada en Moquegua;Sí;;Sí;0
6;ANEXO-6-2;60;790;Gobierno regional;455;GOBIERNO REGIONAL DEL DEPARTAMENTO DE MOQUEGUA;Moquegua;;;Programas presupuestales;;3000790 PERSONAL CONTRATADO OPORTUNAMENTE;5005877;Actividad;CONTRATACION OPORTUNA Y PAGO DE PERSONAL EN INSTITUCIONES EDUCATIVAS INCLUSIVAS, CENTROS DE EDUCACION BASICA ESPECIAL Y CENTROS DE;2080419;Localizada en Moquegua;Sí;;Sí;0
6;ANEXO-6-2;60;790;Gobierno regional;455;GOBIERNO REGIONAL DEL DEPARTAMENTO DE MOQUEGUA;Moquegua;;;Programas presupuestales;;3000792 LOCALES CON CONDICIONES FISICAS ADECUADAS;5003165;Actividad;MANTENIMIENTO Y ACONDICIONAMIENTO DE ESPACIOS EN LOCALES DE LOS CENTROS DE EDUCACION BASICA ESPECIAL Y CENTROS DE RECURSOS;38476;Localizada en Moquegua;Sí;;Sí;0
6;ANEXO-6-2;60;790;Gobierno regional;455;GOBIERNO REGIONAL DEL DEPARTAMENTO DE MOQUEGUA;Moquegua;;;Programas presupuestales;;3000792 LOCALES CON CONDICIONES FISICAS ADECUADAS;5003168;Actividad;MANTENIMIENTO Y ACONDICIONAMIENTO DE ESPACIOS EN PROGRAMAS DE INTERVENCION TEMPRANA;13988;Localizada en Moquegua;Sí;;Sí;0
6;ANEXO-6-2;60;790;Gobierno regional;455;GOBIERNO REGIONAL DEL DEPARTAMENTO DE MOQUEGUA;Moquegua;;;Programas presupuestales;;3000799 ATENCION PREHOSPITALARIA MOVIL DE LA EMERGENCIA Y URGENCIA INDIVIDUAL Y MASIVA;5006277;Actividad;ATENCION PREHOSPITALARIA MO VIL DE LA EMERGENCIA Y URGENCIA;54039;Localizada en Moquegua;Sí;;Sí;0
6;ANEXO-6-2;60;790;Gobierno regional;455;GOBIERNO REGIONAL DEL DEPARTAMENTO DE MOQUEGUA;Moquegua;;;Programas presupuestales;;3000800 POBLACION CON PRACTICAS EFECTIVAS FRENTE A LAS EMERGENCIAS Y URGENCIAS INDIVIDUALES Y MASIVAS;5006278;Actividad;ENTRENAMIENTO DE LA POBLACIÓN EN ACCIONES DE PRIMERA RESPUESTA FRENTE A LAS EMERGENCIA Y URGENCIAS MEDICAS;8210;Localizada en Moquegua;Sí;;Sí;0
6;ANEXO-6-2;60;790;Gobierno regional;455;GOBIERNO REGIONAL DEL DEPARTAMENTO DE MOQUEGUA;Moquegua;;;Programas presupuestales;;3000801 TRANSPORTE ASISTIDO DE LA EMERGENCIA Y URGENCIA INDIVIDUAL;5006279;Actividad;SERVICIO DE TRANSPORTE ASISTIDO DE LA EMERGENCIA Y URGENCIA;794855;Localizada en Moquegua;Sí;;Sí;0
6;ANEXO-6-2;60;790;Gobierno regional;455;GOBIERNO REGIONAL DEL DEPARTAMENTO DE MOQUEGUA;Moquegua;;;Programas presupuestales;;3000808 ENTIDADES SUPERVISADAS Y FISCALIZADAS EN EL CUMPLIMIENTO DE LOS COMPROMISOS Y LA LEGISLACION AMBIENTAL;5005941;Actividad;SEGUIMIENTO Y VERIFICACION DEL CUMPLIMIENTO DE LAS OBLIGACIONES AMBIENTALES;74000;Localizada en Moquegua;Sí;;Sí;0
6;ANEXO-6-2;60;790;Gobierno regional;455;GOBIERNO REGIONAL DEL DEPARTAMENTO DE MOQUEGUA;Moquegua;;;Programas presupuestales;;3000815 PERSONA CON CONSEJERIA PARA LA PREVENCION Y CONTROL DEL CANCER;5006000;Actividad;CONSEJERIA PREVENTIVA EN FACTORES DE RIESGO PARA EL CANCER;8493;Localizada en Moquegua;Sí;;Sí;0
6;ANEXO-6-2;60;790;Gobierno regional;455;GOBIERNO REGIONAL DEL DEPARTAMENTO DE MOQUEGUA;Moquegua;;;Programas presupuestales;;3000815 PERSONA CON CONSEJERIA PARA LA PREVENCION Y CONTROL DEL CANCER;5006001;Actividad;CONSEJERIA PARA PACIENTES DIAGNOSTICADOS CON CANCER;500;Localizada en Moquegua;Sí;;Sí;0
6;ANEXO-6-2;60;790;Gobierno regional;455;GOBIERNO REGIONAL DEL DEPARTAMENTO DE MOQUEGUA;Moquegua;;;Programas presupuestales;;3000816 MUJER TAMIZADA EN CANCER DE MAMA;5006005;Actividad;TAMIZAJE EN MUJER CON EXAMEN CLINICO DE MAMA PARA DETECCION DE CANCER DE MAMA;227719;Localizada en Moquegua;Sí;;Sí;0
6;ANEXO-6-2;60;790;Gobierno regional;455;GOBIERNO REGIONAL DEL DEPARTAMENTO DE MOQUEGUA;Moquegua;;;Programas presupuestales;;3000816 MUJER TAMIZADA EN CANCER DE MAMA;5006006;Actividad;TAMIZAJE EN MUJER CON MAMOGRAFIA BILATERAL PARA DETECCION DE CANCER DE MAMA;3500;Localizada en Moquegua;Sí;;Sí;0
6;ANEXO-6-2;60;790;Gobierno regional;455;GOBIERNO REGIONAL DEL DEPARTAMENTO DE MOQUEGUA;Moquegua;;;Programas presupuestales;;3000817 PERSONA TAMIZADA PARA DETECCION DE OTROS CANCERES PREVALENTES;5006007;Actividad;TAMIZAJE PARA DETECCION DE CANCER DE COLON Y RECTO;8935;Localizada en Moquegua;Sí;;Sí;0
6;ANEXO-6-2;60;790;Gobierno regional;455;GOBIERNO REGIONAL DEL DEPARTAMENTO DE MOQUEGUA;Moquegua;;;Programas presupuestales;;3000817 PERSONA TAMIZADA PARA DETECCION DE OTROS CANCERES PREVALENTES;5006008;Actividad;TAMIZAJE PARA DETECCION DE CANCER DE PROSTATA;379875;Localizada en Moquegua;Sí;;Sí;0
6;ANEXO-6-2;60;790;Gobierno regional;455;GOBIERNO REGIONAL DEL DEPARTAMENTO DE MOQUEGUA;Moquegua;;;Programas presupuestales;;3000817 PERSONA TAMIZADA PARA DETECCION DE OTROS CANCERES PREVALENTES;5006009;Actividad;TAMIZAJE PARA DETECCION DE CANCER DE PIEL;8062;Localizada en Moquegua;Sí;;Sí;0
6;ANEXO-6-2;60;790;Gobierno regional;455;GOBIERNO REGIONAL DEL DEPARTAMENTO DE MOQUEGUA;Moquegua;;;Programas presupuestales;;3000818 PERSONA ATENDIDA CON LESIONES PREMALIGNAS DE CUELLO UTERINO;5006010;Actividad;ATENCION DE LA PACIENTE CON LESIONES PREMALIGNAS DE CUELLO UTERINO CON ABLACION;196662;Localizada en Moquegua;Sí;;Sí;0
6;ANEXO-6-2;61;791;Gobierno regional;455;GOBIERNO REGIONAL DEL DEPARTAMENTO DE MOQUEGUA;Moquegua;;;Programas presupuestales;;3000818 PERSONA ATENDIDA CON LESIONES PREMALIGNAS DE CUELLO UTERINO;5006011;Actividad;ATENCION DE LA PACIENTE CON LESIONES PREMALIGNAS DE CUELLO UTERINO CON ESCISION;3000;Localizada en Moquegua;Sí;;Sí;0
6;ANEXO-6-2;61;791;Gobierno regional;455;GOBIERNO REGIONAL DEL DEPARTAMENTO DE MOQUEGUA;Moquegua;;;Programas presupuestales;;3000825 PRODUCTORES AGROPECUARIOS MEJORAN SUS CAPACIDADES COMERCIALES GESTIONANDO EMPRESARIALMENTE HACIA EL MERCADO;5006066;Actividad;TITULACION DE LA PROPIEDAD AGRARIA, COMUNIDADES CAMPESINAS Y COMUNIDADES NATIVAS;183500;Localizada en Moquegua;Sí;;Sí;0
6;ANEXO-6-2;61;791;Gobierno regional;455;GOBIERNO REGIONAL DEL DEPARTAMENTO DE MOQUEGUA;Moquegua;;;Programas presupuestales;;3000825 PRODUCTORES AGROPECUARIOS MEJORAN SUS CAPACIDADES COMERCIALES GESTIONANDO EMPRESARIALMENTE HACIA EL MERCADO;5006068;Actividad;ASISTENCIA TECNICA A PRODUCTORES AGROPECUARIOS CON FINES COMERCIALES;27800;Localizada en Moquegua;Sí;;Sí;0
6;ANEXO-6-2;61;791;Gobierno regional;455;GOBIERNO REGIONAL DEL DEPARTAMENTO DE MOQUEGUA;Moquegua;;;Programas presupuestales;;3000833 DOCENTES CON COMPETENCIAS PERTINENTES Y ACTUALIZADAS;5006091;Actividad;SELECCION, CONTRATACION OPORTUNA Y PAGO DE DOCENTES, ASISTENTES Y AUXILIARES;12731167;Localizada en Moquegua;Sí;;Sí;0
6;ANEXO-6-2;61;791;Gobierno regional;455;GOBIERNO REGIONAL DEL DEPARTAMENTO DE MOQUEGUA;Moquegua;;;Programas presupuestales;;3000834 GESTION DIRECTIVA ORIENTADA AL CUMPLIMIENTO DE RESULTADOS;5006094;Actividad;SELECCION, CONTRATACION OPORTUNA Y PAGO DE DIRECTORES, JERARQUICOS Y ADMINISTRATIVOS;1881716;Localizada en Moquegua;Sí;;Sí;0
6;ANEXO-6-2;61;791;Gobierno regional;455;GOBIERNO REGIONAL DEL DEPARTAMENTO DE MOQUEGUA;Moquegua;;;Programas presupuestales;;3000836 ADECUADAS CONDICIONES DE OPERACION DE LAS INSTITUCIONES DE LA EDUCACION SUPERIOR TECNOLOGICA;5006101;Actividad;DOTACION DE RECURSOS EDUCATIVOS;200000;Localizada en Moquegua;Sí;;Sí;0
6;ANEXO-6-2;61;791;Gobierno regional;455;GOBIERNO REGIONAL DEL DEPARTAMENTO DE MOQUEGUA;Moquegua;;;Programas presupuestales;;3000836 ADECUADAS CONDICIONES DE OPERACION DE LAS INSTITUCIONES DE LA EDUCACION SUPERIOR TECNOLOGICA;5006102;Actividad;MANTENIMIENTO DE INFRAESTRUCTURA, EQUIPAMIENTO Y MOBILIARIO;78659;Localizada en Moquegua;Sí;;Sí;0
6;ANEXO-6-2;61;791;Gobierno regional;455;GOBIERNO REGIONAL DEL DEPARTAMENTO DE MOQUEGUA;Moquegua;;;Programas presupuestales;;3000852 POBLACION ESTUDIANTIL DESARROLLA HABILIDADES PSICOSOCIALES PARA LA PREVENCION DEL CONSUMO DE DROGAS;5006171;Actividad;FORTALECIMIENTO DE HABILIDADES PSICOSOCIALES EN ESCOLARES;513392;Localizada en Moquegua;Sí;;Sí;0
6;ANEXO-6-2;61;791;Gobierno regional;455;GOBIERNO REGIONAL DEL DEPARTAMENTO DE MOQUEGUA;Moquegua;;;Programas presupuestales;;3000854 POBLACION RECIBE INTERVENCIONES TERAPEUTICAS PARA DISMINUIR EL RIESGO Y AFECTACION POR EL CONSUMO DE DROGAS;5006176;Actividad;SERVICIO DE ORIENTACION, CONSEJERIA E INTERVENCION BREVE;540029;Localizada en Moquegua;Sí;;Sí;0
6;ANEXO-6-2;61;791;Gobierno regional;455;GOBIERNO REGIONAL DEL DEPARTAMENTO DE MOQUEGUA;Moquegua;;;Programas presupuestales;;3000876 ATENCION ENFERMEDADES DIARREICAS AGUDAS E INFECCIONES RESPIRATORIAS AGUDAS;5000027;Actividad;ATENDER A NIÑOS CON INFECCIONES RESPIRATORIAS AGUDAS;4486321;Localizada en Moquegua;Sí;;Sí;0
6;ANEXO-6-2;61;791;Gobierno regional;455;GOBIERNO REGIONAL DEL DEPARTAMENTO DE MOQUEGUA;Moquegua;;;Programas presupuestales;;3000876 ATENCION ENFERMEDADES DIARREICAS AGUDAS E INFECCIONES RESPIRATORIAS AGUDAS;5000028;Actividad;ATENDER A NIÑOS CON ENFERMEDADES DIARREICAS AGUDAS;235346;Localizada en Moquegua;Sí;;Sí;0
6;ANEXO-6-2;61;791;Gobierno regional;455;GOBIERNO REGIONAL DEL DEPARTAMENTO DE MOQUEGUA;Moquegua;;;Programas presupuestales;;3000877 ATENCION ENFERMEDADES DIARREICAS AGUDAS E INFECCIONES RESPIRATORIAS AGUDAS CON COMPLICACIONES;5000029;Actividad;ATENDER A NIÑOS CON DIAGNOSTICO DE INFECCIONES RESPIRATORIAS AGUDAS CON COMPLICACIONES;2196279;Localizada en Moquegua;Sí;;Sí;0
6;ANEXO-6-2;61;791;Gobierno regional;455;GOBIERNO REGIONAL DEL DEPARTAMENTO DE MOQUEGUA;Moquegua;;;Programas presupuestales;;3000877 ATENCION ENFERMEDADES DIARREICAS AGUDAS E INFECCIONES RESPIRATORIAS AGUDAS CON COMPLICACIONES;5000030;Actividad;ATENDER A NIÑOS CON DIAGNOSTICO DE ENFERMEDAD DIARREICA AGUDA COMPLICADA;943248;Localizada en Moquegua;Sí;;Sí;0
6;ANEXO-6-2;61;791;Gobierno regional;455;GOBIERNO REGIONAL DEL DEPARTAMENTO DE MOQUEGUA;Moquegua;;;Programas presupuestales;;3000878 NIÑOS Y NIÑAS CON ATENCION DE LA ANEMIA POR DEFICIENCIA DE HIERRO;5006270;Actividad;BRINDAR ATENCION A NIÑOS CON DIAGNOSTICO DE ANEMIA POR DEFICIENCIA DE HIERRO;16883;Localizada en Moquegua;Sí;;Sí;0
6;ANEXO-6-2;61;791;Gobierno regional;455;GOBIERNO REGIONAL DEL DEPARTAMENTO DE MOQUEGUA;Moquegua;;;Programas presupuestales;;3000879 ADOLESCENTES CON ATENCIÓN PREVENTIVA DE ANEMIA Y OTRAS DEFICIENCIAS NUTRICIONALES;5006271;Actividad;ADMINISTRAR SUPLEMENTO DE HIERRO Y ACIDO FOLICO A ADOLESCENTES;7000;Localizada en Moquegua;Sí;;Sí;0
6;ANEXO-6-2;61;791;Gobierno regional;455;GOBIERNO REGIONAL DEL DEPARTAMENTO DE MOQUEGUA;Moquegua;;;Programas presupuestales;;3000880 POBLACION CON DIAGNOSTICO DE HEPATITIS QUE ACUDE A LOS SERVICIOS DE SALUD RECIBE ATENCION INTEGRAL;5005158;Actividad;BRINDAR ATENCION INTEGRAL A PERSONAS CON DIAGNOSTICO DE HEPATITIS B;1560;Localizada en Moquegua;Sí;;Sí;0
6;ANEXO-6-2;61;791;Gobierno regional;455;GOBIERNO REGIONAL DEL DEPARTAMENTO DE MOQUEGUA;Moquegua;;;Programas presupuestales;;3000881 PERSONAS CON TRASTORNOS MENTALES Y DEL COMPORTAMIENTO DEBIDO AL CONSUMO DEL ALCOHOL Y TABACO TRATADA OPORTUNAMENTE;5005193;Actividad;TRATAMIENTO CON INTERNAMIENTO DE PACIENTES CON TRASTORNO DEL COMPORTAMIENTO DEBIDO AL CONSUMO DE ALCOHOL;159241;Localizada en Moquegua;Sí;;Sí;0
6;ANEXO-6-2;61;791;Gobierno regional;455;GOBIERNO REGIONAL DEL DEPARTAMENTO DE MOQUEGUA;Moquegua;;;Programas presupuestales;;3000881 PERSONAS CON TRASTORNOS MENTALES Y DEL COMPORTAMIENTO DEBIDO AL CONSUMO DEL ALCOHOL Y TABACO TRATADA OPORTUNAMENTE;5005194;Actividad;REHABILITACION PSICOSOCIAL DE PERSONAS CON TRASTORNOS DEL COMPORTAMIENTO DEBIDO AL CONSUMO DE ALCOHOL;3398;Localizada en Moquegua;Sí;;Sí;0
6;ANEXO-6-2;61;791;Gobierno regional;455;GOBIERNO REGIONAL DEL DEPARTAMENTO DE MOQUEGUA;Moquegua;;;Programas presupuestales;;3000881 PERSONAS CON TRASTORNOS MENTALES Y DEL COMPORTAMIENTO DEBIDO AL CONSUMO DEL ALCOHOL Y TABACO TRATADA OPORTUNAMENTE;5006282;Actividad;TRATAMIENTO AMBULATORIO DE PERSONAS CON TRASTORNO DEL COMPORTAMIENTO DEBIDO AL CONSUMO DE ALCOHOL Y TABACO;280716;Localizada en Moquegua;Sí;;Sí;0
6;ANEXO-6-2;62;792;Gobierno regional;455;GOBIERNO REGIONAL DEL DEPARTAMENTO DE MOQUEGUA;Moquegua;;;Programas presupuestales;;3000882 HOGARES RURALES CONCENTRADOS CON SERVICIOS DE AGUA POTABLE Y DISPOSICION SANITARIA DE EXCRETAS DE CALIDAD Y SOSTENIBLES;5006299;Actividad;POTABILIZACION Y OTRAS FORMAS DE DESINFECCION Y TRATAMIENTO;133789;Localizada en Moquegua;Sí;;Sí;0
6;ANEXO-6-2;62;792;Gobierno regional;455;GOBIERNO REGIONAL DEL DEPARTAMENTO DE MOQUEGUA;Moquegua;;;Programas presupuestales;;3000882 HOGARES RURALES CONCENTRADOS CON SERVICIOS DE AGUA POTABLE Y DISPOSICION SANITARIA DE EXCRETAS DE CALIDAD Y SOSTENIBLES;5006302;Actividad;FORTALECIMIENTO DE CAPACIDADES A PRESTADORES, GL - ATM y CR - D/GRVCS;40050;Localizada en Moquegua;Sí;;Sí;0
6;ANEXO-6-2;62;792;Gobierno regional;455;GOBIERNO REGIONAL DEL DEPARTAMENTO DE MOQUEGUA;Moquegua;;;Programas presupuestales;;3000889 NIÑAS, NIÑOS Y ADOLESCENTES EN DESPROTECCION FAMILIAR EN CENTROS DE ACOGIDA RESIDENCIAL RECIBEN SERVICIOS DE PROTECCION;5006337;Actividad;ATENCION, CUIDADO Y PROTECCION A NIÑAS, NIÑOS Y ADOLESCENTES EN DESPROTECCION FAMILIAR A TRAVES DE CENTROS DE ACOGIDA RESIDENCIAL;278098;Localizada en Moquegua;Sí;;Sí;0
6;ANEXO-6-2;62;792;Gobierno regional;455;GOBIERNO REGIONAL DEL DEPARTAMENTO DE MOQUEGUA;Moquegua;;;Programas presupuestales;;3000892 NIÑOS Y NIÑAS ENTRE 6 HASTA 36 MESES QUE REQUIEREN DE CUIDADO EXTRA FAMILIAR POR AUSENCIA DE UN ADULTO COMPETENTE PARA SU ATENCION EN EL AMBITO DEL;5004345;Actividad;ATENCION INTEGRAL DURANTE EL CUIDADO DIURNO;1914126;Localizada en Moquegua;Sí;;Sí;0
6;ANEXO-6-2;62;792;Gobierno regional;455;GOBIERNO REGIONAL DEL DEPARTAMENTO DE MOQUEGUA;Moquegua;;;Programas presupuestales;;3000924 NIÑOS Y NIÑAS PROTEGIDOS CON VACUNA CONTRA EL VPH;5006417;Actividad;PROTEGER AL NIÑO Y NIÑA CON VACUNA CONTRA EL VPH;360631;Localizada en Moquegua;Sí;;Sí;0
6;ANEXO-6-2;62;792;Gobierno regional;455;GOBIERNO REGIONAL DEL DEPARTAMENTO DE MOQUEGUA;Moquegua;;;Programas presupuestales;;3000927 AGUA POTABLE PARA EL CONSUMO HUMANO PARA HOGARES CONCENTRADOS;5004428;Actividad;VIGILANCIA DE LA CALIDAD DEL AGUA PARA EL CONSUMO HUMANO;111934;Localizada en Moquegua;Sí;;Sí;0
6;ANEXO-6-2;62;792;Gobierno regional;455;GOBIERNO REGIONAL DEL DEPARTAMENTO DE MOQUEGUA;Moquegua;;;Programas presupuestales;;3033172 ATENCION PRENATAL REENFOCADA;5000037;Actividad;BRINDAR ATENCION PRENATAL REENFOCADA;9650469;Localizada en Moquegua;Sí;;Sí;0
6;ANEXO-6-2;62;792;Gobierno regional;455;GOBIERNO REGIONAL DEL DEPARTAMENTO DE MOQUEGUA;Moquegua;;;Programas presupuestales;;3033251 FAMILIAS SALUDABLES CON CONOCIMIENTOS PARA EL CUIDADO INFANTIL, LACTANCIA MATERNA EXCLUSIVA Y LA ADECUADA ALIMENTACION Y PROTECCION DEL MENOR DE 36 236 366;5000014;Actividad;FAMILIAS CON NIÑO/AS MENORES DE 36 MESES DESARROLLAN PRACTICAS SALUDABLES;220368;Localizada en Moquegua;Sí;;Sí;0
6;ANEXO-6-2;62;792;Gobierno regional;455;GOBIERNO REGIONAL DEL DEPARTAMENTO DE MOQUEGUA;Moquegua;;;Programas presupuestales;;3033251 FAMILIAS SALUDABLES CON CONOCIMIENTOS PARA EL CUIDADO INFANTIL, LACTANCIA MATERNA EXCLUSIVA Y LA ADECUADA ALIMENTACION Y PROTECCION DEL MENOR DE 36 236 366;5005982;Actividad;CAPACITACION A ACTORES SOCIALES QUE PROMUEVEN EL CUIDADO INFANTIL, LACTANCIA MATERNA EXCLUSIVA Y LA ADECUADA ALIMENTACION Y;15998;Localizada en Moquegua;Sí;;Sí;0
6;ANEXO-6-2;62;792;Gobierno regional;455;GOBIERNO REGIONAL DEL DEPARTAMENTO DE MOQUEGUA;Moquegua;;;Programas presupuestales;;3033254 NIÑOS Y NIÑAS CON VACUNA COMPLETA;5000017;Actividad;APLICACION DE VACUNAS COMPLETAS;4299649;Localizada en Moquegua;Sí;;Sí;0
6;ANEXO-6-2;62;792;Gobierno regional;455;GOBIERNO REGIONAL DEL DEPARTAMENTO DE MOQUEGUA;Moquegua;;;Programas presupuestales;;3033255 NIÑOS Y NIÑAS CON CRED COMPLETO SEGUN EDAD;5000018;Actividad;ATENCION A NIÑOS CON CRECIMIENTO Y DESARROLLO - CRED COMPLETO PARA SU EDAD;5036077;Localizada en Moquegua;Sí;;Sí;0
6;ANEXO-6-2;62;792;Gobierno regional;455;GOBIERNO REGIONAL DEL DEPARTAMENTO DE MOQUEGUA;Moquegua;;;Programas presupuestales;;3033255 NIÑOS Y NIÑAS CON CRED COMPLETO SEGUN EDAD;5000019;Actividad;ADMINISTRAR SUPLEMENTO DE HIERRO Y VITAMINA A;87303;Localizada en Moquegua;Sí;;Sí;0
6;ANEXO-6-2;62;792;Gobierno regional;455;GOBIERNO REGIONAL DEL DEPARTAMENTO DE MOQUEGUA;Moquegua;;;Programas presupuestales;;3033291 POBLACION ACCEDE A METODOS DE PLANIFICACION FAMILIAR;5000042;Actividad;MEJORAMIENTO DEL ACCESO DE LA POBLACION A METODOS DE PLANIFICACION FAMILIAR;5500;Localizada en Moquegua;Sí;;Sí;0
6;ANEXO-6-2;62;792;Gobierno regional;455;GOBIERNO REGIONAL DEL DEPARTAMENTO DE MOQUEGUA;Moquegua;;;Programas presupuestales;;3033292 POBLACION ACCEDE A SERVICIOS DE CONSEJERIA EN SALUD SEXUAL Y REPRODUCTIVA;5000043;Actividad;MEJORAMIENTO DEL ACCESO DE LA POBLACION A SERVICIOS DE CONSEJERIA EN SALUD SEXUAL Y REPRODUCTIVA;11000;Localizada en Moquegua;Sí;;Sí;0
6;ANEXO-6-2;62;792;Gobierno regional;455;GOBIERNO REGIONAL DEL DEPARTAMENTO DE MOQUEGUA;Moquegua;;;Programas presupuestales;;3033294 ATENCION DE LA GESTANTE CON COMPLICACIONES;5000044;Actividad;BRINDAR ATENCION A LA GESTANTE CON COMPLICACIONES;1037755;Localizada en Moquegua;Sí;;Sí;0
6;ANEXO-6-2;62;792;Gobierno regional;455;GOBIERNO REGIONAL DEL DEPARTAMENTO DE MOQUEGUA;Moquegua;;;Programas presupuestales;;3033295 ATENCION DEL PARTO NORMAL;5000045;Actividad;BRINDAR ATENCION DE PARTO NORMAL;3923559;Localizada en Moquegua;Sí;;Sí;0
6;ANEXO-6-2;63;793;Gobierno regional;455;GOBIERNO REGIONAL DEL DEPARTAMENTO DE MOQUEGUA;Moquegua;;;Programas presupuestales;;3033296 ATENCION DEL PARTO COMPLICADO NO QUIRURGICO;5000046;Actividad;BRINDAR ATENCION DEL PARTO COMPLICADO NO QUIRURGICO;17500;Localizada en Moquegua;Sí;;Sí;0
6;ANEXO-6-2;63;793;Gobierno regional;455;GOBIERNO REGIONAL DEL DEPARTAMENTO DE MOQUEGUA;Moquegua;;;Programas presupuestales;;3033297 ATENCION DEL PARTO COMPLICADO QUIRURGICO;5000047;Actividad;BRINDAR ATENCION DEL PARTO COMPLICADO QUIRURGICO;2140336;Localizada en Moquegua;Sí;;Sí;0
6;ANEXO-6-2;63;793;Gobierno regional;455;GOBIERNO REGIONAL DEL DEPARTAMENTO DE MOQUEGUA;Moquegua;;;Programas presupuestales;;3033298 ATENCION DEL PUERPERIO;5000048;Actividad;ATENDER EL PUERPERIO;2600;Localizada en Moquegua;Sí;;Sí;0
6;ANEXO-6-2;63;793;Gobierno regional;455;GOBIERNO REGIONAL DEL DEPARTAMENTO DE MOQUEGUA;Moquegua;;;Programas presupuestales;;3033299 ATENCION DEL PUERPERIO CON COMPLICACIONES;5000049;Actividad;ATENDER EL PUERPERIO CON COMPLICACIONES;1100;Localizada en Moquegua;Sí;;Sí;0
6;ANEXO-6-2;63;793;Gobierno regional;455;GOBIERNO REGIONAL DEL DEPARTAMENTO DE MOQUEGUA;Moquegua;;;Programas presupuestales;;3033300 ATENCION OBSTETRICA EN UNIDAD DE CUIDADOS INTENSIVOS;5000050;Actividad;ATENDER COMPLICACIONES OBSTETRICAS EN UNIDAD DE CUIDADOS INTENSIVOS;324778;Localizada en Moquegua;Sí;;Sí;0
6;ANEXO-6-2;63;793;Gobierno regional;455;GOBIERNO REGIONAL DEL DEPARTAMENTO DE MOQUEGUA;Moquegua;;;Programas presupuestales;;3033304 ACCESO AL SISTEMA DE REFERENCIA INSTITUCIONAL;5000052;Actividad;MEJORAMIENTO DEL ACCESO AL SISTEMA DE REFERENCIA INSTITUCIONAL;93056;Localizada en Moquegua;Sí;;Sí;0
6;ANEXO-6-2;63;793;Gobierno regional;455;GOBIERNO REGIONAL DEL DEPARTAMENTO DE MOQUEGUA;Moquegua;;;Programas presupuestales;;3033305 ATENCION DEL RECIEN NACIDO NORMAL;5000053;Actividad;ATENDER AL RECIEN NACIDO NORMAL;97829;Localizada en Moquegua;Sí;;Sí;0
6;ANEXO-6-2;63;793;Gobierno regional;455;GOBIERNO REGIONAL DEL DEPARTAMENTO DE MOQUEGUA;Moquegua;;;Programas presupuestales;;3033306 ATENCION DEL RECIEN NACIDO CON COMPLICACIONES;5000054;Actividad;ATENDER AL RECIEN NACIDO CON COMPLICACIONES;6100;Localizada en Moquegua;Sí;;Sí;0
6;ANEXO-6-2;63;793;Gobierno regional;455;GOBIERNO REGIONAL DEL DEPARTAMENTO DE MOQUEGUA;Moquegua;;;Programas presupuestales;;3033307 ATENCION DEL RECIEN NACIDO CON COMPLICACIONES QUE REQUIERE UNIDAD DE CUIDADOS INTENSIVOS NEONATALES - UCIN;5000055;Actividad;ATENDER AL RECIEN NACIDO CON COMPLICACIONES QUE REQUIERE UNIDAD DE CUIDADOS INTENSIVOS NEONATALES - UCIN;800960;Localizada en Moquegua;Sí;;Sí;0
6;ANEXO-6-2;63;793;Gobierno regional;455;GOBIERNO REGIONAL DEL DEPARTAMENTO DE MOQUEGUA;Moquegua;;;Programas presupuestales;;3033315 ATENCION DE OTRAS ENFERMEDADES PREVALENTES;5000031;Actividad;BRINDAR ATENCION A OTRAS ENFERMEDADES PREVALENTES;8600;Localizada en Moquegua;Sí;;Sí;0
6;ANEXO-6-2;63;793;Gobierno regional;455;GOBIERNO REGIONAL DEL DEPARTAMENTO DE MOQUEGUA;Moquegua;;;Programas presupuestales;;3033412 FAMILIAS SALUDABLES INFORMADAS RESPECTO DE SU SALUD SEXUAL Y REPRODUCTIVA;5005984;Actividad;PROMOCIÓN DE PRACTICAS SALUDABLES PARA EL CUIDADO DE LA SALUD SEXUAL Y REPRODUCTIVA EN FAMILIAS;12800;Localizada en Moquegua;Sí;;Sí;0
6;ANEXO-6-2;63;793;Gobierno regional;455;GOBIERNO REGIONAL DEL DEPARTAMENTO DE MOQUEGUA;Moquegua;;;Programas presupuestales;;3033412 FAMILIAS SALUDABLES INFORMADAS RESPECTO DE SU SALUD SEXUAL Y REPRODUCTIVA;5005985;Actividad;CAPACITACION A ACTORES SOCIALES QUE PROMUEVEN LA SALUD SEXUAL Y REPRODUCTIVA CON ENFASIS EN MATERNIDAD SALUDABLE;3800;Localizada en Moquegua;Sí;;Sí;0
6;ANEXO-6-2;63;793;Gobierno regional;455;GOBIERNO REGIONAL DEL DEPARTAMENTO DE MOQUEGUA;Moquegua;;;Programas presupuestales;;3033414 ATENCION DE NIÑOS Y NIÑAS CON PARASITOSIS INTESTINAL;5000035;Actividad;ATENDER A NIÑOS Y NIÑAS CON DIAGNOSTICO DE PARASITOSIS INTESTINAL;9980;Localizada en Moquegua;Sí;;Sí;0
6;ANEXO-6-2;63;793;Gobierno regional;455;GOBIERNO REGIONAL DEL DEPARTAMENTO DE MOQUEGUA;Moquegua;;;Programas presupuestales;;3043952 FAMILIA CON PRACTICAS SALUDABLES PARA LA PREVENCION DE VIH/SIDA Y TUBERCULOSIS;5000062;Actividad;PROMOVER EN LAS FAMILIAS PRACTICAS SALUDABLES PARA LA PREVENCION DE VIH/SIDA Y TUBERCULOSIS;9690;Localizada en Moquegua;Sí;;Sí;0
6;ANEXO-6-2;63;793;Gobierno regional;455;GOBIERNO REGIONAL DEL DEPARTAMENTO DE MOQUEGUA;Moquegua;;;Programas presupuestales;;3043952 FAMILIA CON PRACTICAS SALUDABLES PARA LA PREVENCION DE VIH/SIDA Y TUBERCULOSIS;5005987;Actividad;CAPACITACION A ACTORES SOCIALES QUE PROMUEVEN PRACTICAS SALUDABLES PARA PREVENCION DE TUBERCULOSIS Y VIH/SIDA;10347;Localizada en Moquegua;Sí;;Sí;0
6;ANEXO-6-2;63;793;Gobierno regional;455;GOBIERNO REGIONAL DEL DEPARTAMENTO DE MOQUEGUA;Moquegua;;;Programas presupuestales;;3043958 POBLACION INFORMADA SOBRE USO CORRECTO DE CONDON PARA PREVENCION DE INFECCIONES DE TRANSMISION SEXUAL Y VIH/SIDA;5000068;Actividad;MEJORAR EN POBLACION INFORMADA EL USO CORRECTO DE CONDON PARA PREVENCION DE INFECCIONES DE TRANSMISION SEXUAL Y VIH/SIDA;5092;Localizada en Moquegua;Sí;;Sí;0
6;ANEXO-6-2;63;793;Gobierno regional;455;GOBIERNO REGIONAL DEL DEPARTAMENTO DE MOQUEGUA;Moquegua;;;Programas presupuestales;;3043959 ADULTOS Y JOVENES RECIBEN CONSEJERIA Y TAMIZAJE PARA INFECCIONES DE TRANSMISION SEXUAL Y VIH/SIDA;5000069;Actividad;ENTREGAR A ADULTOS Y JOVENES VARONES CONSEJERIA Y TAMIZAJE PARA ITS Y VIH/SIDA;999529;Localizada en Moquegua;Sí;;Sí;0
6;ANEXO-6-2;64;794;Gobierno regional;455;GOBIERNO REGIONAL DEL DEPARTAMENTO DE MOQUEGUA;Moquegua;;;Programas presupuestales;;3043960 POBLACION ADOLESCENTE INFORMADA SOBRE INFECCIONES DE TRANSMISION SEXUAL y VIH/SIDA;5000070;Actividad;ENTREGAR A POBLACION ADOLESCENTE INFORMACION SOBRE INFECCIONES DE TRANSMISION SEXUAL Y VIH/SIDA;10360;Localizada en Moquegua;Sí;;Sí;0
6;ANEXO-6-2;64;794;Gobierno regional;455;GOBIERNO REGIONAL DEL DEPARTAMENTO DE MOQUEGUA;Moquegua;;;Programas presupuestales;;3043961 POBLACION DE ALTO RIESGO RECIBE INFORMACION Y ATENCION PREVENTIVA;5000071;Actividad;BRINDAR INFORMACION Y ATENCION PREVENTIVA A POBLACION DE ALTO RIESGO;52250;Localizada en Moquegua;Sí;;Sí;0
6;ANEXO-6-2;64;794;Gobierno regional;455;GOBIERNO REGIONAL DEL DEPARTAMENTO DE MOQUEGUA;Moquegua;;;Programas presupuestales;;3043968 POBLACION CON INFECCIONES DE TRANSMISION SEXUAL RECIBEN TRATAMIENTO SEGUN GUIA CLINICAS;5000078;Actividad;BRINDAR A POBLACION CON INFECCIONES DE TRANSMISION SEXUAL TRATAMIENTO SEGUN GUIA CLINICAS;1190043;Localizada en Moquegua;Sí;;Sí;0
6;ANEXO-6-2;64;794;Gobierno regional;455;GOBIERNO REGIONAL DEL DEPARTAMENTO DE MOQUEGUA;Moquegua;;;Programas presupuestales;;3043969 PERSONAS DIAGNOSTICADAS CON VIH/SIDA QUE ACUDEN A LOS SERVICIOS Y RECIBEN ATENCION INTEGRAL;5000079;Actividad;BRINDAR ATENCION INTEGRAL A PERSONAS CON DIAGNOSTICO DE VIH QUE ACUDEN A LOS SERVICIOS;17720;Localizada en Moquegua;Sí;;Sí;0
6;ANEXO-6-2;64;794;Gobierno regional;455;GOBIERNO REGIONAL DEL DEPARTAMENTO DE MOQUEGUA;Moquegua;;;Programas presupuestales;;3043970 MUJERES GESTANTES REACTIVAS Y NIÑOS EXPUESTOS AL VIH/SIDA RECIBEN TRATAMIENTO OPORTUNO;5000080;Actividad;BRINDAR TRATAMIENTO OPORTUNO A MUJERES GESTANTES REACTIVAS Y NIÑOS EXPUESTOS AL VIH;3712;Localizada en Moquegua;Sí;;Sí;0
6;ANEXO-6-2;64;794;Gobierno regional;455;GOBIERNO REGIONAL DEL DEPARTAMENTO DE MOQUEGUA;Moquegua;;;Programas presupuestales;;3043971 MUJERES GESTANTES REACTIVAS A SIFILIS Y SUS CONTACTOS Y RECIEN NACIDOS EXPUESTOS RECIBEN TRATAMIENTO OPORTUNO;5000081;Actividad;BRINDAR TRATAMIENTO OPORTUNO A MUJERES GESTANTES REACTIVAS A SIFILIS Y SUS CONTACTOS Y RECIEN NACIDOS EXPUESTOS;2730;Localizada en Moquegua;Sí;;Sí;0
6;ANEXO-6-2;64;794;Gobierno regional;455;GOBIERNO REGIONAL DEL DEPARTAMENTO DE MOQUEGUA;Moquegua;;;Programas presupuestales;;3043977 FAMILIA CON PRACTICAS SALUDABLES PARA LA PREVENCION DE ENFERMEDADES METAXENICAS Y ZOONOTICAS;5000087;Actividad;PROMOCION DE PRACTICAS SALUDABLES PARA LA PREVENCION DE ENFERMEDADES METAXENICAS Y ZOONOTICAS EN FAMILIAS DE ZONAS DE RIESGO;3413;Localizada en Moquegua;Sí;;Sí;0
6;ANEXO-6-2;64;794;Gobierno regional;455;GOBIERNO REGIONAL DEL DEPARTAMENTO DE MOQUEGUA;Moquegua;;;Programas presupuestales;;3043977 FAMILIA CON PRACTICAS SALUDABLES PARA LA PREVENCION DE ENFERMEDADES METAXENICAS Y ZOONOTICAS;5005989;Actividad;VIGILANCIA COMUNITARIA PARA LA PREVENCION DE ENFERMEDADES METAXENICAS Y ZOONOTICAS;5916;Localizada en Moquegua;Sí;;Sí;0
6;ANEXO-6-2;64;794;Gobierno regional;455;GOBIERNO REGIONAL DEL DEPARTAMENTO DE MOQUEGUA;Moquegua;;;Programas presupuestales;;3043980 POBLADORES DE AREAS CON RIESGO DE TRANSMISION INFORMADA CONOCE LOS MECANISMOS DE TRANSMISION DE ENFERMEDADES METAXENICAS Y ZOONOTICAS;5000090;Actividad;INFORMACION DE LOS MECANISMOS DE TRANSMISION DE ENFERMEDADES METAXENICAS Y ZOONOTICAS EN POBLADORES DE AREAS CON RIESGO;21500;Localizada en Moquegua;Sí;;Sí;0
6;ANEXO-6-2;64;794;Gobierno regional;455;GOBIERNO REGIONAL DEL DEPARTAMENTO DE MOQUEGUA;Moquegua;;;Programas presupuestales;;3043981 VIVIENDAS PROTEGIDAS DE LOS PRINCIPALES CONDICIONANTES DEL RIESGO EN LAS AREAS DE ALTO Y MUY ALTO RIESGO DE ENFERMEDADES METAXENICAS Y ZOONOSIS;5000091;Actividad;INTERVENCIONES EN VIVIENDAS PROTEGIDAS DE LOS PRINCIPALES CONDICIONANTES DEL RIESGO EN LAS AREAS DE ALTO Y MUY ALTO RIESGO DE;64547;Localizada en Moquegua;Sí;;Sí;0
6;ANEXO-6-2;64;794;Gobierno regional;455;GOBIERNO REGIONAL DEL DEPARTAMENTO DE MOQUEGUA;Moquegua;;;Programas presupuestales;;3043982 VACUNACION DE ANIMALES DOMESTICOS;5000092;Actividad;VACUNAR A ANIMALES DOMESTICOS;42755;Localizada en Moquegua;Sí;;Sí;0
6;ANEXO-6-2;64;794;Gobierno regional;455;GOBIERNO REGIONAL DEL DEPARTAMENTO DE MOQUEGUA;Moquegua;;;Programas presupuestales;;3043983 DIAGNOSTICO Y TRATAMIENTO DE ENFERMEDADES METAXENICAS;5000093;Actividad;EVALUACION, DIAGNOSTICO Y TRATAMIENTO DE ENFERMEDADES METAXENICAS;1168302;Localizada en Moquegua;Sí;;Sí;0
6;ANEXO-6-2;64;794;Gobierno regional;455;GOBIERNO REGIONAL DEL DEPARTAMENTO DE MOQUEGUA;Moquegua;;;Programas presupuestales;;3043984 DIAGNOSTICO Y TRATAMIENTO DE CASOS DE ENFERMEDADES ZOONOTICAS;5000094;Actividad;EVALUACION, DIAGNOSTICO Y TRATAMIENTO DE CASOS DE ENFERMEDADES ZOONOTICAS;6291;Localizada en Moquegua;Sí;;Sí;0
6;ANEXO-6-2;64;794;Gobierno regional;455;GOBIERNO REGIONAL DEL DEPARTAMENTO DE MOQUEGUA;Moquegua;;;Programas presupuestales;;3043987 POBLACION INFORMADA Y SENSIBILIZADA EN EL CUIDADO DE LA SALUD DE LAS ENFERMEDADES NO TRANSMISIBLES (MENTAL, BUCAL, OCULAR, METALES PESADOS,;5000098;Actividad;INFORMACION Y SENSIBILIZACION DE LA POBLACION EN PARA EL CUIDADO DE LA SALUD DE LAS ENFERMEDADES NO TRANSMISIBLES (MENTAL, BUCAL, OCULAR,;3230;Localizada en Moquegua;Sí;;Sí;0
6;ANEXO-6-2;64;794;Gobierno regional;455;GOBIERNO REGIONAL DEL DEPARTAMENTO DE MOQUEGUA;Moquegua;;;Programas presupuestales;;3043988 FAMILIA EN ZONAS DE RIESGO INFORMADA QUE REALIZAN PRACTICAS HIGIENICAS SANITARIAS PARA PREVENIR LAS ENFERMEDADES NO TRANSMISIBLES ( MENTAL, BUCAL,;5005995;Actividad;PROMOCION DE PRACTICAS HIGIENICAS SANITARIAS EN FAMILIAS EN ZONAS DE RIESGO PARA PREVENIR LAS ENFERMEDADES NO TRANSMISIBLES;4527;Localizada en Moquegua;Sí;;Sí;0
6;ANEXO-6-2;64;794;Gobierno regional;455;GOBIERNO REGIONAL DEL DEPARTAMENTO DE MOQUEGUA;Moquegua;;;Programas presupuestales;;3043988 FAMILIA EN ZONAS DE RIESGO INFORMADA QUE REALIZAN PRACTICAS HIGIENICAS SANITARIAS PARA PREVENIR LAS ENFERMEDADES NO TRANSMISIBLES ( MENTAL, BUCAL,;5005996;Actividad;CAPACITACION A ACTORES SOCIALES PARA LA PROMOCION DE PRACTICAS Y ENTORNOS SALUDABLES PARA PREVENIR FACTORES DE RIESGO DE;4900;Localizada en Moquegua;Sí;;Sí;0
6;ANEXO-6-2;65;795;Gobierno regional;455;GOBIERNO REGIONAL DEL DEPARTAMENTO DE MOQUEGUA;Moquegua;;;Programas presupuestales;;3043997 TAMIZAJE Y TRATAMIENTO DE PACIENTES AFECTADOS POR METALES PESADOS;5000103;Actividad;EXAMENES DE TAMIZAJE Y TRATAMIENTO DE PERSONAS AFECTADAS POR INTOXICACION DE METALES PESADOS;544946;Localizada en Moquegua;Sí;;Sí;0
6;ANEXO-6-2;65;795;Gobierno regional;455;GOBIERNO REGIONAL DEL DEPARTAMENTO DE MOQUEGUA;Moquegua;;;Programas presupuestales;;;2166595;Proyecto de inversión;AMPLIACION DE LA FRONTERA AGRICOLA LOMAS DE ILO-MOQUEGUA;12000000;Localizada en Moquegua;Sí;;Sí;0
6;ANEXO-6-2;65;795;Gobierno regional;455;GOBIERNO REGIONAL DEL DEPARTAMENTO DE MOQUEGUA;Moquegua;;;Programas presupuestales;;;2194576;Proyecto de inversión;INSTALACION DEL SERVICIO EDUCATIVO MODELO DEL NIVEL PRIMARIA Y SECUNDARIA EN EL ASENTAMIENTO HUMANO VISTA AL MAR MZ C DEL CENTRO POBLADO PAMPA;1500000;Localizada en Moquegua;Sí;;Sí;0
6;ANEXO-6-2;65;795;Gobierno regional;455;GOBIERNO REGIONAL DEL DEPARTAMENTO DE MOQUEGUA;Moquegua;;;Programas presupuestales;;;2200332;Proyecto de inversión;MEJORAMIENTO DEL SERVICIO EDUCATIVO DE LA INSTITUCION EDUCATIVA LOS ANGELES DISTRITO MOQUEGUA, PROVINCIA DE MARISCAL NIETO - MOQUEGUA;500000;Localizada en Moquegua;Sí;;Sí;0
6;ANEXO-6-2;65;795;Gobierno regional;455;GOBIERNO REGIONAL DEL DEPARTAMENTO DE MOQUEGUA;Moquegua;;;Programas presupuestales;;;2306474;Proyecto de inversión;MEJORAMIENTO Y AMPLIACION DEL SERVICIO DE ENERGIA ELECTRICA MEDIANTE SISTEMA CONVENCIONAL A LOS DISTRITOS DE UBINAS, CHOJATA, LLOQUE, YUNGA, ICHUÑA,;1500000;Localizada en Moquegua;Sí;;Sí;0
6;ANEXO-6-2;65;795;Gobierno regional;455;GOBIERNO REGIONAL DEL DEPARTAMENTO DE MOQUEGUA;Moquegua;;;Programas presupuestales;;;2309138;Proyecto de inversión;MEJORAMIENTO DE LAS CAPACIDADES INFORMATICAS Y TECNOLOGICAS DE LOS ESTUDIANTES DE EDUCACION PRIMARIA Y SECUNDARIA EN LAS INSTITUCIONES EDUCATIVAS;8000000;Localizada en Moquegua;Sí;;Sí;0
6;ANEXO-6-2;65;795;Gobierno regional;455;GOBIERNO REGIONAL DEL DEPARTAMENTO DE MOQUEGUA;Moquegua;;;Programas presupuestales;;;2322192;Proyecto de inversión;MEJORAMIENTO Y AMPLIACION DE LOS SERVICIOS DE SALUD DEL ESTABLECIMIENTO DE SALUD CALACOA, DISTRITO DE SAN CRISTOBAL - PROVINCIA DE MARISCAL NIETO -;920839;Localizada en Moquegua;Sí;;Sí;0
6;ANEXO-6-2;65;795;Gobierno regional;455;GOBIERNO REGIONAL DEL DEPARTAMENTO DE MOQUEGUA;Moquegua;;;Programas presupuestales;;;2340510;Proyecto de inversión;MEJORAMIENTO DEL SERVICIO EDUCATIVO EN LA INSTITUCION EDUCATIVA AGROPECUARIA SALINAS MOCHE, CENTRO POBLADO SALINAS MOCHE,DISTRITO DE PUQUINA,;1000000;Localizada en Moquegua;Sí;;Sí;0
6;ANEXO-6-2;65;795;Gobierno regional;455;GOBIERNO REGIONAL DEL DEPARTAMENTO DE MOQUEGUA;Moquegua;;;Programas presupuestales;;;2459547;Proyecto de inversión;MEJORAMIENTO DE LOS SERVICIOS DE PROMOCION Y EXTENSION AGROPECUARIA DE LAS AGENCIAS AGRARIAS DE LA GERENCIA REGIONAL DE AGRICULTURA EN LAS;2000000;Localizada en Moquegua;Sí;;Sí;0
6;ANEXO-6-2;65;795;Gobierno regional;455;GOBIERNO REGIONAL DEL DEPARTAMENTO DE MOQUEGUA;Moquegua;;;Programas presupuestales;;;2472459;Proyecto de inversión;MEJORAMIENTO DE LA CAPACIDAD OPERATIVA DE LA DIRECCION DE SANEAMIENTO EISICO LEGAL, GERENCIA REGIONAL AGRARIA, DISTRITO DE MOQUEGUA - PROVINCIA DE;3000000;Localizada en Moquegua;Sí;;Sí;0
6;ANEXO-6-2;65;795;Gobierno regional;455;GOBIERNO REGIONAL DEL DEPARTAMENTO DE MOQUEGUA;Moquegua;;;Programas presupuestales;;;2472550;Proyecto de inversión;MEJORAMIENTO DE LA CAPACIDAD OPERATIVA PARA LA PROTECCION Y ATENCION DE AREAS PRODUCTIVAS DE LA REGION MOQUEGUA ALTO LA VILLA DEL DISTRITO DE;1500000;Localizada en Moquegua;Sí;;Sí;0
6;ANEXO-6-2;65;795;Gobierno regional;455;GOBIERNO REGIONAL DEL DEPARTAMENTO DE MOQUEGUA;Moquegua;;;Programas presupuestales;;;2476202;Proyecto de inversión;MEJORAMIENTO DEL SERVICIO DE EDUCACION SUPERIOR TECNOLOGICA DEL I.E.S.T.P. LUIS E. VALCARCEL, DISTRITO DE ILO - PROVINCIA DE ILO - DEPARTAMENTO DE MOQUEGUA;8000000;Localizada en Moquegua;Sí;;Sí;0
6;ANEXO-6-2;65;795;Gobierno regional;455;GOBIERNO REGIONAL DEL DEPARTAMENTO DE MOQUEGUA;Moquegua;;;Programas presupuestales;;;2485779;Proyecto de inversión;MEJORAMIENTO Y AMPLIACION DE LOS SERVICIOS EDUCATIVOS DE LA I.E. FERNANDO BELAUNDE TERRY EN EL C.P. SAN ANTONIO DEL DISTRITO DE MOQUEGUA - PROVINCIA DE;2000000;Localizada en Moquegua;Sí;;Sí;0
6;ANEXO-6-2;65;795;Gobierno regional;455;GOBIERNO REGIONAL DEL DEPARTAMENTO DE MOQUEGUA;Moquegua;;;Programas presupuestales;;;2486777;Proyecto de inversión;MEJORAMIENTO DE LA CADENA PRODUCTIVA DE LOS CAMELIDOS SUDAMERICANOS LAS PROVINCIAS DE GENERAL SANCHEZ CERRO Y MARISCAL NIETO DEL DEPARTAMENTO DE;1000000;Localizada en Moquegua;Sí;;Sí;0
6;ANEXO-6-2;65;795;Gobierno regional;455;GOBIERNO REGIONAL DEL DEPARTAMENTO DE MOQUEGUA;Moquegua;;;Programas presupuestales;;;2489734;Proyecto de inversión;MEJORAMIENTO DEL SERVICIO DE TRANSITABILIDAD VEHICULAR EMPALME RUTA NACIONAL PE-36B (JANCOPUJO) - EMPALME RUTA DEPARTAMENTAL MO-106 (CRUCERO) -;1854584;Localizada en Moquegua;Sí;;Sí;0
6;ANEXO-6-2;65;795;Gobierno regional;455;GOBIERNO REGIONAL DEL DEPARTAMENTO DE MOQUEGUA;Moquegua;;;Programas presupuestales;;;2495348;Proyecto de inversión;MEJORAMIENTO Y AMPLIACION DE LOS SERVICIOS DE SALUD EN EL ESTABLECIMIENTO DE SALUD ESTRATEGICO CENTRO DE SALUD PAMPA INALAMBRICA DEL DISTRITO DE ILO -;5000000;Localizada en Moquegua;Sí;;Sí;0
6;ANEXO-6-2;65;795;Gobierno regional;455;GOBIERNO REGIONAL DEL DEPARTAMENTO DE MOQUEGUA;Moquegua;;;Programas presupuestales;;;2511861;Proyecto de inversión;MEJORAMIENTO Y AMPLIACION DEL SERVICIO EDUCATIVO DE LA INSTITUCION EDUCATIVA INICIAL CUNA JARDIN N 251, URBANIZACION VILLA DEL MAR, DISTRITO DE ILO -;2000000;Localizada en Moquegua;Sí;;Sí;0
6;ANEXO-6-2;65;795;Gobierno regional;455;GOBIERNO REGIONAL DEL DEPARTAMENTO DE MOQUEGUA;Moquegua;;;Programas presupuestales;;;2544765;Proyecto de inversión;MEJORAMIENTO Y AMPLIACION DEL SERVICIO EDUCATIVO EN LA I.E. 43026 CARLOS ALBERTO CONDE VASQUEZ DISTRITO DE ILO - PROVINCIA DE ILO - DEPARTAMENTO DE;2000000;Localizada en Moquegua;Sí;;Sí;0
6;ANEXO-6-2;65;795;Gobierno regional;455;GOBIERNO REGIONAL DEL DEPARTAMENTO DE MOQUEGUA;Moquegua;;;Programas presupuestales;;;2563807;Proyecto de inversión;MEJORAMIENTO DEL SERVICIO DE ENSEÑANZA Y APRENDIZAJE DE LOS ESTUDIANTES DEL NIVEL PRIMARIA DE LAS INSTITUCIONES EDUCATIVAS DE LAS PROVINCIAS DE GENERAL;3000000;Localizada en Moquegua;Sí;;Sí;0
6;ANEXO-6-2;66;796;Gobierno regional;455;GOBIERNO REGIONAL DEL DEPARTAMENTO DE MOQUEGUA;Moquegua;;;Programas presupuestales;;;2570182;Proyecto de inversión;MEJORAMIENTO DEL SERVICIO DE EDUCACION SUPERIOR DEL I.E.S.T.P. CHOJATA, EN EL DISTRITO DE CHOJATA - PROVINCIA DE GENERAL SANCHEZ CERRO - DEPARTAMENTO DE;1500000;Localizada en Moquegua;Sí;;Sí;0
6;ANEXO-6-2;66;796;Gobierno regional;455;GOBIERNO REGIONAL DEL DEPARTAMENTO DE MOQUEGUA;Moquegua;;;Programas presupuestales;;;2572270;Proyecto de inversión;MEJORAMIENTO Y AMPLIACION DEL SERVICIO EDUCATIVO DEL NIVEL PRIMARIO DE LA INSTITUCION EDUCATIVA SEÑOR DE LOCUMBA EN EL DISTRITO DE MOQUEGUA - PROVINCIA;1214720;Localizada en Moquegua;Sí;;Sí;0
6;ANEXO-6-2;66;796;Gobierno regional;455;GOBIERNO REGIONAL DEL DEPARTAMENTO DE MOQUEGUA;Moquegua;;;Programas presupuestales;;;2600526;Proyecto de inversión;MEJORAMIENTO DEL SERVICIO DE TRANSITABILIDAD VIAL INTERURBANA EN LA VIA VECINAL EMP-MO-108 - EMP MO-504 DE CENTRO POBLADO CHILATA DISTRITO DE PUQUINA DE;197899;Localizada en Moquegua;Sí;;Sí;0
6;ANEXO-6-2;66;796;Gobierno regional;455;GOBIERNO REGIONAL DEL DEPARTAMENTO DE MOQUEGUA;Moquegua;;;Programas presupuestales;;;2603221;Proyecto de inversión;MEJORAMIENTO DEL SERVICIO DE TRANSITABILIDAD VIAL INTERURBANA EN LA VIA VECINAL EMP. MO 108-MO 516 ULUCAN DISTRITO DE COALAQUE DE LA PROVINCIA DE GENERAL;3528488;Localizada en Moquegua;Sí;;Sí;0
6;ANEXO-6-2;66;796;Gobierno regional;455;GOBIERNO REGIONAL DEL DEPARTAMENTO DE MOQUEGUA;Moquegua;;;Programas presupuestales;;;2607119;Proyecto de inversión;CREACION DEL SERVICIO DE TRANSITABILIDAD VIAL INTERURBANA EN (PUENTE CHACLAC) CARRETERA DEPARTAMENTAL MO 103 PROGRESIVA 125+200 DE CENTRO POBLADO;1000000;Localizada en Moquegua;Sí;;Sí;0
6;ANEXO-6-2;66;796;Gobierno regional;455;GOBIERNO REGIONAL DEL DEPARTAMENTO DE MOQUEGUA;Moquegua;;;Programas presupuestales;;;2623343;Proyecto de inversión;MEJORAMIENTO DEL SERVICIO DE SUMINISTRO ELECTRICO DOMICILIARIO EN ZONAS URBANAS EN 4 UNIDADES PRODUCTORAS DISTRITO DE ILO DE LA PROVINCIA DE ILO DEL;246197;Localizada en Moquegua;Sí;;Sí;0
6;ANEXO-6-2;66;796;Gobierno regional;455;GOBIERNO REGIONAL DEL DEPARTAMENTO DE MOQUEGUA;Moquegua;;;Programas presupuestales;;;2624484;Proyecto de inversión;MEJORAMIENTO DEL SERVICIO DE EDUCACION SECUNDARIA EN I.E. MARISCAL DOMINGO NIETO DISTRITO DE OMATE DE LA PROVINCIA DE GENERAL SANCHEZ CERRO DEL;4971512;Localizada en Moquegua;Sí;;Sí;0
6;ANEXO-6-2;66;796;Gobierno regional;455;GOBIERNO REGIONAL DEL DEPARTAMENTO DE MOQUEGUA;Moquegua;;;Programas presupuestales;;;2630620;Proyecto de inversión;CREACION DEL SERVICIO DE TRANSITABILIDAD VIAL INTERURBANA EN LA VIA DE PARTAMENTAL MO 103 QUEBRADA ANSAMANI (PUENTE ANSAMANI) DISTRITO DE ICHUÑA DE LA;1000000;Localizada en Moquegua;Sí;;Sí;0
6;ANEXO-6-2;66;796;Gobierno regional;455;GOBIERNO REGIONAL DEL DEPARTAMENTO DE MOQUEGUA;Moquegua;;;Programas presupuestales;;;2670244;Proyecto de inversión;AMPLIACION DEL SERVICIO DE SUMINISTRO ELECTRICO DOMICILIARIO EN ZONAS RURALES EN 8 UNIDADES PRODUCTORAS 7 CENTROS POBLADOS DISTRITO DE OMATE DE LA;1000000;Localizada en Moquegua;Sí;;Sí;0
6;ANEXO-6-2;66;796;Gobierno regional;455;GOBIERNO REGIONAL DEL DEPARTAMENTO DE MOQUEGUA;Moquegua;;;Programas presupuestales;;;2674171;Proyecto de inversión;MEJORAMIENTO DEL SERVICIO DE EDUCACION PRIMARIA Y SERVICIO DE EDUCACION SECUNDARIA EN I.E. JORGE BASADRE GROHMANN DISTRITO DE ILO DE LA PROVINCIA DE ILO;4000000;Localizada en Moquegua;Sí;;Sí;0
6;ANEXO-6-2;66;796;Gobierno regional;455;GOBIERNO REGIONAL DEL DEPARTAMENTO DE MOQUEGUA;Moquegua;;;Programas presupuestales;;;2675468;Proyecto de inversión;"REPARACION DE SISTEMA DE RIEGO; ADQUISICION DE SISTEMA DE CONTROL Y MONITORED; EN EL(LA) REPRESA CHIRIMAYUNI DISTRITO DE LLOQUE, PROVINCIA GENERAL";2000000;Localizada en Moquegua;Sí;;Sí;0
6;ANEXO-6-2;66;796;Gobierno regional;455;GOBIERNO REGIONAL DEL DEPARTAMENTO DE MOQUEGUA;Moquegua;;;Programas presupuestales;;;2687988;Proyecto de inversión;MEJORAMIENTO DEL SERVICIO DE PROVISION DE AGUA PARA RIEGO EN EL SISTEMA DE RIEGO DEL CANAL PRINCIPAL ENTRE LOS SECTORES RODRIGUEZ Y MAYUKO DE LA;1000000;Localizada en Moquegua;Sí;;Sí;0
6;ANEXO-6-2;66;796;Gobierno regional;455;GOBIERNO REGIONAL DEL DEPARTAMENTO DE MOQUEGUA;Moquegua;;;Programas presupuestales;;;2694186;Proyecto de inversión;"CONSTRUCCION DE AUDITORIO, LABORATORIO Y SERVICIOS HIGIENICOS Y/0 VESTIDORES PARA ESTUDIANTES; ADQUISICION DE EQUIPO DE OTROS ACTIVOS";700000;Localizada en Moquegua;Sí;;Sí;0
6;ANEXO-6-2;66;796;Gobierno regional;455;GOBIERNO REGIONAL DEL DEPARTAMENTO DE MOQUEGUA;Moquegua;;;Programas presupuestales;;;2702123;Proyecto de inversión;RECUPERACION DEL SERVICIO DE SIEMBRA Y COSECHA DE AGUA EN 5 UNIDADES PRODUCTORAS 5 DISTRITOS DE LA PROVINCIA DE GENERAL SANCHEZ CERRO DEL;2000000;Localizada en Moquegua;Sí;;Sí;0
6;ANEXO-6-2;66;796;Gobierno regional;455;GOBIERNO REGIONAL DEL DEPARTAMENTO DE MOQUEGUA;Moquegua;;;Acciones centrales;;;5000001;Actividad;PLANEAMIENTO Y PRESUPUESTO;5335178;Localizada en Moquegua;Sí;;Sí;0
6;ANEXO-6-2;66;796;Gobierno regional;455;GOBIERNO REGIONAL DEL DEPARTAMENTO DE MOQUEGUA;Moquegua;;;Acciones centrales;;;5000002;Actividad;CONDUCCION Y ORIENTACION SUPERIOR;2240408;Localizada en Moquegua;Sí;;Sí;0
6;ANEXO-6-2;66;796;Gobierno regional;455;GOBIERNO REGIONAL DEL DEPARTAMENTO DE MOQUEGUA;Moquegua;;;Acciones centrales;;;5000003;Actividad;GESTION ADMINISTRATIVA;83203215;Localizada en Moquegua;Sí;;Sí;0
6;ANEXO-6-2;66;796;Gobierno regional;455;GOBIERNO REGIONAL DEL DEPARTAMENTO DE MOQUEGUA;Moquegua;;;Acciones centrales;;;5000004;Actividad;ASESORAMIENTO TECNICO Y JURIDICO;527031;Localizada en Moquegua;Sí;;Sí;0
6;ANEXO-6-2;66;796;Gobierno regional;455;GOBIERNO REGIONAL DEL DEPARTAMENTO DE MOQUEGUA;Moquegua;;;Acciones centrales;;;5000005;Actividad;GESTION DE RECURSOS HUMANOS;40086055;Localizada en Moquegua;Sí;;Sí;0
6;ANEXO-6-2;66;796;Gobierno regional;455;GOBIERNO REGIONAL DEL DEPARTAMENTO DE MOQUEGUA;Moquegua;;;Acciones centrales;;;5000006;Actividad;ACCIONES DE CONTROL Y AUDITORIA;122199;Localizada en Moquegua;Sí;;Sí;0
6;ANEXO-6-2;67;797;Gobierno regional;455;GOBIERNO REGIONAL DEL DEPARTAMENTO DE MOQUEGUA;Moquegua;;;Acciones centrales;;;5000007;Actividad;DEFENSA JUDICIAL DEL ESTADO;271096;Localizada en Moquegua;Sí;;Sí;0
6;ANEXO-6-2;67;797;Gobierno regional;455;GOBIERNO REGIONAL DEL DEPARTAMENTO DE MOQUEGUA;Moquegua;;;APNOP;;;5000276;Actividad;GESTION DEL PROGRAMA;1009342;Localizada en Moquegua;Sí;;Sí;0
6;ANEXO-6-2;67;797;Gobierno regional;455;GOBIERNO REGIONAL DEL DEPARTAMENTO DE MOQUEGUA;Moquegua;;;APNOP;;;5000376;Actividad;ADMINISTRACION DEUDA INTERNA;2488888;Localizada en Moquegua;Sí;;Sí;0
6;ANEXO-6-2;67;797;Gobierno regional;455;GOBIERNO REGIONAL DEL DEPARTAMENTO DE MOQUEGUA;Moquegua;;;APNOP;;;5000377;Actividad;MEJORAMIENTO DE LA OFERTA DE LOS SERVICIOS DE SALUD;4786438;Localizada en Moquegua;Sí;;Sí;0
6;ANEXO-6-2;67;797;Gobierno regional;455;GOBIERNO REGIONAL DEL DEPARTAMENTO DE MOQUEGUA;Moquegua;;;APNOP;;;5000390;Actividad;ACCIONES DE SEGURIDAD CIUDADANA Y PACIFICACION NACIONAL;34663;Localizada en Moquegua;Sí;;Sí;0
6;ANEXO-6-2;67;797;Gobierno regional;455;GOBIERNO REGIONAL DEL DEPARTAMENTO DE MOQUEGUA;Moquegua;;;APNOP;;;5000438;Actividad;APOYO A LA COMUNIDAD;180000;Localizada en Moquegua;Sí;;Sí;0
6;ANEXO-6-2;67;797;Gobierno regional;455;GOBIERNO REGIONAL DEL DEPARTAMENTO DE MOQUEGUA;Moquegua;;;APNOP;;;5000446;Actividad;APOYO A LA REHABILITACION FISICA;66885;Localizada en Moquegua;Sí;;Sí;0
6;ANEXO-6-2;67;797;Gobierno regional;455;GOBIERNO REGIONAL DEL DEPARTAMENTO DE MOQUEGUA;Moquegua;;;APNOP;;;5000453;Actividad;APOYO AL CIUDADANO CON DISCAPACIDAD;68699;Localizada en Moquegua;Sí;;Sí;0
6;ANEXO-6-2;67;797;Gobierno regional;455;GOBIERNO REGIONAL DEL DEPARTAMENTO DE MOQUEGUA;Moquegua;;;APNOP;;;5000466;Actividad;APOYO AL NIÑO Y ADOLESCENTE;19000;Localizada en Moquegua;Sí;;Sí;0
6;ANEXO-6-2;67;797;Gobierno regional;455;GOBIERNO REGIONAL DEL DEPARTAMENTO DE MOQUEGUA;Moquegua;;;APNOP;;;5000500;Actividad;ATENCION BASICA DE SALUD;47241;Localizada en Moquegua;Sí;;Sí;0
6;ANEXO-6-2;67;797;Gobierno regional;455;GOBIERNO REGIONAL DEL DEPARTAMENTO DE MOQUEGUA;Moquegua;;;APNOP;;;5000510;Actividad;ATENCION ESPECIALIZADA DE LA SALUD;281300;Localizada en Moquegua;Sí;;Sí;0
6;ANEXO-6-2;67;797;Gobierno regional;455;GOBIERNO REGIONAL DEL DEPARTAMENTO DE MOQUEGUA;Moquegua;;;APNOP;;;5000538;Actividad;CAPACITACION Y PERFECCIONAMIENTO;485498;Localizada en Moquegua;Sí;;Sí;0
6;ANEXO-6-2;67;797;Gobierno regional;455;GOBIERNO REGIONAL DEL DEPARTAMENTO DE MOQUEGUA;Moquegua;;;APNOP;;;5000595;Actividad;CONSERVACION Y RESTAURACION DE ECOSISTEMAS Y BIODIVERSIDAD;100000;Localizada en Moquegua;Sí;;Sí;0
6;ANEXO-6-2;67;797;Gobierno regional;455;GOBIERNO REGIONAL DEL DEPARTAMENTO DE MOQUEGUA;Moquegua;;;APNOP;;;5000619;Actividad;CONTROL SANITARIO;16153;Localizada en Moquegua;Sí;;Sí;0
6;ANEXO-6-2;67;797;Gobierno regional;455;GOBIERNO REGIONAL DEL DEPARTAMENTO DE MOQUEGUA;Moquegua;;;APNOP;;;5000635;Actividad;DEMARCACION TERRITORIAL;88417;Localizada en Moquegua;Sí;;Sí;0
6;ANEXO-6-2;67;797;Gobierno regional;455;GOBIERNO REGIONAL DEL DEPARTAMENTO DE MOQUEGUA;Moquegua;;;APNOP;;;5000661;Actividad;DESARROLLO DE LA EDUCACION LABORAL Y TECNICA;8854625;Localizada en Moquegua;Sí;;Sí;0
6;ANEXO-6-2;67;797;Gobierno regional;455;GOBIERNO REGIONAL DEL DEPARTAMENTO DE MOQUEGUA;Moquegua;;;APNOP;;;5000664;Actividad;DESARROLLO DE LA EDUCACION PRIMARIA DE ADULTOS;697376;Localizada en Moquegua;Sí;;Sí;0
6;ANEXO-6-2;67;797;Gobierno regional;455;GOBIERNO REGIONAL DEL DEPARTAMENTO DE MOQUEGUA;Moquegua;;;APNOP;;;5000666;Actividad;DESARROLLO DE LA EDUCACION SECUNDARIA DE ADULTOS;22366943;Localizada en Moquegua;Sí;;Sí;0
6;ANEXO-6-2;67;797;Gobierno regional;455;GOBIERNO REGIONAL DEL DEPARTAMENTO DE MOQUEGUA;Moquegua;;;APNOP;;;5000668;Actividad;DESARROLLO DE LA EDUCACION TECNICA;1609814;Localizada en Moquegua;Sí;;Sí;0
6;ANEXO-6-2;67;797;Gobierno regional;455;GOBIERNO REGIONAL DEL DEPARTAMENTO DE MOQUEGUA;Moquegua;;;APNOP;;;5000681;Actividad;DESARROLLO DEL CICLO AVANZADO DE LA EDUCACION BASICA ALTERNATIVA;1256099;Localizada en Moquegua;Sí;;Sí;0
6;ANEXO-6-2;67;797;Gobierno regional;455;GOBIERNO REGIONAL DEL DEPARTAMENTO DE MOQUEGUA;Moquegua;;;APNOP;;;5000682;Actividad;DESARROLLO DEL CICLO INICIAL DE LA EDUCACION BASICA ALTERNATIVA;1000;Localizada en Moquegua;Sí;;Sí;0
6;ANEXO-6-2;67;797;Gobierno regional;455;GOBIERNO REGIONAL DEL DEPARTAMENTO DE MOQUEGUA;Moquegua;;;APNOP;;;5000683;Actividad;DESARROLLO DEL CICLO INTERMEDIO DE LA EDUCACION BASICA ALTERNATIVA;1128114;Localizada en Moquegua;Sí;;Sí;0
6;ANEXO-6-2;67;797;Gobierno regional;455;GOBIERNO REGIONAL DEL DEPARTAMENTO DE MOQUEGUA;Moquegua;;;APNOP;;;5000688;Actividad;DESARROLLO ECONOMICO REGIONAL;778642;Localizada en Moquegua;Sí;;Sí;0
6;ANEXO-6-2;67;797;Gobierno regional;455;GOBIERNO REGIONAL DEL DEPARTAMENTO DE MOQUEGUA;Moquegua;;;APNOP;;;5000698;Actividad;DESARROLLO SOCIAL REGIONAL;248877;Localizada en Moquegua;Sí;;Sí;0
6;ANEXO-6-2;67;797;Gobierno regional;455;GOBIERNO REGIONAL DEL DEPARTAMENTO DE MOQUEGUA;Moquegua;;;APNOP;;;5000718;Actividad;DIFUSION Y COMUNICACION SOCIAL;12509;Localizada en Moquegua;Sí;;Sí;0
6;ANEXO-6-2;67;797;Gobierno regional;455;GOBIERNO REGIONAL DEL DEPARTAMENTO DE MOQUEGUA;Moquegua;;;APNOP;;;5000722;Actividad;DIRECCION Y GESTION;843405;Localizada en Moquegua;Sí;;Sí;0
6;ANEXO-6-2;67;797;Gobierno regional;455;GOBIERNO REGIONAL DEL DEPARTAMENTO DE MOQUEGUA;Moquegua;;;APNOP;;;5000756;Actividad;FISCALIZACION;22361;Localizada en Moquegua;Sí;;Sí;0
6;ANEXO-6-2;67;797;Gobierno regional;455;GOBIERNO REGIONAL DEL DEPARTAMENTO DE MOQUEGUA;Moquegua;;;APNOP;;;5000785;Actividad;FORMULACION PRESUPUESTO PARTICIPATIVO REGIONAL;71288;Localizada en Moquegua;Sí;;Sí;0
6;ANEXO-6-2;67;797;Gobierno regional;455;GOBIERNO REGIONAL DEL DEPARTAMENTO DE MOQUEGUA;Moquegua;;;APNOP;;;5000808;Actividad;FUNCIONAMIENTO DE SERVICIOS DE SALUD;1080621;Localizada en Moquegua;Sí;;Sí;0
6;ANEXO-6-2;67;797;Gobierno regional;455;GOBIERNO REGIONAL DEL DEPARTAMENTO DE MOQUEGUA;Moquegua;;;APNOP;;;5000825;Actividad;GESTION DE LA INFRAESTRUCTURA;10000;Localizada en Moquegua;Sí;;Sí;0
6;ANEXO-6-2;67;797;Gobierno regional;455;GOBIERNO REGIONAL DEL DEPARTAMENTO DE MOQUEGUA;Moquegua;;;APNOP;;;5000830;Actividad;GESTION DE RESIDUOS SOLIDOS;467491;Localizada en Moquegua;Sí;;Sí;0
6;ANEXO-6-2;67;797;Gobierno regional;455;GOBIERNO REGIONAL DEL DEPARTAMENTO DE MOQUEGUA;Moquegua;;;APNOP;;;5000853;Actividad;GESTION, SUPERVISION Y MONITOREO DEL FINANCIAMIENTO Y DE LA CALIDAD DE PRESTACION;47679;Localizada en Moquegua;Sí;;Sí;0
6;ANEXO-6-2;67;797;Gobierno regional;455;GOBIERNO REGIONAL DEL DEPARTAMENTO DE MOQUEGUA;Moquegua;;;APNOP;;;5000922;Actividad;LEGISLACION, CONTROL POLITICO Y FISCALIZACION;671380;Localizada en Moquegua;Sí;;Sí;0
6;ANEXO-6-2;67;797;Gobierno regional;455;GOBIERNO REGIONAL DEL DEPARTAMENTO DE MOQUEGUA;Moquegua;;;APNOP;;;5000933;Actividad;MANTENIMIENTO DE ESTABLECIMIENTOS;149600;Localizada en Moquegua;Sí;;Sí;0
6;ANEXO-6-2;68;700;Gobierno regional;455;GOBIERNO REGIONAL DEL DEPARTAMENTO DE MOQUEGUA;Moquegua;;;APNOP;;;5000935;Actividad;MANTENIMIENTO DE INFRAESTRUCTURA DE RIEGO;5868735;Localizada en Moquegua;Sí;;Sí;0
6;ANEXO-6-2;68;700;Gobierno regional;455;GOBIERNO REGIONAL DEL DEPARTAMENTO DE MOQUEGUA;Moquegua;;;APNOP;;;5000936;Actividad;MANTENIMIENTO DE INFRAESTRUCTURA PUBLICA;13525030;Localizada en Moquegua;Sí;;Sí;0
6;ANEXO-6-2;68;700;Gobierno regional;455;GOBIERNO REGIONAL DEL DEPARTAMENTO DE MOQUEGUA;Moquegua;;;APNOP;;;5000952;Actividad;MANTENIMIENTO Y RECUPERACION DE LA CAPACIDAD OPERATIVA;232953;Localizada en Moquegua;Sí;;Sí;0
6;ANEXO-6-2;68;700;Gobierno regional;455;GOBIERNO REGIONAL DEL DEPARTAMENTO DE MOQUEGUA;Moquegua;;;APNOP;;;5000991;Actividad;OBLIGACIONES PREVISIONALES;14875772;Localizada en Moquegua;Sí;;Sí;0
6;ANEXO-6-2;68;700;Gobierno regional;455;GOBIERNO REGIONAL DEL DEPARTAMENTO DE MOQUEGUA;Moquegua;;;APNOP;;;5001003;Actividad;OPTIMIZACION DE LOS RECURSOS INFORMATICOS;187187;Localizada en Moquegua;Sí;;Sí;0
6;ANEXO-6-2;68;700;Gobierno regional;455;GOBIERNO REGIONAL DEL DEPARTAMENTO DE MOQUEGUA;Moquegua;;;APNOP;;;5001007;Actividad;ORGANIZACION Y MODERNIZACION ADMINISTRATIVA;65300;Localizada en Moquegua;Sí;;Sí;0
6;ANEXO-6-2;68;700;Gobierno regional;455;GOBIERNO REGIONAL DEL DEPARTAMENTO DE MOQUEGUA;Moquegua;;;APNOP;;;5001019;Actividad;PLANEAMIENTO ESTRATEGICO;35500;Localizada en Moquegua;Sí;;Sí;0
6;ANEXO-6-2;68;700;Gobierno regional;455;GOBIERNO REGIONAL DEL DEPARTAMENTO DE MOQUEGUA;Moquegua;;;APNOP;;;5001034;Actividad;PREVENCION DE RIESGOS Y DAÑOS PARA LA SALUD;11071;Localizada en Moquegua;Sí;;Sí;0
6;ANEXO-6-2;68;700;Gobierno regional;455;GOBIERNO REGIONAL DEL DEPARTAMENTO DE MOQUEGUA;Moquegua;;;APNOP;;;5001038;Actividad;PREVENCION Y MITIGACION DE DESASTRES;208193;Localizada en Moquegua;Sí;;Sí;0
6;ANEXO-6-2;68;700;Gobierno regional;455;GOBIERNO REGIONAL DEL DEPARTAMENTO DE MOQUEGUA;Moquegua;;;APNOP;;;5001080;Actividad;PROMOCION DEL DESARROLLO INTEGRAL DE LA JUVENTUD;150025;Localizada en Moquegua;Sí;;Sí;0
6;ANEXO-6-2;68;700;Gobierno regional;455;GOBIERNO REGIONAL DEL DEPARTAMENTO DE MOQUEGUA;Moquegua;;;APNOP;;;5001081;Actividad;PROMOCION DEL DESARROLLO PRODUCTIVO AGRARIO RURAL;10000;Localizada en Moquegua;Sí;;Sí;0
6;ANEXO-6-2;68;700;Gobierno regional;455;GOBIERNO REGIONAL DEL DEPARTAMENTO DE MOQUEGUA;Moquegua;;;APNOP;;;5001100;Actividad;PROMOCION Y CONTROL DE LA MINERIA;232813;Localizada en Moquegua;Sí;;Sí;0
6;ANEXO-6-2;68;700;Gobierno regional;455;GOBIERNO REGIONAL DEL DEPARTAMENTO DE MOQUEGUA;Moquegua;;;APNOP;;;5001122;Actividad;PROTECCION SOCIAL;238971;Localizada en Moquegua;Sí;;Sí;0
6;ANEXO-6-2;68;700;Gobierno regional;455;GOBIERNO REGIONAL DEL DEPARTAMENTO DE MOQUEGUA;Moquegua;;;APNOP;;;5001150;Actividad;REPARACION MANTENIMIENTO Y EQUIPAMIENTO DE INFRAESTRUCTURA EDUCATIVA EN ALTO RIESGO;14992661;Localizada en Moquegua;Sí;;Sí;0
6;ANEXO-6-2;68;700;Gobierno regional;455;GOBIERNO REGIONAL DEL DEPARTAMENTO DE MOQUEGUA;Moquegua;;;APNOP;;;5001189;Actividad;SERVICIOS DE APOYO AL DIAGNOSTICO Y TRATAMIENTO;14320490;Localizada en Moquegua;Sí;;Sí;0
6;ANEXO-6-2;68;700;Gobierno regional;455;GOBIERNO REGIONAL DEL DEPARTAMENTO DE MOQUEGUA;Moquegua;;;APNOP;;;5001195;Actividad;SERVICIOS GENERALES;22818698;Localizada en Moquegua;Sí;;Sí;0
6;ANEXO-6-2;68;700;Gobierno regional;455;GOBIERNO REGIONAL DEL DEPARTAMENTO DE MOQUEGUA;Moquegua;;;APNOP;;;5001204;Actividad;SISTEMA DE INFORMATICA Y COMUNICACIONES;120000;Localizada en Moquegua;Sí;;Sí;0
6;ANEXO-6-2;68;700;Gobierno regional;455;GOBIERNO REGIONAL DEL DEPARTAMENTO DE MOQUEGUA;Moquegua;;;APNOP;;;5001205;Actividad;SISTEMA DE INFORMATICA Y TELECOMUNICACIONES;130560;Localizada en Moquegua;Sí;;Sí;0
6;ANEXO-6-2;68;700;Gobierno regional;455;GOBIERNO REGIONAL DEL DEPARTAMENTO DE MOQUEGUA;Moquegua;;;APNOP;;;5001228;Actividad;SUPERVISION Y CONTROL;509037;Localizada en Moquegua;Sí;;Sí;0
6;ANEXO-6-2;68;700;Gobierno regional;455;GOBIERNO REGIONAL DEL DEPARTAMENTO DE MOQUEGUA;Moquegua;;;APNOP;;;5001232;Actividad;SUPERVISION Y CONTROL DE PROYECTOS DE LA GERENCIA REGIONAL DE INFRAESTRUCTURA;1044777;Localizada en Moquegua;Sí;;Sí;0
6;ANEXO-6-2;68;700;Gobierno regional;455;GOBIERNO REGIONAL DEL DEPARTAMENTO DE MOQUEGUA;Moquegua;;;APNOP;;;5001247;Actividad;SUPERVISION Y LIQUIDACION DE OBRAS;534724;Localizada en Moquegua;Sí;;Sí;0
6;ANEXO-6-2;68;700;Gobierno regional;455;GOBIERNO REGIONAL DEL DEPARTAMENTO DE MOQUEGUA;Moquegua;;;APNOP;;;5001285;Actividad;VIGILANCIA Y CONTROL DEL MEDIO AMBIENTE;636684;Localizada en Moquegua;Sí;;Sí;0
6;ANEXO-6-2;68;700;Gobierno regional;455;GOBIERNO REGIONAL DEL DEPARTAMENTO DE MOQUEGUA;Moquegua;;;APNOP;;;5001286;Actividad;VIGILANCIA Y CONTROL EPIDEMIOLOGICO;115046;Localizada en Moquegua;Sí;;Sí;0
6;ANEXO-6-2;68;700;Gobierno regional;455;GOBIERNO REGIONAL DEL DEPARTAMENTO DE MOQUEGUA;Moquegua;;;APNOP;;;5001562;Actividad;ATENCION EN CONSULTAS EXTERNAS;19631929;Localizada en Moquegua;Sí;;Sí;0
6;ANEXO-6-2;68;700;Gobierno regional;455;GOBIERNO REGIONAL DEL DEPARTAMENTO DE MOQUEGUA;Moquegua;;;APNOP;;;5001563;Actividad;ATENCION EN HOSPITALIZACION;6897057;Localizada en Moquegua;Sí;;Sí;0
6;ANEXO-6-2;68;700;Gobierno regional;455;GOBIERNO REGIONAL DEL DEPARTAMENTO DE MOQUEGUA;Moquegua;;;APNOP;;;5001564;Actividad;INTERVENCIONES QUIRURGICAS;1490390;Localizada en Moquegua;Sí;;Sí;0
6;ANEXO-6-2;68;700;Gobierno regional;455;GOBIERNO REGIONAL DEL DEPARTAMENTO DE MOQUEGUA;Moquegua;;;APNOP;;;5001569;Actividad;COMERCIALIZACION DE MEDICAMENTOS E INSUMOS;1798570;Localizada en Moquegua;Sí;;Sí;0
6;ANEXO-6-2;68;700;Gobierno regional;455;GOBIERNO REGIONAL DEL DEPARTAMENTO DE MOQUEGUA;Moquegua;;;APNOP;;;5001867;Actividad;BRINDAR UNA ADECUADA DISPENSACION DE MEDICAMENTOS Y PRODUCTOS FARMACEUTICOS;434311;Localizada en Moquegua;Sí;;Sí;0
6;ANEXO-6-2;68;700;Gobierno regional;455;GOBIERNO REGIONAL DEL DEPARTAMENTO DE MOQUEGUA;Moquegua;;;APNOP;;;5001924;Actividad;DESARROLLO DE LA EDUCACION BASICA ALTERNATIVA;4859;Localizada en Moquegua;Sí;;Sí;0
6;ANEXO-6-2;68;700;Gobierno regional;455;GOBIERNO REGIONAL DEL DEPARTAMENTO DE MOQUEGUA;Moquegua;;;APNOP;;;5001933;Actividad;DESARROLLO DE LA PROMOCION ESCOLAR, CULTURA Y DEPORTE;445590;Localizada en Moquegua;Sí;;Sí;0
6;ANEXO-6-2;68;700;Gobierno regional;455;GOBIERNO REGIONAL DEL DEPARTAMENTO DE MOQUEGUA;Moquegua;;;APNOP;;;5002018;Actividad;GASTO DE FUNCIONAMIENTO - GERENCIA REGIONAL DE RECURSOS NATURALES;334762;Localizada en Moquegua;Sí;;Sí;0
6;ANEXO-6-2;68;700;Gobierno regional;455;GOBIERNO REGIONAL DEL DEPARTAMENTO DE MOQUEGUA;Moquegua;;;APNOP;;;5002025;Actividad;GESTION DE LA CALIDAD;65400;Localizada en Moquegua;Sí;;Sí;0
6;ANEXO-6-2;68;700;Gobierno regional;455;GOBIERNO REGIONAL DEL DEPARTAMENTO DE MOQUEGUA;Moquegua;;;APNOP;;;5003934;Actividad;MEJORA EN LA GESTION DE LAS INSTITUCIONES EDUCATIVAS;590070;Localizada en Moquegua;Sí;;Sí;0
6;ANEXO-6-2;68;700;Gobierno regional;455;GOBIERNO REGIONAL DEL DEPARTAMENTO DE MOQUEGUA;Moquegua;;;APNOP;;;5004429;Actividad;DESINFECCION Y/0 TRATAMIENTO DEL AGUA PARA EL CONSUMO HUMANO;7951;Localizada en Moquegua;Sí;;Sí;0
6;ANEXO-6-2;68;700;Gobierno regional;455;GOBIERNO REGIONAL DEL DEPARTAMENTO DE MOQUEGUA;Moquegua;;;APNOP;;;5005326;Actividad;INTERVENCIONES DE COMUNICACION PARA EL CUIDADO INFANTIL Y PREVENCION DE ANEMIA Y DESNUTRICION CRONICA INFANTIL;77311;Localizada en Moquegua;Sí;;Sí;0
6;ANEXO-6-2;68;700;Gobierno regional;455;GOBIERNO REGIONAL DEL DEPARTAMENTO DE MOQUEGUA;Moquegua;;;APNOP;;;5005387;Actividad;MEJORAMIENTO Y ATENCION A LAS PERSONAS CON DISCAPACIDAD;58561;Localizada en Moquegua;Sí;;Sí;0
6;ANEXO-6-2;69;799;Gobierno regional;455;GOBIERNO REGIONAL DEL DEPARTAMENTO DE MOQUEGUA;Moquegua;;;APNOP;;;5005467;Actividad;MANTENIMIENTO PARA EQUIPAMIENTO E INFRAESTRUCTURA HOSPITALARIA;40219525;Localizada en Moquegua;Sí;;Sí;0
6;ANEXO-6-2;69;799;Gobierno regional;455;GOBIERNO REGIONAL DEL DEPARTAMENTO DE MOQUEGUA;Moquegua;;;APNOP;;;5005692;Actividad;DESARROLLO DE SERVICIOS PEDAGÓGICOS ESPECIALIZADOS;151000;Localizada en Moquegua;Sí;;Sí;0
6;ANEXO-6-2;69;799;Gobierno regional;455;GOBIERNO REGIONAL DEL DEPARTAMENTO DE MOQUEGUA;Moquegua;;;APNOP;;;5006132;Actividad;REGULACION, AUTORIZAC1ON, REGISTRO Y FISCALIZACION EN EL MARCO DE COMPETENCIAS DE LA ENTIDAD;108655;Localizada en Moquegua;Sí;;Sí;0
6;ANEXO-6-2;69;799;Gobierno regional;455;GOBIERNO REGIONAL DEL DEPARTAMENTO DE MOQUEGUA;Moquegua;;;APNOP;;;5006267;Actividad;FORTALECIMIENTO INSTITUCIONAL DE LAS UGEL;64851;Localizada en Moquegua;Sí;;Sí;0
6;ANEXO-6-2;69;799;Gobierno regional;455;GOBIERNO REGIONAL DEL DEPARTAMENTO DE MOQUEGUA;Moquegua;;;APNOP;;;5006372;Actividad;HEMODIALISIS POR INSUFICIENCIA RENAL;8000;Localizada en Moquegua;Sí;;Sí;0
6;ANEXO-6-2;69;799;Gobierno regional;455;GOBIERNO REGIONAL DEL DEPARTAMENTO DE MOQUEGUA;Moquegua;;;APNOP;;;5006427;Actividad;VIGILANCIA DE LA CALIDAD DEL AGUA PARA CONSUMO HUMANO EN EL AMBITO URBANO Y RURAL (HOGARES DISPERSOS);45711;Localizada en Moquegua;Sí;;Sí;0
6;ANEXO-6-2;69;799;Gobierno regional;455;GOBIERNO REGIONAL DEL DEPARTAMENTO DE MOQUEGUA;Moquegua;;;APNOP;;;2002178;Proyecto de inversión;OPERACION Y MANTENIMIENTO - PASTO GRANDE;11200000;Localizada en Moquegua;Sí;;Sí;0
6;ANEXO-6-2;69;799;Gobierno regional;455;GOBIERNO REGIONAL DEL DEPARTAMENTO DE MOQUEGUA;Moquegua;;;APNOP;;;2016766;Proyecto de inversión;INICIATIVA A LA COMPETITIVIDAD;10000000;Localizada en Moquegua;Sí;;Sí;0
6;ANEXO-6-2;69;799;Gobierno regional;455;GOBIERNO REGIONAL DEL DEPARTAMENTO DE MOQUEGUA;Moquegua;;;APNOP;;;2257643;Proyecto de inversión;INSTALACION DEL SERVICIO DE RESTAURACION DEL BOSQUE NATIVO Y SUS SERVICIOS ECOSISTEMICOS EN SOQUESANE, CUELLAR Y HUACALUNA, ZONAS PRIORIZADAS DE LOS;1000000;Localizada en Moquegua;Sí;;Sí;0
6;ANEXO-6-2;69;799;Gobierno regional;455;GOBIERNO REGIONAL DEL DEPARTAMENTO DE MOQUEGUA;Moquegua;;;APNOP;;;2328099;Proyecto de inversión;MEJORAMIENTO DE LOS SERVICIOS DE SALUD DEL CENTRO DE SALUD DE SAMEGUA NIVEL 1-3 DEL DISTRITO MDE SAMEGUA, PROVINCIA MARISCAL NIETO REGION MOQUEGUA;1000000;Localizada en Moquegua;Sí;;Sí;0
6;ANEXO-6-2;69;799;Gobierno regional;455;GOBIERNO REGIONAL DEL DEPARTAMENTO DE MOQUEGUA;Moquegua;;;APNOP;;;2412083;Proyecto de inversión;CREACION SERVICIO DE ACOPIO Y COMERCIALIZACION DE PRODUCTOS HIDROBIOLOGICOS EN LA PAMPA INALAMBRICA DISTRITO DE ILO - PROVINCIA DE ILO - DEPARTAMENTO DE;2000000;Localizada en Moquegua;Sí;;Sí;0
6;ANEXO-6-2;69;799;Gobierno regional;455;GOBIERNO REGIONAL DEL DEPARTAMENTO DE MOQUEGUA;Moquegua;;;APNOP;;;2477081;Proyecto de inversión;MEJORAMIENTO DEL SERVICIO DE PROTECCION RIBEREÑA DE LOS RIOS TUMILACA Y MOQUEGUA - TRAMO II (PUENTE TUCUMAN AL PUENTE MONTALVO), EN LOS DISTRITOS DE;22584679;Localizada en Moquegua;Sí;;Sí;0
6;ANEXO-6-2;69;799;Gobierno regional;455;GOBIERNO REGIONAL DEL DEPARTAMENTO DE MOQUEGUA;Moquegua;;;APNOP;;;2497702;Proyecto de inversión;MEJORAMIENTO Y AMPLIACION DE LOS SERVICIOS DE SALUD DEL ESTABLECIMIENTO DE SALUD ESTRATEGICO ICHUÑA DEL DISTRITO DE ICHUÑA - PROVINCIA DE GENERAL;1000000;Localizada en Moquegua;Sí;;Sí;0
6;ANEXO-6-2;69;799;Gobierno regional;455;GOBIERNO REGIONAL DEL DEPARTAMENTO DE MOQUEGUA;Moquegua;;;APNOP;;;2508244;Proyecto de inversión;"CONSTRUCCION DE SALA DE HEMODIALISIS; ADQUISICION DE MAQUINA DE HEMODIALISIS, ASPIRADOR DE SECRECIONES Y COCHE DE PARO; ADEMAS DE OTROS ACTIVOS EN";1300000;Localizada en Moquegua;Sí;;Sí;0
6;ANEXO-6-2;69;799;Gobierno regional;455;GOBIERNO REGIONAL DEL DEPARTAMENTO DE MOQUEGUA;Moquegua;;;APNOP;;;2510827;Proyecto de inversión;MEJORAMIENTO DE LOS SERVICIOS DE ATENCION DE LA COMPAÑIA DE BOMBEROS BRIGADIER CBP JUAN PEÑALOZA SALAS N°136, DEL DISTRITO DE ILO - PROVINCIA DE ILO -;1500000;Localizada en Moquegua;Sí;;Sí;0
6;ANEXO-6-2;69;799;Gobierno regional;455;GOBIERNO REGIONAL DEL DEPARTAMENTO DE MOQUEGUA;Moquegua;;;APNOP;;;2559320;Proyecto de inversión;MEJORAMIENTO DE LAS CAPACIDADES PARA LA PRODUCTIVIDAD Y LA COMPETITIVIDAD DE LOS ARTESANOS DE LAS PROVINCIAS DE MARISCAL NIETO, ILO Y GENERAL SANCHEZ;1681243;Localizada en Moquegua;Sí;;Sí;0
6;ANEXO-6-2;69;799;Gobierno regional;455;GOBIERNO REGIONAL DEL DEPARTAMENTO DE MOQUEGUA;Moquegua;;;APNOP;;;2568742;Proyecto de inversión;MEJORAMIENTO Y AMPLIACION DE LOS SERVICIOS DE SALUD EN EL ESTABLECIMIENTO ESTRATEGICO SAN ANTONIO, DISTRITO DE MOQUEGUA - PROVINCIA DE MARISCAL NIETO -;500000;Localizada en Moquegua;Sí;;Sí;0
6;ANEXO-6-2;69;799;Gobierno regional;455;GOBIERNO REGIONAL DEL DEPARTAMENTO DE MOQUEGUA;Moquegua;;;APNOP;;;2638581;Proyecto de inversión;MEJORAMIENTO DE LOS SERVICIOS OPERATIVOS O MISIONALES INSTITUCIONALES EN GERENCIA REGIONAL DE DESARROLLO ECONOMICO DISTRITO DE MOQUEGUA DE LA;1000000;Localizada en Moquegua;Sí;;Sí;0
6;ANEXO-6-2;69;799;Gobierno regional;455;GOBIERNO REGIONAL DEL DEPARTAMENTO DE MOQUEGUA;Moquegua;;;APNOP;;;2658446;Proyecto de inversión;PROYECTOS PARA EL DESARROLLO LOCAL;15757441;Localizada en Moquegua;Sí;;Sí;0
6;ANEXO-6-2;69;799;Gobierno regional;455;GOBIERNO REGIONAL DEL DEPARTAMENTO DE MOQUEGUA;Moquegua;;;APNOP;;;2661807;Proyecto de inversión;"CONSTRUCCION DE EQUIPO PARA FUENTES DE ENERGIA SOLAR; EN EL(LA) SEDE DEL GOBIERNO REGIONAL DE MOQUEGUA DISTRITO DE MOQUEGUA, PROVINCIA MARISCAL";1000000;Localizada en Moquegua;Sí;;Sí;0
6;ANEXO-6-2;69;799;Gobierno regional;455;GOBIERNO REGIONAL DEL DEPARTAMENTO DE MOQUEGUA;Moquegua;;;APNOP;;;2671975;Proyecto de inversión;MEJORAMIENTO DE LOS SERVICIOS OPERATIVOS O MISIONALES INSTITUCIONALES EN DIRECCION TECNICA DE SEGUIMIENTO, CONTROL Y VIGILANCIA DISTRITO DE ILO DE LA;500000;Localizada en Moquegua;Sí;;Sí;0
6;ANEXO-6-2;69;799;Gobierno regional;455;GOBIERNO REGIONAL DEL DEPARTAMENTO DE MOQUEGUA;Moquegua;;;APNOP;;;2673531;Proyecto de inversión;MEJORAMIENTO Y AMPLIACION DEL SERVICIO DE ATENCION DE SALUD BASICOS EN CENTRO DE SALUD OMATE DISTRITO DE OMATE DE LA PROVINCIA DE GENERAL SANCHEZ;2500000;Localizada en Moquegua;Sí;;Sí;0
5;ANEXO-5-1;21;57;Gobierno nacional;29;AUTORIDAD NACIONAL DE INFRAESTRUCTURA;;;;APNOP;;;2506092;Proyecto de inversión;CREACION DEL SERVICIO DE PROTECCION ANTE INUNDACIONES EN EL RIO MALA, EN LOS DISTRITOS DE MALA, SAN ANTONIO, SANTA CRUZ DE FLORES Y CALANGO -4 DISTRITOS;1000;Localizada en Moquegua;Sí;;No aplica;
5;ANEXO-5-1;23;89;Gobierno nacional;29;AUTORIDAD NACIONAL DE INFRAESTRUCTURA;;;;APNOP;;;2525796;Proyecto de inversión;MEJORAMIENTO Y AMPLIACION DEL SERVICIO DE PROTECCION ANTE INUNDACIONES Y MOVIMIENTO DE MASAS EN LA QUEBRADA HUAYCOLORO, DISTRITO DE SAN ANTONIO -;4700000;Localizada en Moquegua;Sí;;No aplica;
5;ANEXO-5-1;33;99;Gobierno nacional;3;M. DE CULTURA;;;;Programas presupuestales;;;2522315;Proyecto de inversión;MEJORAMIENTO DEL SERVICIO DE INTERPRETACION CULTURAL DE LA CAPILLA DE TAYANKANI DISTRITO DE CCARHUAYO - PROVINCIA DE QUISPICANCHI - DEPARTAMENTO DE;81069;Localizada en Moquegua;Sí;;No aplica;
5;ANEXO-5-1;44;110;Gobierno nacional;5;M. DEL AMBIENTE;;;;Programas presupuestales;;;2354347;Proyecto de inversión;RECUPERACION DE LAS POBLACIONES DE LA ESPECIE SURI (RHEA PENNATA) EN LAS REGIONES PUNO, MOQUEGUA Y TACNA, Y EN EL ACR VILACOTA MAURE - DISTRITO DE;6078472;Multidepartamental, incluye Moquegua;Sí;;No aplica;
5;ANEXO-5-1;97;163;Gobierno nacional;10;M. DE EDUCACION;;;;Programas presupuestales;;;2289128;Proyecto de inversión;MEJORAMIENTO DE LOS SERVICIOS DE EDUCACION PRIMARIA DE LA I.E. N 32392, EN EL CENTRO POBLADO DE SAN CRISTOBAL, DISTRITO DE LLATA, PROVINCIA DE HUAMALIES -;43958;Localizada en Moquegua;Sí;;No aplica;
5;ANEXO-5-1;97;163;Gobierno nacional;10;M. DE EDUCACION;;;;Programas presupuestales;;;2325679;Proyecto de inversión;INSTALACION DEL SERVICIO DE EDUCACION BASICA ESPECIAL DEL CEBE EN LA URBANIZACION SAN ANTONIO DE CARAPONGO DISTRITO DE LURIGANCHO - CHOSICA, PROVINCIA Y;457911;Localizada en Moquegua;Sí;;No aplica;
5;ANEXO-5-1;102;168;Gobierno nacional;10;M. DE EDUCACION;;;;APNOP;;;2382929;Proyecto de inversión;MEJORAMIENTO DEL SERVICIO EDUCATIVO ESPECIALIZADO DEL NIVEL SECUNDARIO DEL COLEGIO DE ALTO RENDIMIENTO DEL DEPARTAMENTO DE MOQUEGUA;5739238;Localizada en Moquegua;Sí;;No aplica;
5;ANEXO-5-1;105;171;Gobierno nacional;10;M. DE EDUCACION;;;;APNOP;;;2499522;Proyecto de inversión;MEJORAMIENTO DEL SERVICIO DE EDUCACION SUPERIOR TECNOLOGICA EN IESTP OMATE DISTRITO DE OMATE DE LA PROVINCIA DE GENERAL SANCHEZ CERRO DEL;9056316;Localizada en Moquegua;Sí;;No aplica;
5;ANEXO-5-1;115;181;Gobierno nacional;511;U.N. DE SAN ANTONIO ABAD DEL CUSCO;;;;Programas presupuestales;;;2502241;Proyecto de inversión;MEJORAMIENTO DEL SERVICIO DE FORMACION PROFESIONAL EN LA FACULTAD DE CIENCIAS DE LA UNIVERSIDAD NACIONAL DE SAN ANTONIO ABAD DEL CUSCO, DISTRITO DE;17861041;Localizada en Moquegua;Sí;;No aplica;
5;ANEXO-5-1;128;194;Gobierno nacional;516;U.N. SAN CRISTOBAL DE HUAMANGA;;;;Programas presupuestales;;;2537848;Proyecto de inversión;"ADQUISICION DE EQUIPO DE LABORATORIO; EN EL(LA) ESCUELA PROFESIONAL DE AGRONOMIA DE LA UNIVERSIDAD NACIONAL SAN CRISTOBAL DE HUAMANGA, DISTRITO DE";2050000;Localizada en Moquegua;Sí;;No aplica;
5;ANEXO-5-2;52;259;Gobierno nacional;545;U.N. DE MOQUEGUA;Moquegua;;;Programas presupuestales;;3000001 ACCIONES COMUNES;5005854;Actividad;ACREDITACION DE CARRERAS PROFESIONALES;90000;Localizada en Moquegua;Sí;;Sí;0
5;ANEXO-5-2;52;259;Gobierno nacional;545;U.N. DE MOQUEGUA;Moquegua;;;Programas presupuestales;;3000784 DOCENTES CON ADECUADAS COMPETENCIAS;5005857;Actividad;EJERCICIO DE LA DOCENCIA UNIVERSITARIA;12030343;Localizada en Moquegua;Sí;;Sí;0
5;ANEXO-5-2;52;259;Gobierno nacional;545;U.N. DE MOQUEGUA;Moquegua;;;Programas presupuestales;;3000784 DOCENTES CON ADECUADAS COMPETENCIAS;5005859;Actividad;CAPACITACION DOCENTE;625971;Localizada en Moquegua;Sí;;Sí;0
5;ANEXO-5-2;52;259;Gobierno nacional;545;U.N. DE MOQUEGUA;Moquegua;;;Programas presupuestales;;3000785 PROGRAMAS CURRICULARES ADECUADOS;5005860;Actividad;GESTION CURRICULAR;180838;Localizada en Moquegua;Sí;;Sí;0
5;ANEXO-5-2;52;259;Gobierno nacional;545;U.N. DE MOQUEGUA;Moquegua;;;Programas presupuestales;;3000785 PROGRAMAS CURRICULARES ADECUADOS;5005861;Actividad;FOMENTO DE LA INVESTIGACION FORMATIVA;189999;Localizada en Moquegua;Sí;;Sí;0
5;ANEXO-5-2;52;259;Gobierno nacional;545;U.N. DE MOQUEGUA;Moquegua;;;Programas presupuestales;;3000786 SERVICIOS ADECUADOS DE APOYO AL ESTUDIANTE;5005862;Actividad;APOYO ACADEMICO;643601;Localizada en Moquegua;Sí;;Sí;0
5;ANEXO-5-2;52;259;Gobierno nacional;545;U.N. DE MOQUEGUA;Moquegua;;;Programas presupuestales;;3000786 SERVICIOS ADECUADOS DE APOYO AL ESTUDIANTE;5005863;Actividad;BIENESTAR Y ASISTENCIA SOCIAL;955670;Localizada en Moquegua;Sí;;Sí;0
5;ANEXO-5-2;52;259;Gobierno nacional;545;U.N. DE MOQUEGUA;Moquegua;;;Programas presupuestales;;3000786 SERVICIOS ADECUADOS DE APOYO AL ESTUDIANTE;5005864;Actividad;SERVICIOS EDUCACIONALES COMPLEMENTARIOS;326521;Localizada en Moquegua;Sí;;Sí;0
5;ANEXO-5-2;52;259;Gobierno nacional;545;U.N. DE MOQUEGUA;Moquegua;;;Programas presupuestales;;;2300391;Proyecto de inversión;MEJORAMIENTO DE LOS SERVICIOS ACADEMICOS Y ADMINISTRATIVOS DE LA ESCUELA PROFESIONAL DE INGENIERIA AGROINDUSTRIAL, SEDE MOQUEGUA, UNIVERSIDAD;1703065;Localizada en Moquegua;Sí;;Sí;0
5;ANEXO-5-2;52;259;Gobierno nacional;545;U.N. DE MOQUEGUA;Moquegua;;;Programas presupuestales;;;2336294;Proyecto de inversión;MEJORAMIENTO DE LOS SERVICIOS DE CONSULTA Y LECTURA DE LA BIBLIOTECA CENTRAL DE LA UNIVERSIDAD NACIONAL DE MOQUEGUA - SEDE MARISCAL NIETO. DISTRITO DE;184385;Localizada en Moquegua;Sí;;Sí;0
5;ANEXO-5-2;52;259;Gobierno nacional;545;U.N. DE MOQUEGUA;Moquegua;;;Programas presupuestales;;;2499502;Proyecto de inversión;MEJORAMIENTO DEL SERVICIO DE FORMACION DE LA ESCUELA PROFESIONAL DE INGENIERIA CIVIL DE LA UNIVERSIDAD NACIONAL DE MOQUEGUA-SEDE MOQUEGUA, DISTRITO DE;2357405;Localizada en Moquegua;Sí;;Sí;0
5;ANEXO-5-2;52;259;Gobierno nacional;545;U.N. DE MOQUEGUA;Moquegua;;;Programas presupuestales;;;2521143;Proyecto de inversión;MEJORAMIENTO DEL SERVICIO DE INVESTIGACION E INNOVACION EN CIENCIAS, ENERGIA, MEDIO AMBIENTE Y BIOCIENCIAS APLICADAS EN LA FILIAL 110 DE LA UNIVERSIDAD;3752441;Localizada en Moquegua;Sí;;Sí;0
5;ANEXO-5-2;52;259;Gobierno nacional;545;U.N. DE MOQUEGUA;Moquegua;;;Programas presupuestales;;;2554645;Proyecto de inversión;"ADQUISICION DE EQUIPAMIENTO DE LABORATORIO Y MOBILIARIO DE LABORATORIO, REMODELACION DE LABORATORIO ESPECIFICO Y/0 ESPECIALIDAD; EN EL(LA) BIOLOGIA,";270568;Localizada en Moquegua;Sí;;Sí;0
5;ANEXO-5-2;52;259;Gobierno nacional;545;U.N. DE MOQUEGUA;Moquegua;;;Programas presupuestales;;;2561042;Proyecto de inversión;MEJORAMIENTO DEL SERVICIO DE FORMACION DE PREGRADO EN EDUCACION SUPERIOR UNIVERSITARIA EN ESCUELA PROFESIONAL DE ADMINISTRACION DISTRITO DE PACOCHA;2750000;Localizada en Moquegua;Sí;;Sí;0
5;ANEXO-5-2;52;259;Gobierno nacional;545;U.N. DE MOQUEGUA;Moquegua;;;Programas presupuestales;;;2569441;Proyecto de inversión;ADQUISICION DE EQUIPO DE LABORATORIO Y EQUIPO DE LABORATORIO Y/0 TALLER, CONSTRUCCION DE AULA MAGNA Y LABORATORIO GENERAL, ADEMAS DE OTROS ACTIVOS;500000;Localizada en Moquegua;Sí;;Sí;0
5;ANEXO-5-2;52;259;Gobierno nacional;545;U.N. DE MOQUEGUA;Moquegua;;;Programas presupuestales;;;2687543;Proyecto de inversión;MEJORAMIENTO Y AMPLIACION DEL SERVICIO DE GESTION INSTITUCIONAL EN EDUCACION SUPERIOR UNIVERSITARIA EN EL SISTEMA DE TRANSPORTE UNIVERSITARIO DE LA;800000;Localizada en Moquegua;Sí;;Sí;0
5;ANEXO-5-2;52;259;Gobierno nacional;545;U.N. DE MOQUEGUA;Moquegua;;;Programas presupuestales;;;2707473;Proyecto de inversión;MEJORAMIENTO DEL SERVICIO DE FORMACION DE PREGRADO EN EDUCACION SUPERIOR UNIVERSITARIA EN ESCUELA PROFESIONAL DE CONTABILIDAD SEDE MOQUEGUA DE LA;5339450;Localizada en Moquegua;Sí;;Sí;0
5;ANEXO-5-2;52;259;Gobierno nacional;545;U.N. DE MOQUEGUA;Moquegua;;;Acciones centrales;;;5000002;Actividad;CONDUCCION Y ORIENTACION SUPERIOR;1299220;Localizada en Moquegua;Sí;;Sí;0
5;ANEXO-5-2;53;260;Gobierno nacional;545;U.N. DE MOQUEGUA;Moquegua;;;Acciones centrales;;;5000003;Actividad;GESTION ADMINISTRATIVA;15651706;Localizada en Moquegua;Sí;;Sí;0
5;ANEXO-5-2;53;260;Gobierno nacional;545;U.N. DE MOQUEGUA;Moquegua;;;Acciones centrales;;;5000004;Actividad;ASESORAMIENTO TECNICO Y JURIDICO;70000;Localizada en Moquegua;Sí;;Sí;0
5;ANEXO-5-2;53;260;Gobierno nacional;545;U.N. DE MOQUEGUA;Moquegua;;;Acciones centrales;;;5000005;Actividad;GESTION DE RECURSOS HUMANOS;26565;Localizada en Moquegua;Sí;;Sí;0
5;ANEXO-5-2;53;260;Gobierno nacional;545;U.N. DE MOQUEGUA;Moquegua;;;Acciones centrales;;;5000006;Actividad;ACCIONES DE CONTROL Y AUDITORIA;1500;Localizada en Moquegua;Sí;;Sí;0
5;ANEXO-5-2;53;260;Gobierno nacional;545;U.N. DE MOQUEGUA;Moquegua;;;APNOP;;;5000705;Actividad;DESARROLLO Y EVALUACION DE PROGRAMAS DE POST GRADO;363532;Localizada en Moquegua;Sí;;Sí;0
5;ANEXO-5-2;53;260;Gobierno nacional;545;U.N. DE MOQUEGUA;Moquegua;;;APNOP;;;5000722;Actividad;DIRECCION Y GESTION;243030;Localizada en Moquegua;Sí;;Sí;0
5;ANEXO-5-2;53;260;Gobierno nacional;545;U.N. DE MOQUEGUA;Moquegua;;;APNOP;;;5000775;Actividad;FORMACION PROFESIONAL Y PERFECCIONAMIENTO;103969;Localizada en Moquegua;Sí;;Sí;0
5;ANEXO-5-2;53;260;Gobierno nacional;545;U.N. DE MOQUEGUA;Moquegua;;;APNOP;;;5000894;Actividad;INVESTIGACION CIENTIFICA Y DESARROLLO TECNOLOGICO;10042025;Localizada en Moquegua;Sí;;Sí;0
5;ANEXO-5-2;53;260;Gobierno nacional;545;U.N. DE MOQUEGUA;Moquegua;;;APNOP;;;5000936;Actividad;MANTENIMIENTO DE INFRAESTRUCTURA PUBLICA;2551344;Localizada en Moquegua;Sí;;Sí;0
5;ANEXO-5-2;53;260;Gobierno nacional;545;U.N. DE MOQUEGUA;Moquegua;;;APNOP;;;5001881;Actividad;CENTRO DE IDIOMAS;317000;Localizada en Moquegua;Sí;;Sí;0
5;ANEXO-5-2;53;260;Gobierno nacional;545;U.N. DE MOQUEGUA;Moquegua;;;APNOP;;;5001888;Actividad;CENTRO PRE UNIVERSITARIO;594671;Localizada en Moquegua;Sí;;Sí;0
5;ANEXO-5-2;53;260;Gobierno nacional;545;U.N. DE MOQUEGUA;Moquegua;;;APNOP;;;5003195;Actividad;INCORPORACION DE NUEVOS ESTUDIANTES DE ACUERDO AL PERFIL DEL INGRESANTE;530581;Localizada en Moquegua;Sí;;Sí;0
5;ANEXO-5-2;53;260;Gobierno nacional;545;U.N. DE MOQUEGUA;Moquegua;;;APNOP;;;5003615;Actividad;CENTRO DE COMPUTO;121200;Localizada en Moquegua;Sí;;Sí;0
5;ANEXO-5-3;6;354;Gobierno nacional;13;MINISTERIO DE DESARROLLO AGRARIO Y RIEGO;;;;Programas presupuestales;;;2312329;Proyecto de inversión;IRRIGACION SAN ANTONIO DE HUARANGO;102247;Localizada en Moquegua;Sí;;No aplica;
5;ANEXO-5-3;7;355;Gobierno nacional;13;MINISTERIO DE DESARROLLO AGRARIO Y RIEGO;;;;Programas presupuestales;;;2385032;Proyecto de inversión;INSTALACION DEL SERVICIO DE AGUA PARA EL SISTEMA DE RIEGO DEL ANEXO PIÑOTEA, COMUNIDAD CAMPESINA DE TOPALACA, DISTRITO DE ICHUÑA, PROVINCIA GENERAL;140551;Localizada en Moquegua;Sí;;No aplica;
5;ANEXO-5-3;9;357;Gobierno nacional;13;MINISTERIO DE DESARROLLO AGRARIO Y RIEGO;;;;Programas presupuestales;;;2478228;Proyecto de inversión;MEJORAMIENTO DEL SERVICIO DE PROVISION DE AGUA PARA RIEGO EN SISTEMA DE RIEGO PARCELARIO DEL GRUPO DE GESTION EMPRESARIAL LOS INNOVADORES DE TORATA;788140;Localizada en Moquegua;Sí;;No aplica;
5;ANEXO-5-3;11;359;Gobierno nacional;13;MINISTERIO DE DESARROLLO AGRARIO Y RIEGO;;;;Programas presupuestales;;;2513674;Proyecto de inversión;MEJORAMIENTO DEL SERVICIO DE PROVISION DE AGUA PARA RIEGO DEL SISTEMA DE RIEGO PARCELARIO DEL GRUPO DE GESTION EMPRESARIAL ALTO MOQUEGUA I, DISTRITO;361543;Localizada en Moquegua;Sí;;No aplica;
5;ANEXO-5-3;11;359;Gobierno nacional;13;MINISTERIO DE DESARROLLO AGRARIO Y RIEGO;;;;Programas presupuestales;;;2513880;Proyecto de inversión;MEJORAMIENTO DEL SERVICIO DE PROVISION DE AGUA PARA RIEGO DEL SISTEMA DE RIEGO PARCELARIO DEL GRUPO DE GESTION EMPRESARIAL ALTO MOQUEGUA II, EN LA;1067594;Localizada en Moquegua;Sí;;No aplica;
5;ANEXO-5-3;13;361;Gobierno nacional;13;MINISTERIO DE DESARROLLO AGRARIO Y RIEGO;;;;Programas presupuestales;;;2628205;Proyecto de inversión;MEJORAMIENTO Y AMPLIACION DEL SERVICIO DE PROVISION DE AGUA PARA RIEGO EN SISTEMA DE RIEGO DEL SECTOR DE SAN ISIDRO DISTRITO DE QUINISTAQUILLAS DE LA;3245419;Localizada en Moquegua;Sí;;No aplica;
5;ANEXO-5-3;16;364;Gobierno nacional;13;MINISTERIO DE DESARROLLO AGRARIO Y RIEGO;;;;Programas presupuestales;;;2671655;Proyecto de inversión;"CONSTRUCCION DE CAPTACION DE AGUA; EN EL(LA) RECARGA HIDRICA PARA LA UNIDAD PRODUCTORA CANAL DE RIEGO DEL PARAJE CARHUAMARAN SAN ANTONIO LEGUA,";35929;Localizada en Moquegua;Sí;;No aplica;
5;ANEXO-5-3;31;379;Gobierno nacional;16;M. DE ENERGIA Y MINAS;;;;Programas presupuestales;;;2277347;Proyecto de inversión;MEJORAMIENTO, AMPLIACION DE LA REDES PRIMARIAS Y SECUNDARIAS DE LAS LOCALIDADES DEL, DISTRITO DE SINA - SAN ANTONIO DE PUTINA - PUNO;1180000;Localizada en Moquegua;Sí;;No aplica;
5;ANEXO-5-3;54;402;Gobierno nacional;26;M. DE DEFENSA;;;;Programas presupuestales;;;2360260;Proyecto de inversión;CREACION DEL SERVICIO DE INFORMACION DE OBSERVACION ESPACIAL A NIVEL PROFESIONAL CAMBRUNE DEL DISTRITO DE CARUMAS - PROVINCIA DE MARISCAL NIETO -;2203718;Localizada en Moquegua;Sí;;No aplica;
5;ANEXO-5-3;68;416;Gobierno nacional;35;MINISTERIO DE COMERCIO EXTERIOR Y TURISMO;;;;Programas presupuestales;;;2572343;Proyecto de inversión;MEJORAMIENTO DE LOS SERVICIOS TURISTICOS PUBLICOS EN RECURSOS TURISTICOS EN LA RESERVA NACIONAL PUNTA DE COLES Y SU AMBITO DISTRITO DE ILO DE LA;655365;Localizada en Moquegua;Sí;;No aplica;
5;ANEXO-5-3;74;422;Gobierno nacional;36;MINISTERIO DE TRANSPORTES Y COMUNICACIONES;;;;Programas presupuestales;;;2046177;Proyecto de inversión;"MEJORAMIENTO DE LA RED VIAL DEPARTAMENTAL MOQUEGUA-AREQUIPA; TRAMO MO-108: CRUZ DE FLORES, DISTRITOS TORATA, OMATE, COALAQUE, PUQUINA, L.D. PAMPA";1650567;Localizada en Moquegua;Sí;;No aplica;
5;ANEXO-5-3;74;422;Gobierno nacional;36;MINISTERIO DE TRANSPORTES Y COMUNICACIONES;;;;Programas presupuestales;;;2058733;Proyecto de inversión;CONSTRUCCION Y MEJORAMIENTO CARRETERA CAMANA - DV.QUILCA - MATARANI - ILO - TACNA;500000;Localizada en Moquegua;Sí;;No aplica;
5;ANEXO-5-3;74;422;Gobierno nacional;36;MINISTERIO DE TRANSPORTES Y COMUNICACIONES;;;;Programas presupuestales;;;2078367;Proyecto de inversión;MEJORAMIENTO DE LA CARRETERA MALA - CALANGO - LA CAPILLA;434518;Localizada en Moquegua;Sí;;No aplica;
5;ANEXO-5-3;75;423;Gobierno nacional;36;MINISTERIO DE TRANSPORTES Y COMUNICACIONES;;;;Programas presupuestales;;;2173121;Proyecto de inversión;REHABILITACION Y MEJORAMIENTO DE LA CARRETERA PE-3N LONGITUDINAL DE LA SIERRA NORTE, TRAMO COCHABAMBA-CUTERVO-SANTO DOMINGO DE LA CAPILLA-CHIPLE;42938316;Localizada en Moquegua;Sí;;No aplica;
5;ANEXO-5-3;76;424;Gobierno nacional;36;MINISTERIO DE TRANSPORTES Y COMUNICACIONES;;;;Programas presupuestales;;;2274206;Proyecto de inversión;INSTALACION DE BANDA ANCHA PARA LA CONECTIVIDAD INTEGRAL Y DESARROLLO SOCIAL DE LA REGION MOQUEGUA;177000;Localizada en Moquegua;Sí;;No aplica;
5;ANEXO-5-3;78;426;Gobierno nacional;36;MINISTERIO DE TRANSPORTES Y COMUNICACIONES;;;;Programas presupuestales;;;2389093;Proyecto de inversión;"RENOVACION DE PUENTE DE CARRETERA; EN EL(LA) TRAMO 5: MATARANI-AREQUIPA-JULIACA-AZANGAROILO-MOQUEGUA-PUNO-JULIACA DEL PROYECTO CORREDOR VIAL";16715846;Multidepartamental, incluye Moquegua;Sí;;No aplica;
5;ANEXO-5-3;80;428;Gobierno nacional;36;MINISTERIO DE TRANSPORTES Y COMUNICACIONES;;;;Programas presupuestales;;;2465317;Proyecto de inversión;MEJORAMIENTO Y RECUPERACION DEL CAMINO VECINAL MO-590: EMP. PE-36-A. (SAMEGUA) - EMP-MO-602, DISTRITO DE SAMEGUA - PROVINCIA DE MARISCAL NIETO -;9200000;Localizada en Moquegua;Sí;;No aplica;
5;ANEXO-5-3;81;429;Gobierno nacional;36;MINISTERIO DE TRANSPORTES Y COMUNICACIONES;;;;Programas presupuestales;;;2505082;Proyecto de inversión;"MEJORAMIENTO DE LA CARRETERA EMP. PE-36 B (DV.CHOJATA) - DV. CALACOA-PALLATEA-CHOJATA-LLOQUE-LUCCO-ICHUÑA-TOLAPALCA - EMP. PE-34 C; EMP. MO-556(DV.";49870387;Localizada en Moquegua;Sí;;No aplica;
5;ANEXO-5-3;103;451;Gobierno nacional;37;MINISTERIO DE VIVIENDA, CONSTRUCCION Y SANEAMIENTO;;;;Programas presupuestales;;;2260573;Proyecto de inversión;AMPLIACION Y MEJORAMIENTO DEL SERVICIO DE AGUA POTABLE Y DISPOSICION SANITARIA DE EXCRETAS DEL CENTRO POBLADO DE SAN CRISTOBAL DE ALTO CHENI, DISTRITO;9367;Localizada en Moquegua;Sí;;No aplica;
5;ANEXO-5-3;105;453;Gobierno nacional;37;MINISTERIO DE VIVIENDA, CONSTRUCCION Y SANEAMIENTO;;;;Programas presupuestales;;;2279630;Proyecto de inversión;AMPLIACION Y MEJORAMIENTO DEL SERVICIO DE AGUA POTABLE E INSTALACION DEL SISTEMA DE SANEAMIENTO BASICO DE LA LOCALIDAD DE MONTE GRANDE DE LA CAPILLA,;167940;Localizada en Moquegua;Sí;;No aplica;
5;ANEXO-5-3;107;455;Gobierno nacional;37;MINISTERIO DE VIVIENDA, CONSTRUCCION Y SANEAMIENTO;;;;Programas presupuestales;;;2293764;Proyecto de inversión;AMPLIACION Y MEJORAMIENTO DEL SERVICIO DE AGUA POTABLE E INSTALACION DEL SANEAMIENTO BASICO EN LA LOCALIDAD DE SAN ANTONIO, DISTRITO DE CORTEGANA -;242699;Localizada en Moquegua;Sí;;No aplica;
5;ANEXO-5-3;130;478;Gobierno nacional;241;INSTITUTO TECNOLOGICO DE LA PRODUCCION - ITP;;;;Programas presupuestales;;;2261544;Proyecto de inversión;INSTALACION DE SERVICIOS TECNOLOGICQS EN LA CADENA PRODUCTIVA DE UVA, PALTA Y OREGANO DEL SECTOR AGROINDUSTRIAL, EN EL DISTRITO DE ILO, PROVINCIA DE ILO,;570147;Localizada en Moquegua;Sí;;No aplica;
5;ANEXO-5-3;130;478;Gobierno nacional;241;INSTITUTO TECNOLOGICO DE LA PRODUCCION - ITP;;;;Programas presupuestales;;;2273802;Proyecto de inversión;CREACION DE LOS SERVICIOS DE INNOVACION TECNOLOGICA DE LA CADENA PRODUCTIVA DE LOS PRODUCTOS HIDROBIOLOGICOS EN LA REGION MOQUEGUA;228900;Localizada en Moquegua;Sí;;No aplica;
7;ANEXO-7-2-2;166;1398;Gobierno local;180101;MUNICIPALIDAD PROVINCIAL DE MARISCAL NIETO -MOQUEGUA;Moquegua;Mariscal Nieto;Mariscal Nieto;;;;2.1;Genérica del gasto;Personal y obligaciones sociales;4735185;Localizada en Moquegua;Sí;;Sí;0
7;ANEXO-7-2-2;166;1398;Gobierno local;180101;MUNICIPALIDAD PROVINCIAL DE MARISCAL NIETO -MOQUEGUA;Moquegua;Mariscal Nieto;Mariscal Nieto;;;;2.1;Genérica del gasto;Personal y obligaciones sociales;15043719;Localizada en Moquegua;Sí;;Sí;0
7;ANEXO-7-2-2;166;1398;Gobierno local;180101;MUNICIPALIDAD PROVINCIAL DE MARISCAL NIETO -MOQUEGUA;Moquegua;Mariscal Nieto;Mariscal Nieto;;;;2.2;Genérica del gasto;Pensiones y otras prestaciones sociales;1370513;Localizada en Moquegua;Sí;;Sí;0
7;ANEXO-7-2-2;166;1398;Gobierno local;180101;MUNICIPALIDAD PROVINCIAL DE MARISCAL NIETO -MOQUEGUA;Moquegua;Mariscal Nieto;Mariscal Nieto;;;;2.2;Genérica del gasto;Pensiones y otras prestaciones sociales;111788;Localizada en Moquegua;Sí;;Sí;0
7;ANEXO-7-2-2;166;1398;Gobierno local;180101;MUNICIPALIDAD PROVINCIAL DE MARISCAL NIETO -MOQUEGUA;Moquegua;Mariscal Nieto;Mariscal Nieto;;;;2.2;Genérica del gasto;Pensiones y otras prestaciones sociales;499109;Localizada en Moquegua;Sí;;Sí;0
7;ANEXO-7-2-2;166;1398;Gobierno local;180101;MUNICIPALIDAD PROVINCIAL DE MARISCAL NIETO -MOQUEGUA;Moquegua;Mariscal Nieto;Mariscal Nieto;;;;2.3;Genérica del gasto;Bienes y servicios;1454194;Localizada en Moquegua;Sí;;Sí;0
7;ANEXO-7-2-2;166;1398;Gobierno local;180101;MUNICIPALIDAD PROVINCIAL DE MARISCAL NIETO -MOQUEGUA;Moquegua;Mariscal Nieto;Mariscal Nieto;;;;2.3;Genérica del gasto;Bienes y servicios;7793242;Localizada en Moquegua;Sí;;Sí;0
7;ANEXO-7-2-2;166;1398;Gobierno local;180101;MUNICIPALIDAD PROVINCIAL DE MARISCAL NIETO -MOQUEGUA;Moquegua;Mariscal Nieto;Mariscal Nieto;;;;2.3;Genérica del gasto;Bienes y servicios;35814138;Localizada en Moquegua;Sí;;Sí;0
7;ANEXO-7-2-2;166;1398;Gobierno local;180101;MUNICIPALIDAD PROVINCIAL DE MARISCAL NIETO -MOQUEGUA;Moquegua;Mariscal Nieto;Mariscal Nieto;;;;2.4;Genérica del gasto;Donaciones y transferencias;138601;Localizada en Moquegua;Sí;;Sí;0
7;ANEXO-7-2-2;166;1398;Gobierno local;180101;MUNICIPALIDAD PROVINCIAL DE MARISCAL NIETO -MOQUEGUA;Moquegua;Mariscal Nieto;Mariscal Nieto;;;;2.4;Genérica del gasto;Donaciones y transferencias;200000;Localizada en Moquegua;Sí;;Sí;0
7;ANEXO-7-2-2;166;1398;Gobierno local;180101;MUNICIPALIDAD PROVINCIAL DE MARISCAL NIETO -MOQUEGUA;Moquegua;Mariscal Nieto;Mariscal Nieto;;;;2.4;Genérica del gasto;Donaciones y transferencias;682328;Localizada en Moquegua;Sí;;Sí;0
7;ANEXO-7-2-2;166;1398;Gobierno local;180101;MUNICIPALIDAD PROVINCIAL DE MARISCAL NIETO -MOQUEGUA;Moquegua;Mariscal Nieto;Mariscal Nieto;;;;2.5;Genérica del gasto;Otros gastos;72911;Localizada en Moquegua;Sí;;Sí;0
7;ANEXO-7-2-2;166;1398;Gobierno local;180101;MUNICIPALIDAD PROVINCIAL DE MARISCAL NIETO -MOQUEGUA;Moquegua;Mariscal Nieto;Mariscal Nieto;;;;2.5;Genérica del gasto;Otros gastos;51000;Localizada en Moquegua;Sí;;Sí;0
7;ANEXO-7-2-2;166;1398;Gobierno local;180101;MUNICIPALIDAD PROVINCIAL DE MARISCAL NIETO -MOQUEGUA;Moquegua;Mariscal Nieto;Mariscal Nieto;;;;2.5;Genérica del gasto;Otros gastos;231756;Localizada en Moquegua;Sí;;Sí;0
7;ANEXO-7-2-2;166;1398;Gobierno local;180101;MUNICIPALIDAD PROVINCIAL DE MARISCAL NIETO -MOQUEGUA;Moquegua;Mariscal Nieto;Mariscal Nieto;;;;2.6;Genérica del gasto;Adquisición de activos no financieros;157762665;Localizada en Moquegua;Sí;;Sí;0
7;ANEXO-7-2-2;166;1398;Gobierno local;180102;MUNICIPALIDAD DISTRITAL DE CARUMAS;Moquegua;Mariscal Nieto;Carumas;;;;2.1;Genérica del gasto;Personal y obligaciones sociales;312500;Localizada en Moquegua;Sí;;Sí;0
7;ANEXO-7-2-2;166;1398;Gobierno local;180102;MUNICIPALIDAD DISTRITAL DE CARUMAS;Moquegua;Mariscal Nieto;Carumas;;;;2.1;Genérica del gasto;Personal y obligaciones sociales;812031;Localizada en Moquegua;Sí;;Sí;0
7;ANEXO-7-2-2;166;1398;Gobierno local;180102;MUNICIPALIDAD DISTRITAL DE CARUMAS;Moquegua;Mariscal Nieto;Carumas;;;;2.2;Genérica del gasto;Pensiones y otras prestaciones sociales;55110;Localizada en Moquegua;Sí;;Sí;0
7;ANEXO-7-2-2;166;1398;Gobierno local;180102;MUNICIPALIDAD DISTRITAL DE CARUMAS;Moquegua;Mariscal Nieto;Carumas;;;;2.3;Genérica del gasto;Bienes y servicios;129500;Localizada en Moquegua;Sí;;Sí;0
7;ANEXO-7-2-2;166;1398;Gobierno local;180102;MUNICIPALIDAD DISTRITAL DE CARUMAS;Moquegua;Mariscal Nieto;Carumas;;;;2.3;Genérica del gasto;Bienes y servicios;2518355;Localizada en Moquegua;Sí;;Sí;0
7;ANEXO-7-2-2;166;1398;Gobierno local;180102;MUNICIPALIDAD DISTRITAL DE CARUMAS;Moquegua;Mariscal Nieto;Carumas;;;;2.4;Genérica del gasto;Donaciones y transferencias;48958;Localizada en Moquegua;Sí;;Sí;0
7;ANEXO-7-2-2;166;1398;Gobierno local;180102;MUNICIPALIDAD DISTRITAL DE CARUMAS;Moquegua;Mariscal Nieto;Carumas;;;;2.5;Genérica del gasto;Otros gastos;50000;Localizada en Moquegua;Sí;;Sí;0
7;ANEXO-7-2-2;166;1398;Gobierno local;180102;MUNICIPALIDAD DISTRITAL DE CARUMAS;Moquegua;Mariscal Nieto;Carumas;;;;2.6;Genérica del gasto;Adquisición de activos no financieros;15646110;Localizada en Moquegua;Sí;;Sí;0
7;ANEXO-7-2-2;167;1399;Gobierno local;180102;MUNICIPALIDAD DISTRITAL DE CARUMAS;Moquegua;Mariscal Nieto;Carumas;;;;2.8;Genérica del gasto;Servicio de la deuda pública;217778;Localizada en Moquegua;Sí;;Sí;0
7;ANEXO-7-2-2;167;1399;Gobierno local;180103;MUNICIPALIDAD DISTRITAL DE CUCHUMBAYA;Moquegua;Mariscal Nieto;Cuchumbaya;;;;2.1;Genérica del gasto;Personal y obligaciones sociales;662670;Localizada en Moquegua;Sí;;Sí;0
7;ANEXO-7-2-2;167;1399;Gobierno local;180103;MUNICIPALIDAD DISTRITAL DE CUCHUMBAYA;Moquegua;Mariscal Nieto;Cuchumbaya;;;;2.2;Genérica del gasto;Pensiones y otras prestaciones sociales;31053;Localizada en Moquegua;Sí;;Sí;0
7;ANEXO-7-2-2;167;1399;Gobierno local;180103;MUNICIPALIDAD DISTRITAL DE CUCHUMBAYA;Moquegua;Mariscal Nieto;Cuchumbaya;;;;2.3;Genérica del gasto;Bienes y servicios;27635;Localizada en Moquegua;Sí;;Sí;0
7;ANEXO-7-2-2;167;1399;Gobierno local;180103;MUNICIPALIDAD DISTRITAL DE CUCHUMBAYA;Moquegua;Mariscal Nieto;Cuchumbaya;;;;2.3;Genérica del gasto;Bienes y servicios;1188576;Localizada en Moquegua;Sí;;Sí;0
7;ANEXO-7-2-2;167;1399;Gobierno local;180103;MUNICIPALIDAD DISTRITAL DE CUCHUMBAYA;Moquegua;Mariscal Nieto;Cuchumbaya;;;;2.4;Genérica del gasto;Donaciones y transferencias;7488;Localizada en Moquegua;Sí;;Sí;0
7;ANEXO-7-2-2;167;1399;Gobierno local;180103;MUNICIPALIDAD DISTRITAL DE CUCHUMBAYA;Moquegua;Mariscal Nieto;Cuchumbaya;;;;2.6;Genérica del gasto;Adquisición de activos no financieros;4160398;Localizada en Moquegua;Sí;;Sí;0
7;ANEXO-7-2-2;167;1399;Gobierno local;180104;MUNICIPALIDAD DISTRITAL DE SAMEGUA;Moquegua;Mariscal Nieto;Samegua;;;;2.1;Genérica del gasto;Personal y obligaciones sociales;645141;Localizada en Moquegua;Sí;;Sí;0
7;ANEXO-7-2-2;167;1399;Gobierno local;180104;MUNICIPALIDAD DISTRITAL DE SAMEGUA;Moquegua;Mariscal Nieto;Samegua;;;;2.1;Genérica del gasto;Personal y obligaciones sociales;2219907;Localizada en Moquegua;Sí;;Sí;0
7;ANEXO-7-2-2;167;1399;Gobierno local;180104;MUNICIPALIDAD DISTRITAL DE SAMEGUA;Moquegua;Mariscal Nieto;Samegua;;;;2.2;Genérica del gasto;Pensiones y otras prestaciones sociales;77946;Localizada en Moquegua;Sí;;Sí;0
7;ANEXO-7-2-2;167;1399;Gobierno local;180104;MUNICIPALIDAD DISTRITAL DE SAMEGUA;Moquegua;Mariscal Nieto;Samegua;;;;2.3;Genérica del gasto;Bienes y servicios;50000;Localizada en Moquegua;Sí;;Sí;0
7;ANEXO-7-2-2;167;1399;Gobierno local;180104;MUNICIPALIDAD DISTRITAL DE SAMEGUA;Moquegua;Mariscal Nieto;Samegua;;;;2.3;Genérica del gasto;Bienes y servicios;6772238;Localizada en Moquegua;Sí;;Sí;0
7;ANEXO-7-2-2;167;1399;Gobierno local;180104;MUNICIPALIDAD DISTRITAL DE SAMEGUA;Moquegua;Mariscal Nieto;Samegua;;;;2.6;Genérica del gasto;Adquisición de activos no financieros;30879563;Localizada en Moquegua;Sí;;Sí;0
7;ANEXO-7-2-2;167;1399;Gobierno local;180105;MUNICIPALIDAD DISTRITAL DE SAN CRISTOBAL;Moquegua;Mariscal Nieto;San Cristobal;;;;2.1;Genérica del gasto;Personal y obligaciones sociales;702294;Localizada en Moquegua;Sí;Componente ajustado por cierre del pliego;Sí;0
7;ANEXO-7-2-2;167;1399;Gobierno local;180105;MUNICIPALIDAD DISTRITAL DE SAN CRISTOBAL;Moquegua;Mariscal Nieto;San Cristobal;;;;2.2;Genérica del gasto;Pensiones y otras prestaciones sociales;51851;Localizada en Moquegua;Sí;;Sí;0
7;ANEXO-7-2-2;167;1399;Gobierno local;180105;MUNICIPALIDAD DISTRITAL DE SAN CRISTOBAL;Moquegua;Mariscal Nieto;San Cristobal;;;;2.3;Genérica del gasto;Bienes y servicios;137575;Localizada en Moquegua;Sí;;Sí;0
7;ANEXO-7-2-2;167;1399;Gobierno local;180105;MUNICIPALIDAD DISTRITAL DE SAN CRISTOBAL;Moquegua;Mariscal Nieto;San Cristobal;;;;2.3;Genérica del gasto;Bienes y servicios;1710494;Localizada en Moquegua;Sí;;Sí;0
7;ANEXO-7-2-2;167;1399;Gobierno local;180105;MUNICIPALIDAD DISTRITAL DE SAN CRISTOBAL;Moquegua;Mariscal Nieto;San Cristobal;;;;2.6;Genérica del gasto;Adquisición de activos no financieros;2880;Localizada en Moquegua;Sí;;Sí;0
7;ANEXO-7-2-2;167;1399;Gobierno local;180105;MUNICIPALIDAD DISTRITAL DE SAN CRISTOBAL;Moquegua;Mariscal Nieto;San Cristobal;;;;2.6;Genérica del gasto;Adquisición de activos no financieros;6759444;Localizada en Moquegua;Sí;;Sí;0
7;ANEXO-7-2-2;167;1399;Gobierno local;180106;MUNICIPALIDAD DISTRITAL DE TORATA;Moquegua;Mariscal Nieto;Torata;;;;2.1;Genérica del gasto;Personal y obligaciones sociales;4412717;Localizada en Moquegua;Sí;;Sí;0
7;ANEXO-7-2-2;167;1399;Gobierno local;180106;MUNICIPALIDAD DISTRITAL DE TORATA;Moquegua;Mariscal Nieto;Torata;;;;2.1;Genérica del gasto;Personal y obligaciones sociales;1708640;Localizada en Moquegua;Sí;;Sí;0
7;ANEXO-7-2-2;167;1399;Gobierno local;180106;MUNICIPALIDAD DISTRITAL DE TORATA;Moquegua;Mariscal Nieto;Torata;;;;2.2;Genérica del gasto;Pensiones y otras prestaciones sociales;91995;Localizada en Moquegua;Sí;;Sí;0
7;ANEXO-7-2-2;167;1399;Gobierno local;180106;MUNICIPALIDAD DISTRITAL DE TORATA;Moquegua;Mariscal Nieto;Torata;;;;2.2;Genérica del gasto;Pensiones y otras prestaciones sociales;30703;Localizada en Moquegua;Sí;;Sí;0
7;ANEXO-7-2-2;167;1399;Gobierno local;180106;MUNICIPALIDAD DISTRITAL DE TORATA;Moquegua;Mariscal Nieto;Torata;;;;2.2;Genérica del gasto;Pensiones y otras prestaciones sociales;69590;Localizada en Moquegua;Sí;;Sí;0
7;ANEXO-7-2-2;167;1399;Gobierno local;180106;MUNICIPALIDAD DISTRITAL DE TORATA;Moquegua;Mariscal Nieto;Torata;;;;2.3;Genérica del gasto;Bienes y servicios;6020397;Localizada en Moquegua;Sí;;Sí;0
7;ANEXO-7-2-2;167;1399;Gobierno local;180106;MUNICIPALIDAD DISTRITAL DE TORATA;Moquegua;Mariscal Nieto;Torata;;;;2.3;Genérica del gasto;Bienes y servicios;20400490;Localizada en Moquegua;Sí;;Sí;0
7;ANEXO-7-2-2;167;1399;Gobierno local;180106;MUNICIPALIDAD DISTRITAL DE TORATA;Moquegua;Mariscal Nieto;Torata;;;;2.4;Genérica del gasto;Donaciones y transferencias;99749;Localizada en Moquegua;Sí;;Sí;0
7;ANEXO-7-2-2;167;1399;Gobierno local;180106;MUNICIPALIDAD DISTRITAL DE TORATA;Moquegua;Mariscal Nieto;Torata;;;;2.4;Genérica del gasto;Donaciones y transferencias;246362;Localizada en Moquegua;Sí;;Sí;0
7;ANEXO-7-2-2;167;1399;Gobierno local;180106;MUNICIPALIDAD DISTRITAL DE TORATA;Moquegua;Mariscal Nieto;Torata;;;;2.5;Genérica del gasto;Otros gastos;80900;Localizada en Moquegua;Sí;;Sí;0
7;ANEXO-7-2-2;167;1399;Gobierno local;180106;MUNICIPALIDAD DISTRITAL DE TORATA;Moquegua;Mariscal Nieto;Torata;;;;2.5;Genérica del gasto;Otros gastos;600058;Localizada en Moquegua;Sí;;Sí;0
7;ANEXO-7-2-2;167;1399;Gobierno local;180106;MUNICIPALIDAD DISTRITAL DE TORATA;Moquegua;Mariscal Nieto;Torata;;;;2.5;Genérica del gasto;Otros gastos;45000;Localizada en Moquegua;Sí;;Sí;0
7;ANEXO-7-2-2;168;1400;Gobierno local;180106;MUNICIPALIDAD DISTRITAL DE TORATA;Moquegua;Mariscal Nieto;Torata;;;;2.6;Genérica del gasto;Adquisición de activos no financieros;63000;Localizada en Moquegua;Sí;;Sí;0
7;ANEXO-7-2-2;168;1400;Gobierno local;180106;MUNICIPALIDAD DISTRITAL DE TORATA;Moquegua;Mariscal Nieto;Torata;;;;2.6;Genérica del gasto;Adquisición de activos no financieros;132028381;Localizada en Moquegua;Sí;;Sí;0
7;ANEXO-7-2-2;168;1400;Gobierno local;180107;MUNICIPALIDAD DISTRITAL DE SAN ANTONIO;Moquegua;Mariscal Nieto;San Antonio;;;;2.1;Genérica del gasto;Personal y obligaciones sociales;2315614;Localizada en Moquegua;Sí;;Sí;0
7;ANEXO-7-2-2;168;1400;Gobierno local;180107;MUNICIPALIDAD DISTRITAL DE SAN ANTONIO;Moquegua;Mariscal Nieto;San Antonio;;;;2.1;Genérica del gasto;Personal y obligaciones sociales;3723114;Localizada en Moquegua;Sí;;Sí;0
7;ANEXO-7-2-2;168;1400;Gobierno local;180107;MUNICIPALIDAD DISTRITAL DE SAN ANTONIO;Moquegua;Mariscal Nieto;San Antonio;;;;2.2;Genérica del gasto;Pensiones y otras prestaciones sociales;188802;Localizada en Moquegua;Sí;;Sí;0
7;ANEXO-7-2-2;168;1400;Gobierno local;180107;MUNICIPALIDAD DISTRITAL DE SAN ANTONIO;Moquegua;Mariscal Nieto;San Antonio;;;;2.3;Genérica del gasto;Bienes y servicios;54942;Localizada en Moquegua;Sí;;Sí;0
7;ANEXO-7-2-2;168;1400;Gobierno local;180107;MUNICIPALIDAD DISTRITAL DE SAN ANTONIO;Moquegua;Mariscal Nieto;San Antonio;;;;2.3;Genérica del gasto;Bienes y servicios;1021763;Localizada en Moquegua;Sí;;Sí;0
7;ANEXO-7-2-2;168;1400;Gobierno local;180107;MUNICIPALIDAD DISTRITAL DE SAN ANTONIO;Moquegua;Mariscal Nieto;San Antonio;;;;2.3;Genérica del gasto;Bienes y servicios;27342871;Localizada en Moquegua;Sí;;Sí;0
7;ANEXO-7-2-2;168;1400;Gobierno local;180107;MUNICIPALIDAD DISTRITAL DE SAN ANTONIO;Moquegua;Mariscal Nieto;San Antonio;;;;2.5;Genérica del gasto;Otros gastos;61051;Localizada en Moquegua;Sí;;Sí;0
7;ANEXO-7-2-2;168;1400;Gobierno local;180107;MUNICIPALIDAD DISTRITAL DE SAN ANTONIO;Moquegua;Mariscal Nieto;San Antonio;;;;2.6;Genérica del gasto;Adquisición de activos no financieros;174229986;Localizada en Moquegua;Sí;;Sí;0
7;ANEXO-7-2-2;168;1400;Gobierno local;180201;MUNICIPALIDAD PROVINCIAL DE GENERAL SANCHEZ CERRO -OMATE;Moquegua;General Sánchez Cerro;General Sanchez Cerro;;;;2.1;Genérica del gasto;Personal y obligaciones sociales;2177639;Localizada en Moquegua;Sí;;Sí;0
7;ANEXO-7-2-2;168;1400;Gobierno local;180201;MUNICIPALIDAD PROVINCIAL DE GENERAL SANCHEZ CERRO -OMATE;Moquegua;General Sánchez Cerro;General Sanchez Cerro;;;;2.2;Genérica del gasto;Pensiones y otras prestaciones sociales;256216;Localizada en Moquegua;Sí;;Sí;0
7;ANEXO-7-2-2;168;1400;Gobierno local;180201;MUNICIPALIDAD PROVINCIAL DE GENERAL SANCHEZ CERRO -OMATE;Moquegua;General Sánchez Cerro;General Sanchez Cerro;;;;2.2;Genérica del gasto;Pensiones y otras prestaciones sociales;21729;Localizada en Moquegua;Sí;;Sí;0
7;ANEXO-7-2-2;168;1400;Gobierno local;180201;MUNICIPALIDAD PROVINCIAL DE GENERAL SANCHEZ CERRO -OMATE;Moquegua;General Sánchez Cerro;General Sanchez Cerro;;;;2.3;Genérica del gasto;Bienes y servicios;590935;Localizada en Moquegua;Sí;;Sí;0
7;ANEXO-7-2-2;168;1400;Gobierno local;180201;MUNICIPALIDAD PROVINCIAL DE GENERAL SANCHEZ CERRO -OMATE;Moquegua;General Sánchez Cerro;General Sanchez Cerro;;;;2.3;Genérica del gasto;Bienes y servicios;245138;Localizada en Moquegua;Sí;;Sí;0
7;ANEXO-7-2-2;168;1400;Gobierno local;180201;MUNICIPALIDAD PROVINCIAL DE GENERAL SANCHEZ CERRO -OMATE;Moquegua;General Sánchez Cerro;General Sanchez Cerro;;;;2.3;Genérica del gasto;Bienes y servicios;1900970;Localizada en Moquegua;Sí;;Sí;0
7;ANEXO-7-2-2;168;1400;Gobierno local;180201;MUNICIPALIDAD PROVINCIAL DE GENERAL SANCHEZ CERRO -OMATE;Moquegua;General Sánchez Cerro;General Sanchez Cerro;;;;2.4;Genérica del gasto;Donaciones y transferencias;23244;Localizada en Moquegua;Sí;;Sí;0
7;ANEXO-7-2-2;168;1400;Gobierno local;180201;MUNICIPALIDAD PROVINCIAL DE GENERAL SANCHEZ CERRO -OMATE;Moquegua;General Sánchez Cerro;General Sanchez Cerro;;;;2.4;Genérica del gasto;Donaciones y transferencias;254836;Localizada en Moquegua;Sí;;Sí;0
7;ANEXO-7-2-2;168;1400;Gobierno local;180201;MUNICIPALIDAD PROVINCIAL DE GENERAL SANCHEZ CERRO -OMATE;Moquegua;General Sánchez Cerro;General Sanchez Cerro;;;;2.5;Genérica del gasto;Otros gastos;30494;Localizada en Moquegua;Sí;;Sí;0
7;ANEXO-7-2-2;168;1400;Gobierno local;180201;MUNICIPALIDAD PROVINCIAL DE GENERAL SANCHEZ CERRO -OMATE;Moquegua;General Sánchez Cerro;General Sanchez Cerro;;;;2.6;Genérica del gasto;Adquisición de activos no financieros;4881640;Localizada en Moquegua;Sí;;Sí;0
7;ANEXO-7-2-2;168;1400;Gobierno local;180202;MUNICIPALIDAD DISTRITAL DE CHOJATA;Moquegua;General Sánchez Cerro;Chojata;;;;2.1;Genérica del gasto;Personal y obligaciones sociales;236619;Localizada en Moquegua;Sí;;Sí;0
7;ANEXO-7-2-2;168;1400;Gobierno local;180202;MUNICIPALIDAD DISTRITAL DE CHOJATA;Moquegua;General Sánchez Cerro;Chojata;;;;2.2;Genérica del gasto;Pensiones y otras prestaciones sociales;27093;Localizada en Moquegua;Sí;;Sí;0
7;ANEXO-7-2-2;168;1400;Gobierno local;180202;MUNICIPALIDAD DISTRITAL DE CHOJATA;Moquegua;General Sánchez Cerro;Chojata;;;;2.3;Genérica del gasto;Bienes y servicios;33100;Localizada en Moquegua;Sí;;Sí;0
7;ANEXO-7-2-2;168;1400;Gobierno local;180202;MUNICIPALIDAD DISTRITAL DE CHOJATA;Moquegua;General Sánchez Cerro;Chojata;;;;2.3;Genérica del gasto;Bienes y servicios;830230;Localizada en Moquegua;Sí;;Sí;0
7;ANEXO-7-2-2;168;1400;Gobierno local;180202;MUNICIPALIDAD DISTRITAL DE CHOJATA;Moquegua;General Sánchez Cerro;Chojata;;;;2.4;Genérica del gasto;Donaciones y transferencias;23760;Localizada en Moquegua;Sí;;Sí;0
7;ANEXO-7-2-2;168;1400;Gobierno local;180202;MUNICIPALIDAD DISTRITAL DE CHOJATA;Moquegua;General Sánchez Cerro;Chojata;;;;2.6;Genérica del gasto;Adquisición de activos no financieros;14288;Localizada en Moquegua;Sí;;Sí;0
7;ANEXO-7-2-2;168;1400;Gobierno local;180202;MUNICIPALIDAD DISTRITAL DE CHOJATA;Moquegua;General Sánchez Cerro;Chojata;;;;2.6;Genérica del gasto;Adquisición de activos no financieros;657109;Localizada en Moquegua;Sí;;Sí;0
7;ANEXO-7-2-2;168;1400;Gobierno local;180203;MUNICIPALIDAD DISTRITAL DE COALAQUE;Moquegua;General Sánchez Cerro;Coalaque;;;;2.1;Genérica del gasto;Personal y obligaciones sociales;416626;Localizada en Moquegua;Sí;;Sí;0
7;ANEXO-7-2-2;169;1401;Gobierno local;180203;MUNICIPALIDAD DISTRITAL DE COALAQUE;Moquegua;General Sánchez Cerro;Coalaque;;;;2.2;Genérica del gasto;Pensiones y otras prestaciones sociales;29124;Localizada en Moquegua;Sí;;Sí;0
7;ANEXO-7-2-2;169;1401;Gobierno local;180203;MUNICIPALIDAD DISTRITAL DE COALAQUE;Moquegua;General Sánchez Cerro;Coalaque;;;;2.2;Genérica del gasto;Pensiones y otras prestaciones sociales;2591;Localizada en Moquegua;Sí;;Sí;0
7;ANEXO-7-2-2;169;1401;Gobierno local;180203;MUNICIPALIDAD DISTRITAL DE COALAQUE;Moquegua;General Sánchez Cerro;Coalaque;;;;2.3;Genérica del gasto;Bienes y servicios;9409;Localizada en Moquegua;Sí;;Sí;0
7;ANEXO-7-2-2;169;1401;Gobierno local;180203;MUNICIPALIDAD DISTRITAL DE COALAQUE;Moquegua;General Sánchez Cerro;Coalaque;;;;2.3;Genérica del gasto;Bienes y servicios;804171;Localizada en Moquegua;Sí;;Sí;0
7;ANEXO-7-2-2;169;1401;Gobierno local;180203;MUNICIPALIDAD DISTRITAL DE COALAQUE;Moquegua;General Sánchez Cerro;Coalaque;;;;2.6;Genérica del gasto;Adquisición de activos no financieros;3000;Localizada en Moquegua;Sí;;Sí;0
7;ANEXO-7-2-2;169;1401;Gobierno local;180203;MUNICIPALIDAD DISTRITAL DE COALAQUE;Moquegua;General Sánchez Cerro;Coalaque;;;;2.6;Genérica del gasto;Adquisición de activos no financieros;1270925;Localizada en Moquegua;Sí;;Sí;0
7;ANEXO-7-2-2;169;1401;Gobierno local;180204;MUNICIPALIDAD DISTRITAL DE ICHUÑA;Moquegua;General Sánchez Cerro;Ichuna;;;;2.1;Genérica del gasto;Personal y obligaciones sociales;1036267;Localizada en Moquegua;Sí;Componente ajustado por cierre del pliego;Sí;0
7;ANEXO-7-2-2;169;1401;Gobierno local;180204;MUNICIPALIDAD DISTRITAL DE ICHUÑA;Moquegua;General Sánchez Cerro;Ichuna;;;;2.2;Genérica del gasto;Pensiones y otras prestaciones sociales;50239;Localizada en Moquegua;Sí;;Sí;0
7;ANEXO-7-2-2;169;1401;Gobierno local;180204;MUNICIPALIDAD DISTRITAL DE ICHUÑA;Moquegua;General Sánchez Cerro;Ichuna;;;;2.2;Genérica del gasto;Pensiones y otras prestaciones sociales;16600;Localizada en Moquegua;Sí;;Sí;0
7;ANEXO-7-2-2;169;1401;Gobierno local;180204;MUNICIPALIDAD DISTRITAL DE ICHUÑA;Moquegua;General Sánchez Cerro;Ichuna;;;;2.2;Genérica del gasto;Pensiones y otras prestaciones sociales;2500;Localizada en Moquegua;Sí;;Sí;0
7;ANEXO-7-2-2;169;1401;Gobierno local;180204;MUNICIPALIDAD DISTRITAL DE ICHUÑA;Moquegua;General Sánchez Cerro;Ichuna;;;;2.3;Genérica del gasto;Bienes y servicios;111018;Localizada en Moquegua;Sí;;Sí;0
7;ANEXO-7-2-2;169;1401;Gobierno local;180204;MUNICIPALIDAD DISTRITAL DE ICHUÑA;Moquegua;General Sánchez Cerro;Ichuna;;;;2.3;Genérica del gasto;Bienes y servicios;2092945;Localizada en Moquegua;Sí;;Sí;0
7;ANEXO-7-2-2;169;1401;Gobierno local;180204;MUNICIPALIDAD DISTRITAL DE ICHUÑA;Moquegua;General Sánchez Cerro;Ichuna;;;;2.4;Genérica del gasto;Donaciones y transferencias;88560;Localizada en Moquegua;Sí;;Sí;0
7;ANEXO-7-2-2;169;1401;Gobierno local;180204;MUNICIPALIDAD DISTRITAL DE ICHUÑA;Moquegua;General Sánchez Cerro;Ichuna;;;;2.5;Genérica del gasto;Otros gastos;13341;Localizada en Moquegua;Sí;;Sí;0
7;ANEXO-7-2-2;169;1401;Gobierno local;180204;MUNICIPALIDAD DISTRITAL DE ICHUÑA;Moquegua;General Sánchez Cerro;Ichuna;;;;2.6;Genérica del gasto;Adquisición de activos no financieros;9858115;Localizada en Moquegua;Sí;;Sí;0
7;ANEXO-7-2-2;169;1401;Gobierno local;180205;MUNICIPALIDAD DISTRITAL DE LA CAPILLA;Moquegua;General Sánchez Cerro;La Capilla;;;;2.1;Genérica del gasto;Personal y obligaciones sociales;457135;Localizada en Moquegua;Sí;;Sí;0
7;ANEXO-7-2-2;169;1401;Gobierno local;180205;MUNICIPALIDAD DISTRITAL DE LA CAPILLA;Moquegua;General Sánchez Cerro;La Capilla;;;;2.2;Genérica del gasto;Pensiones y otras prestaciones sociales;27932;Localizada en Moquegua;Sí;;Sí;0
7;ANEXO-7-2-2;169;1401;Gobierno local;180205;MUNICIPALIDAD DISTRITAL DE LA CAPILLA;Moquegua;General Sánchez Cerro;La Capilla;;;;2.2;Genérica del gasto;Pensiones y otras prestaciones sociales;7000;Localizada en Moquegua;Sí;;Sí;0
7;ANEXO-7-2-2;169;1401;Gobierno local;180205;MUNICIPALIDAD DISTRITAL DE LA CAPILLA;Moquegua;General Sánchez Cerro;La Capilla;;;;2.3;Genérica del gasto;Bienes y servicios;41414;Localizada en Moquegua;Sí;;Sí;0
7;ANEXO-7-2-2;169;1401;Gobierno local;180205;MUNICIPALIDAD DISTRITAL DE LA CAPILLA;Moquegua;General Sánchez Cerro;La Capilla;;;;2.3;Genérica del gasto;Bienes y servicios;893788;Localizada en Moquegua;Sí;;Sí;0
7;ANEXO-7-2-2;169;1401;Gobierno local;180205;MUNICIPALIDAD DISTRITAL DE LA CAPILLA;Moquegua;General Sánchez Cerro;La Capilla;;;;2.4;Genérica del gasto;Donaciones y transferencias;18720;Localizada en Moquegua;Sí;;Sí;0
7;ANEXO-7-2-2;169;1401;Gobierno local;180205;MUNICIPALIDAD DISTRITAL DE LA CAPILLA;Moquegua;General Sánchez Cerro;La Capilla;;;;2.6;Genérica del gasto;Adquisición de activos no financieros;1938324;Localizada en Moquegua;Sí;;Sí;0
7;ANEXO-7-2-2;169;1401;Gobierno local;180206;MUNICIPALIDAD DISTRITAL DE LLOQUE;Moquegua;General Sánchez Cerro;Lloque;;;;2.1;Genérica del gasto;Personal y obligaciones sociales;534075;Localizada en Moquegua;Sí;;Sí;0
7;ANEXO-7-2-2;169;1401;Gobierno local;180206;MUNICIPALIDAD DISTRITAL DE LLOQUE;Moquegua;General Sánchez Cerro;Lloque;;;;2.2;Genérica del gasto;Pensiones y otras prestaciones sociales;13979;Localizada en Moquegua;Sí;;Sí;0
7;ANEXO-7-2-2;169;1401;Gobierno local;180206;MUNICIPALIDAD DISTRITAL DE LLOQUE;Moquegua;General Sánchez Cerro;Lloque;;;;2.3;Genérica del gasto;Bienes y servicios;20000;Localizada en Moquegua;Sí;;Sí;0
7;ANEXO-7-2-2;169;1401;Gobierno local;180206;MUNICIPALIDAD DISTRITAL DE LLOQUE;Moquegua;General Sánchez Cerro;Lloque;;;;2.3;Genérica del gasto;Bienes y servicios;640995;Localizada en Moquegua;Sí;;Sí;0
7;ANEXO-7-2-2;169;1401;Gobierno local;180206;MUNICIPALIDAD DISTRITAL DE LLOQUE;Moquegua;General Sánchez Cerro;Lloque;;;;2.4;Genérica del gasto;Donaciones y transferencias;11700;Localizada en Moquegua;Sí;;Sí;0
7;ANEXO-7-2-2;169;1401;Gobierno local;180206;MUNICIPALIDAD DISTRITAL DE LLOQUE;Moquegua;General Sánchez Cerro;Lloque;;;;2.5;Genérica del gasto;Otros gastos;500;Localizada en Moquegua;Sí;;Sí;0
7;ANEXO-7-2-2;169;1401;Gobierno local;180206;MUNICIPALIDAD DISTRITAL DE LLOQUE;Moquegua;General Sánchez Cerro;Lloque;;;;2.6;Genérica del gasto;Adquisición de activos no financieros;817653;Localizada en Moquegua;Sí;;Sí;0
7;ANEXO-7-2-2;170;1402;Gobierno local;180207;MUNICIPALIDAD DISTRITAL DE MATALAQUE;Moquegua;General Sánchez Cerro;Matalaque;;;;2.1;Genérica del gasto;Personal y obligaciones sociales;276150;Localizada en Moquegua;Sí;;Sí;0
7;ANEXO-7-2-2;170;1402;Gobierno local;180207;MUNICIPALIDAD DISTRITAL DE MATALAQUE;Moquegua;General Sánchez Cerro;Matalaque;;;;2.2;Genérica del gasto;Pensiones y otras prestaciones sociales;8445;Localizada en Moquegua;Sí;;Sí;0
7;ANEXO-7-2-2;170;1402;Gobierno local;180207;MUNICIPALIDAD DISTRITAL DE MATALAQUE;Moquegua;General Sánchez Cerro;Matalaque;;;;2.2;Genérica del gasto;Pensiones y otras prestaciones sociales;8753;Localizada en Moquegua;Sí;;Sí;0
7;ANEXO-7-2-2;170;1402;Gobierno local;180207;MUNICIPALIDAD DISTRITAL DE MATALAQUE;Moquegua;General Sánchez Cerro;Matalaque;;;;2.2;Genérica del gasto;Pensiones y otras prestaciones sociales;1;Localizada en Moquegua;Sí;;Sí;0
7;ANEXO-7-2-2;170;1402;Gobierno local;180207;MUNICIPALIDAD DISTRITAL DE MATALAQUE;Moquegua;General Sánchez Cerro;Matalaque;;;;2.3;Genérica del gasto;Bienes y servicios;68647;Localizada en Moquegua;Sí;;Sí;0
7;ANEXO-7-2-2;170;1402;Gobierno local;180207;MUNICIPALIDAD DISTRITAL DE MATALAQUE;Moquegua;General Sánchez Cerro;Matalaque;;;;2.3;Genérica del gasto;Bienes y servicios;645350;Localizada en Moquegua;Sí;;Sí;0
7;ANEXO-7-2-2;170;1402;Gobierno local;180207;MUNICIPALIDAD DISTRITAL DE MATALAQUE;Moquegua;General Sánchez Cerro;Matalaque;;;;2.6;Genérica del gasto;Adquisición de activos no financieros;5000;Localizada en Moquegua;Sí;;Sí;0
7;ANEXO-7-2-2;170;1402;Gobierno local;180207;MUNICIPALIDAD DISTRITAL DE MATALAQUE;Moquegua;General Sánchez Cerro;Matalaque;;;;2.6;Genérica del gasto;Adquisición de activos no financieros;787981;Localizada en Moquegua;Sí;;Sí;0
7;ANEXO-7-2-2;170;1402;Gobierno local;180208;MUNICIPALIDAD DISTRITAL DE PUQUINA;Moquegua;General Sánchez Cerro;Puquina;;;;2.1;Genérica del gasto;Personal y obligaciones sociales;471364;Localizada en Moquegua;Sí;;Sí;0
7;ANEXO-7-2-2;170;1402;Gobierno local;180208;MUNICIPALIDAD DISTRITAL DE PUQUINA;Moquegua;General Sánchez Cerro;Puquina;;;;2.2;Genérica del gasto;Pensiones y otras prestaciones sociales;56663;Localizada en Moquegua;Sí;;Sí;0
7;ANEXO-7-2-2;170;1402;Gobierno local;180208;MUNICIPALIDAD DISTRITAL DE PUQUINA;Moquegua;General Sánchez Cerro;Puquina;;;;2.2;Genérica del gasto;Pensiones y otras prestaciones sociales;11058;Localizada en Moquegua;Sí;;Sí;0
7;ANEXO-7-2-2;170;1402;Gobierno local;180208;MUNICIPALIDAD DISTRITAL DE PUQUINA;Moquegua;General Sánchez Cerro;Puquina;;;;2.3;Genérica del gasto;Bienes y servicios;110000;Localizada en Moquegua;Sí;;Sí;0
7;ANEXO-7-2-2;170;1402;Gobierno local;180208;MUNICIPALIDAD DISTRITAL DE PUQUINA;Moquegua;General Sánchez Cerro;Puquina;;;;2.3;Genérica del gasto;Bienes y servicios;1773541;Localizada en Moquegua;Sí;;Sí;0
7;ANEXO-7-2-2;170;1402;Gobierno local;180208;MUNICIPALIDAD DISTRITAL DE PUQUINA;Moquegua;General Sánchez Cerro;Puquina;;;;2.5;Genérica del gasto;Otros gastos;4667;Localizada en Moquegua;Sí;;Sí;0
7;ANEXO-7-2-2;170;1402;Gobierno local;180208;MUNICIPALIDAD DISTRITAL DE PUQUINA;Moquegua;General Sánchez Cerro;Puquina;;;;2.6;Genérica del gasto;Adquisición de activos no financieros;4907905;Localizada en Moquegua;Sí;;Sí;0
7;ANEXO-7-2-2;170;1402;Gobierno local;180209;MUNICIPALIDAD DISTRITAL DE QUINISTAQUILLAS;Moquegua;General Sánchez Cerro;Quinistaquillas;;;;2.1;Genérica del gasto;Personal y obligaciones sociales;283687;Localizada en Moquegua;Sí;;Sí;0
7;ANEXO-7-2-2;170;1402;Gobierno local;180209;MUNICIPALIDAD DISTRITAL DE QUINISTAQUILLAS;Moquegua;General Sánchez Cerro;Quinistaquillas;;;;2.2;Genérica del gasto;Pensiones y otras prestaciones sociales;7865;Localizada en Moquegua;Sí;;Sí;0
7;ANEXO-7-2-2;170;1402;Gobierno local;180209;MUNICIPALIDAD DISTRITAL DE QUINISTAQUILLAS;Moquegua;General Sánchez Cerro;Quinistaquillas;;;;2.3;Genérica del gasto;Bienes y servicios;103500;Localizada en Moquegua;Sí;;Sí;0
7;ANEXO-7-2-2;170;1402;Gobierno local;180209;MUNICIPALIDAD DISTRITAL DE QUINISTAQUILLAS;Moquegua;General Sánchez Cerro;Quinistaquillas;;;;2.3;Genérica del gasto;Bienes y servicios;822121;Localizada en Moquegua;Sí;;Sí;0
7;ANEXO-7-2-2;170;1402;Gobierno local;180209;MUNICIPALIDAD DISTRITAL DE QUINISTAQUILLAS;Moquegua;General Sánchez Cerro;Quinistaquillas;;;;2.6;Genérica del gasto;Adquisición de activos no financieros;670837;Localizada en Moquegua;Sí;;Sí;0
7;ANEXO-7-2-2;170;1402;Gobierno local;180210;MUNICIPALIDAD DISTRITAL DE UBINAS;Moquegua;General Sánchez Cerro;Ubinas;;;;2.1;Genérica del gasto;Personal y obligaciones sociales;4800;Localizada en Moquegua;Sí;;Sí;0
7;ANEXO-7-2-2;170;1402;Gobierno local;180210;MUNICIPALIDAD DISTRITAL DE UBINAS;Moquegua;General Sánchez Cerro;Ubinas;;;;2.1;Genérica del gasto;Personal y obligaciones sociales;432281;Localizada en Moquegua;Sí;;Sí;0
7;ANEXO-7-2-2;170;1402;Gobierno local;180210;MUNICIPALIDAD DISTRITAL DE UBINAS;Moquegua;General Sánchez Cerro;Ubinas;;;;2.2;Genérica del gasto;Pensiones y otras prestaciones sociales;63806;Localizada en Moquegua;Sí;;Sí;0
7;ANEXO-7-2-2;170;1402;Gobierno local;180210;MUNICIPALIDAD DISTRITAL DE UBINAS;Moquegua;General Sánchez Cerro;Ubinas;;;;2.2;Genérica del gasto;Pensiones y otras prestaciones sociales;15036;Localizada en Moquegua;Sí;;Sí;0
7;ANEXO-7-2-2;170;1402;Gobierno local;180210;MUNICIPALIDAD DISTRITAL DE UBINAS;Moquegua;General Sánchez Cerro;Ubinas;;;;2.3;Genérica del gasto;Bienes y servicios;23864;Localizada en Moquegua;Sí;;Sí;0
7;ANEXO-7-2-2;170;1402;Gobierno local;180210;MUNICIPALIDAD DISTRITAL DE UBINAS;Moquegua;General Sánchez Cerro;Ubinas;;;;2.3;Genérica del gasto;Bienes y servicios;812222;Localizada en Moquegua;Sí;;Sí;0
7;ANEXO-7-2-2;170;1402;Gobierno local;180210;MUNICIPALIDAD DISTRITAL DE UBINAS;Moquegua;General Sánchez Cerro;Ubinas;;;;2.4;Genérica del gasto;Donaciones y transferencias;88560;Localizada en Moquegua;Sí;;Sí;0
7;ANEXO-7-2-2;170;1402;Gobierno local;180210;MUNICIPALIDAD DISTRITAL DE UBINAS;Moquegua;General Sánchez Cerro;Ubinas;;;;2.5;Genérica del gasto;Otros gastos;5000;Localizada en Moquegua;Sí;;Sí;0
7;ANEXO-7-2-2;170;1402;Gobierno local;180210;MUNICIPALIDAD DISTRITAL DE UBINAS;Moquegua;General Sánchez Cerro;Ubinas;;;;2.5;Genérica del gasto;Otros gastos;36544;Localizada en Moquegua;Sí;;Sí;0
7;ANEXO-7-2-2;170;1402;Gobierno local;180210;MUNICIPALIDAD DISTRITAL DE UBINAS;Moquegua;General Sánchez Cerro;Ubinas;;;;2.6;Genérica del gasto;Adquisición de activos no financieros;1920751;Localizada en Moquegua;Sí;;Sí;0
7;ANEXO-7-2-2;171;1403;Gobierno local;180211;MUNICIPALIDAD DISTRITAL DE YUNGA;Moquegua;General Sánchez Cerro;Yunga;;;;2.1;Genérica del gasto;Personal y obligaciones sociales;290666;Localizada en Moquegua;Sí;;Sí;0
7;ANEXO-7-2-2;171;1403;Gobierno local;180211;MUNICIPALIDAD DISTRITAL DE YUNGA;Moquegua;General Sánchez Cerro;Yunga;;;;2.2;Genérica del gasto;Pensiones y otras prestaciones sociales;14353;Localizada en Moquegua;Sí;;Sí;0
7;ANEXO-7-2-2;171;1403;Gobierno local;180211;MUNICIPALIDAD DISTRITAL DE YUNGA;Moquegua;General Sánchez Cerro;Yunga;;;;2.3;Genérica del gasto;Bienes y servicios;18250;Localizada en Moquegua;Sí;;Sí;0
7;ANEXO-7-2-2;171;1403;Gobierno local;180211;MUNICIPALIDAD DISTRITAL DE YUNGA;Moquegua;General Sánchez Cerro;Yunga;;;;2.3;Genérica del gasto;Bienes y servicios;962157;Localizada en Moquegua;Sí;;Sí;0
7;ANEXO-7-2-2;171;1403;Gobierno local;180211;MUNICIPALIDAD DISTRITAL DE YUNGA;Moquegua;General Sánchez Cerro;Yunga;;;;2.6;Genérica del gasto;Adquisición de activos no financieros;1312643;Localizada en Moquegua;Sí;;Sí;0
7;ANEXO-7-2-2;171;1403;Gobierno local;180301;MUNICIPALIDAD PROVINCIAL DE ILO;Moquegua;Ilo;Ilo;;;;2.1;Genérica del gasto;Personal y obligaciones sociales;6677328;Localizada en Moquegua;Sí;;Sí;0
7;ANEXO-7-2-2;171;1403;Gobierno local;180301;MUNICIPALIDAD PROVINCIAL DE ILO;Moquegua;Ilo;Ilo;;;;2.1;Genérica del gasto;Personal y obligaciones sociales;18499860;Localizada en Moquegua;Sí;;Sí;0
7;ANEXO-7-2-2;171;1403;Gobierno local;180301;MUNICIPALIDAD PROVINCIAL DE ILO;Moquegua;Ilo;Ilo;;;;2.2;Genérica del gasto;Pensiones y otras prestaciones sociales;2319158;Localizada en Moquegua;Sí;;Sí;0
7;ANEXO-7-2-2;171;1403;Gobierno local;180301;MUNICIPALIDAD PROVINCIAL DE ILO;Moquegua;Ilo;Ilo;;;;2.2;Genérica del gasto;Pensiones y otras prestaciones sociales;13000;Localizada en Moquegua;Sí;;Sí;0
7;ANEXO-7-2-2;171;1403;Gobierno local;180301;MUNICIPALIDAD PROVINCIAL DE ILO;Moquegua;Ilo;Ilo;;;;2.2;Genérica del gasto;Pensiones y otras prestaciones sociales;332345;Localizada en Moquegua;Sí;;Sí;0
7;ANEXO-7-2-2;171;1403;Gobierno local;180301;MUNICIPALIDAD PROVINCIAL DE ILO;Moquegua;Ilo;Ilo;;;;2.3;Genérica del gasto;Bienes y servicios;376150;Localizada en Moquegua;Sí;;Sí;0
7;ANEXO-7-2-2;171;1403;Gobierno local;180301;MUNICIPALIDAD PROVINCIAL DE ILO;Moquegua;Ilo;Ilo;;;;2.3;Genérica del gasto;Bienes y servicios;12308062;Localizada en Moquegua;Sí;;Sí;0
7;ANEXO-7-2-2;171;1403;Gobierno local;180301;MUNICIPALIDAD PROVINCIAL DE ILO;Moquegua;Ilo;Ilo;;;;2.3;Genérica del gasto;Bienes y servicios;45169335;Localizada en Moquegua;Sí;;Sí;0
7;ANEXO-7-2-2;171;1403;Gobierno local;180301;MUNICIPALIDAD PROVINCIAL DE ILO;Moquegua;Ilo;Ilo;;;;2.4;Genérica del gasto;Donaciones y transferencias;43003;Localizada en Moquegua;Sí;;Sí;0
7;ANEXO-7-2-2;171;1403;Gobierno local;180301;MUNICIPALIDAD PROVINCIAL DE ILO;Moquegua;Ilo;Ilo;;;;2.4;Genérica del gasto;Donaciones y transferencias;86395;Localizada en Moquegua;Sí;;Sí;0
7;ANEXO-7-2-2;171;1403;Gobierno local;180301;MUNICIPALIDAD PROVINCIAL DE ILO;Moquegua;Ilo;Ilo;;;;2.5;Genérica del gasto;Otros gastos;90993;Localizada en Moquegua;Sí;;Sí;0
7;ANEXO-7-2-2;171;1403;Gobierno local;180301;MUNICIPALIDAD PROVINCIAL DE ILO;Moquegua;Ilo;Ilo;;;;2.6;Genérica del gasto;Adquisición de activos no financieros;326496;Localizada en Moquegua;Sí;;Sí;0
7;ANEXO-7-2-2;171;1403;Gobierno local;180301;MUNICIPALIDAD PROVINCIAL DE ILO;Moquegua;Ilo;Ilo;;;;2.6;Genérica del gasto;Adquisición de activos no financieros;86648293;Localizada en Moquegua;Sí;;Sí;0
7;ANEXO-7-2-2;171;1403;Gobierno local;180301;MUNICIPALIDAD PROVINCIAL DE ILO;Moquegua;Ilo;Ilo;;;;2.8;Genérica del gasto;Servicio de la deuda pública;24715049;Localizada en Moquegua;Sí;;Sí;0
7;ANEXO-7-2-2;171;1403;Gobierno local;180302;MUNICIPALIDAD DISTRITAL DE EL ALGARROBAL;Moquegua;Ilo;El Algarrobal;;;;2.1;Genérica del gasto;Personal y obligaciones sociales;20000;Localizada en Moquegua;Sí;;Sí;0
7;ANEXO-7-2-2;171;1403;Gobierno local;180302;MUNICIPALIDAD DISTRITAL DE EL ALGARROBAL;Moquegua;Ilo;El Algarrobal;;;;2.1;Genérica del gasto;Personal y obligaciones sociales;3564501;Localizada en Moquegua;Sí;;Sí;0
7;ANEXO-7-2-2;171;1403;Gobierno local;180302;MUNICIPALIDAD DISTRITAL DE EL ALGARROBAL;Moquegua;Ilo;El Algarrobal;;;;2.2;Genérica del gasto;Pensiones y otras prestaciones sociales;6552;Localizada en Moquegua;Sí;;Sí;0
7;ANEXO-7-2-2;171;1403;Gobierno local;180302;MUNICIPALIDAD DISTRITAL DE EL ALGARROBAL;Moquegua;Ilo;El Algarrobal;;;;2.2;Genérica del gasto;Pensiones y otras prestaciones sociales;69135;Localizada en Moquegua;Sí;;Sí;0
7;ANEXO-7-2-2;171;1403;Gobierno local;180302;MUNICIPALIDAD DISTRITAL DE EL ALGARROBAL;Moquegua;Ilo;El Algarrobal;;;;2.2;Genérica del gasto;Pensiones y otras prestaciones sociales;29500;Localizada en Moquegua;Sí;;Sí;0
7;ANEXO-7-2-2;171;1403;Gobierno local;180302;MUNICIPALIDAD DISTRITAL DE EL ALGARROBAL;Moquegua;Ilo;El Algarrobal;;;;2.3;Genérica del gasto;Bienes y servicios;287176;Localizada en Moquegua;Sí;;Sí;0
7;ANEXO-7-2-2;171;1403;Gobierno local;180302;MUNICIPALIDAD DISTRITAL DE EL ALGARROBAL;Moquegua;Ilo;El Algarrobal;;;;2.3;Genérica del gasto;Bienes y servicios;12483010;Localizada en Moquegua;Sí;;Sí;0
7;ANEXO-7-2-2;171;1403;Gobierno local;180302;MUNICIPALIDAD DISTRITAL DE EL ALGARROBAL;Moquegua;Ilo;El Algarrobal;;;;2.6;Genérica del gasto;Adquisición de activos no financieros;62153249;Localizada en Moquegua;Sí;;Sí;0
7;ANEXO-7-2-2;171;1403;Gobierno local;180303;MUNICIPALIDAD DISTRITAL DE PACOCHA;Moquegua;Ilo;Pacocha;;;;2.1;Genérica del gasto;Personal y obligaciones sociales;3696362;Localizada en Moquegua;Sí;;Sí;0
7;ANEXO-7-2-2;171;1403;Gobierno local;180303;MUNICIPALIDAD DISTRITAL DE PACOCHA;Moquegua;Ilo;Pacocha;;;;2.2;Genérica del gasto;Pensiones y otras prestaciones sociales;166403;Localizada en Moquegua;Sí;;Sí;0
7;ANEXO-7-2-2;171;1403;Gobierno local;180303;MUNICIPALIDAD DISTRITAL DE PACOCHA;Moquegua;Ilo;Pacocha;;;;2.2;Genérica del gasto;Pensiones y otras prestaciones sociales;10000;Localizada en Moquegua;Sí;;Sí;0
7;ANEXO-7-2-2;171;1403;Gobierno local;180303;MUNICIPALIDAD DISTRITAL DE PACOCHA;Moquegua;Ilo;Pacocha;;;;2.2;Genérica del gasto;Pensiones y otras prestaciones sociales;10000;Localizada en Moquegua;Sí;;Sí;0
7;ANEXO-7-2-2;171;1403;Gobierno local;180303;MUNICIPALIDAD DISTRITAL DE PACOCHA;Moquegua;Ilo;Pacocha;;;;2.3;Genérica del gasto;Bienes y servicios;2957000;Localizada en Moquegua;Sí;;Sí;0
7;ANEXO-7-2-2;171;1403;Gobierno local;180303;MUNICIPALIDAD DISTRITAL DE PACOCHA;Moquegua;Ilo;Pacocha;;;;2.3;Genérica del gasto;Bienes y servicios;2614968;Localizada en Moquegua;Sí;;Sí;0
7;ANEXO-7-2-2;172;1404;Gobierno local;180303;MUNICIPALIDAD DISTRITAL DE PACOCHA;Moquegua;Ilo;Pacocha;;;;2.6;Genérica del gasto;Adquisición de activos no financieros;1396675;Localizada en Moquegua;Sí;;Sí;0
7;ANEXO-7-2-2;172;1404;Gobierno local;180303;MUNICIPALIDAD DISTRITAL DE PACOCHA;Moquegua;Ilo;Pacocha;;;;2.8;Genérica del gasto;Servicio de la deuda pública;1364587;Localizada en Moquegua;Sí;;Sí;0
8;ANEXO-8-1;6;1508;Gobierno regional;455;GOBIERNO REGIONAL DEL DEPARTAMENTO DE MOQUEGUA;Moquegua;;;Programas presupuestales;SALUD MATERNO NEONATAL;;;Asignación por programa presupuestal;SALUD MATERNO NEONATAL;19755745;Localizada en Moquegua;No, replica los anexos 6 y 7;;No aplica;
8;ANEXO-8-1;22;27;Gobierno local;180101;MUNICIPALIDAD PROVINCIAL DE MARISCAL NIETO -MOQUEGUA;Moquegua;Mariscal Nieto;Mariscal Nieto;Programas presupuestales;SALUD MATERNO NEONATAL;;;Asignación por programa presupuestal;SALUD MATERNO NEONATAL;20000;Localizada en Moquegua;No, replica los anexos 6 y 7;;No aplica;
8;ANEXO-8-1;22;27;Gobierno local;180106;MUNICIPALIDAD DISTRITAL DE TORATA;Moquegua;Mariscal Nieto;Torata;Programas presupuestales;SALUD MATERNO NEONATAL;;;Asignación por programa presupuestal;SALUD MATERNO NEONATAL;25000;Localizada en Moquegua;No, replica los anexos 6 y 7;;No aplica;
8;ANEXO-8-1;22;27;Gobierno local;180202;MUNICIPALIDAD DISTRITAL DE CHOJATA;Moquegua;General Sánchez Cerro;Chojata;Programas presupuestales;SALUD MATERNO NEONATAL;;;Asignación por programa presupuestal;SALUD MATERNO NEONATAL;3000;Localizada en Moquegua;No, replica los anexos 6 y 7;;No aplica;
8;ANEXO-8-1;22;27;Gobierno local;180203;MUNICIPALIDAD DISTRITAL DE COALAQUE;Moquegua;General Sánchez Cerro;Coalaque;Programas presupuestales;SALUD MATERNO NEONATAL;;;Asignación por programa presupuestal;SALUD MATERNO NEONATAL;1000;Localizada en Moquegua;No, replica los anexos 6 y 7;;No aplica;
8;ANEXO-8-1;22;27;Gobierno local;180205;MUNICIPALIDAD DISTRITAL DE LA CAPILLA;Moquegua;General Sánchez Cerro;La Capilla;Programas presupuestales;SALUD MATERNO NEONATAL;;;Asignación por programa presupuestal;SALUD MATERNO NEONATAL;1200;Localizada en Moquegua;No, replica los anexos 6 y 7;;No aplica;
8;ANEXO-8-1;22;27;Gobierno local;180206;MUNICIPALIDAD DISTRITAL DE LLOQUE;Moquegua;General Sánchez Cerro;Lloque;Programas presupuestales;SALUD MATERNO NEONATAL;;;Asignación por programa presupuestal;SALUD MATERNO NEONATAL;2000;Localizada en Moquegua;No, replica los anexos 6 y 7;;No aplica;
8;ANEXO-8-1;22;27;Gobierno local;180207;MUNICIPALIDAD DISTRITAL DE MATALAQUE;Moquegua;General Sánchez Cerro;Matalaque;Programas presupuestales;SALUD MATERNO NEONATAL;;;Asignación por programa presupuestal;SALUD MATERNO NEONATAL;2500;Localizada en Moquegua;No, replica los anexos 6 y 7;;No aplica;
8;ANEXO-8-1;22;27;Gobierno local;180211;MUNICIPALIDAD DISTRITAL DE YUNGA;Moquegua;General Sánchez Cerro;Yunga;Programas presupuestales;SALUD MATERNO NEONATAL;;;Asignación por programa presupuestal;SALUD MATERNO NEONATAL;1000;Localizada en Moquegua;No, replica los anexos 6 y 7;;No aplica;
8;ANEXO-8-1;22;27;Gobierno local;180301;MUNICIPALIDAD PROVINCIAL DE ILO;Moquegua;Ilo;Ilo;Programas presupuestales;SALUD MATERNO NEONATAL;;;Asignación por programa presupuestal;SALUD MATERNO NEONATAL;1000;Localizada en Moquegua;No, replica los anexos 6 y 7;;No aplica;
8;ANEXO-8-1;22;27;Gobierno local;180302;MUNICIPALIDAD DISTRITAL DE EL ALGARROBAL;Moquegua;Ilo;El Algarrobal;Programas presupuestales;SALUD MATERNO NEONATAL;;;Asignación por programa presupuestal;SALUD MATERNO NEONATAL;5807369;Localizada en Moquegua;No, replica los anexos 6 y 7;;No aplica;
8;ANEXO-8-1;22;27;Gobierno local;180303;MUNICIPALIDAD DISTRITAL DE PACOCHA;Moquegua;Ilo;Pacocha;Programas presupuestales;SALUD MATERNO NEONATAL;;;Asignación por programa presupuestal;SALUD MATERNO NEONATAL;5000;Localizada en Moquegua;No, replica los anexos 6 y 7;;No aplica;
8;ANEXO-8-1;27;1529;Gobierno regional;455;GOBIERNO REGIONAL DEL DEPARTAMENTO DE MOQUEGUA;Moquegua;;;Programas presupuestales;TBC-VIH/SIDA;;;Asignación por programa presupuestal;TBC-VIH/SIDA;9402185;Localizada en Moquegua;No, replica los anexos 6 y 7;;No aplica;
8;ANEXO-8-1;33;1535;Gobierno local;180101;MUNICIPALIDAD PROVINCIAL DE MARISCAL NIETO -MOQUEGUA;Moquegua;Mariscal Nieto;Mariscal Nieto;Programas presupuestales;TBC-VIH/SIDA;;;Asignación por programa presupuestal;TBC-VIH/SIDA;243428;Localizada en Moquegua;No, replica los anexos 6 y 7;;No aplica;
8;ANEXO-8-1;33;1535;Gobierno local;180201;MUNICIPALIDAD PROVINCIAL DE GENERAL SANCHEZ CERRO -OMATE;Moquegua;General Sánchez Cerro;General Sanchez Cerro;Programas presupuestales;TBC-VIH/SIDA;;;Asignación por programa presupuestal;TBC-VIH/SIDA;15286;Localizada en Moquegua;No, replica los anexos 6 y 7;;No aplica;
8;ANEXO-8-1;33;1535;Gobierno local;180301;MUNICIPALIDAD PROVINCIAL DE ILO;Moquegua;Ilo;Ilo;Programas presupuestales;TBC-VIH/SIDA;;;Asignación por programa presupuestal;TBC-VIH/SIDA;443660;Localizada en Moquegua;No, replica los anexos 6 y 7;;No aplica;
8;ANEXO-8-1;37;1539;Gobierno regional;455;GOBIERNO REGIONAL DEL DEPARTAMENTO DE MOQUEGUA;Moquegua;;;Programas presupuestales;ENFERMEDADES METAXENICAS Y ZOONOSIS;;;Asignación por programa presupuestal;ENFERMEDADES METAXENICAS Y ZOONOSIS;1384292;Localizada en Moquegua;No, replica los anexos 6 y 7;;No aplica;
8;ANEXO-8-1;46;1548;Gobierno local;180301;MUNICIPALIDAD PROVINCIAL DE ILO;Moquegua;Ilo;Ilo;Programas presupuestales;ENFERMEDADES METAXENICAS Y ZOONOSIS;;;Asignación por programa presupuestal;ENFERMEDADES METAXENICAS Y ZOONOSIS;3000;Localizada en Moquegua;No, replica los anexos 6 y 7;;No aplica;
8;ANEXO-8-1;52;1554;Gobierno regional;455;GOBIERNO REGIONAL DEL DEPARTAMENTO DE MOQUEGUA;Moquegua;;;Programas presupuestales;ENFERMEDADES NO TRANSMISIBLES;;;Asignación por programa presupuestal;ENFERMEDADES NO TRANSMISIBLES;9997507;Localizada en Moquegua;No, replica los anexos 6 y 7;;No aplica;
8;ANEXO-8-1;56;1558;Gobierno regional;455;GOBIERNO REGIONAL DEL DEPARTAMENTO DE MOQUEGUA;Moquegua;;;Programas presupuestales;PREVENCION Y CONTROL DEL CANCER;;;Asignación por programa presupuestal;PREVENCION Y CONTROL DEL CANCER;3487650;Localizada en Moquegua;No, replica los anexos 6 y 7;;No aplica;
8;ANEXO-8-1;107;1609;Gobierno local;180101;MUNICIPALIDAD PROVINCIAL DE MARISCAL NIETO -MOQUEGUA;Moquegua;Mariscal Nieto;Mariscal Nieto;Programas presupuestales;REDUCCION DE DELITOS Y FALTAS QUE AFECTAN LA SEGURIDAD CIUDADANA;;;Asignación por programa presupuestal;REDUCCION DE DELITOS Y FALTAS QUE AFECTAN LA SEGURIDAD CIUDADANA;2341048;Localizada en Moquegua;No, replica los anexos 6 y 7;;No aplica;
8;ANEXO-8-1;107;1609;Gobierno local;180102;MUNICIPALIDAD DISTRITAL DE CARUMAS;Moquegua;Mariscal Nieto;Carumas;Programas presupuestales;REDUCCION DE DELITOS Y FALTAS QUE AFECTAN LA SEGURIDAD CIUDADANA;;;Asignación por programa presupuestal;REDUCCION DE DELITOS Y FALTAS QUE AFECTAN LA SEGURIDAD CIUDADANA;4000;Localizada en Moquegua;No, replica los anexos 6 y 7;;No aplica;
8;ANEXO-8-1;107;1609;Gobierno local;180104;MUNICIPALIDAD DISTRITAL DE SAMEGUA;Moquegua;Mariscal Nieto;Samegua;Programas presupuestales;REDUCCION DE DELITOS Y FALTAS QUE AFECTAN LA SEGURIDAD CIUDADANA;;;Asignación por programa presupuestal;REDUCCION DE DELITOS Y FALTAS QUE AFECTAN LA SEGURIDAD CIUDADANA;3000;Localizada en Moquegua;No, replica los anexos 6 y 7;;No aplica;
8;ANEXO-8-1;107;1609;Gobierno local;180106;MUNICIPALIDAD DISTRITAL DE TORATA;Moquegua;Mariscal Nieto;Torata;Programas presupuestales;REDUCCION DE DELITOS Y FALTAS QUE AFECTAN LA SEGURIDAD CIUDADANA;;;Asignación por programa presupuestal;REDUCCION DE DELITOS Y FALTAS QUE AFECTAN LA SEGURIDAD CIUDADANA;60000;Localizada en Moquegua;No, replica los anexos 6 y 7;;No aplica;
8;ANEXO-8-1;107;1609;Gobierno local;180107;MUNICIPALIDAD DISTRITAL DE SAN ANTONIO;Moquegua;Mariscal Nieto;San Antonio;Programas presupuestales;REDUCCION DE DELITOS Y FALTAS QUE AFECTAN LA SEGURIDAD CIUDADANA;;;Asignación por programa presupuestal;REDUCCION DE DELITOS Y FALTAS QUE AFECTAN LA SEGURIDAD CIUDADANA;712141;Localizada en Moquegua;No, replica los anexos 6 y 7;;No aplica;
8;ANEXO-8-1;107;1609;Gobierno local;180201;MUNICIPALIDAD PROVINCIAL DE GENERAL SANCHEZ CERRO -OMATE;Moquegua;General Sánchez Cerro;General Sanchez Cerro;Programas presupuestales;REDUCCION DE DELITOS Y FALTAS QUE AFECTAN LA SEGURIDAD CIUDADANA;;;Asignación por programa presupuestal;REDUCCION DE DELITOS Y FALTAS QUE AFECTAN LA SEGURIDAD CIUDADANA;132319;Localizada en Moquegua;No, replica los anexos 6 y 7;;No aplica;
8;ANEXO-8-1;107;1609;Gobierno local;180204;MUNICIPALIDAD DISTRITAL DE ICHUÑA;Moquegua;General Sánchez Cerro;Ichuna;Programas presupuestales;REDUCCION DE DELITOS Y FALTAS QUE AFECTAN LA SEGURIDAD CIUDADANA;;;Asignación por programa presupuestal;REDUCCION DE DELITOS Y FALTAS QUE AFECTAN LA SEGURIDAD CIUDADANA;25533;Localizada en Moquegua;No, replica los anexos 6 y 7;;No aplica;
8;ANEXO-8-1;107;1609;Gobierno local;180205;MUNICIPALIDAD DISTRITAL DE LA CAPILLA;Moquegua;General Sánchez Cerro;La Capilla;Programas presupuestales;REDUCCION DE DELITOS Y FALTAS QUE AFECTAN LA SEGURIDAD CIUDADANA;;;Asignación por programa presupuestal;REDUCCION DE DELITOS Y FALTAS QUE AFECTAN LA SEGURIDAD CIUDADANA;1000;Localizada en Moquegua;No, replica los anexos 6 y 7;;No aplica;
8;ANEXO-8-1;107;1609;Gobierno local;180207;MUNICIPALIDAD DISTRITAL DE MATALAQUE;Moquegua;General Sánchez Cerro;Matalaque;Programas presupuestales;REDUCCION DE DELITOS Y FALTAS QUE AFECTAN LA SEGURIDAD CIUDADANA;;;Asignación por programa presupuestal;REDUCCION DE DELITOS Y FALTAS QUE AFECTAN LA SEGURIDAD CIUDADANA;5000;Localizada en Moquegua;No, replica los anexos 6 y 7;;No aplica;
8;ANEXO-8-1;107;1609;Gobierno local;180208;MUNICIPALIDAD DISTRITAL DE PUQUINA;Moquegua;General Sánchez Cerro;Puquina;Programas presupuestales;REDUCCION DE DELITOS Y FALTAS QUE AFECTAN LA SEGURIDAD CIUDADANA;;;Asignación por programa presupuestal;REDUCCION DE DELITOS Y FALTAS QUE AFECTAN LA SEGURIDAD CIUDADANA;5500;Localizada en Moquegua;No, replica los anexos 6 y 7;;No aplica;
8;ANEXO-8-1;107;1609;Gobierno local;180209;MUNICIPALIDAD DISTRITAL DE QUINISTAQUILLAS;Moquegua;General Sánchez Cerro;Quinistaquillas;Programas presupuestales;REDUCCION DE DELITOS Y FALTAS QUE AFECTAN LA SEGURIDAD CIUDADANA;;;Asignación por programa presupuestal;REDUCCION DE DELITOS Y FALTAS QUE AFECTAN LA SEGURIDAD CIUDADANA;66000;Localizada en Moquegua;No, replica los anexos 6 y 7;;No aplica;
8;ANEXO-8-1;107;1609;Gobierno local;180211;MUNICIPALIDAD DISTRITAL DE YUNGA;Moquegua;General Sánchez Cerro;Yunga;Programas presupuestales;REDUCCION DE DELITOS Y FALTAS QUE AFECTAN LA SEGURIDAD CIUDADANA;;;Asignación por programa presupuestal;REDUCCION DE DELITOS Y FALTAS QUE AFECTAN LA SEGURIDAD CIUDADANA;3000;Localizada en Moquegua;No, replica los anexos 6 y 7;;No aplica;
8;ANEXO-8-1;107;1609;Gobierno local;180301;MUNICIPALIDAD PROVINCIAL DE ILO;Moquegua;Ilo;Ilo;Programas presupuestales;REDUCCION DE DELITOS Y FALTAS QUE AFECTAN LA SEGURIDAD CIUDADANA;;;Asignación por programa presupuestal;REDUCCION DE DELITOS Y FALTAS QUE AFECTAN LA SEGURIDAD CIUDADANA;3950074;Localizada en Moquegua;No, replica los anexos 6 y 7;;No aplica;
8;ANEXO-8-1;107;1609;Gobierno local;180302;MUNICIPALIDAD DISTRITAL DE EL ALGARROBAL;Moquegua;Ilo;El Algarrobal;Programas presupuestales;REDUCCION DE DELITOS Y FALTAS QUE AFECTAN LA SEGURIDAD CIUDADANA;;;Asignación por programa presupuestal;REDUCCION DE DELITOS Y FALTAS QUE AFECTAN LA SEGURIDAD CIUDADANA;242083;Localizada en Moquegua;No, replica los anexos 6 y 7;;No aplica;
8;ANEXO-8-1;107;1609;Gobierno local;180303;MUNICIPALIDAD DISTRITAL DE PACOCHA;Moquegua;Ilo;Pacocha;Programas presupuestales;REDUCCION DE DELITOS Y FALTAS QUE AFECTAN LA SEGURIDAD CIUDADANA;;;Asignación por programa presupuestal;REDUCCION DE DELITOS Y FALTAS QUE AFECTAN LA SEGURIDAD CIUDADANA;607788;Localizada en Moquegua;No, replica los anexos 6 y 7;;No aplica;
8;ANEXO-8-1;167;1669;Gobierno local;180101;MUNICIPALIDAD PROVINCIAL DE MARISCAL NIETO -MOQUEGUA;Moquegua;Mariscal Nieto;Mariscal Nieto;Programas presupuestales;GESTION INTEGRAL DE RESIDUOS SOLIDOS;;;Asignación por programa presupuestal;GESTION INTEGRAL DE RESIDUOS SOLIDOS;1063566;Localizada en Moquegua;No, replica los anexos 6 y 7;;No aplica;
8;ANEXO-8-1;167;1669;Gobierno local;180102;MUNICIPALIDAD DISTRITAL DE CARUMAS;Moquegua;Mariscal Nieto;Carumas;Programas presupuestales;GESTION INTEGRAL DE RESIDUOS SOLIDOS;;;Asignación por programa presupuestal;GESTION INTEGRAL DE RESIDUOS SOLIDOS;781;Localizada en Moquegua;No, replica los anexos 6 y 7;;No aplica;
8;ANEXO-8-1;167;1669;Gobierno local;180104;MUNICIPALIDAD DISTRITAL DE SAMEGUA;Moquegua;Mariscal Nieto;Samegua;Programas presupuestales;GESTION INTEGRAL DE RESIDUOS SOLIDOS;;;Asignación por programa presupuestal;GESTION INTEGRAL DE RESIDUOS SOLIDOS;25000;Localizada en Moquegua;No, replica los anexos 6 y 7;;No aplica;
8;ANEXO-8-1;167;1669;Gobierno local;180106;MUNICIPALIDAD DISTRITAL DE TORATA;Moquegua;Mariscal Nieto;Torata;Programas presupuestales;GESTION INTEGRAL DE RESIDUOS SOLIDOS;;;Asignación por programa presupuestal;GESTION INTEGRAL DE RESIDUOS SOLIDOS;22026;Localizada en Moquegua;No, replica los anexos 6 y 7;;No aplica;
8;ANEXO-8-1;167;1669;Gobierno local;180107;MUNICIPALIDAD DISTRITAL DE SAN ANTONIO;Moquegua;Mariscal Nieto;San Antonio;Programas presupuestales;GESTION INTEGRAL DE RESIDUOS SOLIDOS;;;Asignación por programa presupuestal;GESTION INTEGRAL DE RESIDUOS SOLIDOS;578106;Localizada en Moquegua;No, replica los anexos 6 y 7;;No aplica;
8;ANEXO-8-1;167;1669;Gobierno local;180203;MUNICIPALIDAD DISTRITAL DE COALAQUE;Moquegua;General Sánchez Cerro;Coalaque;Programas presupuestales;GESTION INTEGRAL DE RESIDUOS SOLIDOS;;;Asignación por programa presupuestal;GESTION INTEGRAL DE RESIDUOS SOLIDOS;12000;Localizada en Moquegua;No, replica los anexos 6 y 7;;No aplica;
8;ANEXO-8-1;167;1669;Gobierno local;180204;MUNICIPALIDAD DISTRITAL DE ICHUÑA;Moquegua;General Sánchez Cerro;Ichuna;Programas presupuestales;GESTION INTEGRAL DE RESIDUOS SOLIDOS;;;Asignación por programa presupuestal;GESTION INTEGRAL DE RESIDUOS SOLIDOS;35979;Localizada en Moquegua;No, replica los anexos 6 y 7;;No aplica;
8;ANEXO-8-1;167;1669;Gobierno local;180205;MUNICIPALIDAD DISTRITAL DE LA CAPILLA;Moquegua;General Sánchez Cerro;La Capilla;Programas presupuestales;GESTION INTEGRAL DE RESIDUOS SOLIDOS;;;Asignación por programa presupuestal;GESTION INTEGRAL DE RESIDUOS SOLIDOS;1646;Localizada en Moquegua;No, replica los anexos 6 y 7;;No aplica;
8;ANEXO-8-1;168;1670;Gobierno local;180206;MUNICIPALIDAD DISTRITAL DE LLOQUE;Moquegua;General Sánchez Cerro;Lloque;Programas presupuestales;GESTION INTEGRAL DE RESIDUOS SOLIDOS;;;Asignación por programa presupuestal;GESTION INTEGRAL DE RESIDUOS SOLIDOS;3800;Localizada en Moquegua;No, replica los anexos 6 y 7;;No aplica;
8;ANEXO-8-1;168;1670;Gobierno local;180208;MUNICIPALIDAD DISTRITAL DE PUQUINA;Moquegua;General Sánchez Cerro;Puquina;Programas presupuestales;GESTION INTEGRAL DE RESIDUOS SOLIDOS;;;Asignación por programa presupuestal;GESTION INTEGRAL DE RESIDUOS SOLIDOS;7000;Localizada en Moquegua;No, replica los anexos 6 y 7;;No aplica;
8;ANEXO-8-1;168;1670;Gobierno local;180209;MUNICIPALIDAD DISTRITAL DE QUINISTAQUILLAS;Moquegua;General Sánchez Cerro;Quinistaquillas;Programas presupuestales;GESTION INTEGRAL DE RESIDUOS SOLIDOS;;;Asignación por programa presupuestal;GESTION INTEGRAL DE RESIDUOS SOLIDOS;12000;Localizada en Moquegua;No, replica los anexos 6 y 7;;No aplica;
8;ANEXO-8-1;168;1670;Gobierno local;180210;MUNICIPALIDAD DISTRITAL DE UBINAS;Moquegua;General Sánchez Cerro;Ubinas;Programas presupuestales;GESTION INTEGRAL DE RESIDUOS SOLIDOS;;;Asignación por programa presupuestal;GESTION INTEGRAL DE RESIDUOS SOLIDOS;12000;Localizada en Moquegua;No, replica los anexos 6 y 7;;No aplica;
8;ANEXO-8-1;168;1670;Gobierno local;180211;MUNICIPALIDAD DISTRITAL DE YUNGA;Moquegua;General Sánchez Cerro;Yunga;Programas presupuestales;GESTION INTEGRAL DE RESIDUOS SOLIDOS;;;Asignación por programa presupuestal;GESTION INTEGRAL DE RESIDUOS SOLIDOS;20000;Localizada en Moquegua;No, replica los anexos 6 y 7;;No aplica;
8;ANEXO-8-1;168;1670;Gobierno local;180301;MUNICIPALIDAD PROVINCIAL DE ILO;Moquegua;Ilo;Ilo;Programas presupuestales;GESTION INTEGRAL DE RESIDUOS SOLIDOS;;;Asignación por programa presupuestal;GESTION INTEGRAL DE RESIDUOS SOLIDOS;3504557;Localizada en Moquegua;No, replica los anexos 6 y 7;;No aplica;
8;ANEXO-8-1;168;1670;Gobierno local;180302;MUNICIPALIDAD DISTRITAL DE EL ALGARROBAL;Moquegua;Ilo;El Algarrobal;Programas presupuestales;GESTION INTEGRAL DE RESIDUOS SOLIDOS;;;Asignación por programa presupuestal;GESTION INTEGRAL DE RESIDUOS SOLIDOS;2023776;Localizada en Moquegua;No, replica los anexos 6 y 7;;No aplica;
8;ANEXO-8-1;168;1670;Gobierno local;180303;MUNICIPALIDAD DISTRITAL DE PACOCHA;Moquegua;Ilo;Pacocha;Programas presupuestales;GESTION INTEGRAL DE RESIDUOS SOLIDOS;;;Asignación por programa presupuestal;GESTION INTEGRAL DE RESIDUOS SOLIDOS;577276;Localizada en Moquegua;No, replica los anexos 6 y 7;;No aplica;
8;ANEXO-8-1;180;1682;Gobierno regional;455;GOBIERNO REGIONAL DEL DEPARTAMENTO DE MOQUEGUA;Moquegua;;;Programas presupuestales;MEJORA DE LA SANIDAD ANIMAL;;;Asignación por programa presupuestal;MEJORA DE LA SANIDAD ANIMAL;18000;Localizada en Moquegua;No, replica los anexos 6 y 7;;No aplica;
8;ANEXO-8-1;190;1692;Gobierno regional;455;GOBIERNO REGIONAL DEL DEPARTAMENTO DE MOQUEGUA;Moquegua;;;Programas presupuestales;MEJORA Y MANTENIMIENTO DE LA SANIDAD VEGETAL;;;Asignación por programa presupuestal;MEJORA Y MANTENIMIENTO DE LA SANIDAD VEGETAL;18400;Localizada en Moquegua;No, replica los anexos 6 y 7;;No aplica;
8;ANEXO-8-1;194;1696;Gobierno local;180104;MUNICIPALIDAD DISTRITAL DE SAMEGUA;Moquegua;Mariscal Nieto;Samegua;Programas presupuestales;MEJORA Y MANTENIMIENTO DE LA SANIDAD VEGETAL;;;Asignación por programa presupuestal;MEJORA Y MANTENIMIENTO DE LA SANIDAD VEGETAL;1036864;Localizada en Moquegua;No, replica los anexos 6 y 7;;No aplica;
8;ANEXO-8-1;198;1700;Gobierno regional;455;GOBIERNO REGIONAL DEL DEPARTAMENTO DE MOQUEGUA;Moquegua;;;Programas presupuestales;MEJORA DE LA INOCUIDAD AGROALIMENTARIA;;;Asignación por programa presupuestal;MEJORA DE LA INOCUIDAD AGROALIMENTARIA;15900;Localizada en Moquegua;No, replica los anexos 6 y 7;;No aplica;
8;ANEXO-8-1;199;1701;Gobierno local;180204;MUNICIPALIDAD DISTRITAL DE ICHUÑA;Moquegua;General Sánchez Cerro;Ichuna;Programas presupuestales;MEJORA DE LA INOCUIDAD AGROALIMENTARIA;;;Asignación por programa presupuestal;MEJORA DE LA INOCUIDAD AGROALIMENTARIA;1450000;Localizada en Moquegua;No, replica los anexos 6 y 7;;No aplica;
8;ANEXO-8-1;237;1739;Gobierno regional;455;GOBIERNO REGIONAL DEL DEPARTAMENTO DE MOQUEGUA;Moquegua;;;Programas presupuestales;APROVECHAMIENTO DE LOS RECURSOS HIDRICOS PARA USO AGRARIO;;;Asignación por programa presupuestal;APROVECHAMIENTO DE LOS RECURSOS HIDRICOS PARA USO AGRARIO;17013800;Localizada en Moquegua;No, replica los anexos 6 y 7;;No aplica;
8;ANEXO-8-1;247;1749;Gobierno local;180101;MUNICIPALIDAD PROVINCIAL DE MARISCAL NIETO -MOQUEGUA;Moquegua;Mariscal Nieto;Mariscal Nieto;Programas presupuestales;APROVECHAMIENTO DE LOS RECURSOS HIDRICOS PARA USO AGRARIO;;;Asignación por programa presupuestal;APROVECHAMIENTO DE LOS RECURSOS HIDRICOS PARA USO AGRARIO;21092940;Localizada en Moquegua;No, replica los anexos 6 y 7;;No aplica;
8;ANEXO-8-1;247;1749;Gobierno local;180105;MUNICIPALIDAD DISTRITAL DE SAN CRISTOBAL;Moquegua;Mariscal Nieto;San Cristobal;Programas presupuestales;APROVECHAMIENTO DE LOS RECURSOS HIDRICOS PARA USO AGRARIO;;;Asignación por programa presupuestal;APROVECHAMIENTO DE LOS RECURSOS HIDRICOS PARA USO AGRARIO;2200000;Localizada en Moquegua;No, replica los anexos 6 y 7;;No aplica;
8;ANEXO-8-1;247;1749;Gobierno local;180106;MUNICIPALIDAD DISTRITAL DE TORATA;Moquegua;Mariscal Nieto;Torata;Programas presupuestales;APROVECHAMIENTO DE LOS RECURSOS HIDRICOS PARA USO AGRARIO;;;Asignación por programa presupuestal;APROVECHAMIENTO DE LOS RECURSOS HIDRICOS PARA USO AGRARIO;53356706;Localizada en Moquegua;No, replica los anexos 6 y 7;;No aplica;
8;ANEXO-8-1;247;1749;Gobierno local;180107;MUNICIPALIDAD DISTRITAL DE SAN ANTONIO;Moquegua;Mariscal Nieto;San Antonio;Programas presupuestales;APROVECHAMIENTO DE LOS RECURSOS HIDRICOS PARA USO AGRARIO;;;Asignación por programa presupuestal;APROVECHAMIENTO DE LOS RECURSOS HIDRICOS PARA USO AGRARIO;4514365;Localizada en Moquegua;No, replica los anexos 6 y 7;;No aplica;
8;ANEXO-8-1;247;1749;Gobierno local;180201;MUNICIPALIDAD PROVINCIAL DE GENERAL SANCHEZ CERRO -OMATE;Moquegua;General Sánchez Cerro;General Sanchez Cerro;Programas presupuestales;APROVECHAMIENTO DE LOS RECURSOS HIDRICOS PARA USO AGRARIO;;;Asignación por programa presupuestal;APROVECHAMIENTO DE LOS RECURSOS HIDRICOS PARA USO AGRARIO;800000;Localizada en Moquegua;No, replica los anexos 6 y 7;;No aplica;
8;ANEXO-8-1;247;1749;Gobierno local;180203;MUNICIPALIDAD DISTRITAL DE COALAQUE;Moquegua;General Sánchez Cerro;Coalaque;Programas presupuestales;APROVECHAMIENTO DE LOS RECURSOS HIDRICOS PARA USO AGRARIO;;;Asignación por programa presupuestal;APROVECHAMIENTO DE LOS RECURSOS HIDRICOS PARA USO AGRARIO;911421;Localizada en Moquegua;No, replica los anexos 6 y 7;;No aplica;
8;ANEXO-8-1;247;1749;Gobierno local;180204;MUNICIPALIDAD DISTRITAL DE ICHUÑA;Moquegua;General Sánchez Cerro;Ichuna;Programas presupuestales;APROVECHAMIENTO DE LOS RECURSOS HIDRICOS PARA USO AGRARIO;;;Asignación por programa presupuestal;APROVECHAMIENTO DE LOS RECURSOS HIDRICOS PARA USO AGRARIO;2000000;Localizada en Moquegua;No, replica los anexos 6 y 7;;No aplica;
8;ANEXO-8-1;247;1749;Gobierno local;180205;MUNICIPALIDAD DISTRITAL DE LA CAPILLA;Moquegua;General Sánchez Cerro;La Capilla;Programas presupuestales;APROVECHAMIENTO DE LOS RECURSOS HIDRICOS PARA USO AGRARIO;;;Asignación por programa presupuestal;APROVECHAMIENTO DE LOS RECURSOS HIDRICOS PARA USO AGRARIO;1591874;Localizada en Moquegua;No, replica los anexos 6 y 7;;No aplica;
8;ANEXO-8-1;247;1749;Gobierno local;180206;MUNICIPALIDAD DISTRITAL DE LLOQUE;Moquegua;General Sánchez Cerro;Lloque;Programas presupuestales;APROVECHAMIENTO DE LOS RECURSOS HIDRICOS PARA USO AGRARIO;;;Asignación por programa presupuestal;APROVECHAMIENTO DE LOS RECURSOS HIDRICOS PARA USO AGRARIO;623517;Localizada en Moquegua;No, replica los anexos 6 y 7;;No aplica;
8;ANEXO-8-1;247;1749;Gobierno local;180209;MUNICIPALIDAD DISTRITAL DE QUINISTAQUILLAS;Moquegua;General Sánchez Cerro;Quinistaquillas;Programas presupuestales;APROVECHAMIENTO DE LOS RECURSOS HIDRICOS PARA USO AGRARIO;;;Asignación por programa presupuestal;APROVECHAMIENTO DE LOS RECURSOS HIDRICOS PARA USO AGRARIO;477149;Localizada en Moquegua;No, replica los anexos 6 y 7;;No aplica;
8;ANEXO-8-1;248;1750;Gobierno local;180210;MUNICIPALIDAD DISTRITAL DE UBINAS;Moquegua;General Sánchez Cerro;Ubinas;Programas presupuestales;APROVECHAMIENTO DE LOS RECURSOS HIDRICOS PARA USO AGRARIO;;;Asignación por programa presupuestal;APROVECHAMIENTO DE LOS RECURSOS HIDRICOS PARA USO AGRARIO;565944;Localizada en Moquegua;No, replica los anexos 6 y 7;;No aplica;
8;ANEXO-8-1;248;1750;Gobierno local;180302;MUNICIPALIDAD DISTRITAL DE EL ALGARROBAL;Moquegua;Ilo;El Algarrobal;Programas presupuestales;APROVECHAMIENTO DE LOS RECURSOS HIDRICOS PARA USO AGRARIO;;;Asignación por programa presupuestal;APROVECHAMIENTO DE LOS RECURSOS HIDRICOS PARA USO AGRARIO;8840799;Localizada en Moquegua;No, replica los anexos 6 y 7;;No aplica;
8;ANEXO-8-1;259;1761;Gobierno regional;455;GOBIERNO REGIONAL DEL DEPARTAMENTO DE MOQUEGUA;Moquegua;;;Programas presupuestales;ACCESO Y USO DE LA ELECTRIFICACION RURAL;;;Asignación por programa presupuestal;ACCESO Y USO DE LA ELECTRIFICACION RURAL;2746197;Localizada en Moquegua;No, replica los anexos 6 y 7;;No aplica;
8;ANEXO-8-1;261;1763;Gobierno local;180106;MUNICIPALIDAD DISTRITAL DE TORATA;Moquegua;Mariscal Nieto;Torata;Programas presupuestales;ACCESO Y USO DE LA ELECTRIFICACION RURAL;;;Asignación por programa presupuestal;ACCESO Y USO DE LA ELECTRIFICACION RURAL;1298630;Localizada en Moquegua;No, replica los anexos 6 y 7;;No aplica;
8;ANEXO-8-1;266;1768;Gobierno regional;455;GOBIERNO REGIONAL DEL DEPARTAMENTO DE MOQUEGUA;Moquegua;;;Programas presupuestales;PREVENCION Y TRATAMIENTO DEL CONSUMO DE DROGAS;;;Asignación por programa presupuestal;PREVENCION Y TRATAMIENTO DEL CONSUMO DE DROGAS;1053421;Localizada en Moquegua;No, replica los anexos 6 y 7;;No aplica;
8;ANEXO-8-1;306;1808;Gobierno regional;455;GOBIERNO REGIONAL DEL DEPARTAMENTO DE MOQUEGUA;Moquegua;;;Programas presupuestales;REDUCCION DE VULNERABILIDAD Y ATENCION DE EMERGENCIAS POR DESASTRES;;;Asignación por programa presupuestal;REDUCCION DE VULNERABILIDAD Y ATENCION DE EMERGENCIAS POR DESASTRES;2517415;Localizada en Moquegua;No, replica los anexos 6 y 7;;No aplica;
8;ANEXO-8-2;29;1846;Gobierno local;180101;MUNICIPALIDAD PROVINCIAL DE MARISCAL NIETO -MOQUEGUA;Moquegua;Mariscal Nieto;Mariscal Nieto;Programas presupuestales;REDUCCION DE VULNERABILIDAD Y ATENCION DE EMERGENCIAS POR DESASTRES;;;Asignación por programa presupuestal;REDUCCION DE VULNERABILIDAD Y ATENCION DE EMERGENCIAS POR DESASTRES;355807;Localizada en Moquegua;No, replica los anexos 6 y 7;;No aplica;
8;ANEXO-8-2;29;1846;Gobierno local;180102;MUNICIPALIDAD DISTRITAL DE CARUMAS;Moquegua;Mariscal Nieto;Carumas;Programas presupuestales;REDUCCION DE VULNERABILIDAD Y ATENCION DE EMERGENCIAS POR DESASTRES;;;Asignación por programa presupuestal;REDUCCION DE VULNERABILIDAD Y ATENCION DE EMERGENCIAS POR DESASTRES;398728;Localizada en Moquegua;No, replica los anexos 6 y 7;;No aplica;
8;ANEXO-8-2;29;1846;Gobierno local;180107;MUNICIPALIDAD DISTRITAL DE SAN ANTONIO;Moquegua;Mariscal Nieto;San Antonio;Programas presupuestales;REDUCCION DE VULNERABILIDAD Y ATENCION DE EMERGENCIAS POR DESASTRES;;;Asignación por programa presupuestal;REDUCCION DE VULNERABILIDAD Y ATENCION DE EMERGENCIAS POR DESASTRES;9215000;Localizada en Moquegua;No, replica los anexos 6 y 7;;No aplica;
8;ANEXO-8-2;29;1846;Gobierno local;180201;MUNICIPALIDAD PROVINCIAL DE GENERAL SANCHEZ CERRO -OMATE;Moquegua;General Sánchez Cerro;General Sanchez Cerro;Programas presupuestales;REDUCCION DE VULNERABILIDAD Y ATENCION DE EMERGENCIAS POR DESASTRES;;;Asignación por programa presupuestal;REDUCCION DE VULNERABILIDAD Y ATENCION DE EMERGENCIAS POR DESASTRES;5000;Localizada en Moquegua;No, replica los anexos 6 y 7;;No aplica;
8;ANEXO-8-2;29;1846;Gobierno local;180202;MUNICIPALIDAD DISTRITAL DE CHOJATA;Moquegua;General Sánchez Cerro;Chojata;Programas presupuestales;REDUCCION DE VULNERABILIDAD Y ATENCION DE EMERGENCIAS POR DESASTRES;;;Asignación por programa presupuestal;REDUCCION DE VULNERABILIDAD Y ATENCION DE EMERGENCIAS POR DESASTRES;5000;Localizada en Moquegua;No, replica los anexos 6 y 7;;No aplica;
8;ANEXO-8-2;29;1846;Gobierno local;180204;MUNICIPALIDAD DISTRITAL DE ICHUÑA;Moquegua;General Sánchez Cerro;Ichuna;Programas presupuestales;REDUCCION DE VULNERABILIDAD Y ATENCION DE EMERGENCIAS POR DESASTRES;;;Asignación por programa presupuestal;REDUCCION DE VULNERABILIDAD Y ATENCION DE EMERGENCIAS POR DESASTRES;14250;Localizada en Moquegua;No, replica los anexos 6 y 7;;No aplica;
8;ANEXO-8-2;29;1846;Gobierno local;180205;MUNICIPALIDAD DISTRITAL DE LA CAPILLA;Moquegua;General Sánchez Cerro;La Capilla;Programas presupuestales;REDUCCION DE VULNERABILIDAD Y ATENCION DE EMERGENCIAS POR DESASTRES;;;Asignación por programa presupuestal;REDUCCION DE VULNERABILIDAD Y ATENCION DE EMERGENCIAS POR DESASTRES;4414;Localizada en Moquegua;No, replica los anexos 6 y 7;;No aplica;
8;ANEXO-8-2;29;1846;Gobierno local;180207;MUNICIPALIDAD DISTRITAL DE MATALAQUE;Moquegua;General Sánchez Cerro;Matalaque;Programas presupuestales;REDUCCION DE VULNERABILIDAD Y ATENCION DE EMERGENCIAS POR DESASTRES;;;Asignación por programa presupuestal;REDUCCION DE VULNERABILIDAD Y ATENCION DE EMERGENCIAS POR DESASTRES;10500;Localizada en Moquegua;No, replica los anexos 6 y 7;;No aplica;
8;ANEXO-8-2;29;1846;Gobierno local;180210;MUNICIPALIDAD DISTRITAL DE UBINAS;Moquegua;General Sánchez Cerro;Ubinas;Programas presupuestales;REDUCCION DE VULNERABILIDAD Y ATENCION DE EMERGENCIAS POR DESASTRES;;;Asignación por programa presupuestal;REDUCCION DE VULNERABILIDAD Y ATENCION DE EMERGENCIAS POR DESASTRES;30000;Localizada en Moquegua;No, replica los anexos 6 y 7;;No aplica;
8;ANEXO-8-2;29;1846;Gobierno local;180211;MUNICIPALIDAD DISTRITAL DE YUNGA;Moquegua;General Sánchez Cerro;Yunga;Programas presupuestales;REDUCCION DE VULNERABILIDAD Y ATENCION DE EMERGENCIAS POR DESASTRES;;;Asignación por programa presupuestal;REDUCCION DE VULNERABILIDAD Y ATENCION DE EMERGENCIAS POR DESASTRES;36000;Localizada en Moquegua;No, replica los anexos 6 y 7;;No aplica;
8;ANEXO-8-2;29;1846;Gobierno local;180301;MUNICIPALIDAD PROVINCIAL DE ILO;Moquegua;Ilo;Ilo;Programas presupuestales;REDUCCION DE VULNERABILIDAD Y ATENCION DE EMERGENCIAS POR DESASTRES;;;Asignación por programa presupuestal;REDUCCION DE VULNERABILIDAD Y ATENCION DE EMERGENCIAS POR DESASTRES;300000;Localizada en Moquegua;No, replica los anexos 6 y 7;;No aplica;
8;ANEXO-8-2;29;1846;Gobierno local;180302;MUNICIPALIDAD DISTRITAL DE EL ALGARROBAL;Moquegua;Ilo;El Algarrobal;Programas presupuestales;REDUCCION DE VULNERABILIDAD Y ATENCION DE EMERGENCIAS POR DESASTRES;;;Asignación por programa presupuestal;REDUCCION DE VULNERABILIDAD Y ATENCION DE EMERGENCIAS POR DESASTRES;3666710;Localizada en Moquegua;No, replica los anexos 6 y 7;;No aplica;
8;ANEXO-8-2;29;1846;Gobierno local;180303;MUNICIPALIDAD DISTRITAL DE PACOCHA;Moquegua;Ilo;Pacocha;Programas presupuestales;REDUCCION DE VULNERABILIDAD Y ATENCION DE EMERGENCIAS POR DESASTRES;;;Asignación por programa presupuestal;REDUCCION DE VULNERABILIDAD Y ATENCION DE EMERGENCIAS POR DESASTRES;40000;Localizada en Moquegua;No, replica los anexos 6 y 7;;No aplica;
8;ANEXO-8-2;63;1880;Gobierno local;180101;MUNICIPALIDAD PROVINCIAL DE MARISCAL NIETO -MOQUEGUA;Moquegua;Mariscal Nieto;Mariscal Nieto;Programas presupuestales;PROGRAMA NACIONAL DE SANEAMIENTO URBANO;;;Asignación por programa presupuestal;PROGRAMA NACIONAL DE SANEAMIENTO URBANO;6279945;Localizada en Moquegua;No, replica los anexos 6 y 7;;No aplica;
8;ANEXO-8-2;63;1880;Gobierno local;180106;MUNICIPALIDAD DISTRITAL DE TORATA;Moquegua;Mariscal Nieto;Torata;Programas presupuestales;PROGRAMA NACIONAL DE SANEAMIENTO URBANO;;;Asignación por programa presupuestal;PROGRAMA NACIONAL DE SANEAMIENTO URBANO;7799666;Localizada en Moquegua;No, replica los anexos 6 y 7;;No aplica;
8;ANEXO-8-2;63;1880;Gobierno local;180107;MUNICIPALIDAD DISTRITAL DE SAN ANTONIO;Moquegua;Mariscal Nieto;San Antonio;Programas presupuestales;PROGRAMA NACIONAL DE SANEAMIENTO URBANO;;;Asignación por programa presupuestal;PROGRAMA NACIONAL DE SANEAMIENTO URBANO;7596871;Localizada en Moquegua;No, replica los anexos 6 y 7;;No aplica;
8;ANEXO-8-2;118;1935;Gobierno regional;455;GOBIERNO REGIONAL DEL DEPARTAMENTO DE MOQUEGUA;Moquegua;;;Programas presupuestales;PROGRAMA NACIONAL DE SANEAMIENTO RURAL;;;Asignación por programa presupuestal;PROGRAMA NACIONAL DE SANEAMIENTO RURAL;173839;Localizada en Moquegua;No, replica los anexos 6 y 7;;No aplica;
8;ANEXO-8-2;159;1076;Gobierno local;180105;MUNICIPALIDAD DISTRITAL DE SAN CRISTOBAL;Moquegua;Mariscal Nieto;San Cristobal;Programas presupuestales;PROGRAMA NACIONAL DE SANEAMIENTO RURAL;;;Asignación por programa presupuestal;PROGRAMA NACIONAL DE SANEAMIENTO RURAL;17268;Localizada en Moquegua;No, replica los anexos 6 y 7;;No aplica;
8;ANEXO-8-2;159;1076;Gobierno local;180106;MUNICIPALIDAD DISTRITAL DE TORATA;Moquegua;Mariscal Nieto;Torata;Programas presupuestales;PROGRAMA NACIONAL DE SANEAMIENTO RURAL;;;Asignación por programa presupuestal;PROGRAMA NACIONAL DE SANEAMIENTO RURAL;1378524;Localizada en Moquegua;No, replica los anexos 6 y 7;;No aplica;
8;ANEXO-8-2;159;1076;Gobierno local;180202;MUNICIPALIDAD DISTRITAL DE CHOJATA;Moquegua;General Sánchez Cerro;Chojata;Programas presupuestales;PROGRAMA NACIONAL DE SANEAMIENTO RURAL;;;Asignación por programa presupuestal;PROGRAMA NACIONAL DE SANEAMIENTO RURAL;7500;Localizada en Moquegua;No, replica los anexos 6 y 7;;No aplica;
8;ANEXO-8-2;159;1076;Gobierno local;180204;MUNICIPALIDAD DISTRITAL DE ICHUÑA;Moquegua;General Sánchez Cerro;Ichuna;Programas presupuestales;PROGRAMA NACIONAL DE SANEAMIENTO RURAL;;;Asignación por programa presupuestal;PROGRAMA NACIONAL DE SANEAMIENTO RURAL;938807;Localizada en Moquegua;No, replica los anexos 6 y 7;;No aplica;
8;ANEXO-8-2;159;1076;Gobierno local;180205;MUNICIPALIDAD DISTRITAL DE LA CAPILLA;Moquegua;General Sánchez Cerro;La Capilla;Programas presupuestales;PROGRAMA NACIONAL DE SANEAMIENTO RURAL;;;Asignación por programa presupuestal;PROGRAMA NACIONAL DE SANEAMIENTO RURAL;21600;Localizada en Moquegua;No, replica los anexos 6 y 7;;No aplica;
8;ANEXO-8-2;159;1076;Gobierno local;180206;MUNICIPALIDAD DISTRITAL DE LLOQUE;Moquegua;General Sánchez Cerro;Lloque;Programas presupuestales;PROGRAMA NACIONAL DE SANEAMIENTO RURAL;;;Asignación por programa presupuestal;PROGRAMA NACIONAL DE SANEAMIENTO RURAL;2000;Localizada en Moquegua;No, replica los anexos 6 y 7;;No aplica;
8;ANEXO-8-2;159;1076;Gobierno local;180207;MUNICIPALIDAD DISTRITAL DE MATALAQUE;Moquegua;General Sánchez Cerro;Matalaque;Programas presupuestales;PROGRAMA NACIONAL DE SANEAMIENTO RURAL;;;Asignación por programa presupuestal;PROGRAMA NACIONAL DE SANEAMIENTO RURAL;15000;Localizada en Moquegua;No, replica los anexos 6 y 7;;No aplica;
8;ANEXO-8-2;159;1076;Gobierno local;180209;MUNICIPALIDAD DISTRITAL DE QUINISTAQUILLAS;Moquegua;General Sánchez Cerro;Quinistaquillas;Programas presupuestales;PROGRAMA NACIONAL DE SANEAMIENTO RURAL;;;Asignación por programa presupuestal;PROGRAMA NACIONAL DE SANEAMIENTO RURAL;15800;Localizada en Moquegua;No, replica los anexos 6 y 7;;No aplica;
8;ANEXO-8-2;159;1076;Gobierno local;180210;MUNICIPALIDAD DISTRITAL DE UBINAS;Moquegua;General Sánchez Cerro;Ubinas;Programas presupuestales;PROGRAMA NACIONAL DE SANEAMIENTO RURAL;;;Asignación por programa presupuestal;PROGRAMA NACIONAL DE SANEAMIENTO RURAL;600000;Localizada en Moquegua;No, replica los anexos 6 y 7;;No aplica;
8;ANEXO-8-2;159;1076;Gobierno local;180211;MUNICIPALIDAD DISTRITAL DE YUNGA;Moquegua;General Sánchez Cerro;Yunga;Programas presupuestales;PROGRAMA NACIONAL DE SANEAMIENTO RURAL;;;Asignación por programa presupuestal;PROGRAMA NACIONAL DE SANEAMIENTO RURAL;27000;Localizada en Moquegua;No, replica los anexos 6 y 7;;No aplica;
8;ANEXO-8-2;159;1076;Gobierno local;180302;MUNICIPALIDAD DISTRITAL DE EL ALGARROBAL;Moquegua;Ilo;El Algarrobal;Programas presupuestales;PROGRAMA NACIONAL DE SANEAMIENTO RURAL;;;Asignación por programa presupuestal;PROGRAMA NACIONAL DE SANEAMIENTO RURAL;4615421;Localizada en Moquegua;No, replica los anexos 6 y 7;;No aplica;
8;ANEXO-8-2;174;1991;Gobierno regional;455;GOBIERNO REGIONAL DEL DEPARTAMENTO DE MOQUEGUA;Moquegua;;;Programas presupuestales;REDUCCION DE LA DEGRADACION DE LOS SUELOS AGRARIOS;;;Asignación por programa presupuestal;REDUCCION DE LA DEGRADACION DE LOS SUELOS AGRARIOS;4068895;Localizada en Moquegua;No, replica los anexos 6 y 7;;No aplica;
8;ANEXO-8-2;216;2033;Gobierno regional;455;GOBIERNO REGIONAL DEL DEPARTAMENTO DE MOQUEGUA;Moquegua;;;Programas presupuestales;LOGROS DE APRENDIZAJE DE ESTUDIANTES DE LA EDUCACION BASICA REGULAR;;;Asignación por programa presupuestal;LOGROS DE APRENDIZAJE DE ESTUDIANTES DE LA EDUCACION BASICA REGULAR;190822220;Localizada en Moquegua;No, replica los anexos 6 y 7;;No aplica;
8;ANEXO-8-2;225;2042;Gobierno local;180101;MUNICIPALIDAD PROVINCIAL DE MARISCAL NIETO -MOQUEGUA;Moquegua;Mariscal Nieto;Mariscal Nieto;Programas presupuestales;LOGROS DE APRENDIZAJE DE ESTUDIANTES DE LA EDUCACION BASICA REGULAR;;;Asignación por programa presupuestal;LOGROS DE APRENDIZAJE DE ESTUDIANTES DE LA EDUCACION BASICA REGULAR;1723685;Localizada en Moquegua;No, replica los anexos 6 y 7;;No aplica;
8;ANEXO-8-2;225;2042;Gobierno local;180106;MUNICIPALIDAD DISTRITAL DE TORATA;Moquegua;Mariscal Nieto;Torata;Programas presupuestales;LOGROS DE APRENDIZAJE DE ESTUDIANTES DE LA EDUCACION BASICA REGULAR;;;Asignación por programa presupuestal;LOGROS DE APRENDIZAJE DE ESTUDIANTES DE LA EDUCACION BASICA REGULAR;7393707;Localizada en Moquegua;No, replica los anexos 6 y 7;;No aplica;
8;ANEXO-8-2;273;2090;Gobierno local;180101;MUNICIPALIDAD PROVINCIAL DE MARISCAL NIETO -MOQUEGUA;Moquegua;Mariscal Nieto;Mariscal Nieto;Programas presupuestales;INCREMENTO DE LA PRACTICA DE ACTIVIDADES FISICAS, DEPORTIVAS Y RECREATIVAS EN LA POBLACID N PERUANA;;;Asignación por programa presupuestal;INCREMENTO DE LA PRACTICA DE ACTIVIDADES FISICAS, DEPORTIVAS Y RECREATIVAS EN LA POBLACID N PERUANA;4035000;Localizada en Moquegua;No, replica los anexos 6 y 7;;No aplica;
8;ANEXO-8-2;273;2090;Gobierno local;180104;MUNICIPALIDAD DISTRITAL DE SAMEGUA;Moquegua;Mariscal Nieto;Samegua;Programas presupuestales;INCREMENTO DE LA PRACTICA DE ACTIVIDADES FISICAS, DEPORTIVAS Y RECREATIVAS EN LA POBLACID N PERUANA;;;Asignación por programa presupuestal;INCREMENTO DE LA PRACTICA DE ACTIVIDADES FISICAS, DEPORTIVAS Y RECREATIVAS EN LA POBLACID N PERUANA;3633600;Localizada en Moquegua;No, replica los anexos 6 y 7;;No aplica;
8;ANEXO-8-2;273;2090;Gobierno local;180106;MUNICIPALIDAD DISTRITAL DE TORATA;Moquegua;Mariscal Nieto;Torata;Programas presupuestales;INCREMENTO DE LA PRACTICA DE ACTIVIDADES FISICAS, DEPORTIVAS Y RECREATIVAS EN LA POBLACID N PERUANA;;;Asignación por programa presupuestal;INCREMENTO DE LA PRACTICA DE ACTIVIDADES FISICAS, DEPORTIVAS Y RECREATIVAS EN LA POBLACID N PERUANA;3738008;Localizada en Moquegua;No, replica los anexos 6 y 7;;No aplica;
8;ANEXO-8-2;273;2090;Gobierno local;180107;MUNICIPALIDAD DISTRITAL DE SAN ANTONIO;Moquegua;Mariscal Nieto;San Antonio;Programas presupuestales;INCREMENTO DE LA PRACTICA DE ACTIVIDADES FISICAS, DEPORTIVAS Y RECREATIVAS EN LA POBLACID N PERUANA;;;Asignación por programa presupuestal;INCREMENTO DE LA PRACTICA DE ACTIVIDADES FISICAS, DEPORTIVAS Y RECREATIVAS EN LA POBLACID N PERUANA;17986983;Localizada en Moquegua;No, replica los anexos 6 y 7;;No aplica;
8;ANEXO-8-2;273;2090;Gobierno local;180201;MUNICIPALIDAD PROVINCIAL DE GENERAL SANCHEZ CERRO -OMATE;Moquegua;General Sánchez Cerro;General Sanchez Cerro;Programas presupuestales;INCREMENTO DE LA PRACTICA DE ACTIVIDADES FISICAS, DEPORTIVAS Y RECREATIVAS EN LA POBLACID N PERUANA;;;Asignación por programa presupuestal;INCREMENTO DE LA PRACTICA DE ACTIVIDADES FISICAS, DEPORTIVAS Y RECREATIVAS EN LA POBLACID N PERUANA;850000;Localizada en Moquegua;No, replica los anexos 6 y 7;;No aplica;
8;ANEXO-8-2;273;2090;Gobierno local;180204;MUNICIPALIDAD DISTRITAL DE ICHUÑA;Moquegua;General Sánchez Cerro;Ichuna;Programas presupuestales;INCREMENTO DE LA PRACTICA DE ACTIVIDADES FISICAS, DEPORTIVAS Y RECREATIVAS EN LA POBLACID N PERUANA;;;Asignación por programa presupuestal;INCREMENTO DE LA PRACTICA DE ACTIVIDADES FISICAS, DEPORTIVAS Y RECREATIVAS EN LA POBLACID N PERUANA;950000;Localizada en Moquegua;No, replica los anexos 6 y 7;;No aplica;
8;ANEXO-8-2;273;2090;Gobierno local;180301;MUNICIPALIDAD PROVINCIAL DE ILO;Moquegua;Ilo;Ilo;Programas presupuestales;INCREMENTO DE LA PRACTICA DE ACTIVIDADES FISICAS, DEPORTIVAS Y RECREATIVAS EN LA POBLACID N PERUANA;;;Asignación por programa presupuestal;INCREMENTO DE LA PRACTICA DE ACTIVIDADES FISICAS, DEPORTIVAS Y RECREATIVAS EN LA POBLACID N PERUANA;5806217;Localizada en Moquegua;No, replica los anexos 6 y 7;;No aplica;
8;ANEXO-8-2;273;2090;Gobierno local;180302;MUNICIPALIDAD DISTRITAL DE EL ALGARROBAL;Moquegua;Ilo;El Algarrobal;Programas presupuestales;INCREMENTO DE LA PRACTICA DE ACTIVIDADES FISICAS, DEPORTIVAS Y RECREATIVAS EN LA POBLACID N PERUANA;;;Asignación por programa presupuestal;INCREMENTO DE LA PRACTICA DE ACTIVIDADES FISICAS, DEPORTIVAS Y RECREATIVAS EN LA POBLACID N PERUANA;50000;Localizada en Moquegua;No, replica los anexos 6 y 7;;No aplica;
8;ANEXO-8-2;274;2091;Gobierno local;180303;MUNICIPALIDAD DISTRITAL DE PACOCHA;Moquegua;Ilo;Pacocha;Programas presupuestales;INCREMENTO DE LA PRACTICA DE ACTIVIDADES FISICAS, DEPORTIVAS Y RECREATIVAS EN LA POBLACID N PERUANA;;;Asignación por programa presupuestal;INCREMENTO DE LA PRACTICA DE ACTIVIDADES FISICAS, DEPORTIVAS Y RECREATIVAS EN LA POBLACID N PERUANA;238005;Localizada en Moquegua;No, replica los anexos 6 y 7;;No aplica;
8;ANEXO-8-2;280;2097;Gobierno regional;455;GOBIERNO REGIONAL DEL DEPARTAMENTO DE MOQUEGUA;Moquegua;;;Programas presupuestales;FORTALECIMIENTO DE LAS CONDICIONES LABORALES;;;Asignación por programa presupuestal;FORTALECIMIENTO DE LAS CONDICIONES LABORALES;1627487;Localizada en Moquegua;No, replica los anexos 6 y 7;;No aplica;
8;ANEXO-8-2;284;2101;Gobierno regional;455;GOBIERNO REGIONAL DEL DEPARTAMENTO DE MOQUEGUA;Moquegua;;;Programas presupuestales;REDUCCION DE LA MORTALIDAD POR EMERGENCIAS Y URGENCIAS MEDICAS;;;Asignación por programa presupuestal;REDUCCION DE LA MORTALIDAD POR EMERGENCIAS Y URGENCIAS MEDICAS;9190912;Localizada en Moquegua;No, replica los anexos 6 y 7;;No aplica;
8;ANEXO-8-2;286;2103;Gobierno regional;455;GOBIERNO REGIONAL DEL DEPARTAMENTO DE MOQUEGUA;Moquegua;;;Programas presupuestales;INCLUSION DE NIÑOS, NIÑAS Y JOVENES CON DISCAPACIDAD EN LA EDUCACION BASICA Y TECNICO PRODUCTIVA;;;Asignación por programa presupuestal;INCLUSION DE NIÑOS, NIÑAS Y JOVENES CON DISCAPACIDAD EN LA EDUCACION BASICA Y TECNICO PRODUCTIVA;2940047;Localizada en Moquegua;No, replica los anexos 6 y 7;;No aplica;
8;ANEXO-8-2;288;2105;Gobierno regional;455;GOBIERNO REGIONAL DEL DEPARTAMENTO DE MOQUEGUA;Moquegua;;;Programas presupuestales;MEJORA DE LA FORMACION EN CARRERAS DOCENTES EN INSTITUTOS DE EDUCACION SUPERIOR NO UNIVERSITARIA;;;Asignación por programa presupuestal;MEJORA DE LA FORMACION EN CARRERAS DOCENTES EN INSTITUTOS DE EDUCACION SUPERIOR NO UNIVERSITARIA;7817640;Localizada en Moquegua;No, replica los anexos 6 y 7;;No aplica;
8;ANEXO-8-2;304;2121;Gobierno regional;455;GOBIERNO REGIONAL DEL DEPARTAMENTO DE MOQUEGUA;Moquegua;;;Programas presupuestales;ATENCION OPORTUNA DE NIÑAS, NIÑOS Y ADOLESCENTES EN PRESUNTO ESTADO DE ABANDONO;;;Asignación por programa presupuestal;ATENCION OPORTUNA DE NIÑAS, NIÑOS Y ADOLESCENTES EN PRESUNTO ESTADO DE ABANDONO;278098;Localizada en Moquegua;No, replica los anexos 6 y 7;;No aplica;
8;ANEXO-8-2;313;2130;Gobierno local;180302;MUNICIPALIDAD DISTRITAL DE EL ALGARROBAL;Moquegua;Ilo;El Algarrobal;Programas presupuestales;ATENCION OPORTUNA DE NIÑAS, NIÑOS Y ADOLESCENTES EN PRESUNTO ESTADO DE ABANDONO;;;Asignación por programa presupuestal;ATENCION OPORTUNA DE NIÑAS, NIÑOS Y ADOLESCENTES EN PRESUNTO ESTADO DE ABANDONO;1440645;Localizada en Moquegua;No, replica los anexos 6 y 7;;No aplica;
8;ANEXO-8-2;313;2130;Gobierno local;180303;MUNICIPALIDAD DISTRITAL DE PACOCHA;Moquegua;Ilo;Pacocha;Programas presupuestales;ATENCION OPORTUNA DE NIÑAS, NIÑOS Y ADOLESCENTES EN PRESUNTO ESTADO DE ABANDONO;;;Asignación por programa presupuestal;ATENCION OPORTUNA DE NIÑAS, NIÑOS Y ADOLESCENTES EN PRESUNTO ESTADO DE ABANDONO;20000;Localizada en Moquegua;No, replica los anexos 6 y 7;;No aplica;
